solid OpenSCAD_Model
  facet normal 0.866025 -0.500001 0
    outer loop
      vertex -12.547 0 8
      vertex -6.35692 10.7215 6
      vertex -6.35692 10.7215 8
    endloop
  endfacet
  facet normal 0.866025 -0.500001 0
    outer loop
      vertex -6.35692 10.7215 6
      vertex -12.547 0 8
      vertex -12.547 0 6
    endloop
  endfacet
  facet normal 0.654628 -0.377943 0.654692
    outer loop
      vertex -12.547 0 6
      vertex -5.93427 9.72153 5
      vertex -5.94497 9.74684 5.02531
    endloop
  endfacet
  facet normal 0.654654 -0.377965 0.654654
    outer loop
      vertex -5.93427 9.72153 5
      vertex -12.547 0 6
      vertex -11.547 0 5
    endloop
  endfacet
  facet normal 0.654659 -0.377968 0.654646
    outer loop
      vertex -5.94497 9.74684 5.02531
      vertex -6.35692 10.7215 6
      vertex -12.547 0 6
    endloop
  endfacet
  facet normal 0.866025 -0.5 0
    outer loop
      vertex -11.547 0 5
      vertex -5.93427 9.72153 0.5
      vertex -5.93427 9.72153 5
    endloop
  endfacet
  facet normal 0.866025 -0.5 0
    outer loop
      vertex -5.93427 9.72153 0.5
      vertex -11.547 0 5
      vertex -11.547 0 0.5
    endloop
  endfacet
  facet normal 0.654654 -0.377964 -0.654654
    outer loop
      vertex -12.047 0 0
      vertex -6.14109 10.2109 0.0106451
      vertex -11.547 0 0.5
    endloop
  endfacet
  facet normal 0.655317 -0.378349 -0.653768
    outer loop
      vertex -6.14109 10.2109 0.0106451
      vertex -12.047 0 0
      vertex -6.14559 10.2215 0
    endloop
  endfacet
  facet normal 0.654652 -0.377964 -0.654656
    outer loop
      vertex -6.14109 10.2109 0.0106451
      vertex -5.93427 9.72153 0.5
      vertex -11.547 0 0.5
    endloop
  endfacet
  facet normal 0 0 -1
    outer loop
      vertex 0 -11.8 0
      vertex -6.14559 -10.2215 0
      vertex 0 -10.433 0
    endloop
  endfacet
  facet normal 0 0 -1
    outer loop
      vertex -6.81273 -11.8 0
      vertex -6.14559 -10.2215 0
      vertex 0 -11.8 0
    endloop
  endfacet
  facet normal 0 0 -1
    outer loop
      vertex -13.6255 0 0
      vertex -6.14559 -10.2215 0
      vertex -6.81273 -11.8 0
    endloop
  endfacet
  facet normal 0 0 -1
    outer loop
      vertex -6.14559 -10.2215 0
      vertex -13.6255 0 0
      vertex -12.047 0 0
    endloop
  endfacet
  facet normal -0 0 -1
    outer loop
      vertex 0.244191 -10.2215 0
      vertex 0 -10.433 0
      vertex -6.14559 -10.2215 0
    endloop
  endfacet
  facet normal 0 0 -1
    outer loop
      vertex -6.14559 10.2215 0
      vertex 0 10.433 0
      vertex 0.244191 10.2215 0
    endloop
  endfacet
  facet normal 0 0 -1
    outer loop
      vertex -6.14559 10.2215 0
      vertex 0 11.8 0
      vertex 0 10.433 0
    endloop
  endfacet
  facet normal 0 0 -1
    outer loop
      vertex -6.14559 10.2215 0
      vertex -6.81273 11.8 0
      vertex 0 11.8 0
    endloop
  endfacet
  facet normal 0 0 -1
    outer loop
      vertex -13.6255 0 0
      vertex -6.14559 10.2215 0
      vertex -12.047 0 0
    endloop
  endfacet
  facet normal -0 0 -1
    outer loop
      vertex -6.14559 10.2215 0
      vertex -13.6255 0 0
      vertex -6.81273 11.8 0
    endloop
  endfacet
  facet normal 0 0 -1
    outer loop
      vertex 8.02547 10.2215 0
      vertex 8 10.866 0
      vertex 8.02547 11.8 0
    endloop
  endfacet
  facet normal 0 0 -1
    outer loop
      vertex 8.02547 10.2215 0
      vertex 6 10.866 0
      vertex 8 10.866 0
    endloop
  endfacet
  facet normal 0 -0 -1
    outer loop
      vertex 6 10.866 0
      vertex 8.02547 10.2215 0
      vertex 5.25581 10.2215 0
    endloop
  endfacet
  facet normal -0 0 -1
    outer loop
      vertex 8.02547 11.8 0
      vertex 8 10.866 0
      vertex 8 11.8 0
    endloop
  endfacet
  facet normal 0 0 -1
    outer loop
      vertex 8 -10.866 0
      vertex 8.02547 -11.8 0
      vertex 8 -11.8 0
    endloop
  endfacet
  facet normal 0 0 -1
    outer loop
      vertex 8.02547 -11.8 0
      vertex 8 -10.866 0
      vertex 8.02547 -10.2215 0
    endloop
  endfacet
  facet normal 0 0 -1
    outer loop
      vertex 6 -10.866 0
      vertex 8.02547 -10.2215 0
      vertex 8 -10.866 0
    endloop
  endfacet
  facet normal -0 0 -1
    outer loop
      vertex 8.02547 -10.2215 0
      vertex 6 -10.866 0
      vertex 5.25581 -10.2215 0
    endloop
  endfacet
  facet normal -0.866024 0.500002 0
    outer loop
      vertex -13.6255 0 0
      vertex -6.81273 11.8 8
      vertex -6.81273 11.8 0
    endloop
  endfacet
  facet normal -0.866024 0.500002 0
    outer loop
      vertex -6.81273 11.8 8
      vertex -13.6255 0 0
      vertex -13.6255 0 8
    endloop
  endfacet
  facet normal 0 1 -0
    outer loop
      vertex 8 11.8 -6.81273
      vertex 4.49813 11.8 4.49813
      vertex 8 11.8 4.49813
    endloop
  endfacet
  facet normal 0 1 0
    outer loop
      vertex 4.49813 11.8 4.49813
      vertex 8 11.8 -6.81273
      vertex 0 11.8 0
    endloop
  endfacet
  facet normal 0 1 0
    outer loop
      vertex 0 11.8 0
      vertex 8 11.8 -6.81273
      vertex 0 11.8 -6.81273
    endloop
  endfacet
  facet normal 0 1 -0
    outer loop
      vertex 4.49813 11.8 4.49813
      vertex -6.81273 11.8 8
      vertex 4.49813 11.8 8
    endloop
  endfacet
  facet normal 0 1 -0
    outer loop
      vertex 0 11.8 0
      vertex -6.81273 11.8 8
      vertex 4.49813 11.8 4.49813
    endloop
  endfacet
  facet normal 0 1 0
    outer loop
      vertex -6.81273 11.8 8
      vertex 0 11.8 0
      vertex -6.81273 11.8 0
    endloop
  endfacet
  facet normal 0 -1 0
    outer loop
      vertex -6.81273 -11.8 8
      vertex 4.49813 -11.8 4.49813
      vertex 4.49813 -11.8 8
    endloop
  endfacet
  facet normal 0 -1 0
    outer loop
      vertex 0 -11.8 0
      vertex -6.81273 -11.8 8
      vertex -6.81273 -11.8 0
    endloop
  endfacet
  facet normal 0 -1 0
    outer loop
      vertex -6.81273 -11.8 8
      vertex 0 -11.8 0
      vertex 4.49813 -11.8 4.49813
    endloop
  endfacet
  facet normal 0 -1 0
    outer loop
      vertex 8 -11.8 -6.81273
      vertex 4.49813 -11.8 4.49813
      vertex 0 -11.8 0
    endloop
  endfacet
  facet normal 0 -1 0
    outer loop
      vertex 8 -11.8 -6.81273
      vertex 0 -11.8 0
      vertex 0 -11.8 -6.81273
    endloop
  endfacet
  facet normal 0 -1 0
    outer loop
      vertex 4.49813 -11.8 4.49813
      vertex 8 -11.8 -6.81273
      vertex 8 -11.8 4.49813
    endloop
  endfacet
  facet normal -0 0 1
    outer loop
      vertex -6.81273 11.8 8
      vertex -6.35692 10.7215 8
      vertex 4.49813 11.8 8
    endloop
  endfacet
  facet normal 0 0 1
    outer loop
      vertex -13.6255 0 8
      vertex -6.35692 10.7215 8
      vertex -6.81273 11.8 8
    endloop
  endfacet
  facet normal 0 0 1
    outer loop
      vertex -6.35692 10.7215 8
      vertex -13.6255 0 8
      vertex -12.547 0 8
    endloop
  endfacet
  facet normal -0 0 1
    outer loop
      vertex 4.49813 11.8 8
      vertex 4.89214 10.7215 8
      vertex 4.89214 11.8 8
    endloop
  endfacet
  facet normal 0 0 1
    outer loop
      vertex 4.89214 10.7215 8
      vertex 4.49813 11.8 8
      vertex -6.35692 10.7215 8
    endloop
  endfacet
  facet normal 0 0 1
    outer loop
      vertex 4.89214 -10.7215 8
      vertex 4.49813 -11.8 8
      vertex 4.89214 -11.8 8
    endloop
  endfacet
  facet normal -0 0 1
    outer loop
      vertex -6.35692 -10.7215 8
      vertex 4.49813 -11.8 8
      vertex 4.89214 -10.7215 8
    endloop
  endfacet
  facet normal 0 0 1
    outer loop
      vertex -6.35692 -10.7215 8
      vertex -6.81273 -11.8 8
      vertex 4.49813 -11.8 8
    endloop
  endfacet
  facet normal -0 0 1
    outer loop
      vertex -13.6255 0 8
      vertex -6.35692 -10.7215 8
      vertex -12.547 0 8
    endloop
  endfacet
  facet normal 0 0 1
    outer loop
      vertex -6.35692 -10.7215 8
      vertex -13.6255 0 8
      vertex -6.81273 -11.8 8
    endloop
  endfacet
  facet normal 0.866025 0.500001 0
    outer loop
      vertex -6.35692 -10.7215 8
      vertex -12.547 0 6
      vertex -12.547 0 8
    endloop
  endfacet
  facet normal 0.866025 0.500001 0
    outer loop
      vertex -12.547 0 6
      vertex -6.35692 -10.7215 8
      vertex -6.35692 -10.7215 6
    endloop
  endfacet
  facet normal 0.65465 0.377962 0.654659
    outer loop
      vertex -6.35073 -10.7069 5.98535
      vertex -5.93427 -9.72153 5
      vertex -11.547 0 5
    endloop
  endfacet
  facet normal 0.654654 0.377964 0.654654
    outer loop
      vertex -12.547 0 6
      vertex -6.35073 -10.7069 5.98535
      vertex -11.547 0 5
    endloop
  endfacet
  facet normal 0.655241 0.378305 0.653869
    outer loop
      vertex -6.35073 -10.7069 5.98535
      vertex -12.547 0 6
      vertex -6.35692 -10.7215 6
    endloop
  endfacet
  facet normal 0.866025 0.5 0
    outer loop
      vertex -5.93427 -9.72153 5
      vertex -11.547 0 0.5
      vertex -11.547 0 5
    endloop
  endfacet
  facet normal 0.866025 0.5 0
    outer loop
      vertex -11.547 0 0.5
      vertex -5.93427 -9.72153 5
      vertex -5.93427 -9.72153 0.5
    endloop
  endfacet
  facet normal 0.654663 0.377971 -0.65464
    outer loop
      vertex -5.93987 -9.73479 0.48674
      vertex -6.14559 -10.2215 0
      vertex -12.047 0 0
    endloop
  endfacet
  facet normal 0.654654 0.377965 -0.654654
    outer loop
      vertex -5.93427 -9.72153 0.5
      vertex -12.047 0 0
      vertex -11.547 0 0.5
    endloop
  endfacet
  facet normal 0.654738 0.378024 -0.654535
    outer loop
      vertex -12.047 0 0
      vertex -5.93427 -9.72153 0.5
      vertex -5.93987 -9.73479 0.48674
    endloop
  endfacet
  facet normal -0.866024 -0.500002 0
    outer loop
      vertex -6.81273 -11.8 0
      vertex -13.6255 0 8
      vertex -13.6255 0 0
    endloop
  endfacet
  facet normal -0.866024 -0.500002 0
    outer loop
      vertex -13.6255 0 8
      vertex -6.81273 -11.8 0
      vertex -6.81273 -11.8 8
    endloop
  endfacet
  facet normal -0.866023 0.500005 0
    outer loop
      vertex -13.0008 2.95 6
      vertex -9.05515 9.78398 8
      vertex -9.05515 9.78398 6
    endloop
  endfacet
  facet normal -0.866023 0.500005 0
    outer loop
      vertex -9.05515 9.78398 8
      vertex -13.0008 2.95 6
      vertex -13.0008 2.95 8
    endloop
  endfacet
  facet normal -0.654655 0.37797 0.654649
    outer loop
      vertex -9.55515 10.65 5
      vertex -13.8858 2.95 5.115
      vertex -9.14792 9.94466 5.81447
    endloop
  endfacet
  facet normal -0.654653 0.377968 0.654653
    outer loop
      vertex -13.8858 2.95 5.115
      vertex -9.55515 10.65 5
      vertex -14.0008 2.95 5
    endloop
  endfacet
  facet normal -0.654638 0.37796 0.654672
    outer loop
      vertex -9.14792 9.94466 5.81447
      vertex -13.0008 2.95 6
      vertex -9.05515 9.78398 6
    endloop
  endfacet
  facet normal -0.654653 0.377968 0.654653
    outer loop
      vertex -13.0008 2.95 6
      vertex -9.14792 9.94466 5.81447
      vertex -13.8858 2.95 5.115
    endloop
  endfacet
  facet normal -0.866023 0.500004 0
    outer loop
      vertex -14.0008 2.95 3
      vertex -9.55515 10.65 5
      vertex -9.55515 10.65 3
    endloop
  endfacet
  facet normal -0.866023 0.500004 0
    outer loop
      vertex -9.55515 10.65 5
      vertex -14.0008 2.95 3
      vertex -14.0008 2.95 5
    endloop
  endfacet
  facet normal 0.866025 -0.500001 0
    outer loop
      vertex -11.9223 2.95 8
      vertex -8.51592 8.85001 3
      vertex -8.51592 8.85001 8
    endloop
  endfacet
  facet normal 0.866025 -0.500001 0
    outer loop
      vertex -8.51592 8.85001 3
      vertex -11.9223 2.95 8
      vertex -11.9223 2.95 3
    endloop
  endfacet
  facet normal 0 0 1
    outer loop
      vertex -9.05515 9.78398 8
      vertex -11.9223 2.95 8
      vertex -8.51592 8.85001 8
    endloop
  endfacet
  facet normal 0 -0 1
    outer loop
      vertex -11.9223 2.95 8
      vertex -9.05515 9.78398 8
      vertex -13.0008 2.95 8
    endloop
  endfacet
  facet normal 0 0 -1
    outer loop
      vertex -11.9223 2.95 3
      vertex -9.55515 10.65 3
      vertex -8.51592 8.85001 3
    endloop
  endfacet
  facet normal 0 0 -1
    outer loop
      vertex -9.55515 10.65 3
      vertex -11.9223 2.95 3
      vertex -14.0008 2.95 3
    endloop
  endfacet
  facet normal 0 -1 0
    outer loop
      vertex -13.0008 2.95 6
      vertex -11.9223 2.95 8
      vertex -13.0008 2.95 8
    endloop
  endfacet
  facet normal 0 -1 0
    outer loop
      vertex -11.9223 2.95 3
      vertex -13.8858 2.95 5.115
      vertex -14.0008 2.95 5
    endloop
  endfacet
  facet normal 0 -1 0
    outer loop
      vertex -11.9223 2.95 3
      vertex -14.0008 2.95 5
      vertex -14.0008 2.95 3
    endloop
  endfacet
  facet normal 0 -1 0
    outer loop
      vertex -13.8858 2.95 5.115
      vertex -11.9223 2.95 3
      vertex -13.0008 2.95 6
    endloop
  endfacet
  facet normal 0 -1 0
    outer loop
      vertex -13.0008 2.95 6
      vertex -11.9223 2.95 3
      vertex -11.9223 2.95 8
    endloop
  endfacet
  facet normal 0.866025 0.500002 0
    outer loop
      vertex -9.05515 9.78398 8
      vertex -8.51592 8.85001 8
      vertex -9.05515 9.78398 6
    endloop
  endfacet
  facet normal 0.866024 0.500002 1.68736e-07
    outer loop
      vertex -8.51592 8.85001 3
      vertex -9.55515 10.65 5
      vertex -9.14792 9.94466 5.81447
    endloop
  endfacet
  facet normal 0.866023 0.500004 -1.21647e-06
    outer loop
      vertex -8.51592 8.85001 3
      vertex -9.14792 9.94466 5.81447
      vertex -9.05515 9.78398 6
    endloop
  endfacet
  facet normal 0.866025 0.500002 -0
    outer loop
      vertex -8.51592 8.85001 3
      vertex -9.05515 9.78398 6
      vertex -8.51592 8.85001 8
    endloop
  endfacet
  facet normal 0.866024 0.500002 0
    outer loop
      vertex -9.55515 10.65 5
      vertex -8.51592 8.85001 3
      vertex -9.55515 10.65 3
    endloop
  endfacet
  facet normal -0.866023 -0.500005 0
    outer loop
      vertex -9.05515 -9.78398 6
      vertex -13.0008 -2.95 8
      vertex -13.0008 -2.95 6
    endloop
  endfacet
  facet normal -0.866023 -0.500005 0
    outer loop
      vertex -13.0008 -2.95 8
      vertex -9.05515 -9.78398 6
      vertex -9.05515 -9.78398 8
    endloop
  endfacet
  facet normal -0.654642 -0.377962 0.654666
    outer loop
      vertex -14.0008 -2.95 5
      vertex -9.49765 -10.5504 5.115
      vertex -13.1863 -2.95 5.81447
    endloop
  endfacet
  facet normal -0.654641 -0.377962 0.654668
    outer loop
      vertex -9.49765 -10.5504 5.115
      vertex -14.0008 -2.95 5
      vertex -9.55515 -10.65 5
    endloop
  endfacet
  facet normal -0.654698 -0.377995 0.654592
    outer loop
      vertex -13.1863 -2.95 5.81447
      vertex -9.05515 -9.78398 6
      vertex -13.0008 -2.95 6
    endloop
  endfacet
  facet normal -0.654655 -0.377967 0.654651
    outer loop
      vertex -9.05515 -9.78398 6
      vertex -13.1863 -2.95 5.81447
      vertex -9.49765 -10.5504 5.115
    endloop
  endfacet
  facet normal -0.866023 -0.500004 0
    outer loop
      vertex -9.55515 -10.65 3
      vertex -14.0008 -2.95 5
      vertex -14.0008 -2.95 3
    endloop
  endfacet
  facet normal -0.866023 -0.500004 0
    outer loop
      vertex -14.0008 -2.95 5
      vertex -9.55515 -10.65 3
      vertex -9.55515 -10.65 5
    endloop
  endfacet
  facet normal 0.866025 0.500001 0
    outer loop
      vertex -8.51592 -8.85001 8
      vertex -11.9223 -2.95 3
      vertex -11.9223 -2.95 8
    endloop
  endfacet
  facet normal 0.866025 0.500001 0
    outer loop
      vertex -11.9223 -2.95 3
      vertex -8.51592 -8.85001 8
      vertex -8.51592 -8.85001 3
    endloop
  endfacet
  facet normal 0 0 1
    outer loop
      vertex -11.9223 -2.95 8
      vertex -9.05515 -9.78398 8
      vertex -8.51592 -8.85001 8
    endloop
  endfacet
  facet normal 0 0 1
    outer loop
      vertex -9.05515 -9.78398 8
      vertex -11.9223 -2.95 8
      vertex -13.0008 -2.95 8
    endloop
  endfacet
  facet normal 0 0 -1
    outer loop
      vertex -9.55515 -10.65 3
      vertex -11.9223 -2.95 3
      vertex -8.51592 -8.85001 3
    endloop
  endfacet
  facet normal -0 -0 -1
    outer loop
      vertex -11.9223 -2.95 3
      vertex -9.55515 -10.65 3
      vertex -14.0008 -2.95 3
    endloop
  endfacet
  facet normal 0.866025 -0.500002 0
    outer loop
      vertex -9.05515 -9.78398 6
      vertex -8.51592 -8.85001 8
      vertex -9.05515 -9.78398 8
    endloop
  endfacet
  facet normal 0.866025 -0.500002 0
    outer loop
      vertex -8.51592 -8.85001 8
      vertex -9.05515 -9.78398 6
      vertex -8.51592 -8.85001 3
    endloop
  endfacet
  facet normal 0.866023 -0.500005 -1.40422e-06
    outer loop
      vertex -9.49765 -10.5504 5.115
      vertex -8.51592 -8.85001 3
      vertex -9.05515 -9.78398 6
    endloop
  endfacet
  facet normal 0.866032 -0.499988 1.68069e-05
    outer loop
      vertex -9.55515 -10.65 5
      vertex -8.51592 -8.85001 3
      vertex -9.49765 -10.5504 5.115
    endloop
  endfacet
  facet normal 0.866024 -0.500002 0
    outer loop
      vertex -8.51592 -8.85001 3
      vertex -9.55515 -10.65 5
      vertex -9.55515 -10.65 3
    endloop
  endfacet
  facet normal 0 1 0
    outer loop
      vertex -11.9223 -2.95 8
      vertex -13.0008 -2.95 6
      vertex -13.0008 -2.95 8
    endloop
  endfacet
  facet normal 0 1 0
    outer loop
      vertex -11.9223 -2.95 3
      vertex -13.1863 -2.95 5.81447
      vertex -13.0008 -2.95 6
    endloop
  endfacet
  facet normal 0 1 -0
    outer loop
      vertex -11.9223 -2.95 3
      vertex -13.0008 -2.95 6
      vertex -11.9223 -2.95 8
    endloop
  endfacet
  facet normal 0 1 0
    outer loop
      vertex -13.1863 -2.95 5.81447
      vertex -11.9223 -2.95 3
      vertex -14.0008 -2.95 5
    endloop
  endfacet
  facet normal 0 1 0
    outer loop
      vertex -14.0008 -2.95 5
      vertex -11.9223 -2.95 3
      vertex -14.0008 -2.95 3
    endloop
  endfacet
  facet normal 0 -1 0
    outer loop
      vertex -6.35692 10.7215 6
      vertex 4.89214 10.7215 8
      vertex -6.35692 10.7215 8
    endloop
  endfacet
  facet normal 0 -1 0
    outer loop
      vertex 7.69211 10.7215 6
      vertex 4.89214 10.7215 8
      vertex -6.35692 10.7215 6
    endloop
  endfacet
  facet normal -0 -1 -0
    outer loop
      vertex 5.60703 10.7215 7.85416
      vertex 4.89214 10.7215 8
      vertex 7.69211 10.7215 6
    endloop
  endfacet
  facet normal 0 -1 0
    outer loop
      vertex 4.89214 10.7215 8
      vertex 5.60703 10.7215 7.85416
      vertex 5.1813 10.7215 7.96347
    endloop
  endfacet
  facet normal 0 -1 0
    outer loop
      vertex 5.60703 10.7215 7.85416
      vertex 7.69211 10.7215 6
      vertex 6.01569 10.7215 7.69236
    endloop
  endfacet
  facet normal 0 -1 0
    outer loop
      vertex 6.01569 10.7215 7.69236
      vertex 7.69211 10.7215 6
      vertex 6.40086 10.7215 7.48061
    endloop
  endfacet
  facet normal 0 -1 0
    outer loop
      vertex 6.40086 10.7215 7.48061
      vertex 7.69211 10.7215 6
      vertex 6.75645 10.7215 7.22226
    endloop
  endfacet
  facet normal 0 -1 0
    outer loop
      vertex 6.75645 10.7215 7.22226
      vertex 7.69211 10.7215 6
      vertex 7.07686 10.7215 6.92138
    endloop
  endfacet
  facet normal 0 -1 0
    outer loop
      vertex 7.07686 10.7215 6.92138
      vertex 7.69211 10.7215 6
      vertex 7.35703 10.7215 6.58271
    endloop
  endfacet
  facet normal 0 -1 0
    outer loop
      vertex 7.35703 10.7215 6.58271
      vertex 7.69211 10.7215 6
      vertex 7.59254 10.7215 6.2116
    endloop
  endfacet
  facet normal 0 -0.707118 0.707096
    outer loop
      vertex -5.94497 9.74684 5.02531
      vertex 7.69211 10.7215 6
      vertex -6.35692 10.7215 6
    endloop
  endfacet
  facet normal -1.50993e-06 -0.707107 0.707106
    outer loop
      vertex -5.93427 9.72153 5
      vertex 7.69211 10.7215 6
      vertex -5.94497 9.74684 5.02531
    endloop
  endfacet
  facet normal 0 -0.707117 0.707096
    outer loop
      vertex 7.99102 9.72153 5
      vertex 7.69211 10.7215 6
      vertex -5.93427 9.72153 5
    endloop
  endfacet
  facet normal 3.09843e-05 -0.707113 0.707101
    outer loop
      vertex 7.91551 10.1174 5.39588
      vertex 7.69211 10.7215 6
      vertex 7.99102 9.72153 5
    endloop
  endfacet
  facet normal -0.000232348 -0.707161 0.707052
    outer loop
      vertex 7.69211 10.7215 6
      vertex 7.91551 10.1174 5.39588
      vertex 7.77968 10.5354 5.8139
    endloop
  endfacet
  facet normal 0 -1 0
    outer loop
      vertex 8.02547 9.72153 4.52547
      vertex 7.99102 9.72153 5
      vertex -5.93427 9.72153 5
    endloop
  endfacet
  facet normal 0 -1 0
    outer loop
      vertex 7.99102 9.72153 5
      vertex 8.02547 9.72153 4.52547
      vertex 7.99787 9.72153 4.96413
    endloop
  endfacet
  facet normal 0 -1 0
    outer loop
      vertex -5.93427 9.72153 0.5
      vertex 8.02547 9.72153 4.52547
      vertex -5.93427 9.72153 5
    endloop
  endfacet
  facet normal 0 -1 -0
    outer loop
      vertex 8.02547 9.72153 4.52547
      vertex -5.93427 9.72153 0.5
      vertex 8.02547 9.72153 0.5
    endloop
  endfacet
  facet normal 0 -0.707109 -0.707104
    outer loop
      vertex -5.93427 9.72153 0.5
      vertex 0.5 9.99999 0.221538
      vertex 8.02547 9.72153 0.5
    endloop
  endfacet
  facet normal -5.02714e-06 -0.707097 -0.707117
    outer loop
      vertex 0.244191 10.2215 0
      vertex -5.93427 9.72153 0.5
      vertex -6.14109 10.2109 0.0106451
    endloop
  endfacet
  facet normal -0 -0.708606 -0.705604
    outer loop
      vertex 0.244191 10.2215 0
      vertex -6.14109 10.2109 0.0106451
      vertex -6.14559 10.2215 0
    endloop
  endfacet
  facet normal 3.47457e-06 -0.707149 -0.707064
    outer loop
      vertex -5.93427 9.72153 0.5
      vertex 0.244191 10.2215 0
      vertex 0.5 9.99999 0.221538
    endloop
  endfacet
  facet normal -0 -0.707109 -0.707104
    outer loop
      vertex 5 9.99999 0.221538
      vertex 8.02547 9.72153 0.5
      vertex 0.5 9.99999 0.221538
    endloop
  endfacet
  facet normal -7.01326e-06 -0.707147 -0.707066
    outer loop
      vertex 5.25581 10.2215 0
      vertex 8.02547 9.72153 0.5
      vertex 5 9.99999 0.221538
    endloop
  endfacet
  facet normal 0 -0.707128 -0.707086
    outer loop
      vertex 8.02547 9.72153 0.5
      vertex 5.25581 10.2215 0
      vertex 8.02547 10.2215 0
    endloop
  endfacet
  facet normal 0 1 -0
    outer loop
      vertex 8.02547 11.8 0
      vertex 8 11.8 4.49813
      vertex 8.02547 11.8 4.52547
    endloop
  endfacet
  facet normal 0 1 0
    outer loop
      vertex 8 11.8 4.49813
      vertex 8.02547 11.8 0
      vertex 8 11.8 0
    endloop
  endfacet
  facet normal 0 1 0
    outer loop
      vertex 4.49813 11.8 4.49813
      vertex 4.89214 11.8 8
      vertex 5.1813 11.8 7.96347
    endloop
  endfacet
  facet normal 0 1 0
    outer loop
      vertex 4.49813 11.8 4.49813
      vertex 5.1813 11.8 7.96347
      vertex 5.60703 11.8 7.85416
    endloop
  endfacet
  facet normal 0 1 0
    outer loop
      vertex 4.49813 11.8 4.49813
      vertex 5.60703 11.8 7.85416
      vertex 6.01569 11.8 7.69236
    endloop
  endfacet
  facet normal 0 1 0
    outer loop
      vertex 4.49813 11.8 4.49813
      vertex 6.01569 11.8 7.69236
      vertex 6.40086 11.8 7.48061
    endloop
  endfacet
  facet normal 0 1 0
    outer loop
      vertex 4.49813 11.8 4.49813
      vertex 6.40086 11.8 7.48061
      vertex 6.75645 11.8 7.22226
    endloop
  endfacet
  facet normal 0 1 0
    outer loop
      vertex 4.49813 11.8 4.49813
      vertex 6.75645 11.8 7.22226
      vertex 7.07686 11.8 6.92138
    endloop
  endfacet
  facet normal 0 1 0
    outer loop
      vertex 4.49813 11.8 4.49813
      vertex 7.07686 11.8 6.92138
      vertex 7.35703 11.8 6.58271
    endloop
  endfacet
  facet normal 0 1 0
    outer loop
      vertex 4.49813 11.8 4.49813
      vertex 7.35703 11.8 6.58271
      vertex 7.59254 11.8 6.2116
    endloop
  endfacet
  facet normal 0 1 0
    outer loop
      vertex 4.49813 11.8 4.49813
      vertex 7.59254 11.8 6.2116
      vertex 7.77968 11.8 5.8139
    endloop
  endfacet
  facet normal 0 1 0
    outer loop
      vertex 4.49813 11.8 4.49813
      vertex 7.77968 11.8 5.8139
      vertex 7.91551 11.8 5.39588
    endloop
  endfacet
  facet normal 0 1 0
    outer loop
      vertex 4.49813 11.8 4.49813
      vertex 7.91551 11.8 5.39588
      vertex 7.99787 11.8 4.96413
    endloop
  endfacet
  facet normal 0 1 -0
    outer loop
      vertex 8 11.8 4.49813
      vertex 7.99787 11.8 4.96413
      vertex 8.02547 11.8 4.52547
    endloop
  endfacet
  facet normal 0 1 0
    outer loop
      vertex 7.99787 11.8 4.96413
      vertex 8 11.8 4.49813
      vertex 4.49813 11.8 4.49813
    endloop
  endfacet
  facet normal 0 1 0
    outer loop
      vertex 4.89214 11.8 8
      vertex 4.49813 11.8 4.49813
      vertex 4.49813 11.8 8
    endloop
  endfacet
  facet normal 0 1 0
    outer loop
      vertex 5.60703 -10.7215 7.85416
      vertex 4.89214 -10.7215 8
      vertex 5.1813 -10.7215 7.96347
    endloop
  endfacet
  facet normal 0 1 0
    outer loop
      vertex 4.89214 -10.7215 8
      vertex 5.60703 -10.7215 7.85416
      vertex 7.69211 -10.7215 6
    endloop
  endfacet
  facet normal 0 1 0
    outer loop
      vertex 7.69211 -10.7215 6
      vertex 5.60703 -10.7215 7.85416
      vertex 6.01569 -10.7215 7.69236
    endloop
  endfacet
  facet normal 0 1 0
    outer loop
      vertex 7.69211 -10.7215 6
      vertex 6.01569 -10.7215 7.69236
      vertex 6.40086 -10.7215 7.48061
    endloop
  endfacet
  facet normal 0 1 0
    outer loop
      vertex 7.69211 -10.7215 6
      vertex 6.40086 -10.7215 7.48061
      vertex 6.75645 -10.7215 7.22226
    endloop
  endfacet
  facet normal 0 1 0
    outer loop
      vertex 7.69211 -10.7215 6
      vertex 6.75645 -10.7215 7.22226
      vertex 7.07686 -10.7215 6.92138
    endloop
  endfacet
  facet normal 0 1 0
    outer loop
      vertex 7.69211 -10.7215 6
      vertex 7.07686 -10.7215 6.92138
      vertex 7.35703 -10.7215 6.58271
    endloop
  endfacet
  facet normal 0 1 0
    outer loop
      vertex 7.69211 -10.7215 6
      vertex 7.35703 -10.7215 6.58271
      vertex 7.59254 -10.7215 6.2116
    endloop
  endfacet
  facet normal 0 1 0
    outer loop
      vertex 4.89214 -10.7215 8
      vertex 7.69211 -10.7215 6
      vertex -6.35692 -10.7215 6
    endloop
  endfacet
  facet normal 0 1 0
    outer loop
      vertex 4.89214 -10.7215 8
      vertex -6.35692 -10.7215 6
      vertex -6.35692 -10.7215 8
    endloop
  endfacet
  facet normal 0 0.708314 0.705897
    outer loop
      vertex 7.69211 -10.7215 6
      vertex -6.35073 -10.7069 5.98535
      vertex -6.35692 -10.7215 6
    endloop
  endfacet
  facet normal -0.000232348 0.707161 0.707052
    outer loop
      vertex 7.91551 -10.1174 5.39588
      vertex 7.69211 -10.7215 6
      vertex 7.77968 -10.5354 5.8139
    endloop
  endfacet
  facet normal 3.09843e-05 0.707113 0.707101
    outer loop
      vertex 7.69211 -10.7215 6
      vertex 7.91551 -10.1174 5.39588
      vertex 7.99102 -9.72153 5
    endloop
  endfacet
  facet normal 0 0.707117 0.707096
    outer loop
      vertex 7.69211 -10.7215 6
      vertex 7.99102 -9.72153 5
      vertex -5.93427 -9.72153 5
    endloop
  endfacet
  facet normal -2.53151e-06 0.7071 0.707113
    outer loop
      vertex 7.69211 -10.7215 6
      vertex -5.93427 -9.72153 5
      vertex -6.35073 -10.7069 5.98535
    endloop
  endfacet
  facet normal 0 1 0
    outer loop
      vertex 8.02547 -9.72153 4.52547
      vertex 7.99102 -9.72153 5
      vertex 7.99787 -9.72153 4.96413
    endloop
  endfacet
  facet normal 0 1 0
    outer loop
      vertex 7.99102 -9.72153 5
      vertex 8.02547 -9.72153 4.52547
      vertex -5.93427 -9.72153 5
    endloop
  endfacet
  facet normal 0 1 0
    outer loop
      vertex -5.93427 -9.72153 0.5
      vertex 8.02547 -9.72153 4.52547
      vertex 8.02547 -9.72153 0.5
    endloop
  endfacet
  facet normal 0 1 0
    outer loop
      vertex 8.02547 -9.72153 4.52547
      vertex -5.93427 -9.72153 0.5
      vertex -5.93427 -9.72153 5
    endloop
  endfacet
  facet normal 0 0.707109 -0.707104
    outer loop
      vertex 0.5 -9.99999 0.221538
      vertex -5.93427 -9.72153 0.5
      vertex 8.02547 -9.72153 0.5
    endloop
  endfacet
  facet normal 0 0.707109 -0.707104
    outer loop
      vertex 0.5 -9.99999 0.221538
      vertex 8.02547 -9.72153 0.5
      vertex 5 -9.99999 0.221538
    endloop
  endfacet
  facet normal 0 0.707128 -0.707086
    outer loop
      vertex 5.25581 -10.2215 0
      vertex 8.02547 -9.72153 0.5
      vertex 8.02547 -10.2215 0
    endloop
  endfacet
  facet normal -7.01326e-06 0.707147 -0.707066
    outer loop
      vertex 8.02547 -9.72153 0.5
      vertex 5.25581 -10.2215 0
      vertex 5 -9.99999 0.221538
    endloop
  endfacet
  facet normal 3.47457e-06 0.707149 -0.707064
    outer loop
      vertex 0.244191 -10.2215 0
      vertex -5.93427 -9.72153 0.5
      vertex 0.5 -9.99999 0.221538
    endloop
  endfacet
  facet normal -3.31995e-06 0.707107 -0.707106
    outer loop
      vertex -5.93427 -9.72153 0.5
      vertex 0.244191 -10.2215 0
      vertex -5.93987 -9.73479 0.48674
    endloop
  endfacet
  facet normal 0 0.707129 -0.707085
    outer loop
      vertex -5.93987 -9.73479 0.48674
      vertex 0.244191 -10.2215 0
      vertex -6.14559 -10.2215 0
    endloop
  endfacet
  facet normal 0 -1 0
    outer loop
      vertex 4.49813 -11.8 4.49813
      vertex 4.89214 -11.8 8
      vertex 4.49813 -11.8 8
    endloop
  endfacet
  facet normal 0 -1 -0
    outer loop
      vertex 4.89214 -11.8 8
      vertex 4.49813 -11.8 4.49813
      vertex 5.1813 -11.8 7.96347
    endloop
  endfacet
  facet normal 0 -1 -0
    outer loop
      vertex 5.1813 -11.8 7.96347
      vertex 4.49813 -11.8 4.49813
      vertex 5.60703 -11.8 7.85416
    endloop
  endfacet
  facet normal 0 -1 -0
    outer loop
      vertex 5.60703 -11.8 7.85416
      vertex 4.49813 -11.8 4.49813
      vertex 6.01569 -11.8 7.69236
    endloop
  endfacet
  facet normal 0 -1 -0
    outer loop
      vertex 6.01569 -11.8 7.69236
      vertex 4.49813 -11.8 4.49813
      vertex 6.40086 -11.8 7.48061
    endloop
  endfacet
  facet normal 0 -1 -0
    outer loop
      vertex 6.40086 -11.8 7.48061
      vertex 4.49813 -11.8 4.49813
      vertex 6.75645 -11.8 7.22226
    endloop
  endfacet
  facet normal 0 -1 -0
    outer loop
      vertex 6.75645 -11.8 7.22226
      vertex 4.49813 -11.8 4.49813
      vertex 7.07686 -11.8 6.92138
    endloop
  endfacet
  facet normal 0 -1 -0
    outer loop
      vertex 7.07686 -11.8 6.92138
      vertex 4.49813 -11.8 4.49813
      vertex 7.35703 -11.8 6.58271
    endloop
  endfacet
  facet normal 0 -1 -0
    outer loop
      vertex 7.35703 -11.8 6.58271
      vertex 4.49813 -11.8 4.49813
      vertex 7.59254 -11.8 6.2116
    endloop
  endfacet
  facet normal 0 -1 -0
    outer loop
      vertex 7.59254 -11.8 6.2116
      vertex 4.49813 -11.8 4.49813
      vertex 7.77968 -11.8 5.8139
    endloop
  endfacet
  facet normal 0 -1 -0
    outer loop
      vertex 7.77968 -11.8 5.8139
      vertex 4.49813 -11.8 4.49813
      vertex 7.91551 -11.8 5.39588
    endloop
  endfacet
  facet normal 0 -1 -0
    outer loop
      vertex 7.91551 -11.8 5.39588
      vertex 4.49813 -11.8 4.49813
      vertex 7.99787 -11.8 4.96413
    endloop
  endfacet
  facet normal 0 -1 0
    outer loop
      vertex 8 -11.8 4.49813
      vertex 7.99787 -11.8 4.96413
      vertex 4.49813 -11.8 4.49813
    endloop
  endfacet
  facet normal 0 -1 0
    outer loop
      vertex 7.99787 -11.8 4.96413
      vertex 8 -11.8 4.49813
      vertex 8.02547 -11.8 4.52547
    endloop
  endfacet
  facet normal 0 -1 0
    outer loop
      vertex 8.02547 -11.8 0
      vertex 8 -11.8 4.49813
      vertex 8 -11.8 0
    endloop
  endfacet
  facet normal 0 -1 0
    outer loop
      vertex 8 -11.8 4.49813
      vertex 8.02547 -11.8 0
      vertex 8.02547 -11.8 4.52547
    endloop
  endfacet
  facet normal 0.866025 -0.500001 0
    outer loop
      vertex -12.547 -23.6 8
      vertex -6.35692 -12.8785 6
      vertex -6.35692 -12.8785 8
    endloop
  endfacet
  facet normal 0.866025 -0.500001 0
    outer loop
      vertex -6.35692 -12.8785 6
      vertex -12.547 -23.6 8
      vertex -12.547 -23.6 6
    endloop
  endfacet
  facet normal 0.654682 -0.377989 0.654612
    outer loop
      vertex -12.547 -23.6 6
      vertex -5.93427 -13.8785 5
      vertex -5.94497 -13.8532 5.02531
    endloop
  endfacet
  facet normal 0.654653 -0.377966 0.654653
    outer loop
      vertex -5.93427 -13.8785 5
      vertex -12.547 -23.6 6
      vertex -11.547 -23.6 5
    endloop
  endfacet
  facet normal 0.654652 -0.377965 0.654655
    outer loop
      vertex -5.94497 -13.8532 5.02531
      vertex -6.35692 -12.8785 6
      vertex -12.547 -23.6 6
    endloop
  endfacet
  facet normal 0.866025 -0.500001 0
    outer loop
      vertex -11.547 -23.6 5
      vertex -5.93427 -13.8785 0.5
      vertex -5.93427 -13.8785 5
    endloop
  endfacet
  facet normal 0.866025 -0.500001 0
    outer loop
      vertex -5.93427 -13.8785 0.5
      vertex -11.547 -23.6 5
      vertex -11.547 -23.6 0.5
    endloop
  endfacet
  facet normal 0.654654 -0.377964 -0.654654
    outer loop
      vertex -12.047 -23.6 0
      vertex -6.14109 -13.3891 0.0106451
      vertex -11.547 -23.6 0.5
    endloop
  endfacet
  facet normal 0.655317 -0.378349 -0.653768
    outer loop
      vertex -6.14109 -13.3891 0.0106451
      vertex -12.047 -23.6 0
      vertex -6.14559 -13.3785 0
    endloop
  endfacet
  facet normal 0.654641 -0.377959 -0.65467
    outer loop
      vertex -6.14109 -13.3891 0.0106451
      vertex -5.93427 -13.8785 0.5
      vertex -11.547 -23.6 0.5
    endloop
  endfacet
  facet normal 0 0 -1
    outer loop
      vertex 0 -35.4 0
      vertex -6.14559 -33.8215 0
      vertex 0 -34.033 0
    endloop
  endfacet
  facet normal 0 0 -1
    outer loop
      vertex -6.81273 -35.4 0
      vertex -6.14559 -33.8215 0
      vertex 0 -35.4 0
    endloop
  endfacet
  facet normal 0 0 -1
    outer loop
      vertex -13.6255 -23.6 0
      vertex -6.14559 -33.8215 0
      vertex -6.81273 -35.4 0
    endloop
  endfacet
  facet normal 0 0 -1
    outer loop
      vertex -6.14559 -33.8215 0
      vertex -13.6255 -23.6 0
      vertex -12.047 -23.6 0
    endloop
  endfacet
  facet normal -0 0 -1
    outer loop
      vertex 0.244191 -33.8215 0
      vertex 0 -34.033 0
      vertex -6.14559 -33.8215 0
    endloop
  endfacet
  facet normal 0 0 -1
    outer loop
      vertex -6.14559 -13.3785 0
      vertex 0 -13.167 0
      vertex 0.244191 -13.3785 0
    endloop
  endfacet
  facet normal 0 0 -1
    outer loop
      vertex -6.14559 -13.3785 0
      vertex 0 -11.8 0
      vertex 0 -13.167 0
    endloop
  endfacet
  facet normal 0 0 -1
    outer loop
      vertex -6.14559 -13.3785 0
      vertex -6.81273 -11.8 0
      vertex 0 -11.8 0
    endloop
  endfacet
  facet normal 0 0 -1
    outer loop
      vertex -13.6255 -23.6 0
      vertex -6.14559 -13.3785 0
      vertex -12.047 -23.6 0
    endloop
  endfacet
  facet normal -0 0 -1
    outer loop
      vertex -6.14559 -13.3785 0
      vertex -13.6255 -23.6 0
      vertex -6.81273 -11.8 0
    endloop
  endfacet
  facet normal 0 0 -1
    outer loop
      vertex 8 -34.466 0
      vertex 8.02547 -35.4 0
      vertex 8 -35.4 0
    endloop
  endfacet
  facet normal 0 0 -1
    outer loop
      vertex 8.02547 -35.4 0
      vertex 8 -34.466 0
      vertex 8.02547 -33.8215 0
    endloop
  endfacet
  facet normal 0 0 -1
    outer loop
      vertex 6 -34.466 0
      vertex 8.02547 -33.8215 0
      vertex 8 -34.466 0
    endloop
  endfacet
  facet normal -0 0 -1
    outer loop
      vertex 8.02547 -33.8215 0
      vertex 6 -34.466 0
      vertex 5.25581 -33.8215 0
    endloop
  endfacet
  facet normal 0 0 -1
    outer loop
      vertex 8.02547 -13.3785 0
      vertex 8 -12.734 0
      vertex 8.02547 -11.8 0
    endloop
  endfacet
  facet normal 0 0 -1
    outer loop
      vertex 8.02547 -13.3785 0
      vertex 6 -12.734 0
      vertex 8 -12.734 0
    endloop
  endfacet
  facet normal 0 -0 -1
    outer loop
      vertex 6 -12.734 0
      vertex 8.02547 -13.3785 0
      vertex 5.25581 -13.3785 0
    endloop
  endfacet
  facet normal -0 0 -1
    outer loop
      vertex 8.02547 -11.8 0
      vertex 8 -12.734 0
      vertex 8 -11.8 0
    endloop
  endfacet
  facet normal -0.866024 0.500002 0
    outer loop
      vertex -13.6255 -23.6 0
      vertex -6.81273 -11.8 8
      vertex -6.81273 -11.8 0
    endloop
  endfacet
  facet normal -0.866024 0.500002 0
    outer loop
      vertex -6.81273 -11.8 8
      vertex -13.6255 -23.6 0
      vertex -13.6255 -23.6 8
    endloop
  endfacet
  facet normal 0 1 -0
    outer loop
      vertex 8 -11.8 -6.81273
      vertex 4.49813 -11.8 4.49813
      vertex 8 -11.8 4.49813
    endloop
  endfacet
  facet normal 0 1 0
    outer loop
      vertex 4.49813 -11.8 4.49813
      vertex 8 -11.8 -6.81273
      vertex 0 -11.8 0
    endloop
  endfacet
  facet normal 0 1 0
    outer loop
      vertex 0 -11.8 0
      vertex 8 -11.8 -6.81273
      vertex 0 -11.8 -6.81273
    endloop
  endfacet
  facet normal 0 1 -0
    outer loop
      vertex 4.49813 -11.8 4.49813
      vertex -6.81273 -11.8 8
      vertex 4.49813 -11.8 8
    endloop
  endfacet
  facet normal 0 1 -0
    outer loop
      vertex 0 -11.8 0
      vertex -6.81273 -11.8 8
      vertex 4.49813 -11.8 4.49813
    endloop
  endfacet
  facet normal 0 1 0
    outer loop
      vertex -6.81273 -11.8 8
      vertex 0 -11.8 0
      vertex -6.81273 -11.8 0
    endloop
  endfacet
  facet normal 0 -1 0
    outer loop
      vertex -6.81273 -35.4 8
      vertex 4.49813 -35.4 4.49813
      vertex 4.49813 -35.4 8
    endloop
  endfacet
  facet normal 0 -1 0
    outer loop
      vertex 0 -35.4 0
      vertex -6.81273 -35.4 8
      vertex -6.81273 -35.4 0
    endloop
  endfacet
  facet normal 0 -1 0
    outer loop
      vertex -6.81273 -35.4 8
      vertex 0 -35.4 0
      vertex 4.49813 -35.4 4.49813
    endloop
  endfacet
  facet normal 0 -1 0
    outer loop
      vertex 8 -35.4 -6.81273
      vertex 4.49813 -35.4 4.49813
      vertex 0 -35.4 0
    endloop
  endfacet
  facet normal 0 -1 0
    outer loop
      vertex 8 -35.4 -6.81273
      vertex 0 -35.4 0
      vertex 0 -35.4 -6.81273
    endloop
  endfacet
  facet normal 0 -1 0
    outer loop
      vertex 4.49813 -35.4 4.49813
      vertex 8 -35.4 -6.81273
      vertex 8 -35.4 4.49813
    endloop
  endfacet
  facet normal -0 0 1
    outer loop
      vertex -6.81273 -11.8 8
      vertex -6.35692 -12.8785 8
      vertex 4.49813 -11.8 8
    endloop
  endfacet
  facet normal 0 0 1
    outer loop
      vertex -13.6255 -23.6 8
      vertex -6.35692 -12.8785 8
      vertex -6.81273 -11.8 8
    endloop
  endfacet
  facet normal 0 0 1
    outer loop
      vertex -6.35692 -12.8785 8
      vertex -13.6255 -23.6 8
      vertex -12.547 -23.6 8
    endloop
  endfacet
  facet normal -0 0 1
    outer loop
      vertex 4.49813 -11.8 8
      vertex 4.89214 -12.8785 8
      vertex 4.89214 -11.8 8
    endloop
  endfacet
  facet normal 0 0 1
    outer loop
      vertex 4.89214 -12.8785 8
      vertex 4.49813 -11.8 8
      vertex -6.35692 -12.8785 8
    endloop
  endfacet
  facet normal 0 0 1
    outer loop
      vertex 4.89214 -34.3215 8
      vertex 4.49813 -35.4 8
      vertex 4.89214 -35.4 8
    endloop
  endfacet
  facet normal -0 0 1
    outer loop
      vertex -6.35692 -34.3215 8
      vertex 4.49813 -35.4 8
      vertex 4.89214 -34.3215 8
    endloop
  endfacet
  facet normal 0 0 1
    outer loop
      vertex -6.35692 -34.3215 8
      vertex -6.81273 -35.4 8
      vertex 4.49813 -35.4 8
    endloop
  endfacet
  facet normal -0 0 1
    outer loop
      vertex -13.6255 -23.6 8
      vertex -6.35692 -34.3215 8
      vertex -12.547 -23.6 8
    endloop
  endfacet
  facet normal 0 0 1
    outer loop
      vertex -6.35692 -34.3215 8
      vertex -13.6255 -23.6 8
      vertex -6.81273 -35.4 8
    endloop
  endfacet
  facet normal 0.866025 0.500001 0
    outer loop
      vertex -6.35692 -34.3215 8
      vertex -12.547 -23.6 6
      vertex -12.547 -23.6 8
    endloop
  endfacet
  facet normal 0.866025 0.500001 0
    outer loop
      vertex -12.547 -23.6 6
      vertex -6.35692 -34.3215 8
      vertex -6.35692 -34.3215 6
    endloop
  endfacet
  facet normal 0.654644 0.37796 0.654666
    outer loop
      vertex -6.35073 -34.3069 5.98535
      vertex -5.93427 -33.3215 5
      vertex -11.547 -23.6 5
    endloop
  endfacet
  facet normal 0.654654 0.377964 0.654654
    outer loop
      vertex -12.547 -23.6 6
      vertex -6.35073 -34.3069 5.98535
      vertex -11.547 -23.6 5
    endloop
  endfacet
  facet normal 0.655241 0.378305 0.653869
    outer loop
      vertex -6.35073 -34.3069 5.98535
      vertex -12.547 -23.6 6
      vertex -6.35692 -34.3215 6
    endloop
  endfacet
  facet normal 0.866025 0.500001 0
    outer loop
      vertex -5.93427 -33.3215 5
      vertex -11.547 -23.6 0.5
      vertex -11.547 -23.6 5
    endloop
  endfacet
  facet normal 0.866025 0.500001 0
    outer loop
      vertex -11.547 -23.6 0.5
      vertex -5.93427 -33.3215 5
      vertex -5.93427 -33.3215 0.5
    endloop
  endfacet
  facet normal 0.654666 0.377973 -0.654636
    outer loop
      vertex -5.93987 -33.3348 0.48674
      vertex -6.14559 -33.8215 0
      vertex -12.047 -23.6 0
    endloop
  endfacet
  facet normal 0.654653 0.377966 -0.654653
    outer loop
      vertex -5.93427 -33.3215 0.5
      vertex -12.047 -23.6 0
      vertex -11.547 -23.6 0.5
    endloop
  endfacet
  facet normal 0.654287 0.377709 -0.655168
    outer loop
      vertex -12.047 -23.6 0
      vertex -5.93427 -33.3215 0.5
      vertex -5.93987 -33.3348 0.48674
    endloop
  endfacet
  facet normal -0.866024 -0.500002 0
    outer loop
      vertex -6.81273 -35.4 0
      vertex -13.6255 -23.6 8
      vertex -13.6255 -23.6 0
    endloop
  endfacet
  facet normal -0.866024 -0.500002 0
    outer loop
      vertex -13.6255 -23.6 8
      vertex -6.81273 -35.4 0
      vertex -6.81273 -35.4 8
    endloop
  endfacet
  facet normal -0.866023 0.500004 0
    outer loop
      vertex -13.0008 -20.65 6
      vertex -9.05515 -13.816 8
      vertex -9.05515 -13.816 6
    endloop
  endfacet
  facet normal -0.866023 0.500004 0
    outer loop
      vertex -9.05515 -13.816 8
      vertex -13.0008 -20.65 6
      vertex -13.0008 -20.65 8
    endloop
  endfacet
  facet normal -0.654663 0.377974 0.654639
    outer loop
      vertex -14.0008 -20.65 5
      vertex -9.14792 -13.6553 5.81447
      vertex -9.55515 -12.95 5
    endloop
  endfacet
  facet normal -0.654653 0.377966 0.654653
    outer loop
      vertex -9.14792 -13.6553 5.81447
      vertex -14.0008 -20.65 5
      vertex -13.8858 -20.65 5.115
    endloop
  endfacet
  facet normal -0.654621 0.377949 0.654695
    outer loop
      vertex -9.14792 -13.6553 5.81447
      vertex -13.0008 -20.65 6
      vertex -9.05515 -13.816 6
    endloop
  endfacet
  facet normal -0.654653 0.377966 0.654653
    outer loop
      vertex -13.0008 -20.65 6
      vertex -9.14792 -13.6553 5.81447
      vertex -13.8858 -20.65 5.115
    endloop
  endfacet
  facet normal -0.866023 0.500004 0
    outer loop
      vertex -14.0008 -20.65 3
      vertex -9.55515 -12.95 5
      vertex -9.55515 -12.95 3
    endloop
  endfacet
  facet normal -0.866023 0.500004 0
    outer loop
      vertex -9.55515 -12.95 5
      vertex -14.0008 -20.65 3
      vertex -14.0008 -20.65 5
    endloop
  endfacet
  facet normal 0.866025 -0.500001 0
    outer loop
      vertex -11.9223 -20.65 8
      vertex -8.51592 -14.75 3
      vertex -8.51592 -14.75 8
    endloop
  endfacet
  facet normal 0.866025 -0.500001 0
    outer loop
      vertex -8.51592 -14.75 3
      vertex -11.9223 -20.65 8
      vertex -11.9223 -20.65 3
    endloop
  endfacet
  facet normal 0 0 1
    outer loop
      vertex -9.05515 -13.816 8
      vertex -11.9223 -20.65 8
      vertex -8.51592 -14.75 8
    endloop
  endfacet
  facet normal 0 -0 1
    outer loop
      vertex -11.9223 -20.65 8
      vertex -9.05515 -13.816 8
      vertex -13.0008 -20.65 8
    endloop
  endfacet
  facet normal 0 0 -1
    outer loop
      vertex -11.9223 -20.65 3
      vertex -9.55515 -12.95 3
      vertex -8.51592 -14.75 3
    endloop
  endfacet
  facet normal 0 0 -1
    outer loop
      vertex -9.55515 -12.95 3
      vertex -11.9223 -20.65 3
      vertex -14.0008 -20.65 3
    endloop
  endfacet
  facet normal 0 -1 0
    outer loop
      vertex -13.0008 -20.65 6
      vertex -11.9223 -20.65 8
      vertex -13.0008 -20.65 8
    endloop
  endfacet
  facet normal 0 -1 0
    outer loop
      vertex -11.9223 -20.65 3
      vertex -13.8858 -20.65 5.115
      vertex -14.0008 -20.65 5
    endloop
  endfacet
  facet normal 0 -1 0
    outer loop
      vertex -11.9223 -20.65 3
      vertex -14.0008 -20.65 5
      vertex -14.0008 -20.65 3
    endloop
  endfacet
  facet normal 0 -1 0
    outer loop
      vertex -13.8858 -20.65 5.115
      vertex -11.9223 -20.65 3
      vertex -13.0008 -20.65 6
    endloop
  endfacet
  facet normal 0 -1 0
    outer loop
      vertex -13.0008 -20.65 6
      vertex -11.9223 -20.65 3
      vertex -11.9223 -20.65 8
    endloop
  endfacet
  facet normal 0.866031 0.499989 0
    outer loop
      vertex -9.05515 -13.816 8
      vertex -8.51592 -14.75 8
      vertex -9.05515 -13.816 6
    endloop
  endfacet
  facet normal 0.866019 0.500011 -1.35717e-05
    outer loop
      vertex -8.51592 -14.75 3
      vertex -9.55515 -12.95 5
      vertex -9.14792 -13.6553 5.81447
    endloop
  endfacet
  facet normal 0.866045 0.499967 9.35704e-06
    outer loop
      vertex -8.51592 -14.75 3
      vertex -9.14792 -13.6553 5.81447
      vertex -9.05515 -13.816 6
    endloop
  endfacet
  facet normal 0.866031 0.499989 -0
    outer loop
      vertex -8.51592 -14.75 3
      vertex -9.05515 -13.816 6
      vertex -8.51592 -14.75 8
    endloop
  endfacet
  facet normal 0.866026 0.5 0
    outer loop
      vertex -9.55515 -12.95 5
      vertex -8.51592 -14.75 3
      vertex -9.55515 -12.95 3
    endloop
  endfacet
  facet normal -0.866023 -0.500004 0
    outer loop
      vertex -9.05515 -33.384 6
      vertex -13.0008 -26.55 8
      vertex -13.0008 -26.55 6
    endloop
  endfacet
  facet normal -0.866023 -0.500004 0
    outer loop
      vertex -13.0008 -26.55 8
      vertex -9.05515 -33.384 6
      vertex -9.05515 -33.384 8
    endloop
  endfacet
  facet normal -0.654642 -0.377962 0.654666
    outer loop
      vertex -14.0008 -26.55 5
      vertex -9.49765 -34.1504 5.115
      vertex -13.1863 -26.55 5.81447
    endloop
  endfacet
  facet normal -0.654641 -0.377962 0.654668
    outer loop
      vertex -9.49765 -34.1504 5.115
      vertex -14.0008 -26.55 5
      vertex -9.55515 -34.25 5
    endloop
  endfacet
  facet normal -0.654698 -0.377994 0.654592
    outer loop
      vertex -13.1863 -26.55 5.81447
      vertex -9.05515 -33.384 6
      vertex -13.0008 -26.55 6
    endloop
  endfacet
  facet normal -0.654659 -0.377969 0.654646
    outer loop
      vertex -9.05515 -33.384 6
      vertex -13.1863 -26.55 5.81447
      vertex -9.49765 -34.1504 5.115
    endloop
  endfacet
  facet normal -0.866023 -0.500004 0
    outer loop
      vertex -9.55515 -34.25 3
      vertex -14.0008 -26.55 5
      vertex -14.0008 -26.55 3
    endloop
  endfacet
  facet normal -0.866023 -0.500004 0
    outer loop
      vertex -14.0008 -26.55 5
      vertex -9.55515 -34.25 3
      vertex -9.55515 -34.25 5
    endloop
  endfacet
  facet normal 0.866025 0.500001 0
    outer loop
      vertex -8.51592 -32.45 8
      vertex -11.9223 -26.55 3
      vertex -11.9223 -26.55 8
    endloop
  endfacet
  facet normal 0.866025 0.500001 0
    outer loop
      vertex -11.9223 -26.55 3
      vertex -8.51592 -32.45 8
      vertex -8.51592 -32.45 3
    endloop
  endfacet
  facet normal 0 0 1
    outer loop
      vertex -11.9223 -26.55 8
      vertex -9.05515 -33.384 8
      vertex -8.51592 -32.45 8
    endloop
  endfacet
  facet normal 0 0 1
    outer loop
      vertex -9.05515 -33.384 8
      vertex -11.9223 -26.55 8
      vertex -13.0008 -26.55 8
    endloop
  endfacet
  facet normal 0 0 -1
    outer loop
      vertex -9.55515 -34.25 3
      vertex -11.9223 -26.55 3
      vertex -8.51592 -32.45 3
    endloop
  endfacet
  facet normal -0 -0 -1
    outer loop
      vertex -11.9223 -26.55 3
      vertex -9.55515 -34.25 3
      vertex -14.0008 -26.55 3
    endloop
  endfacet
  facet normal 0.866031 -0.499989 0
    outer loop
      vertex -9.05515 -33.384 6
      vertex -8.51592 -32.45 8
      vertex -9.05515 -33.384 8
    endloop
  endfacet
  facet normal 0.866031 -0.499989 0
    outer loop
      vertex -8.51592 -32.45 8
      vertex -9.05515 -33.384 6
      vertex -8.51592 -32.45 3
    endloop
  endfacet
  facet normal 0.86602 -0.500009 -8.0701e-06
    outer loop
      vertex -9.49765 -34.1504 5.115
      vertex -8.51592 -32.45 3
      vertex -9.05515 -33.384 6
    endloop
  endfacet
  facet normal 0.866033 -0.499987 1.55809e-05
    outer loop
      vertex -9.55515 -34.25 5
      vertex -8.51592 -32.45 3
      vertex -9.49765 -34.1504 5.115
    endloop
  endfacet
  facet normal 0.866026 -0.5 0
    outer loop
      vertex -8.51592 -32.45 3
      vertex -9.55515 -34.25 5
      vertex -9.55515 -34.25 3
    endloop
  endfacet
  facet normal 0 1 0
    outer loop
      vertex -11.9223 -26.55 8
      vertex -13.0008 -26.55 6
      vertex -13.0008 -26.55 8
    endloop
  endfacet
  facet normal 0 1 0
    outer loop
      vertex -11.9223 -26.55 3
      vertex -13.1863 -26.55 5.81447
      vertex -13.0008 -26.55 6
    endloop
  endfacet
  facet normal 0 1 -0
    outer loop
      vertex -11.9223 -26.55 3
      vertex -13.0008 -26.55 6
      vertex -11.9223 -26.55 8
    endloop
  endfacet
  facet normal 0 1 0
    outer loop
      vertex -13.1863 -26.55 5.81447
      vertex -11.9223 -26.55 3
      vertex -14.0008 -26.55 5
    endloop
  endfacet
  facet normal 0 1 0
    outer loop
      vertex -14.0008 -26.55 5
      vertex -11.9223 -26.55 3
      vertex -14.0008 -26.55 3
    endloop
  endfacet
  facet normal 0 -1 0
    outer loop
      vertex -6.35692 -12.8785 6
      vertex 4.89214 -12.8785 8
      vertex -6.35692 -12.8785 8
    endloop
  endfacet
  facet normal 0 -1 0
    outer loop
      vertex 7.69211 -12.8785 6
      vertex 4.89214 -12.8785 8
      vertex -6.35692 -12.8785 6
    endloop
  endfacet
  facet normal -0 -1 -0
    outer loop
      vertex 5.60703 -12.8785 7.85416
      vertex 4.89214 -12.8785 8
      vertex 7.69211 -12.8785 6
    endloop
  endfacet
  facet normal 0 -1 0
    outer loop
      vertex 4.89214 -12.8785 8
      vertex 5.60703 -12.8785 7.85416
      vertex 5.1813 -12.8785 7.96347
    endloop
  endfacet
  facet normal 0 -1 0
    outer loop
      vertex 5.60703 -12.8785 7.85416
      vertex 7.69211 -12.8785 6
      vertex 6.01569 -12.8785 7.69236
    endloop
  endfacet
  facet normal 0 -1 0
    outer loop
      vertex 6.01569 -12.8785 7.69236
      vertex 7.69211 -12.8785 6
      vertex 6.40086 -12.8785 7.48061
    endloop
  endfacet
  facet normal 0 -1 0
    outer loop
      vertex 6.40086 -12.8785 7.48061
      vertex 7.69211 -12.8785 6
      vertex 6.75645 -12.8785 7.22226
    endloop
  endfacet
  facet normal 0 -1 0
    outer loop
      vertex 6.75645 -12.8785 7.22226
      vertex 7.69211 -12.8785 6
      vertex 7.07686 -12.8785 6.92138
    endloop
  endfacet
  facet normal 0 -1 0
    outer loop
      vertex 7.07686 -12.8785 6.92138
      vertex 7.69211 -12.8785 6
      vertex 7.35703 -12.8785 6.58271
    endloop
  endfacet
  facet normal 0 -1 0
    outer loop
      vertex 7.35703 -12.8785 6.58271
      vertex 7.69211 -12.8785 6
      vertex 7.59254 -12.8785 6.2116
    endloop
  endfacet
  facet normal 0 -0.707103 0.70711
    outer loop
      vertex -5.94497 -13.8532 5.02531
      vertex 7.69211 -12.8785 6
      vertex -6.35692 -12.8785 6
    endloop
  endfacet
  facet normal 1.98896e-05 -0.707242 0.706971
    outer loop
      vertex -5.93427 -13.8785 5
      vertex 7.69211 -12.8785 6
      vertex -5.94497 -13.8532 5.02531
    endloop
  endfacet
  facet normal 0 -0.707107 0.707107
    outer loop
      vertex 7.99102 -13.8785 5
      vertex 7.69211 -12.8785 6
      vertex -5.93427 -13.8785 5
    endloop
  endfacet
  facet normal 0.000330227 -0.707057 0.707156
    outer loop
      vertex 7.91551 -13.4826 5.39588
      vertex 7.69211 -12.8785 6
      vertex 7.99102 -13.8785 5
    endloop
  endfacet
  facet normal -0.000232348 -0.707161 0.707052
    outer loop
      vertex 7.69211 -12.8785 6
      vertex 7.91551 -13.4826 5.39588
      vertex 7.77968 -13.0646 5.8139
    endloop
  endfacet
  facet normal 0 -1 0
    outer loop
      vertex 8.02547 -13.8785 4.52547
      vertex 7.99102 -13.8785 5
      vertex -5.93427 -13.8785 5
    endloop
  endfacet
  facet normal 0 -1 0
    outer loop
      vertex 7.99102 -13.8785 5
      vertex 8.02547 -13.8785 4.52547
      vertex 7.99787 -13.8785 4.96413
    endloop
  endfacet
  facet normal 0 -1 0
    outer loop
      vertex -5.93427 -13.8785 0.5
      vertex 8.02547 -13.8785 4.52547
      vertex -5.93427 -13.8785 5
    endloop
  endfacet
  facet normal 0 -1 -0
    outer loop
      vertex 8.02547 -13.8785 4.52547
      vertex -5.93427 -13.8785 0.5
      vertex 8.02547 -13.8785 0.5
    endloop
  endfacet
  facet normal 0 -0.707059 -0.707155
    outer loop
      vertex -5.93427 -13.8785 0.5
      vertex 0.5 -13.6 0.221538
      vertex 8.02547 -13.8785 0.5
    endloop
  endfacet
  facet normal -5.0992e-06 -0.707075 -0.707138
    outer loop
      vertex 0.244191 -13.3785 0
      vertex -5.93427 -13.8785 0.5
      vertex -6.14109 -13.3891 0.0106451
    endloop
  endfacet
  facet normal -0 -0.708606 -0.705604
    outer loop
      vertex 0.244191 -13.3785 0
      vertex -6.14109 -13.3891 0.0106451
      vertex -6.14559 -13.3785 0
    endloop
  endfacet
  facet normal 8.97733e-06 -0.707162 -0.707051
    outer loop
      vertex -5.93427 -13.8785 0.5
      vertex 0.244191 -13.3785 0
      vertex 0.5 -13.6 0.221538
    endloop
  endfacet
  facet normal -0 -0.707059 -0.707155
    outer loop
      vertex 5 -13.6 0.221538
      vertex 8.02547 -13.8785 0.5
      vertex 0.5 -13.6 0.221538
    endloop
  endfacet
  facet normal -1.81202e-05 -0.707157 -0.707057
    outer loop
      vertex 5.25581 -13.3785 0
      vertex 8.02547 -13.8785 0.5
      vertex 5 -13.6 0.221538
    endloop
  endfacet
  facet normal 0 -0.707107 -0.707107
    outer loop
      vertex 8.02547 -13.8785 0.5
      vertex 5.25581 -13.3785 0
      vertex 8.02547 -13.3785 0
    endloop
  endfacet
  facet normal 0 1 -0
    outer loop
      vertex 8.02547 -11.8 0
      vertex 8 -11.8 4.49813
      vertex 8.02547 -11.8 4.52547
    endloop
  endfacet
  facet normal 0 1 0
    outer loop
      vertex 8 -11.8 4.49813
      vertex 8.02547 -11.8 0
      vertex 8 -11.8 0
    endloop
  endfacet
  facet normal 0 1 0
    outer loop
      vertex 4.49813 -11.8 4.49813
      vertex 4.89214 -11.8 8
      vertex 5.1813 -11.8 7.96347
    endloop
  endfacet
  facet normal 0 1 0
    outer loop
      vertex 4.49813 -11.8 4.49813
      vertex 5.1813 -11.8 7.96347
      vertex 5.60703 -11.8 7.85416
    endloop
  endfacet
  facet normal 0 1 0
    outer loop
      vertex 4.49813 -11.8 4.49813
      vertex 5.60703 -11.8 7.85416
      vertex 6.01569 -11.8 7.69236
    endloop
  endfacet
  facet normal 0 1 0
    outer loop
      vertex 4.49813 -11.8 4.49813
      vertex 6.01569 -11.8 7.69236
      vertex 6.40086 -11.8 7.48061
    endloop
  endfacet
  facet normal 0 1 0
    outer loop
      vertex 4.49813 -11.8 4.49813
      vertex 6.40086 -11.8 7.48061
      vertex 6.75645 -11.8 7.22226
    endloop
  endfacet
  facet normal 0 1 0
    outer loop
      vertex 4.49813 -11.8 4.49813
      vertex 6.75645 -11.8 7.22226
      vertex 7.07686 -11.8 6.92138
    endloop
  endfacet
  facet normal 0 1 0
    outer loop
      vertex 4.49813 -11.8 4.49813
      vertex 7.07686 -11.8 6.92138
      vertex 7.35703 -11.8 6.58271
    endloop
  endfacet
  facet normal 0 1 0
    outer loop
      vertex 4.49813 -11.8 4.49813
      vertex 7.35703 -11.8 6.58271
      vertex 7.59254 -11.8 6.2116
    endloop
  endfacet
  facet normal 0 1 0
    outer loop
      vertex 4.49813 -11.8 4.49813
      vertex 7.59254 -11.8 6.2116
      vertex 7.77968 -11.8 5.8139
    endloop
  endfacet
  facet normal 0 1 0
    outer loop
      vertex 4.49813 -11.8 4.49813
      vertex 7.77968 -11.8 5.8139
      vertex 7.91551 -11.8 5.39588
    endloop
  endfacet
  facet normal 0 1 0
    outer loop
      vertex 4.49813 -11.8 4.49813
      vertex 7.91551 -11.8 5.39588
      vertex 7.99787 -11.8 4.96413
    endloop
  endfacet
  facet normal 0 1 -0
    outer loop
      vertex 8 -11.8 4.49813
      vertex 7.99787 -11.8 4.96413
      vertex 8.02547 -11.8 4.52547
    endloop
  endfacet
  facet normal 0 1 0
    outer loop
      vertex 7.99787 -11.8 4.96413
      vertex 8 -11.8 4.49813
      vertex 4.49813 -11.8 4.49813
    endloop
  endfacet
  facet normal 0 1 0
    outer loop
      vertex 4.89214 -11.8 8
      vertex 4.49813 -11.8 4.49813
      vertex 4.49813 -11.8 8
    endloop
  endfacet
  facet normal 0 1 0
    outer loop
      vertex 5.60703 -34.3215 7.85416
      vertex 4.89214 -34.3215 8
      vertex 5.1813 -34.3215 7.96347
    endloop
  endfacet
  facet normal 0 1 0
    outer loop
      vertex 4.89214 -34.3215 8
      vertex 5.60703 -34.3215 7.85416
      vertex 7.69211 -34.3215 6
    endloop
  endfacet
  facet normal 0 1 0
    outer loop
      vertex 7.69211 -34.3215 6
      vertex 5.60703 -34.3215 7.85416
      vertex 6.01569 -34.3215 7.69236
    endloop
  endfacet
  facet normal 0 1 0
    outer loop
      vertex 7.69211 -34.3215 6
      vertex 6.01569 -34.3215 7.69236
      vertex 6.40086 -34.3215 7.48061
    endloop
  endfacet
  facet normal 0 1 0
    outer loop
      vertex 7.69211 -34.3215 6
      vertex 6.40086 -34.3215 7.48061
      vertex 6.75645 -34.3215 7.22226
    endloop
  endfacet
  facet normal 0 1 0
    outer loop
      vertex 7.69211 -34.3215 6
      vertex 6.75645 -34.3215 7.22226
      vertex 7.07686 -34.3215 6.92138
    endloop
  endfacet
  facet normal 0 1 0
    outer loop
      vertex 7.69211 -34.3215 6
      vertex 7.07686 -34.3215 6.92138
      vertex 7.35703 -34.3215 6.58271
    endloop
  endfacet
  facet normal 0 1 0
    outer loop
      vertex 7.69211 -34.3215 6
      vertex 7.35703 -34.3215 6.58271
      vertex 7.59254 -34.3215 6.2116
    endloop
  endfacet
  facet normal 0 1 0
    outer loop
      vertex 4.89214 -34.3215 8
      vertex 7.69211 -34.3215 6
      vertex -6.35692 -34.3215 6
    endloop
  endfacet
  facet normal 0 1 0
    outer loop
      vertex 4.89214 -34.3215 8
      vertex -6.35692 -34.3215 6
      vertex -6.35692 -34.3215 8
    endloop
  endfacet
  facet normal 0 0.708314 0.705897
    outer loop
      vertex 7.69211 -34.3215 6
      vertex -6.35073 -34.3069 5.98535
      vertex -6.35692 -34.3215 6
    endloop
  endfacet
  facet normal -0.000232348 0.707161 0.707052
    outer loop
      vertex 7.91551 -33.7174 5.39588
      vertex 7.69211 -34.3215 6
      vertex 7.77968 -34.1354 5.8139
    endloop
  endfacet
  facet normal 0.000330227 0.707057 0.707156
    outer loop
      vertex 7.69211 -34.3215 6
      vertex 7.91551 -33.7174 5.39588
      vertex 7.99102 -33.3215 5
    endloop
  endfacet
  facet normal 0 0.707107 0.707107
    outer loop
      vertex 7.69211 -34.3215 6
      vertex 7.99102 -33.3215 5
      vertex -5.93427 -33.3215 5
    endloop
  endfacet
  facet normal -2.55392e-06 0.707089 0.707124
    outer loop
      vertex 7.69211 -34.3215 6
      vertex -5.93427 -33.3215 5
      vertex -6.35073 -34.3069 5.98535
    endloop
  endfacet
  facet normal 0 1 0
    outer loop
      vertex 8.02547 -33.3215 4.52547
      vertex 7.99102 -33.3215 5
      vertex 7.99787 -33.3215 4.96413
    endloop
  endfacet
  facet normal 0 1 0
    outer loop
      vertex 7.99102 -33.3215 5
      vertex 8.02547 -33.3215 4.52547
      vertex -5.93427 -33.3215 5
    endloop
  endfacet
  facet normal 0 1 0
    outer loop
      vertex -5.93427 -33.3215 0.5
      vertex 8.02547 -33.3215 4.52547
      vertex 8.02547 -33.3215 0.5
    endloop
  endfacet
  facet normal 0 1 0
    outer loop
      vertex 8.02547 -33.3215 4.52547
      vertex -5.93427 -33.3215 0.5
      vertex -5.93427 -33.3215 5
    endloop
  endfacet
  facet normal 0 0.707059 -0.707155
    outer loop
      vertex 0.5 -33.6 0.221538
      vertex -5.93427 -33.3215 0.5
      vertex 8.02547 -33.3215 0.5
    endloop
  endfacet
  facet normal 0 0.707059 -0.707155
    outer loop
      vertex 0.5 -33.6 0.221538
      vertex 8.02547 -33.3215 0.5
      vertex 5 -33.6 0.221538
    endloop
  endfacet
  facet normal 0 0.707107 -0.707107
    outer loop
      vertex 5.25581 -33.8215 0
      vertex 8.02547 -33.3215 0.5
      vertex 8.02547 -33.8215 0
    endloop
  endfacet
  facet normal -1.81202e-05 0.707157 -0.707057
    outer loop
      vertex 8.02547 -33.3215 0.5
      vertex 5.25581 -33.8215 0
      vertex 5 -33.6 0.221538
    endloop
  endfacet
  facet normal 8.97733e-06 0.707162 -0.707051
    outer loop
      vertex 0.244191 -33.8215 0
      vertex -5.93427 -33.3215 0.5
      vertex 0.5 -33.6 0.221538
    endloop
  endfacet
  facet normal -0.000166672 0.706076 -0.708136
    outer loop
      vertex -5.93427 -33.3215 0.5
      vertex 0.244191 -33.8215 0
      vertex -5.93987 -33.3348 0.48674
    endloop
  endfacet
  facet normal 0 0.707136 -0.707078
    outer loop
      vertex -5.93987 -33.3348 0.48674
      vertex 0.244191 -33.8215 0
      vertex -6.14559 -33.8215 0
    endloop
  endfacet
  facet normal 0 -1 0
    outer loop
      vertex 4.49813 -35.4 4.49813
      vertex 4.89214 -35.4 8
      vertex 4.49813 -35.4 8
    endloop
  endfacet
  facet normal 0 -1 -0
    outer loop
      vertex 4.89214 -35.4 8
      vertex 4.49813 -35.4 4.49813
      vertex 5.1813 -35.4 7.96347
    endloop
  endfacet
  facet normal 0 -1 -0
    outer loop
      vertex 5.1813 -35.4 7.96347
      vertex 4.49813 -35.4 4.49813
      vertex 5.60703 -35.4 7.85416
    endloop
  endfacet
  facet normal 0 -1 -0
    outer loop
      vertex 5.60703 -35.4 7.85416
      vertex 4.49813 -35.4 4.49813
      vertex 6.01569 -35.4 7.69236
    endloop
  endfacet
  facet normal 0 -1 -0
    outer loop
      vertex 6.01569 -35.4 7.69236
      vertex 4.49813 -35.4 4.49813
      vertex 6.40086 -35.4 7.48061
    endloop
  endfacet
  facet normal 0 -1 -0
    outer loop
      vertex 6.40086 -35.4 7.48061
      vertex 4.49813 -35.4 4.49813
      vertex 6.75645 -35.4 7.22226
    endloop
  endfacet
  facet normal 0 -1 -0
    outer loop
      vertex 6.75645 -35.4 7.22226
      vertex 4.49813 -35.4 4.49813
      vertex 7.07686 -35.4 6.92138
    endloop
  endfacet
  facet normal 0 -1 -0
    outer loop
      vertex 7.07686 -35.4 6.92138
      vertex 4.49813 -35.4 4.49813
      vertex 7.35703 -35.4 6.58271
    endloop
  endfacet
  facet normal 0 -1 -0
    outer loop
      vertex 7.35703 -35.4 6.58271
      vertex 4.49813 -35.4 4.49813
      vertex 7.59254 -35.4 6.2116
    endloop
  endfacet
  facet normal 0 -1 -0
    outer loop
      vertex 7.59254 -35.4 6.2116
      vertex 4.49813 -35.4 4.49813
      vertex 7.77968 -35.4 5.8139
    endloop
  endfacet
  facet normal 0 -1 -0
    outer loop
      vertex 7.77968 -35.4 5.8139
      vertex 4.49813 -35.4 4.49813
      vertex 7.91551 -35.4 5.39588
    endloop
  endfacet
  facet normal 0 -1 -0
    outer loop
      vertex 7.91551 -35.4 5.39588
      vertex 4.49813 -35.4 4.49813
      vertex 7.99787 -35.4 4.96413
    endloop
  endfacet
  facet normal 0 -1 0
    outer loop
      vertex 8 -35.4 4.49813
      vertex 7.99787 -35.4 4.96413
      vertex 4.49813 -35.4 4.49813
    endloop
  endfacet
  facet normal 0 -1 0
    outer loop
      vertex 7.99787 -35.4 4.96413
      vertex 8 -35.4 4.49813
      vertex 8.02547 -35.4 4.52547
    endloop
  endfacet
  facet normal 0 -1 0
    outer loop
      vertex 8.02547 -35.4 0
      vertex 8 -35.4 4.49813
      vertex 8 -35.4 0
    endloop
  endfacet
  facet normal 0 -1 0
    outer loop
      vertex 8 -35.4 4.49813
      vertex 8.02547 -35.4 0
      vertex 8.02547 -35.4 4.52547
    endloop
  endfacet
  facet normal 0.866025 -0.500001 0
    outer loop
      vertex -12.547 -47.2 8
      vertex -6.35692 -36.4785 6
      vertex -6.35692 -36.4785 8
    endloop
  endfacet
  facet normal 0.866025 -0.500001 0
    outer loop
      vertex -6.35692 -36.4785 6
      vertex -12.547 -47.2 8
      vertex -12.547 -47.2 6
    endloop
  endfacet
  facet normal 0.654682 -0.377989 0.654612
    outer loop
      vertex -12.547 -47.2 6
      vertex -5.93427 -37.4785 5
      vertex -5.94497 -37.4532 5.02531
    endloop
  endfacet
  facet normal 0.654653 -0.377966 0.654653
    outer loop
      vertex -5.93427 -37.4785 5
      vertex -12.547 -47.2 6
      vertex -11.547 -47.2 5
    endloop
  endfacet
  facet normal 0.654652 -0.377965 0.654655
    outer loop
      vertex -5.94497 -37.4532 5.02531
      vertex -6.35692 -36.4785 6
      vertex -12.547 -47.2 6
    endloop
  endfacet
  facet normal 0.866025 -0.500001 0
    outer loop
      vertex -11.547 -47.2 5
      vertex -5.93427 -37.4785 0.5
      vertex -5.93427 -37.4785 5
    endloop
  endfacet
  facet normal 0.866025 -0.500001 0
    outer loop
      vertex -5.93427 -37.4785 0.5
      vertex -11.547 -47.2 5
      vertex -11.547 -47.2 0.5
    endloop
  endfacet
  facet normal 0.654654 -0.377964 -0.654654
    outer loop
      vertex -12.047 -47.2 0
      vertex -6.14109 -36.9891 0.0106451
      vertex -11.547 -47.2 0.5
    endloop
  endfacet
  facet normal 0.655317 -0.378349 -0.653768
    outer loop
      vertex -6.14109 -36.9891 0.0106451
      vertex -12.047 -47.2 0
      vertex -6.14559 -36.9785 0
    endloop
  endfacet
  facet normal 0.654641 -0.377959 -0.65467
    outer loop
      vertex -6.14109 -36.9891 0.0106451
      vertex -5.93427 -37.4785 0.5
      vertex -11.547 -47.2 0.5
    endloop
  endfacet
  facet normal 0 0 -1
    outer loop
      vertex 0 -59 0
      vertex -6.14559 -57.4215 0
      vertex 0 -57.633 0
    endloop
  endfacet
  facet normal 0 0 -1
    outer loop
      vertex -6.81273 -59 0
      vertex -6.14559 -57.4215 0
      vertex 0 -59 0
    endloop
  endfacet
  facet normal 0 0 -1
    outer loop
      vertex -13.6255 -47.2 0
      vertex -6.14559 -57.4215 0
      vertex -6.81273 -59 0
    endloop
  endfacet
  facet normal 0 0 -1
    outer loop
      vertex -6.14559 -57.4215 0
      vertex -13.6255 -47.2 0
      vertex -12.047 -47.2 0
    endloop
  endfacet
  facet normal -0 0 -1
    outer loop
      vertex 0.244191 -57.4215 0
      vertex 0 -57.633 0
      vertex -6.14559 -57.4215 0
    endloop
  endfacet
  facet normal 0 0 -1
    outer loop
      vertex -6.14559 -36.9785 0
      vertex 0 -36.767 0
      vertex 0.244191 -36.9785 0
    endloop
  endfacet
  facet normal 0 0 -1
    outer loop
      vertex -6.14559 -36.9785 0
      vertex 0 -35.4 0
      vertex 0 -36.767 0
    endloop
  endfacet
  facet normal 0 0 -1
    outer loop
      vertex -6.14559 -36.9785 0
      vertex -6.81273 -35.4 0
      vertex 0 -35.4 0
    endloop
  endfacet
  facet normal 0 0 -1
    outer loop
      vertex -13.6255 -47.2 0
      vertex -6.14559 -36.9785 0
      vertex -12.047 -47.2 0
    endloop
  endfacet
  facet normal -0 0 -1
    outer loop
      vertex -6.14559 -36.9785 0
      vertex -13.6255 -47.2 0
      vertex -6.81273 -35.4 0
    endloop
  endfacet
  facet normal 0 0 -1
    outer loop
      vertex 8.02547 -36.9785 0
      vertex 8 -36.334 0
      vertex 8.02547 -35.4 0
    endloop
  endfacet
  facet normal 0 0 -1
    outer loop
      vertex 8.02547 -36.9785 0
      vertex 6 -36.334 0
      vertex 8 -36.334 0
    endloop
  endfacet
  facet normal 0 -0 -1
    outer loop
      vertex 6 -36.334 0
      vertex 8.02547 -36.9785 0
      vertex 5.25581 -36.9785 0
    endloop
  endfacet
  facet normal -0 0 -1
    outer loop
      vertex 8.02547 -35.4 0
      vertex 8 -36.334 0
      vertex 8 -35.4 0
    endloop
  endfacet
  facet normal 0 0 -1
    outer loop
      vertex 8 -58.066 0
      vertex 8.02547 -59 0
      vertex 8 -59 0
    endloop
  endfacet
  facet normal 0 0 -1
    outer loop
      vertex 8.02547 -59 0
      vertex 8 -58.066 0
      vertex 8.02547 -57.4215 0
    endloop
  endfacet
  facet normal 0 0 -1
    outer loop
      vertex 6 -58.066 0
      vertex 8.02547 -57.4215 0
      vertex 8 -58.066 0
    endloop
  endfacet
  facet normal -0 0 -1
    outer loop
      vertex 8.02547 -57.4215 0
      vertex 6 -58.066 0
      vertex 5.25581 -57.4215 0
    endloop
  endfacet
  facet normal -0.866024 0.500002 0
    outer loop
      vertex -13.6255 -47.2 0
      vertex -6.81273 -35.4 8
      vertex -6.81273 -35.4 0
    endloop
  endfacet
  facet normal -0.866024 0.500002 0
    outer loop
      vertex -6.81273 -35.4 8
      vertex -13.6255 -47.2 0
      vertex -13.6255 -47.2 8
    endloop
  endfacet
  facet normal 0 1 -0
    outer loop
      vertex 8 -35.4 -6.81273
      vertex 4.49813 -35.4 4.49813
      vertex 8 -35.4 4.49813
    endloop
  endfacet
  facet normal 0 1 0
    outer loop
      vertex 4.49813 -35.4 4.49813
      vertex 8 -35.4 -6.81273
      vertex 0 -35.4 0
    endloop
  endfacet
  facet normal 0 1 0
    outer loop
      vertex 0 -35.4 0
      vertex 8 -35.4 -6.81273
      vertex 0 -35.4 -6.81273
    endloop
  endfacet
  facet normal 0 1 -0
    outer loop
      vertex 4.49813 -35.4 4.49813
      vertex -6.81273 -35.4 8
      vertex 4.49813 -35.4 8
    endloop
  endfacet
  facet normal 0 1 -0
    outer loop
      vertex 0 -35.4 0
      vertex -6.81273 -35.4 8
      vertex 4.49813 -35.4 4.49813
    endloop
  endfacet
  facet normal 0 1 0
    outer loop
      vertex -6.81273 -35.4 8
      vertex 0 -35.4 0
      vertex -6.81273 -35.4 0
    endloop
  endfacet
  facet normal 0 -1 0
    outer loop
      vertex -6.81273 -59 8
      vertex 4.49813 -59 4.49813
      vertex 4.49813 -59 8
    endloop
  endfacet
  facet normal 0 -1 0
    outer loop
      vertex 0 -59 0
      vertex -6.81273 -59 8
      vertex -6.81273 -59 0
    endloop
  endfacet
  facet normal 0 -1 0
    outer loop
      vertex -6.81273 -59 8
      vertex 0 -59 0
      vertex 4.49813 -59 4.49813
    endloop
  endfacet
  facet normal 0 -1 0
    outer loop
      vertex 8 -59 -6.81273
      vertex 4.49813 -59 4.49813
      vertex 0 -59 0
    endloop
  endfacet
  facet normal 0 -1 0
    outer loop
      vertex 8 -59 -6.81273
      vertex 0 -59 0
      vertex 0 -59 -6.81273
    endloop
  endfacet
  facet normal 0 -1 0
    outer loop
      vertex 4.49813 -59 4.49813
      vertex 8 -59 -6.81273
      vertex 8 -59 4.49813
    endloop
  endfacet
  facet normal -0 0 1
    outer loop
      vertex 4.49813 -35.4 8
      vertex 4.89214 -36.4785 8
      vertex 4.89214 -35.4 8
    endloop
  endfacet
  facet normal 0 0 1
    outer loop
      vertex 4.49813 -35.4 8
      vertex -6.35692 -36.4785 8
      vertex 4.89214 -36.4785 8
    endloop
  endfacet
  facet normal -0 0 1
    outer loop
      vertex -6.81273 -35.4 8
      vertex -6.35692 -36.4785 8
      vertex 4.49813 -35.4 8
    endloop
  endfacet
  facet normal 0 0 1
    outer loop
      vertex -13.6255 -47.2 8
      vertex -6.35692 -36.4785 8
      vertex -6.81273 -35.4 8
    endloop
  endfacet
  facet normal 0 0 1
    outer loop
      vertex -6.35692 -36.4785 8
      vertex -13.6255 -47.2 8
      vertex -12.547 -47.2 8
    endloop
  endfacet
  facet normal 0 0 1
    outer loop
      vertex 4.89214 -57.9215 8
      vertex 4.49813 -59 8
      vertex 4.89214 -59 8
    endloop
  endfacet
  facet normal -0 0 1
    outer loop
      vertex -6.35692 -57.9215 8
      vertex 4.49813 -59 8
      vertex 4.89214 -57.9215 8
    endloop
  endfacet
  facet normal 0 0 1
    outer loop
      vertex -6.35692 -57.9215 8
      vertex -6.81273 -59 8
      vertex 4.49813 -59 8
    endloop
  endfacet
  facet normal -0 0 1
    outer loop
      vertex -13.6255 -47.2 8
      vertex -6.35692 -57.9215 8
      vertex -12.547 -47.2 8
    endloop
  endfacet
  facet normal 0 0 1
    outer loop
      vertex -6.35692 -57.9215 8
      vertex -13.6255 -47.2 8
      vertex -6.81273 -59 8
    endloop
  endfacet
  facet normal 0.866025 0.500001 0
    outer loop
      vertex -6.35692 -57.9215 8
      vertex -12.547 -47.2 6
      vertex -12.547 -47.2 8
    endloop
  endfacet
  facet normal 0.866025 0.500001 0
    outer loop
      vertex -12.547 -47.2 6
      vertex -6.35692 -57.9215 8
      vertex -6.35692 -57.9215 6
    endloop
  endfacet
  facet normal 0.654644 0.37796 0.654666
    outer loop
      vertex -6.35073 -57.9069 5.98535
      vertex -5.93427 -56.9215 5
      vertex -11.547 -47.2 5
    endloop
  endfacet
  facet normal 0.654654 0.377964 0.654654
    outer loop
      vertex -12.547 -47.2 6
      vertex -6.35073 -57.9069 5.98535
      vertex -11.547 -47.2 5
    endloop
  endfacet
  facet normal 0.655241 0.378305 0.653869
    outer loop
      vertex -6.35073 -57.9069 5.98535
      vertex -12.547 -47.2 6
      vertex -6.35692 -57.9215 6
    endloop
  endfacet
  facet normal 0.866025 0.500001 0
    outer loop
      vertex -5.93427 -56.9215 5
      vertex -11.547 -47.2 0.5
      vertex -11.547 -47.2 5
    endloop
  endfacet
  facet normal 0.866025 0.500001 0
    outer loop
      vertex -11.547 -47.2 0.5
      vertex -5.93427 -56.9215 5
      vertex -5.93427 -56.9215 0.5
    endloop
  endfacet
  facet normal 0.654666 0.377973 -0.654636
    outer loop
      vertex -5.93987 -56.9348 0.48674
      vertex -6.14559 -57.4215 0
      vertex -12.047 -47.2 0
    endloop
  endfacet
  facet normal 0.654653 0.377966 -0.654653
    outer loop
      vertex -5.93427 -56.9215 0.5
      vertex -12.047 -47.2 0
      vertex -11.547 -47.2 0.5
    endloop
  endfacet
  facet normal 0.654287 0.377709 -0.655168
    outer loop
      vertex -12.047 -47.2 0
      vertex -5.93427 -56.9215 0.5
      vertex -5.93987 -56.9348 0.48674
    endloop
  endfacet
  facet normal -0.866024 -0.500002 0
    outer loop
      vertex -6.81273 -59 0
      vertex -13.6255 -47.2 8
      vertex -13.6255 -47.2 0
    endloop
  endfacet
  facet normal -0.866024 -0.500002 0
    outer loop
      vertex -13.6255 -47.2 8
      vertex -6.81273 -59 0
      vertex -6.81273 -59 8
    endloop
  endfacet
  facet normal -0.866023 0.500004 0
    outer loop
      vertex -13.0008 -44.25 6
      vertex -9.05515 -37.416 8
      vertex -9.05515 -37.416 6
    endloop
  endfacet
  facet normal -0.866023 0.500004 0
    outer loop
      vertex -9.05515 -37.416 8
      vertex -13.0008 -44.25 6
      vertex -13.0008 -44.25 8
    endloop
  endfacet
  facet normal -0.654663 0.377974 0.654639
    outer loop
      vertex -14.0008 -44.25 5
      vertex -9.14792 -37.2553 5.81447
      vertex -9.55515 -36.55 5
    endloop
  endfacet
  facet normal -0.654653 0.377966 0.654653
    outer loop
      vertex -9.14792 -37.2553 5.81447
      vertex -14.0008 -44.25 5
      vertex -13.8858 -44.25 5.115
    endloop
  endfacet
  facet normal -0.654621 0.377949 0.654695
    outer loop
      vertex -9.14792 -37.2553 5.81447
      vertex -13.0008 -44.25 6
      vertex -9.05515 -37.416 6
    endloop
  endfacet
  facet normal -0.654653 0.377966 0.654653
    outer loop
      vertex -13.0008 -44.25 6
      vertex -9.14792 -37.2553 5.81447
      vertex -13.8858 -44.25 5.115
    endloop
  endfacet
  facet normal -0.866023 0.500004 0
    outer loop
      vertex -14.0008 -44.25 3
      vertex -9.55515 -36.55 5
      vertex -9.55515 -36.55 3
    endloop
  endfacet
  facet normal -0.866023 0.500004 0
    outer loop
      vertex -9.55515 -36.55 5
      vertex -14.0008 -44.25 3
      vertex -14.0008 -44.25 5
    endloop
  endfacet
  facet normal 0.866025 -0.500001 0
    outer loop
      vertex -11.9223 -44.25 8
      vertex -8.51592 -38.35 3
      vertex -8.51592 -38.35 8
    endloop
  endfacet
  facet normal 0.866025 -0.500001 0
    outer loop
      vertex -8.51592 -38.35 3
      vertex -11.9223 -44.25 8
      vertex -11.9223 -44.25 3
    endloop
  endfacet
  facet normal 0 0 1
    outer loop
      vertex -9.05515 -37.416 8
      vertex -11.9223 -44.25 8
      vertex -8.51592 -38.35 8
    endloop
  endfacet
  facet normal 0 -0 1
    outer loop
      vertex -11.9223 -44.25 8
      vertex -9.05515 -37.416 8
      vertex -13.0008 -44.25 8
    endloop
  endfacet
  facet normal 0 0 -1
    outer loop
      vertex -11.9223 -44.25 3
      vertex -9.55515 -36.55 3
      vertex -8.51592 -38.35 3
    endloop
  endfacet
  facet normal 0 0 -1
    outer loop
      vertex -9.55515 -36.55 3
      vertex -11.9223 -44.25 3
      vertex -14.0008 -44.25 3
    endloop
  endfacet
  facet normal 0 -1 0
    outer loop
      vertex -13.0008 -44.25 6
      vertex -11.9223 -44.25 8
      vertex -13.0008 -44.25 8
    endloop
  endfacet
  facet normal 0 -1 0
    outer loop
      vertex -11.9223 -44.25 3
      vertex -13.8858 -44.25 5.115
      vertex -14.0008 -44.25 5
    endloop
  endfacet
  facet normal 0 -1 0
    outer loop
      vertex -11.9223 -44.25 3
      vertex -14.0008 -44.25 5
      vertex -14.0008 -44.25 3
    endloop
  endfacet
  facet normal 0 -1 0
    outer loop
      vertex -13.8858 -44.25 5.115
      vertex -11.9223 -44.25 3
      vertex -13.0008 -44.25 6
    endloop
  endfacet
  facet normal 0 -1 0
    outer loop
      vertex -13.0008 -44.25 6
      vertex -11.9223 -44.25 3
      vertex -11.9223 -44.25 8
    endloop
  endfacet
  facet normal 0.866031 0.499989 0
    outer loop
      vertex -9.05515 -37.416 8
      vertex -8.51592 -38.35 8
      vertex -9.05515 -37.416 6
    endloop
  endfacet
  facet normal 0.866019 0.500011 -1.35717e-05
    outer loop
      vertex -8.51592 -38.35 3
      vertex -9.55515 -36.55 5
      vertex -9.14792 -37.2553 5.81447
    endloop
  endfacet
  facet normal 0.866045 0.499967 9.35704e-06
    outer loop
      vertex -8.51592 -38.35 3
      vertex -9.14792 -37.2553 5.81447
      vertex -9.05515 -37.416 6
    endloop
  endfacet
  facet normal 0.866031 0.499989 -0
    outer loop
      vertex -8.51592 -38.35 3
      vertex -9.05515 -37.416 6
      vertex -8.51592 -38.35 8
    endloop
  endfacet
  facet normal 0.866026 0.5 0
    outer loop
      vertex -9.55515 -36.55 5
      vertex -8.51592 -38.35 3
      vertex -9.55515 -36.55 3
    endloop
  endfacet
  facet normal -0.866023 -0.500004 0
    outer loop
      vertex -9.05515 -56.984 6
      vertex -13.0008 -50.15 8
      vertex -13.0008 -50.15 6
    endloop
  endfacet
  facet normal -0.866023 -0.500004 0
    outer loop
      vertex -13.0008 -50.15 8
      vertex -9.05515 -56.984 6
      vertex -9.05515 -56.984 8
    endloop
  endfacet
  facet normal -0.654642 -0.377962 0.654666
    outer loop
      vertex -14.0008 -50.15 5
      vertex -9.49765 -57.7504 5.115
      vertex -13.1863 -50.15 5.81447
    endloop
  endfacet
  facet normal -0.654641 -0.377962 0.654668
    outer loop
      vertex -9.49765 -57.7504 5.115
      vertex -14.0008 -50.15 5
      vertex -9.55515 -57.85 5
    endloop
  endfacet
  facet normal -0.654698 -0.377994 0.654592
    outer loop
      vertex -13.1863 -50.15 5.81447
      vertex -9.05515 -56.984 6
      vertex -13.0008 -50.15 6
    endloop
  endfacet
  facet normal -0.654659 -0.377969 0.654646
    outer loop
      vertex -9.05515 -56.984 6
      vertex -13.1863 -50.15 5.81447
      vertex -9.49765 -57.7504 5.115
    endloop
  endfacet
  facet normal -0.866023 -0.500004 0
    outer loop
      vertex -9.55515 -57.85 3
      vertex -14.0008 -50.15 5
      vertex -14.0008 -50.15 3
    endloop
  endfacet
  facet normal -0.866023 -0.500004 0
    outer loop
      vertex -14.0008 -50.15 5
      vertex -9.55515 -57.85 3
      vertex -9.55515 -57.85 5
    endloop
  endfacet
  facet normal 0.866025 0.500001 0
    outer loop
      vertex -8.51592 -56.05 8
      vertex -11.9223 -50.15 3
      vertex -11.9223 -50.15 8
    endloop
  endfacet
  facet normal 0.866025 0.500001 0
    outer loop
      vertex -11.9223 -50.15 3
      vertex -8.51592 -56.05 8
      vertex -8.51592 -56.05 3
    endloop
  endfacet
  facet normal 0 0 1
    outer loop
      vertex -11.9223 -50.15 8
      vertex -9.05515 -56.984 8
      vertex -8.51592 -56.05 8
    endloop
  endfacet
  facet normal 0 0 1
    outer loop
      vertex -9.05515 -56.984 8
      vertex -11.9223 -50.15 8
      vertex -13.0008 -50.15 8
    endloop
  endfacet
  facet normal 0 0 -1
    outer loop
      vertex -9.55515 -57.85 3
      vertex -11.9223 -50.15 3
      vertex -8.51592 -56.05 3
    endloop
  endfacet
  facet normal -0 -0 -1
    outer loop
      vertex -11.9223 -50.15 3
      vertex -9.55515 -57.85 3
      vertex -14.0008 -50.15 3
    endloop
  endfacet
  facet normal 0.866031 -0.499989 0
    outer loop
      vertex -9.05515 -56.984 6
      vertex -8.51592 -56.05 8
      vertex -9.05515 -56.984 8
    endloop
  endfacet
  facet normal 0.866031 -0.499989 0
    outer loop
      vertex -8.51592 -56.05 8
      vertex -9.05515 -56.984 6
      vertex -8.51592 -56.05 3
    endloop
  endfacet
  facet normal 0.86602 -0.500009 -8.0701e-06
    outer loop
      vertex -9.49765 -57.7504 5.115
      vertex -8.51592 -56.05 3
      vertex -9.05515 -56.984 6
    endloop
  endfacet
  facet normal 0.866033 -0.499987 1.55809e-05
    outer loop
      vertex -9.55515 -57.85 5
      vertex -8.51592 -56.05 3
      vertex -9.49765 -57.7504 5.115
    endloop
  endfacet
  facet normal 0.866026 -0.5 0
    outer loop
      vertex -8.51592 -56.05 3
      vertex -9.55515 -57.85 5
      vertex -9.55515 -57.85 3
    endloop
  endfacet
  facet normal 0 1 0
    outer loop
      vertex -11.9223 -50.15 8
      vertex -13.0008 -50.15 6
      vertex -13.0008 -50.15 8
    endloop
  endfacet
  facet normal 0 1 0
    outer loop
      vertex -11.9223 -50.15 3
      vertex -13.1863 -50.15 5.81447
      vertex -13.0008 -50.15 6
    endloop
  endfacet
  facet normal 0 1 -0
    outer loop
      vertex -11.9223 -50.15 3
      vertex -13.0008 -50.15 6
      vertex -11.9223 -50.15 8
    endloop
  endfacet
  facet normal 0 1 0
    outer loop
      vertex -13.1863 -50.15 5.81447
      vertex -11.9223 -50.15 3
      vertex -14.0008 -50.15 5
    endloop
  endfacet
  facet normal 0 1 0
    outer loop
      vertex -14.0008 -50.15 5
      vertex -11.9223 -50.15 3
      vertex -14.0008 -50.15 3
    endloop
  endfacet
  facet normal 0 -1 0
    outer loop
      vertex -6.35692 -36.4785 6
      vertex 4.89214 -36.4785 8
      vertex -6.35692 -36.4785 8
    endloop
  endfacet
  facet normal 0 -1 0
    outer loop
      vertex 7.69211 -36.4785 6
      vertex 4.89214 -36.4785 8
      vertex -6.35692 -36.4785 6
    endloop
  endfacet
  facet normal -0 -1 -0
    outer loop
      vertex 5.60703 -36.4785 7.85416
      vertex 4.89214 -36.4785 8
      vertex 7.69211 -36.4785 6
    endloop
  endfacet
  facet normal 0 -1 0
    outer loop
      vertex 4.89214 -36.4785 8
      vertex 5.60703 -36.4785 7.85416
      vertex 5.1813 -36.4785 7.96347
    endloop
  endfacet
  facet normal 0 -1 0
    outer loop
      vertex 5.60703 -36.4785 7.85416
      vertex 7.69211 -36.4785 6
      vertex 6.01569 -36.4785 7.69236
    endloop
  endfacet
  facet normal 0 -1 0
    outer loop
      vertex 6.01569 -36.4785 7.69236
      vertex 7.69211 -36.4785 6
      vertex 6.40086 -36.4785 7.48061
    endloop
  endfacet
  facet normal 0 -1 0
    outer loop
      vertex 6.40086 -36.4785 7.48061
      vertex 7.69211 -36.4785 6
      vertex 6.75645 -36.4785 7.22226
    endloop
  endfacet
  facet normal 0 -1 0
    outer loop
      vertex 6.75645 -36.4785 7.22226
      vertex 7.69211 -36.4785 6
      vertex 7.07686 -36.4785 6.92138
    endloop
  endfacet
  facet normal 0 -1 0
    outer loop
      vertex 7.07686 -36.4785 6.92138
      vertex 7.69211 -36.4785 6
      vertex 7.35703 -36.4785 6.58271
    endloop
  endfacet
  facet normal 0 -1 0
    outer loop
      vertex 7.35703 -36.4785 6.58271
      vertex 7.69211 -36.4785 6
      vertex 7.59254 -36.4785 6.2116
    endloop
  endfacet
  facet normal 0 -0.707103 0.70711
    outer loop
      vertex -5.94497 -37.4532 5.02531
      vertex 7.69211 -36.4785 6
      vertex -6.35692 -36.4785 6
    endloop
  endfacet
  facet normal 1.98896e-05 -0.707242 0.706971
    outer loop
      vertex -5.93427 -37.4785 5
      vertex 7.69211 -36.4785 6
      vertex -5.94497 -37.4532 5.02531
    endloop
  endfacet
  facet normal 0 -0.707107 0.707107
    outer loop
      vertex 7.99102 -37.4785 5
      vertex 7.69211 -36.4785 6
      vertex -5.93427 -37.4785 5
    endloop
  endfacet
  facet normal 0.000330227 -0.707057 0.707156
    outer loop
      vertex 7.91551 -37.0826 5.39588
      vertex 7.69211 -36.4785 6
      vertex 7.99102 -37.4785 5
    endloop
  endfacet
  facet normal -0.000232348 -0.707161 0.707052
    outer loop
      vertex 7.69211 -36.4785 6
      vertex 7.91551 -37.0826 5.39588
      vertex 7.77968 -36.6646 5.8139
    endloop
  endfacet
  facet normal 0 -1 0
    outer loop
      vertex 8.02547 -37.4785 4.52547
      vertex 7.99102 -37.4785 5
      vertex -5.93427 -37.4785 5
    endloop
  endfacet
  facet normal 0 -1 0
    outer loop
      vertex 7.99102 -37.4785 5
      vertex 8.02547 -37.4785 4.52547
      vertex 7.99787 -37.4785 4.96413
    endloop
  endfacet
  facet normal 0 -1 0
    outer loop
      vertex -5.93427 -37.4785 0.5
      vertex 8.02547 -37.4785 4.52547
      vertex -5.93427 -37.4785 5
    endloop
  endfacet
  facet normal 0 -1 -0
    outer loop
      vertex 8.02547 -37.4785 4.52547
      vertex -5.93427 -37.4785 0.5
      vertex 8.02547 -37.4785 0.5
    endloop
  endfacet
  facet normal 0 -0.707059 -0.707155
    outer loop
      vertex -5.93427 -37.4785 0.5
      vertex 0.5 -37.2 0.221538
      vertex 8.02547 -37.4785 0.5
    endloop
  endfacet
  facet normal -5.0992e-06 -0.707075 -0.707138
    outer loop
      vertex 0.244191 -36.9785 0
      vertex -5.93427 -37.4785 0.5
      vertex -6.14109 -36.9891 0.0106451
    endloop
  endfacet
  facet normal -0 -0.708606 -0.705604
    outer loop
      vertex 0.244191 -36.9785 0
      vertex -6.14109 -36.9891 0.0106451
      vertex -6.14559 -36.9785 0
    endloop
  endfacet
  facet normal 8.97733e-06 -0.707162 -0.707051
    outer loop
      vertex -5.93427 -37.4785 0.5
      vertex 0.244191 -36.9785 0
      vertex 0.5 -37.2 0.221538
    endloop
  endfacet
  facet normal -0 -0.707059 -0.707155
    outer loop
      vertex 5 -37.2 0.221538
      vertex 8.02547 -37.4785 0.5
      vertex 0.5 -37.2 0.221538
    endloop
  endfacet
  facet normal -1.81202e-05 -0.707157 -0.707057
    outer loop
      vertex 5.25581 -36.9785 0
      vertex 8.02547 -37.4785 0.5
      vertex 5 -37.2 0.221538
    endloop
  endfacet
  facet normal 0 -0.707107 -0.707107
    outer loop
      vertex 8.02547 -37.4785 0.5
      vertex 5.25581 -36.9785 0
      vertex 8.02547 -36.9785 0
    endloop
  endfacet
  facet normal 0 1 -0
    outer loop
      vertex 8.02547 -35.4 0
      vertex 8 -35.4 4.49813
      vertex 8.02547 -35.4 4.52547
    endloop
  endfacet
  facet normal 0 1 0
    outer loop
      vertex 8 -35.4 4.49813
      vertex 8.02547 -35.4 0
      vertex 8 -35.4 0
    endloop
  endfacet
  facet normal 0 1 0
    outer loop
      vertex 4.49813 -35.4 4.49813
      vertex 4.89214 -35.4 8
      vertex 5.1813 -35.4 7.96347
    endloop
  endfacet
  facet normal 0 1 0
    outer loop
      vertex 4.49813 -35.4 4.49813
      vertex 5.1813 -35.4 7.96347
      vertex 5.60703 -35.4 7.85416
    endloop
  endfacet
  facet normal 0 1 0
    outer loop
      vertex 4.49813 -35.4 4.49813
      vertex 5.60703 -35.4 7.85416
      vertex 6.01569 -35.4 7.69236
    endloop
  endfacet
  facet normal 0 1 0
    outer loop
      vertex 4.49813 -35.4 4.49813
      vertex 6.01569 -35.4 7.69236
      vertex 6.40086 -35.4 7.48061
    endloop
  endfacet
  facet normal 0 1 0
    outer loop
      vertex 4.49813 -35.4 4.49813
      vertex 6.40086 -35.4 7.48061
      vertex 6.75645 -35.4 7.22226
    endloop
  endfacet
  facet normal 0 1 0
    outer loop
      vertex 4.49813 -35.4 4.49813
      vertex 6.75645 -35.4 7.22226
      vertex 7.07686 -35.4 6.92138
    endloop
  endfacet
  facet normal 0 1 0
    outer loop
      vertex 4.49813 -35.4 4.49813
      vertex 7.07686 -35.4 6.92138
      vertex 7.35703 -35.4 6.58271
    endloop
  endfacet
  facet normal 0 1 0
    outer loop
      vertex 4.49813 -35.4 4.49813
      vertex 7.35703 -35.4 6.58271
      vertex 7.59254 -35.4 6.2116
    endloop
  endfacet
  facet normal 0 1 0
    outer loop
      vertex 4.49813 -35.4 4.49813
      vertex 7.59254 -35.4 6.2116
      vertex 7.77968 -35.4 5.8139
    endloop
  endfacet
  facet normal 0 1 0
    outer loop
      vertex 4.49813 -35.4 4.49813
      vertex 7.77968 -35.4 5.8139
      vertex 7.91551 -35.4 5.39588
    endloop
  endfacet
  facet normal 0 1 0
    outer loop
      vertex 4.49813 -35.4 4.49813
      vertex 7.91551 -35.4 5.39588
      vertex 7.99787 -35.4 4.96413
    endloop
  endfacet
  facet normal 0 1 -0
    outer loop
      vertex 8 -35.4 4.49813
      vertex 7.99787 -35.4 4.96413
      vertex 8.02547 -35.4 4.52547
    endloop
  endfacet
  facet normal 0 1 0
    outer loop
      vertex 7.99787 -35.4 4.96413
      vertex 8 -35.4 4.49813
      vertex 4.49813 -35.4 4.49813
    endloop
  endfacet
  facet normal 0 1 0
    outer loop
      vertex 4.89214 -35.4 8
      vertex 4.49813 -35.4 4.49813
      vertex 4.49813 -35.4 8
    endloop
  endfacet
  facet normal 0 1 0
    outer loop
      vertex 5.60703 -57.9215 7.85416
      vertex 4.89214 -57.9215 8
      vertex 5.1813 -57.9215 7.96347
    endloop
  endfacet
  facet normal 0 1 0
    outer loop
      vertex 4.89214 -57.9215 8
      vertex 5.60703 -57.9215 7.85416
      vertex 7.69211 -57.9215 6
    endloop
  endfacet
  facet normal 0 1 0
    outer loop
      vertex 7.69211 -57.9215 6
      vertex 5.60703 -57.9215 7.85416
      vertex 6.01569 -57.9215 7.69236
    endloop
  endfacet
  facet normal 0 1 0
    outer loop
      vertex 7.69211 -57.9215 6
      vertex 6.01569 -57.9215 7.69236
      vertex 6.40086 -57.9215 7.48061
    endloop
  endfacet
  facet normal 0 1 0
    outer loop
      vertex 7.69211 -57.9215 6
      vertex 6.40086 -57.9215 7.48061
      vertex 6.75645 -57.9215 7.22226
    endloop
  endfacet
  facet normal 0 1 0
    outer loop
      vertex 7.69211 -57.9215 6
      vertex 6.75645 -57.9215 7.22226
      vertex 7.07686 -57.9215 6.92138
    endloop
  endfacet
  facet normal 0 1 0
    outer loop
      vertex 7.69211 -57.9215 6
      vertex 7.07686 -57.9215 6.92138
      vertex 7.35703 -57.9215 6.58271
    endloop
  endfacet
  facet normal 0 1 0
    outer loop
      vertex 7.69211 -57.9215 6
      vertex 7.35703 -57.9215 6.58271
      vertex 7.59254 -57.9215 6.2116
    endloop
  endfacet
  facet normal 0 1 0
    outer loop
      vertex 4.89214 -57.9215 8
      vertex 7.69211 -57.9215 6
      vertex -6.35692 -57.9215 6
    endloop
  endfacet
  facet normal 0 1 0
    outer loop
      vertex 4.89214 -57.9215 8
      vertex -6.35692 -57.9215 6
      vertex -6.35692 -57.9215 8
    endloop
  endfacet
  facet normal 0 0.708314 0.705897
    outer loop
      vertex 7.69211 -57.9215 6
      vertex -6.35073 -57.9069 5.98535
      vertex -6.35692 -57.9215 6
    endloop
  endfacet
  facet normal -0.000232348 0.707161 0.707052
    outer loop
      vertex 7.91551 -57.3174 5.39588
      vertex 7.69211 -57.9215 6
      vertex 7.77968 -57.7354 5.8139
    endloop
  endfacet
  facet normal 0.000330227 0.707057 0.707156
    outer loop
      vertex 7.69211 -57.9215 6
      vertex 7.91551 -57.3174 5.39588
      vertex 7.99102 -56.9215 5
    endloop
  endfacet
  facet normal 0 0.707107 0.707107
    outer loop
      vertex 7.69211 -57.9215 6
      vertex 7.99102 -56.9215 5
      vertex -5.93427 -56.9215 5
    endloop
  endfacet
  facet normal -2.55392e-06 0.707089 0.707124
    outer loop
      vertex 7.69211 -57.9215 6
      vertex -5.93427 -56.9215 5
      vertex -6.35073 -57.9069 5.98535
    endloop
  endfacet
  facet normal 0 1 0
    outer loop
      vertex 8.02547 -56.9215 4.52547
      vertex 7.99102 -56.9215 5
      vertex 7.99787 -56.9215 4.96413
    endloop
  endfacet
  facet normal 0 1 0
    outer loop
      vertex 7.99102 -56.9215 5
      vertex 8.02547 -56.9215 4.52547
      vertex -5.93427 -56.9215 5
    endloop
  endfacet
  facet normal 0 1 0
    outer loop
      vertex -5.93427 -56.9215 0.5
      vertex 8.02547 -56.9215 4.52547
      vertex 8.02547 -56.9215 0.5
    endloop
  endfacet
  facet normal 0 1 0
    outer loop
      vertex 8.02547 -56.9215 4.52547
      vertex -5.93427 -56.9215 0.5
      vertex -5.93427 -56.9215 5
    endloop
  endfacet
  facet normal 0 0.707059 -0.707155
    outer loop
      vertex 0.5 -57.2 0.221538
      vertex -5.93427 -56.9215 0.5
      vertex 8.02547 -56.9215 0.5
    endloop
  endfacet
  facet normal 0 0.707059 -0.707155
    outer loop
      vertex 0.5 -57.2 0.221538
      vertex 8.02547 -56.9215 0.5
      vertex 5 -57.2 0.221538
    endloop
  endfacet
  facet normal 0 0.707107 -0.707107
    outer loop
      vertex 5.25581 -57.4215 0
      vertex 8.02547 -56.9215 0.5
      vertex 8.02547 -57.4215 0
    endloop
  endfacet
  facet normal -1.81202e-05 0.707157 -0.707057
    outer loop
      vertex 8.02547 -56.9215 0.5
      vertex 5.25581 -57.4215 0
      vertex 5 -57.2 0.221538
    endloop
  endfacet
  facet normal 8.97733e-06 0.707162 -0.707051
    outer loop
      vertex 0.244191 -57.4215 0
      vertex -5.93427 -56.9215 0.5
      vertex 0.5 -57.2 0.221538
    endloop
  endfacet
  facet normal -0.000166672 0.706076 -0.708136
    outer loop
      vertex -5.93427 -56.9215 0.5
      vertex 0.244191 -57.4215 0
      vertex -5.93987 -56.9348 0.48674
    endloop
  endfacet
  facet normal 0 0.707136 -0.707078
    outer loop
      vertex -5.93987 -56.9348 0.48674
      vertex 0.244191 -57.4215 0
      vertex -6.14559 -57.4215 0
    endloop
  endfacet
  facet normal 0 -1 0
    outer loop
      vertex 4.49813 -59 4.49813
      vertex 4.89214 -59 8
      vertex 4.49813 -59 8
    endloop
  endfacet
  facet normal 0 -1 -0
    outer loop
      vertex 4.89214 -59 8
      vertex 4.49813 -59 4.49813
      vertex 5.1813 -59 7.96347
    endloop
  endfacet
  facet normal 0 -1 -0
    outer loop
      vertex 5.1813 -59 7.96347
      vertex 4.49813 -59 4.49813
      vertex 5.60703 -59 7.85416
    endloop
  endfacet
  facet normal 0 -1 -0
    outer loop
      vertex 5.60703 -59 7.85416
      vertex 4.49813 -59 4.49813
      vertex 6.01569 -59 7.69236
    endloop
  endfacet
  facet normal 0 -1 -0
    outer loop
      vertex 6.01569 -59 7.69236
      vertex 4.49813 -59 4.49813
      vertex 6.40086 -59 7.48061
    endloop
  endfacet
  facet normal 0 -1 -0
    outer loop
      vertex 6.40086 -59 7.48061
      vertex 4.49813 -59 4.49813
      vertex 6.75645 -59 7.22226
    endloop
  endfacet
  facet normal 0 -1 -0
    outer loop
      vertex 6.75645 -59 7.22226
      vertex 4.49813 -59 4.49813
      vertex 7.07686 -59 6.92138
    endloop
  endfacet
  facet normal 0 -1 -0
    outer loop
      vertex 7.07686 -59 6.92138
      vertex 4.49813 -59 4.49813
      vertex 7.35703 -59 6.58271
    endloop
  endfacet
  facet normal 0 -1 -0
    outer loop
      vertex 7.35703 -59 6.58271
      vertex 4.49813 -59 4.49813
      vertex 7.59254 -59 6.2116
    endloop
  endfacet
  facet normal 0 -1 -0
    outer loop
      vertex 7.59254 -59 6.2116
      vertex 4.49813 -59 4.49813
      vertex 7.77968 -59 5.8139
    endloop
  endfacet
  facet normal 0 -1 -0
    outer loop
      vertex 7.77968 -59 5.8139
      vertex 4.49813 -59 4.49813
      vertex 7.91551 -59 5.39588
    endloop
  endfacet
  facet normal 0 -1 -0
    outer loop
      vertex 7.91551 -59 5.39588
      vertex 4.49813 -59 4.49813
      vertex 7.99787 -59 4.96413
    endloop
  endfacet
  facet normal 0 -1 0
    outer loop
      vertex 8 -59 4.49813
      vertex 7.99787 -59 4.96413
      vertex 4.49813 -59 4.49813
    endloop
  endfacet
  facet normal 0 -1 0
    outer loop
      vertex 7.99787 -59 4.96413
      vertex 8 -59 4.49813
      vertex 8.02547 -59 4.52547
    endloop
  endfacet
  facet normal 0 -1 0
    outer loop
      vertex 8.02547 -59 0
      vertex 8 -59 4.49813
      vertex 8 -59 0
    endloop
  endfacet
  facet normal 0 -1 0
    outer loop
      vertex 8 -59 4.49813
      vertex 8.02547 -59 0
      vertex 8.02547 -59 4.52547
    endloop
  endfacet
  facet normal 0.866025 -0.500001 0
    outer loop
      vertex -12.547 -70.8 8
      vertex -6.35692 -60.0785 6
      vertex -6.35692 -60.0785 8
    endloop
  endfacet
  facet normal 0.866025 -0.500001 0
    outer loop
      vertex -6.35692 -60.0785 6
      vertex -12.547 -70.8 8
      vertex -12.547 -70.8 6
    endloop
  endfacet
  facet normal 0.654682 -0.377989 0.654612
    outer loop
      vertex -12.547 -70.8 6
      vertex -5.93427 -61.0785 5
      vertex -5.94497 -61.0532 5.02531
    endloop
  endfacet
  facet normal 0.654653 -0.377966 0.654653
    outer loop
      vertex -5.93427 -61.0785 5
      vertex -12.547 -70.8 6
      vertex -11.547 -70.8 5
    endloop
  endfacet
  facet normal 0.654652 -0.377965 0.654655
    outer loop
      vertex -5.94497 -61.0532 5.02531
      vertex -6.35692 -60.0785 6
      vertex -12.547 -70.8 6
    endloop
  endfacet
  facet normal 0.866025 -0.500001 0
    outer loop
      vertex -11.547 -70.8 5
      vertex -5.93427 -61.0785 0.5
      vertex -5.93427 -61.0785 5
    endloop
  endfacet
  facet normal 0.866025 -0.500001 0
    outer loop
      vertex -5.93427 -61.0785 0.5
      vertex -11.547 -70.8 5
      vertex -11.547 -70.8 0.5
    endloop
  endfacet
  facet normal 0.654654 -0.377964 -0.654654
    outer loop
      vertex -12.047 -70.8 0
      vertex -6.14109 -60.5891 0.0106451
      vertex -11.547 -70.8 0.5
    endloop
  endfacet
  facet normal 0.655317 -0.378349 -0.653768
    outer loop
      vertex -6.14109 -60.5891 0.0106451
      vertex -12.047 -70.8 0
      vertex -6.14559 -60.5785 0
    endloop
  endfacet
  facet normal 0.654641 -0.377959 -0.65467
    outer loop
      vertex -6.14109 -60.5891 0.0106451
      vertex -5.93427 -61.0785 0.5
      vertex -11.547 -70.8 0.5
    endloop
  endfacet
  facet normal 0 0 -1
    outer loop
      vertex 0 -82.6 0
      vertex -6.14559 -81.0215 0
      vertex 0 -81.233 0
    endloop
  endfacet
  facet normal 0 0 -1
    outer loop
      vertex -6.81273 -82.6 0
      vertex -6.14559 -81.0215 0
      vertex 0 -82.6 0
    endloop
  endfacet
  facet normal 0 0 -1
    outer loop
      vertex -13.6255 -70.8 0
      vertex -6.14559 -81.0215 0
      vertex -6.81273 -82.6 0
    endloop
  endfacet
  facet normal 0 0 -1
    outer loop
      vertex -6.14559 -81.0215 0
      vertex -13.6255 -70.8 0
      vertex -12.047 -70.8 0
    endloop
  endfacet
  facet normal -0 0 -1
    outer loop
      vertex 0.244191 -81.0215 0
      vertex 0 -81.233 0
      vertex -6.14559 -81.0215 0
    endloop
  endfacet
  facet normal 0 0 -1
    outer loop
      vertex -6.14559 -60.5785 0
      vertex 0 -60.367 0
      vertex 0.244191 -60.5785 0
    endloop
  endfacet
  facet normal 0 0 -1
    outer loop
      vertex -6.14559 -60.5785 0
      vertex 0 -59 0
      vertex 0 -60.367 0
    endloop
  endfacet
  facet normal 0 0 -1
    outer loop
      vertex -6.14559 -60.5785 0
      vertex -6.81273 -59 0
      vertex 0 -59 0
    endloop
  endfacet
  facet normal 0 0 -1
    outer loop
      vertex -13.6255 -70.8 0
      vertex -6.14559 -60.5785 0
      vertex -12.047 -70.8 0
    endloop
  endfacet
  facet normal -0 0 -1
    outer loop
      vertex -6.14559 -60.5785 0
      vertex -13.6255 -70.8 0
      vertex -6.81273 -59 0
    endloop
  endfacet
  facet normal 0 0 -1
    outer loop
      vertex 8.02547 -60.5785 0
      vertex 8 -59.934 0
      vertex 8.02547 -59 0
    endloop
  endfacet
  facet normal 0 0 -1
    outer loop
      vertex 8.02547 -60.5785 0
      vertex 6 -59.934 0
      vertex 8 -59.934 0
    endloop
  endfacet
  facet normal 0 -0 -1
    outer loop
      vertex 6 -59.934 0
      vertex 8.02547 -60.5785 0
      vertex 5.25581 -60.5785 0
    endloop
  endfacet
  facet normal -0 0 -1
    outer loop
      vertex 8.02547 -59 0
      vertex 8 -59.934 0
      vertex 8 -59 0
    endloop
  endfacet
  facet normal 0 0 -1
    outer loop
      vertex 8 -81.666 0
      vertex 8.02547 -82.6 0
      vertex 8 -82.6 0
    endloop
  endfacet
  facet normal 0 0 -1
    outer loop
      vertex 8.02547 -82.6 0
      vertex 8 -81.666 0
      vertex 8.02547 -81.0215 0
    endloop
  endfacet
  facet normal 0 0 -1
    outer loop
      vertex 6 -81.666 0
      vertex 8.02547 -81.0215 0
      vertex 8 -81.666 0
    endloop
  endfacet
  facet normal -0 0 -1
    outer loop
      vertex 8.02547 -81.0215 0
      vertex 6 -81.666 0
      vertex 5.25581 -81.0215 0
    endloop
  endfacet
  facet normal -0.866024 0.500002 0
    outer loop
      vertex -13.6255 -70.8 0
      vertex -6.81273 -59 8
      vertex -6.81273 -59 0
    endloop
  endfacet
  facet normal -0.866024 0.500002 0
    outer loop
      vertex -6.81273 -59 8
      vertex -13.6255 -70.8 0
      vertex -13.6255 -70.8 8
    endloop
  endfacet
  facet normal 0 1 -0
    outer loop
      vertex 8 -59 -6.81273
      vertex 4.49813 -59 4.49813
      vertex 8 -59 4.49813
    endloop
  endfacet
  facet normal 0 1 0
    outer loop
      vertex 4.49813 -59 4.49813
      vertex 8 -59 -6.81273
      vertex 0 -59 0
    endloop
  endfacet
  facet normal 0 1 0
    outer loop
      vertex 0 -59 0
      vertex 8 -59 -6.81273
      vertex 0 -59 -6.81273
    endloop
  endfacet
  facet normal 0 1 -0
    outer loop
      vertex 4.49813 -59 4.49813
      vertex -6.81273 -59 8
      vertex 4.49813 -59 8
    endloop
  endfacet
  facet normal 0 1 -0
    outer loop
      vertex 0 -59 0
      vertex -6.81273 -59 8
      vertex 4.49813 -59 4.49813
    endloop
  endfacet
  facet normal 0 1 0
    outer loop
      vertex -6.81273 -59 8
      vertex 0 -59 0
      vertex -6.81273 -59 0
    endloop
  endfacet
  facet normal 0 -1 0
    outer loop
      vertex -6.81273 -82.6 8
      vertex 4.49813 -82.6 4.49813
      vertex 4.49813 -82.6 8
    endloop
  endfacet
  facet normal 0 -1 0
    outer loop
      vertex 0 -82.6 0
      vertex -6.81273 -82.6 8
      vertex -6.81273 -82.6 0
    endloop
  endfacet
  facet normal 0 -1 0
    outer loop
      vertex -6.81273 -82.6 8
      vertex 0 -82.6 0
      vertex 4.49813 -82.6 4.49813
    endloop
  endfacet
  facet normal 0 -1 0
    outer loop
      vertex 8 -82.6 -6.81273
      vertex 4.49813 -82.6 4.49813
      vertex 0 -82.6 0
    endloop
  endfacet
  facet normal 0 -1 0
    outer loop
      vertex 8 -82.6 -6.81273
      vertex 0 -82.6 0
      vertex 0 -82.6 -6.81273
    endloop
  endfacet
  facet normal 0 -1 0
    outer loop
      vertex 4.49813 -82.6 4.49813
      vertex 8 -82.6 -6.81273
      vertex 8 -82.6 4.49813
    endloop
  endfacet
  facet normal -0 0 1
    outer loop
      vertex 4.49813 -59 8
      vertex 4.89214 -60.0785 8
      vertex 4.89214 -59 8
    endloop
  endfacet
  facet normal 0 0 1
    outer loop
      vertex 4.49813 -59 8
      vertex -6.35692 -60.0785 8
      vertex 4.89214 -60.0785 8
    endloop
  endfacet
  facet normal -0 0 1
    outer loop
      vertex -6.81273 -59 8
      vertex -6.35692 -60.0785 8
      vertex 4.49813 -59 8
    endloop
  endfacet
  facet normal 0 0 1
    outer loop
      vertex -13.6255 -70.8 8
      vertex -6.35692 -60.0785 8
      vertex -6.81273 -59 8
    endloop
  endfacet
  facet normal 0 0 1
    outer loop
      vertex -6.35692 -60.0785 8
      vertex -13.6255 -70.8 8
      vertex -12.547 -70.8 8
    endloop
  endfacet
  facet normal 0 0 1
    outer loop
      vertex 4.89214 -81.5215 8
      vertex 4.49813 -82.6 8
      vertex 4.89214 -82.6 8
    endloop
  endfacet
  facet normal -0 0 1
    outer loop
      vertex -6.35692 -81.5215 8
      vertex 4.49813 -82.6 8
      vertex 4.89214 -81.5215 8
    endloop
  endfacet
  facet normal 0 0 1
    outer loop
      vertex -6.35692 -81.5215 8
      vertex -6.81273 -82.6 8
      vertex 4.49813 -82.6 8
    endloop
  endfacet
  facet normal -0 0 1
    outer loop
      vertex -13.6255 -70.8 8
      vertex -6.35692 -81.5215 8
      vertex -12.547 -70.8 8
    endloop
  endfacet
  facet normal 0 0 1
    outer loop
      vertex -6.35692 -81.5215 8
      vertex -13.6255 -70.8 8
      vertex -6.81273 -82.6 8
    endloop
  endfacet
  facet normal 0.866025 0.500001 0
    outer loop
      vertex -6.35692 -81.5215 8
      vertex -12.547 -70.8 6
      vertex -12.547 -70.8 8
    endloop
  endfacet
  facet normal 0.866025 0.500001 0
    outer loop
      vertex -12.547 -70.8 6
      vertex -6.35692 -81.5215 8
      vertex -6.35692 -81.5215 6
    endloop
  endfacet
  facet normal 0.654644 0.37796 0.654666
    outer loop
      vertex -6.35073 -81.5069 5.98535
      vertex -5.93427 -80.5215 5
      vertex -11.547 -70.8 5
    endloop
  endfacet
  facet normal 0.654654 0.377964 0.654654
    outer loop
      vertex -12.547 -70.8 6
      vertex -6.35073 -81.5069 5.98535
      vertex -11.547 -70.8 5
    endloop
  endfacet
  facet normal 0.655241 0.378305 0.653869
    outer loop
      vertex -6.35073 -81.5069 5.98535
      vertex -12.547 -70.8 6
      vertex -6.35692 -81.5215 6
    endloop
  endfacet
  facet normal 0.866025 0.500001 0
    outer loop
      vertex -5.93427 -80.5215 5
      vertex -11.547 -70.8 0.5
      vertex -11.547 -70.8 5
    endloop
  endfacet
  facet normal 0.866025 0.500001 0
    outer loop
      vertex -11.547 -70.8 0.5
      vertex -5.93427 -80.5215 5
      vertex -5.93427 -80.5215 0.5
    endloop
  endfacet
  facet normal 0.654666 0.377973 -0.654636
    outer loop
      vertex -5.93987 -80.5348 0.48674
      vertex -6.14559 -81.0215 0
      vertex -12.047 -70.8 0
    endloop
  endfacet
  facet normal 0.654653 0.377966 -0.654653
    outer loop
      vertex -5.93427 -80.5215 0.5
      vertex -12.047 -70.8 0
      vertex -11.547 -70.8 0.5
    endloop
  endfacet
  facet normal 0.654287 0.377709 -0.655168
    outer loop
      vertex -12.047 -70.8 0
      vertex -5.93427 -80.5215 0.5
      vertex -5.93987 -80.5348 0.48674
    endloop
  endfacet
  facet normal -0.866024 -0.500002 0
    outer loop
      vertex -6.81273 -82.6 0
      vertex -13.6255 -70.8 8
      vertex -13.6255 -70.8 0
    endloop
  endfacet
  facet normal -0.866024 -0.500002 0
    outer loop
      vertex -13.6255 -70.8 8
      vertex -6.81273 -82.6 0
      vertex -6.81273 -82.6 8
    endloop
  endfacet
  facet normal -0.866023 0.500004 0
    outer loop
      vertex -13.0008 -67.85 6
      vertex -9.05515 -61.016 8
      vertex -9.05515 -61.016 6
    endloop
  endfacet
  facet normal -0.866023 0.500004 0
    outer loop
      vertex -9.05515 -61.016 8
      vertex -13.0008 -67.85 6
      vertex -13.0008 -67.85 8
    endloop
  endfacet
  facet normal -0.654663 0.377974 0.654639
    outer loop
      vertex -9.55515 -60.15 5
      vertex -13.8858 -67.85 5.115
      vertex -9.14792 -60.8553 5.81447
    endloop
  endfacet
  facet normal -0.654653 0.377968 0.654653
    outer loop
      vertex -13.8858 -67.85 5.115
      vertex -9.55515 -60.15 5
      vertex -14.0008 -67.85 5
    endloop
  endfacet
  facet normal -0.654621 0.377949 0.654695
    outer loop
      vertex -9.14792 -60.8553 5.81447
      vertex -13.0008 -67.85 6
      vertex -9.05515 -61.016 6
    endloop
  endfacet
  facet normal -0.654653 0.377966 0.654653
    outer loop
      vertex -13.0008 -67.85 6
      vertex -9.14792 -60.8553 5.81447
      vertex -13.8858 -67.85 5.115
    endloop
  endfacet
  facet normal -0.866023 0.500004 0
    outer loop
      vertex -14.0008 -67.85 3
      vertex -9.55515 -60.15 5
      vertex -9.55515 -60.15 3
    endloop
  endfacet
  facet normal -0.866023 0.500004 0
    outer loop
      vertex -9.55515 -60.15 5
      vertex -14.0008 -67.85 3
      vertex -14.0008 -67.85 5
    endloop
  endfacet
  facet normal 0.866025 -0.500001 0
    outer loop
      vertex -11.9223 -67.85 8
      vertex -8.51592 -61.95 3
      vertex -8.51592 -61.95 8
    endloop
  endfacet
  facet normal 0.866025 -0.500001 0
    outer loop
      vertex -8.51592 -61.95 3
      vertex -11.9223 -67.85 8
      vertex -11.9223 -67.85 3
    endloop
  endfacet
  facet normal 0 0 1
    outer loop
      vertex -9.05515 -61.016 8
      vertex -11.9223 -67.85 8
      vertex -8.51592 -61.95 8
    endloop
  endfacet
  facet normal 0 -0 1
    outer loop
      vertex -11.9223 -67.85 8
      vertex -9.05515 -61.016 8
      vertex -13.0008 -67.85 8
    endloop
  endfacet
  facet normal 0 0 -1
    outer loop
      vertex -11.9223 -67.85 3
      vertex -9.55515 -60.15 3
      vertex -8.51592 -61.95 3
    endloop
  endfacet
  facet normal 0 0 -1
    outer loop
      vertex -9.55515 -60.15 3
      vertex -11.9223 -67.85 3
      vertex -14.0008 -67.85 3
    endloop
  endfacet
  facet normal 0 -1 0
    outer loop
      vertex -13.0008 -67.85 6
      vertex -11.9223 -67.85 8
      vertex -13.0008 -67.85 8
    endloop
  endfacet
  facet normal 0 -1 0
    outer loop
      vertex -11.9223 -67.85 3
      vertex -13.8858 -67.85 5.115
      vertex -14.0008 -67.85 5
    endloop
  endfacet
  facet normal 0 -1 0
    outer loop
      vertex -11.9223 -67.85 3
      vertex -14.0008 -67.85 5
      vertex -14.0008 -67.85 3
    endloop
  endfacet
  facet normal 0 -1 0
    outer loop
      vertex -13.8858 -67.85 5.115
      vertex -11.9223 -67.85 3
      vertex -13.0008 -67.85 6
    endloop
  endfacet
  facet normal 0 -1 0
    outer loop
      vertex -13.0008 -67.85 6
      vertex -11.9223 -67.85 3
      vertex -11.9223 -67.85 8
    endloop
  endfacet
  facet normal 0.866031 0.499989 0
    outer loop
      vertex -9.05515 -61.016 8
      vertex -8.51592 -61.95 8
      vertex -9.05515 -61.016 6
    endloop
  endfacet
  facet normal 0.866019 0.500011 -1.35717e-05
    outer loop
      vertex -8.51592 -61.95 3
      vertex -9.55515 -60.15 5
      vertex -9.14792 -60.8553 5.81447
    endloop
  endfacet
  facet normal 0.866045 0.499967 9.35704e-06
    outer loop
      vertex -8.51592 -61.95 3
      vertex -9.14792 -60.8553 5.81447
      vertex -9.05515 -61.016 6
    endloop
  endfacet
  facet normal 0.866031 0.499989 -0
    outer loop
      vertex -8.51592 -61.95 3
      vertex -9.05515 -61.016 6
      vertex -8.51592 -61.95 8
    endloop
  endfacet
  facet normal 0.866026 0.5 0
    outer loop
      vertex -9.55515 -60.15 5
      vertex -8.51592 -61.95 3
      vertex -9.55515 -60.15 3
    endloop
  endfacet
  facet normal -0.866023 -0.500004 0
    outer loop
      vertex -9.05515 -80.584 6
      vertex -13.0008 -73.75 8
      vertex -13.0008 -73.75 6
    endloop
  endfacet
  facet normal -0.866023 -0.500004 0
    outer loop
      vertex -13.0008 -73.75 8
      vertex -9.05515 -80.584 6
      vertex -9.05515 -80.584 8
    endloop
  endfacet
  facet normal -0.654642 -0.377962 0.654666
    outer loop
      vertex -14.0008 -73.75 5
      vertex -9.49765 -81.3504 5.115
      vertex -13.1863 -73.75 5.81447
    endloop
  endfacet
  facet normal -0.654641 -0.377962 0.654668
    outer loop
      vertex -9.49765 -81.3504 5.115
      vertex -14.0008 -73.75 5
      vertex -9.55515 -81.45 5
    endloop
  endfacet
  facet normal -0.654698 -0.377994 0.654592
    outer loop
      vertex -13.1863 -73.75 5.81447
      vertex -9.05515 -80.584 6
      vertex -13.0008 -73.75 6
    endloop
  endfacet
  facet normal -0.654659 -0.377969 0.654646
    outer loop
      vertex -9.05515 -80.584 6
      vertex -13.1863 -73.75 5.81447
      vertex -9.49765 -81.3504 5.115
    endloop
  endfacet
  facet normal -0.866023 -0.500004 0
    outer loop
      vertex -9.55515 -81.45 3
      vertex -14.0008 -73.75 5
      vertex -14.0008 -73.75 3
    endloop
  endfacet
  facet normal -0.866023 -0.500004 0
    outer loop
      vertex -14.0008 -73.75 5
      vertex -9.55515 -81.45 3
      vertex -9.55515 -81.45 5
    endloop
  endfacet
  facet normal 0.866025 0.500001 0
    outer loop
      vertex -8.51592 -79.65 8
      vertex -11.9223 -73.75 3
      vertex -11.9223 -73.75 8
    endloop
  endfacet
  facet normal 0.866025 0.500001 0
    outer loop
      vertex -11.9223 -73.75 3
      vertex -8.51592 -79.65 8
      vertex -8.51592 -79.65 3
    endloop
  endfacet
  facet normal 0 0 1
    outer loop
      vertex -11.9223 -73.75 8
      vertex -9.05515 -80.584 8
      vertex -8.51592 -79.65 8
    endloop
  endfacet
  facet normal 0 0 1
    outer loop
      vertex -9.05515 -80.584 8
      vertex -11.9223 -73.75 8
      vertex -13.0008 -73.75 8
    endloop
  endfacet
  facet normal 0 0 -1
    outer loop
      vertex -9.55515 -81.45 3
      vertex -11.9223 -73.75 3
      vertex -8.51592 -79.65 3
    endloop
  endfacet
  facet normal -0 -0 -1
    outer loop
      vertex -11.9223 -73.75 3
      vertex -9.55515 -81.45 3
      vertex -14.0008 -73.75 3
    endloop
  endfacet
  facet normal 0.866031 -0.499989 0
    outer loop
      vertex -9.05515 -80.584 6
      vertex -8.51592 -79.65 8
      vertex -9.05515 -80.584 8
    endloop
  endfacet
  facet normal 0.866031 -0.499989 0
    outer loop
      vertex -8.51592 -79.65 8
      vertex -9.05515 -80.584 6
      vertex -8.51592 -79.65 3
    endloop
  endfacet
  facet normal 0.86602 -0.500009 -8.0701e-06
    outer loop
      vertex -9.49765 -81.3504 5.115
      vertex -8.51592 -79.65 3
      vertex -9.05515 -80.584 6
    endloop
  endfacet
  facet normal 0.866033 -0.499987 1.55809e-05
    outer loop
      vertex -9.55515 -81.45 5
      vertex -8.51592 -79.65 3
      vertex -9.49765 -81.3504 5.115
    endloop
  endfacet
  facet normal 0.866026 -0.5 0
    outer loop
      vertex -8.51592 -79.65 3
      vertex -9.55515 -81.45 5
      vertex -9.55515 -81.45 3
    endloop
  endfacet
  facet normal 0 1 0
    outer loop
      vertex -11.9223 -73.75 8
      vertex -13.0008 -73.75 6
      vertex -13.0008 -73.75 8
    endloop
  endfacet
  facet normal 0 1 0
    outer loop
      vertex -11.9223 -73.75 3
      vertex -13.1863 -73.75 5.81447
      vertex -13.0008 -73.75 6
    endloop
  endfacet
  facet normal 0 1 -0
    outer loop
      vertex -11.9223 -73.75 3
      vertex -13.0008 -73.75 6
      vertex -11.9223 -73.75 8
    endloop
  endfacet
  facet normal 0 1 0
    outer loop
      vertex -13.1863 -73.75 5.81447
      vertex -11.9223 -73.75 3
      vertex -14.0008 -73.75 5
    endloop
  endfacet
  facet normal 0 1 0
    outer loop
      vertex -14.0008 -73.75 5
      vertex -11.9223 -73.75 3
      vertex -14.0008 -73.75 3
    endloop
  endfacet
  facet normal 0 -1 0
    outer loop
      vertex -6.35692 -60.0785 6
      vertex 4.89214 -60.0785 8
      vertex -6.35692 -60.0785 8
    endloop
  endfacet
  facet normal 0 -1 0
    outer loop
      vertex 7.69211 -60.0785 6
      vertex 4.89214 -60.0785 8
      vertex -6.35692 -60.0785 6
    endloop
  endfacet
  facet normal -0 -1 -0
    outer loop
      vertex 5.60703 -60.0785 7.85416
      vertex 4.89214 -60.0785 8
      vertex 7.69211 -60.0785 6
    endloop
  endfacet
  facet normal 0 -1 0
    outer loop
      vertex 4.89214 -60.0785 8
      vertex 5.60703 -60.0785 7.85416
      vertex 5.1813 -60.0785 7.96347
    endloop
  endfacet
  facet normal 0 -1 0
    outer loop
      vertex 5.60703 -60.0785 7.85416
      vertex 7.69211 -60.0785 6
      vertex 6.01569 -60.0785 7.69236
    endloop
  endfacet
  facet normal 0 -1 0
    outer loop
      vertex 6.01569 -60.0785 7.69236
      vertex 7.69211 -60.0785 6
      vertex 6.40086 -60.0785 7.48061
    endloop
  endfacet
  facet normal 0 -1 0
    outer loop
      vertex 6.40086 -60.0785 7.48061
      vertex 7.69211 -60.0785 6
      vertex 6.75645 -60.0785 7.22226
    endloop
  endfacet
  facet normal 0 -1 0
    outer loop
      vertex 6.75645 -60.0785 7.22226
      vertex 7.69211 -60.0785 6
      vertex 7.07686 -60.0785 6.92138
    endloop
  endfacet
  facet normal 0 -1 0
    outer loop
      vertex 7.07686 -60.0785 6.92138
      vertex 7.69211 -60.0785 6
      vertex 7.35703 -60.0785 6.58271
    endloop
  endfacet
  facet normal 0 -1 0
    outer loop
      vertex 7.35703 -60.0785 6.58271
      vertex 7.69211 -60.0785 6
      vertex 7.59254 -60.0785 6.2116
    endloop
  endfacet
  facet normal 0 -0.707103 0.70711
    outer loop
      vertex -5.94497 -61.0532 5.02531
      vertex 7.69211 -60.0785 6
      vertex -6.35692 -60.0785 6
    endloop
  endfacet
  facet normal 1.98896e-05 -0.707242 0.706971
    outer loop
      vertex -5.93427 -61.0785 5
      vertex 7.69211 -60.0785 6
      vertex -5.94497 -61.0532 5.02531
    endloop
  endfacet
  facet normal 0 -0.707107 0.707107
    outer loop
      vertex 7.99102 -61.0785 5
      vertex 7.69211 -60.0785 6
      vertex -5.93427 -61.0785 5
    endloop
  endfacet
  facet normal 0.000330227 -0.707057 0.707156
    outer loop
      vertex 7.91551 -60.6826 5.39588
      vertex 7.69211 -60.0785 6
      vertex 7.99102 -61.0785 5
    endloop
  endfacet
  facet normal -0.000232348 -0.707161 0.707052
    outer loop
      vertex 7.69211 -60.0785 6
      vertex 7.91551 -60.6826 5.39588
      vertex 7.77968 -60.2646 5.8139
    endloop
  endfacet
  facet normal 0 -1 0
    outer loop
      vertex 8.02547 -61.0785 4.52547
      vertex 7.99102 -61.0785 5
      vertex -5.93427 -61.0785 5
    endloop
  endfacet
  facet normal 0 -1 0
    outer loop
      vertex 7.99102 -61.0785 5
      vertex 8.02547 -61.0785 4.52547
      vertex 7.99787 -61.0785 4.96413
    endloop
  endfacet
  facet normal 0 -1 0
    outer loop
      vertex -5.93427 -61.0785 0.5
      vertex 8.02547 -61.0785 4.52547
      vertex -5.93427 -61.0785 5
    endloop
  endfacet
  facet normal 0 -1 -0
    outer loop
      vertex 8.02547 -61.0785 4.52547
      vertex -5.93427 -61.0785 0.5
      vertex 8.02547 -61.0785 0.5
    endloop
  endfacet
  facet normal 0 -0.707059 -0.707155
    outer loop
      vertex -5.93427 -61.0785 0.5
      vertex 0.5 -60.8 0.221538
      vertex 8.02547 -61.0785 0.5
    endloop
  endfacet
  facet normal -5.0992e-06 -0.707075 -0.707138
    outer loop
      vertex 0.244191 -60.5785 0
      vertex -5.93427 -61.0785 0.5
      vertex -6.14109 -60.5891 0.0106451
    endloop
  endfacet
  facet normal -0 -0.708606 -0.705604
    outer loop
      vertex 0.244191 -60.5785 0
      vertex -6.14109 -60.5891 0.0106451
      vertex -6.14559 -60.5785 0
    endloop
  endfacet
  facet normal 8.97733e-06 -0.707162 -0.707051
    outer loop
      vertex -5.93427 -61.0785 0.5
      vertex 0.244191 -60.5785 0
      vertex 0.5 -60.8 0.221538
    endloop
  endfacet
  facet normal -0 -0.707059 -0.707155
    outer loop
      vertex 5 -60.8 0.221538
      vertex 8.02547 -61.0785 0.5
      vertex 0.5 -60.8 0.221538
    endloop
  endfacet
  facet normal -1.81202e-05 -0.707157 -0.707057
    outer loop
      vertex 5.25581 -60.5785 0
      vertex 8.02547 -61.0785 0.5
      vertex 5 -60.8 0.221538
    endloop
  endfacet
  facet normal 0 -0.707107 -0.707107
    outer loop
      vertex 8.02547 -61.0785 0.5
      vertex 5.25581 -60.5785 0
      vertex 8.02547 -60.5785 0
    endloop
  endfacet
  facet normal 0 1 -0
    outer loop
      vertex 8.02547 -59 0
      vertex 8 -59 4.49813
      vertex 8.02547 -59 4.52547
    endloop
  endfacet
  facet normal 0 1 0
    outer loop
      vertex 8 -59 4.49813
      vertex 8.02547 -59 0
      vertex 8 -59 0
    endloop
  endfacet
  facet normal 0 1 0
    outer loop
      vertex 4.49813 -59 4.49813
      vertex 4.89214 -59 8
      vertex 5.1813 -59 7.96347
    endloop
  endfacet
  facet normal 0 1 0
    outer loop
      vertex 4.49813 -59 4.49813
      vertex 5.1813 -59 7.96347
      vertex 5.60703 -59 7.85416
    endloop
  endfacet
  facet normal 0 1 0
    outer loop
      vertex 4.49813 -59 4.49813
      vertex 5.60703 -59 7.85416
      vertex 6.01569 -59 7.69236
    endloop
  endfacet
  facet normal 0 1 0
    outer loop
      vertex 4.49813 -59 4.49813
      vertex 6.01569 -59 7.69236
      vertex 6.40086 -59 7.48061
    endloop
  endfacet
  facet normal 0 1 0
    outer loop
      vertex 4.49813 -59 4.49813
      vertex 6.40086 -59 7.48061
      vertex 6.75645 -59 7.22226
    endloop
  endfacet
  facet normal 0 1 0
    outer loop
      vertex 4.49813 -59 4.49813
      vertex 6.75645 -59 7.22226
      vertex 7.07686 -59 6.92138
    endloop
  endfacet
  facet normal 0 1 0
    outer loop
      vertex 4.49813 -59 4.49813
      vertex 7.07686 -59 6.92138
      vertex 7.35703 -59 6.58271
    endloop
  endfacet
  facet normal 0 1 0
    outer loop
      vertex 4.49813 -59 4.49813
      vertex 7.35703 -59 6.58271
      vertex 7.59254 -59 6.2116
    endloop
  endfacet
  facet normal 0 1 0
    outer loop
      vertex 4.49813 -59 4.49813
      vertex 7.59254 -59 6.2116
      vertex 7.77968 -59 5.8139
    endloop
  endfacet
  facet normal 0 1 0
    outer loop
      vertex 4.49813 -59 4.49813
      vertex 7.77968 -59 5.8139
      vertex 7.91551 -59 5.39588
    endloop
  endfacet
  facet normal 0 1 0
    outer loop
      vertex 4.49813 -59 4.49813
      vertex 7.91551 -59 5.39588
      vertex 7.99787 -59 4.96413
    endloop
  endfacet
  facet normal 0 1 -0
    outer loop
      vertex 8 -59 4.49813
      vertex 7.99787 -59 4.96413
      vertex 8.02547 -59 4.52547
    endloop
  endfacet
  facet normal 0 1 0
    outer loop
      vertex 7.99787 -59 4.96413
      vertex 8 -59 4.49813
      vertex 4.49813 -59 4.49813
    endloop
  endfacet
  facet normal 0 1 0
    outer loop
      vertex 4.89214 -59 8
      vertex 4.49813 -59 4.49813
      vertex 4.49813 -59 8
    endloop
  endfacet
  facet normal 0 1 0
    outer loop
      vertex 5.60703 -81.5215 7.85416
      vertex 4.89214 -81.5215 8
      vertex 5.1813 -81.5215 7.96347
    endloop
  endfacet
  facet normal 0 1 0
    outer loop
      vertex 4.89214 -81.5215 8
      vertex 5.60703 -81.5215 7.85416
      vertex 7.69211 -81.5215 6
    endloop
  endfacet
  facet normal 0 1 0
    outer loop
      vertex 7.69211 -81.5215 6
      vertex 5.60703 -81.5215 7.85416
      vertex 6.01569 -81.5215 7.69236
    endloop
  endfacet
  facet normal 0 1 0
    outer loop
      vertex 7.69211 -81.5215 6
      vertex 6.01569 -81.5215 7.69236
      vertex 6.40086 -81.5215 7.48061
    endloop
  endfacet
  facet normal 0 1 0
    outer loop
      vertex 7.69211 -81.5215 6
      vertex 6.40086 -81.5215 7.48061
      vertex 6.75645 -81.5215 7.22226
    endloop
  endfacet
  facet normal 0 1 0
    outer loop
      vertex 7.69211 -81.5215 6
      vertex 6.75645 -81.5215 7.22226
      vertex 7.07686 -81.5215 6.92138
    endloop
  endfacet
  facet normal 0 1 0
    outer loop
      vertex 7.69211 -81.5215 6
      vertex 7.07686 -81.5215 6.92138
      vertex 7.35703 -81.5215 6.58271
    endloop
  endfacet
  facet normal 0 1 0
    outer loop
      vertex 7.69211 -81.5215 6
      vertex 7.35703 -81.5215 6.58271
      vertex 7.59254 -81.5215 6.2116
    endloop
  endfacet
  facet normal 0 1 0
    outer loop
      vertex 4.89214 -81.5215 8
      vertex 7.69211 -81.5215 6
      vertex -6.35692 -81.5215 6
    endloop
  endfacet
  facet normal 0 1 0
    outer loop
      vertex 4.89214 -81.5215 8
      vertex -6.35692 -81.5215 6
      vertex -6.35692 -81.5215 8
    endloop
  endfacet
  facet normal 0 0.708314 0.705897
    outer loop
      vertex 7.69211 -81.5215 6
      vertex -6.35073 -81.5069 5.98535
      vertex -6.35692 -81.5215 6
    endloop
  endfacet
  facet normal -0.000232348 0.707161 0.707052
    outer loop
      vertex 7.91551 -80.9174 5.39588
      vertex 7.69211 -81.5215 6
      vertex 7.77968 -81.3354 5.8139
    endloop
  endfacet
  facet normal 0.000330227 0.707057 0.707156
    outer loop
      vertex 7.69211 -81.5215 6
      vertex 7.91551 -80.9174 5.39588
      vertex 7.99102 -80.5215 5
    endloop
  endfacet
  facet normal 0 0.707107 0.707107
    outer loop
      vertex 7.69211 -81.5215 6
      vertex 7.99102 -80.5215 5
      vertex -5.93427 -80.5215 5
    endloop
  endfacet
  facet normal -2.55392e-06 0.707089 0.707124
    outer loop
      vertex 7.69211 -81.5215 6
      vertex -5.93427 -80.5215 5
      vertex -6.35073 -81.5069 5.98535
    endloop
  endfacet
  facet normal 0 1 0
    outer loop
      vertex 8.02547 -80.5215 4.52547
      vertex 7.99102 -80.5215 5
      vertex 7.99787 -80.5215 4.96413
    endloop
  endfacet
  facet normal 0 1 0
    outer loop
      vertex 7.99102 -80.5215 5
      vertex 8.02547 -80.5215 4.52547
      vertex -5.93427 -80.5215 5
    endloop
  endfacet
  facet normal 0 1 0
    outer loop
      vertex -5.93427 -80.5215 0.5
      vertex 8.02547 -80.5215 4.52547
      vertex 8.02547 -80.5215 0.5
    endloop
  endfacet
  facet normal 0 1 0
    outer loop
      vertex 8.02547 -80.5215 4.52547
      vertex -5.93427 -80.5215 0.5
      vertex -5.93427 -80.5215 5
    endloop
  endfacet
  facet normal 0 0.707059 -0.707155
    outer loop
      vertex 0.5 -80.8 0.221538
      vertex -5.93427 -80.5215 0.5
      vertex 8.02547 -80.5215 0.5
    endloop
  endfacet
  facet normal 0 0.707059 -0.707155
    outer loop
      vertex 0.5 -80.8 0.221538
      vertex 8.02547 -80.5215 0.5
      vertex 5 -80.8 0.221538
    endloop
  endfacet
  facet normal 0 0.707107 -0.707107
    outer loop
      vertex 5.25581 -81.0215 0
      vertex 8.02547 -80.5215 0.5
      vertex 8.02547 -81.0215 0
    endloop
  endfacet
  facet normal -1.81202e-05 0.707157 -0.707057
    outer loop
      vertex 8.02547 -80.5215 0.5
      vertex 5.25581 -81.0215 0
      vertex 5 -80.8 0.221538
    endloop
  endfacet
  facet normal 8.97733e-06 0.707162 -0.707051
    outer loop
      vertex 0.244191 -81.0215 0
      vertex -5.93427 -80.5215 0.5
      vertex 0.5 -80.8 0.221538
    endloop
  endfacet
  facet normal -0.000166672 0.706076 -0.708136
    outer loop
      vertex -5.93427 -80.5215 0.5
      vertex 0.244191 -81.0215 0
      vertex -5.93987 -80.5348 0.48674
    endloop
  endfacet
  facet normal 0 0.707136 -0.707078
    outer loop
      vertex -5.93987 -80.5348 0.48674
      vertex 0.244191 -81.0215 0
      vertex -6.14559 -81.0215 0
    endloop
  endfacet
  facet normal 0 -1 0
    outer loop
      vertex 4.49813 -82.6 4.49813
      vertex 4.89214 -82.6 8
      vertex 4.49813 -82.6 8
    endloop
  endfacet
  facet normal 0 -1 -0
    outer loop
      vertex 4.89214 -82.6 8
      vertex 4.49813 -82.6 4.49813
      vertex 5.1813 -82.6 7.96347
    endloop
  endfacet
  facet normal 0 -1 -0
    outer loop
      vertex 5.1813 -82.6 7.96347
      vertex 4.49813 -82.6 4.49813
      vertex 5.60703 -82.6 7.85416
    endloop
  endfacet
  facet normal 0 -1 -0
    outer loop
      vertex 5.60703 -82.6 7.85416
      vertex 4.49813 -82.6 4.49813
      vertex 6.01569 -82.6 7.69236
    endloop
  endfacet
  facet normal 0 -1 -0
    outer loop
      vertex 6.01569 -82.6 7.69236
      vertex 4.49813 -82.6 4.49813
      vertex 6.40086 -82.6 7.48061
    endloop
  endfacet
  facet normal 0 -1 -0
    outer loop
      vertex 6.40086 -82.6 7.48061
      vertex 4.49813 -82.6 4.49813
      vertex 6.75645 -82.6 7.22226
    endloop
  endfacet
  facet normal 0 -1 -0
    outer loop
      vertex 6.75645 -82.6 7.22226
      vertex 4.49813 -82.6 4.49813
      vertex 7.07686 -82.6 6.92138
    endloop
  endfacet
  facet normal 0 -1 -0
    outer loop
      vertex 7.07686 -82.6 6.92138
      vertex 4.49813 -82.6 4.49813
      vertex 7.35703 -82.6 6.58271
    endloop
  endfacet
  facet normal 0 -1 -0
    outer loop
      vertex 7.35703 -82.6 6.58271
      vertex 4.49813 -82.6 4.49813
      vertex 7.59254 -82.6 6.2116
    endloop
  endfacet
  facet normal 0 -1 -0
    outer loop
      vertex 7.59254 -82.6 6.2116
      vertex 4.49813 -82.6 4.49813
      vertex 7.77968 -82.6 5.8139
    endloop
  endfacet
  facet normal 0 -1 -0
    outer loop
      vertex 7.77968 -82.6 5.8139
      vertex 4.49813 -82.6 4.49813
      vertex 7.91551 -82.6 5.39588
    endloop
  endfacet
  facet normal 0 -1 -0
    outer loop
      vertex 7.91551 -82.6 5.39588
      vertex 4.49813 -82.6 4.49813
      vertex 7.99787 -82.6 4.96413
    endloop
  endfacet
  facet normal 0 -1 0
    outer loop
      vertex 8 -82.6 4.49813
      vertex 7.99787 -82.6 4.96413
      vertex 4.49813 -82.6 4.49813
    endloop
  endfacet
  facet normal 0 -1 0
    outer loop
      vertex 7.99787 -82.6 4.96413
      vertex 8 -82.6 4.49813
      vertex 8.02547 -82.6 4.52547
    endloop
  endfacet
  facet normal 0 -1 0
    outer loop
      vertex 8.02547 -82.6 0
      vertex 8 -82.6 4.49813
      vertex 8 -82.6 0
    endloop
  endfacet
  facet normal 0 -1 0
    outer loop
      vertex 8 -82.6 4.49813
      vertex 8.02547 -82.6 0
      vertex 8.02547 -82.6 4.52547
    endloop
  endfacet
  facet normal 0.866025 -0.500001 0
    outer loop
      vertex -12.547 -94.4 8
      vertex -6.35692 -83.6785 6
      vertex -6.35692 -83.6785 8
    endloop
  endfacet
  facet normal 0.866025 -0.500001 0
    outer loop
      vertex -6.35692 -83.6785 6
      vertex -12.547 -94.4 8
      vertex -12.547 -94.4 6
    endloop
  endfacet
  facet normal 0.654682 -0.377989 0.654612
    outer loop
      vertex -12.547 -94.4 6
      vertex -5.93427 -84.6785 5
      vertex -5.94497 -84.6532 5.02531
    endloop
  endfacet
  facet normal 0.654653 -0.377966 0.654653
    outer loop
      vertex -5.93427 -84.6785 5
      vertex -12.547 -94.4 6
      vertex -11.547 -94.4 5
    endloop
  endfacet
  facet normal 0.654652 -0.377965 0.654655
    outer loop
      vertex -5.94497 -84.6532 5.02531
      vertex -6.35692 -83.6785 6
      vertex -12.547 -94.4 6
    endloop
  endfacet
  facet normal 0.866025 -0.500001 0
    outer loop
      vertex -11.547 -94.4 5
      vertex -5.93427 -84.6785 0.5
      vertex -5.93427 -84.6785 5
    endloop
  endfacet
  facet normal 0.866025 -0.500001 0
    outer loop
      vertex -5.93427 -84.6785 0.5
      vertex -11.547 -94.4 5
      vertex -11.547 -94.4 0.5
    endloop
  endfacet
  facet normal 0.654654 -0.377964 -0.654654
    outer loop
      vertex -12.047 -94.4 0
      vertex -6.14109 -84.1891 0.0106451
      vertex -11.547 -94.4 0.5
    endloop
  endfacet
  facet normal 0.655317 -0.378349 -0.653768
    outer loop
      vertex -6.14109 -84.1891 0.0106451
      vertex -12.047 -94.4 0
      vertex -6.14559 -84.1785 0
    endloop
  endfacet
  facet normal 0.654641 -0.377959 -0.65467
    outer loop
      vertex -6.14109 -84.1891 0.0106451
      vertex -5.93427 -84.6785 0.5
      vertex -11.547 -94.4 0.5
    endloop
  endfacet
  facet normal 0 0 -1
    outer loop
      vertex 0 -106.2 0
      vertex -6.14559 -104.622 0
      vertex 0 -104.833 0
    endloop
  endfacet
  facet normal 0 0 -1
    outer loop
      vertex -6.81273 -106.2 0
      vertex -6.14559 -104.622 0
      vertex 0 -106.2 0
    endloop
  endfacet
  facet normal 0 0 -1
    outer loop
      vertex -13.6255 -94.4 0
      vertex -6.14559 -104.622 0
      vertex -6.81273 -106.2 0
    endloop
  endfacet
  facet normal 0 0 -1
    outer loop
      vertex -6.14559 -104.622 0
      vertex -13.6255 -94.4 0
      vertex -12.047 -94.4 0
    endloop
  endfacet
  facet normal -0 0 -1
    outer loop
      vertex 0.244191 -104.622 0
      vertex 0 -104.833 0
      vertex -6.14559 -104.622 0
    endloop
  endfacet
  facet normal 0 0 -1
    outer loop
      vertex -6.14559 -84.1785 0
      vertex 0 -83.967 0
      vertex 0.244191 -84.1785 0
    endloop
  endfacet
  facet normal 0 0 -1
    outer loop
      vertex -6.14559 -84.1785 0
      vertex 0 -82.6 0
      vertex 0 -83.967 0
    endloop
  endfacet
  facet normal 0 0 -1
    outer loop
      vertex -6.14559 -84.1785 0
      vertex -6.81273 -82.6 0
      vertex 0 -82.6 0
    endloop
  endfacet
  facet normal 0 0 -1
    outer loop
      vertex -13.6255 -94.4 0
      vertex -6.14559 -84.1785 0
      vertex -12.047 -94.4 0
    endloop
  endfacet
  facet normal -0 0 -1
    outer loop
      vertex -6.14559 -84.1785 0
      vertex -13.6255 -94.4 0
      vertex -6.81273 -82.6 0
    endloop
  endfacet
  facet normal 0 0 -1
    outer loop
      vertex 8.02547 -84.1785 0
      vertex 8 -83.534 0
      vertex 8.02547 -82.6 0
    endloop
  endfacet
  facet normal 0 0 -1
    outer loop
      vertex 8.02547 -84.1785 0
      vertex 6 -83.534 0
      vertex 8 -83.534 0
    endloop
  endfacet
  facet normal 0 -0 -1
    outer loop
      vertex 6 -83.534 0
      vertex 8.02547 -84.1785 0
      vertex 5.25581 -84.1785 0
    endloop
  endfacet
  facet normal -0 0 -1
    outer loop
      vertex 8.02547 -82.6 0
      vertex 8 -83.534 0
      vertex 8 -82.6 0
    endloop
  endfacet
  facet normal 0 0 -1
    outer loop
      vertex 8 -105.266 0
      vertex 8.02547 -106.2 0
      vertex 8 -106.2 0
    endloop
  endfacet
  facet normal 0 0 -1
    outer loop
      vertex 8.02547 -106.2 0
      vertex 8 -105.266 0
      vertex 8.02547 -104.622 0
    endloop
  endfacet
  facet normal 0 0 -1
    outer loop
      vertex 6 -105.266 0
      vertex 8.02547 -104.622 0
      vertex 8 -105.266 0
    endloop
  endfacet
  facet normal -0 0 -1
    outer loop
      vertex 8.02547 -104.622 0
      vertex 6 -105.266 0
      vertex 5.25581 -104.622 0
    endloop
  endfacet
  facet normal -0.866024 0.500002 0
    outer loop
      vertex -13.6255 -94.4 0
      vertex -6.81273 -82.6 8
      vertex -6.81273 -82.6 0
    endloop
  endfacet
  facet normal -0.866024 0.500002 0
    outer loop
      vertex -6.81273 -82.6 8
      vertex -13.6255 -94.4 0
      vertex -13.6255 -94.4 8
    endloop
  endfacet
  facet normal 0 1 -0
    outer loop
      vertex 8 -82.6 -6.81273
      vertex 4.49813 -82.6 4.49813
      vertex 8 -82.6 4.49813
    endloop
  endfacet
  facet normal 0 1 0
    outer loop
      vertex 4.49813 -82.6 4.49813
      vertex 8 -82.6 -6.81273
      vertex 0 -82.6 0
    endloop
  endfacet
  facet normal 0 1 0
    outer loop
      vertex 0 -82.6 0
      vertex 8 -82.6 -6.81273
      vertex 0 -82.6 -6.81273
    endloop
  endfacet
  facet normal 0 1 -0
    outer loop
      vertex 4.49813 -82.6 4.49813
      vertex -6.81273 -82.6 8
      vertex 4.49813 -82.6 8
    endloop
  endfacet
  facet normal 0 1 -0
    outer loop
      vertex 0 -82.6 0
      vertex -6.81273 -82.6 8
      vertex 4.49813 -82.6 4.49813
    endloop
  endfacet
  facet normal 0 1 0
    outer loop
      vertex -6.81273 -82.6 8
      vertex 0 -82.6 0
      vertex -6.81273 -82.6 0
    endloop
  endfacet
  facet normal 0 -1 0
    outer loop
      vertex -6.81273 -106.2 8
      vertex 4.49813 -106.2 4.49813
      vertex 4.49813 -106.2 8
    endloop
  endfacet
  facet normal 0 -1 0
    outer loop
      vertex 0 -106.2 0
      vertex -6.81273 -106.2 8
      vertex -6.81273 -106.2 0
    endloop
  endfacet
  facet normal 0 -1 0
    outer loop
      vertex -6.81273 -106.2 8
      vertex 0 -106.2 0
      vertex 4.49813 -106.2 4.49813
    endloop
  endfacet
  facet normal 0 -1 0
    outer loop
      vertex 8 -106.2 -6.81273
      vertex 4.49813 -106.2 4.49813
      vertex 0 -106.2 0
    endloop
  endfacet
  facet normal 0 -1 0
    outer loop
      vertex 8 -106.2 -6.81273
      vertex 0 -106.2 0
      vertex 0 -106.2 -6.81273
    endloop
  endfacet
  facet normal 0 -1 0
    outer loop
      vertex 4.49813 -106.2 4.49813
      vertex 8 -106.2 -6.81273
      vertex 8 -106.2 4.49813
    endloop
  endfacet
  facet normal -0 0 1
    outer loop
      vertex 4.49813 -82.6 8
      vertex 4.89214 -83.6785 8
      vertex 4.89214 -82.6 8
    endloop
  endfacet
  facet normal 0 0 1
    outer loop
      vertex 4.49813 -82.6 8
      vertex -6.35692 -83.6785 8
      vertex 4.89214 -83.6785 8
    endloop
  endfacet
  facet normal -0 0 1
    outer loop
      vertex -6.81273 -82.6 8
      vertex -6.35692 -83.6785 8
      vertex 4.49813 -82.6 8
    endloop
  endfacet
  facet normal 0 0 1
    outer loop
      vertex -13.6255 -94.4 8
      vertex -6.35692 -83.6785 8
      vertex -6.81273 -82.6 8
    endloop
  endfacet
  facet normal 0 0 1
    outer loop
      vertex -6.35692 -83.6785 8
      vertex -13.6255 -94.4 8
      vertex -12.547 -94.4 8
    endloop
  endfacet
  facet normal 0 0 1
    outer loop
      vertex 4.89214 -105.122 8
      vertex 4.49813 -106.2 8
      vertex 4.89214 -106.2 8
    endloop
  endfacet
  facet normal -0 0 1
    outer loop
      vertex -6.35692 -105.122 8
      vertex 4.49813 -106.2 8
      vertex 4.89214 -105.122 8
    endloop
  endfacet
  facet normal 0 0 1
    outer loop
      vertex -6.35692 -105.122 8
      vertex -6.81273 -106.2 8
      vertex 4.49813 -106.2 8
    endloop
  endfacet
  facet normal -0 0 1
    outer loop
      vertex -13.6255 -94.4 8
      vertex -6.35692 -105.122 8
      vertex -12.547 -94.4 8
    endloop
  endfacet
  facet normal 0 0 1
    outer loop
      vertex -6.35692 -105.122 8
      vertex -13.6255 -94.4 8
      vertex -6.81273 -106.2 8
    endloop
  endfacet
  facet normal 0.866035 0.499984 0
    outer loop
      vertex -6.35692 -105.122 8
      vertex -12.547 -94.4 6
      vertex -12.547 -94.4 8
    endloop
  endfacet
  facet normal 0.866035 0.499984 0
    outer loop
      vertex -12.547 -94.4 6
      vertex -6.35692 -105.122 8
      vertex -6.35692 -105.122 6
    endloop
  endfacet
  facet normal 0.654723 0.377986 0.654572
    outer loop
      vertex -6.35073 -105.107 5.98535
      vertex -5.93427 -104.122 5
      vertex -11.547 -94.4 5
    endloop
  endfacet
  facet normal 0.654655 0.377961 0.654655
    outer loop
      vertex -12.547 -94.4 6
      vertex -6.35073 -105.107 5.98535
      vertex -11.547 -94.4 5
    endloop
  endfacet
  facet normal 0.650837 0.375745 0.659717
    outer loop
      vertex -6.35073 -105.107 5.98535
      vertex -12.547 -94.4 6
      vertex -6.35692 -105.122 6
    endloop
  endfacet
  facet normal 0.866036 0.499982 0
    outer loop
      vertex -5.93427 -104.122 5
      vertex -11.547 -94.4 0.5
      vertex -11.547 -94.4 5
    endloop
  endfacet
  facet normal 0.866036 0.499982 0
    outer loop
      vertex -11.547 -94.4 0.5
      vertex -5.93427 -104.122 5
      vertex -5.93427 -104.122 0.5
    endloop
  endfacet
  facet normal 0.654579 0.377904 -0.654763
    outer loop
      vertex -5.93987 -104.135 0.48674
      vertex -6.14559 -104.622 0
      vertex -12.047 -94.4 0
    endloop
  endfacet
  facet normal 0.654658 0.377949 -0.654658
    outer loop
      vertex -5.93427 -104.122 0.5
      vertex -12.047 -94.4 0
      vertex -11.547 -94.4 0.5
    endloop
  endfacet
  facet normal 0.657687 0.380074 -0.650378
    outer loop
      vertex -12.047 -94.4 0
      vertex -5.93427 -104.122 0.5
      vertex -5.93987 -104.135 0.48674
    endloop
  endfacet
  facet normal -0.866024 -0.500002 0
    outer loop
      vertex -6.81273 -106.2 0
      vertex -13.6255 -94.4 8
      vertex -13.6255 -94.4 0
    endloop
  endfacet
  facet normal -0.866024 -0.500002 0
    outer loop
      vertex -13.6255 -94.4 8
      vertex -6.81273 -106.2 0
      vertex -6.81273 -106.2 8
    endloop
  endfacet
  facet normal -0.866023 0.500004 0
    outer loop
      vertex -13.0008 -91.45 6
      vertex -9.05515 -84.616 8
      vertex -9.05515 -84.616 6
    endloop
  endfacet
  facet normal -0.866023 0.500004 0
    outer loop
      vertex -9.05515 -84.616 8
      vertex -13.0008 -91.45 6
      vertex -13.0008 -91.45 8
    endloop
  endfacet
  facet normal -0.654663 0.377974 0.654639
    outer loop
      vertex -9.55515 -83.75 5
      vertex -13.8858 -91.45 5.115
      vertex -9.14792 -84.4553 5.81447
    endloop
  endfacet
  facet normal -0.654653 0.377968 0.654653
    outer loop
      vertex -13.8858 -91.45 5.115
      vertex -9.55515 -83.75 5
      vertex -14.0008 -91.45 5
    endloop
  endfacet
  facet normal -0.654621 0.377949 0.654695
    outer loop
      vertex -9.14792 -84.4553 5.81447
      vertex -13.0008 -91.45 6
      vertex -9.05515 -84.616 6
    endloop
  endfacet
  facet normal -0.654653 0.377966 0.654653
    outer loop
      vertex -13.0008 -91.45 6
      vertex -9.14792 -84.4553 5.81447
      vertex -13.8858 -91.45 5.115
    endloop
  endfacet
  facet normal -0.866023 0.500004 0
    outer loop
      vertex -14.0008 -91.45 3
      vertex -9.55515 -83.75 5
      vertex -9.55515 -83.75 3
    endloop
  endfacet
  facet normal -0.866023 0.500004 0
    outer loop
      vertex -9.55515 -83.75 5
      vertex -14.0008 -91.45 3
      vertex -14.0008 -91.45 5
    endloop
  endfacet
  facet normal 0.866025 -0.500001 0
    outer loop
      vertex -11.9223 -91.45 8
      vertex -8.51592 -85.55 3
      vertex -8.51592 -85.55 8
    endloop
  endfacet
  facet normal 0.866025 -0.500001 0
    outer loop
      vertex -8.51592 -85.55 3
      vertex -11.9223 -91.45 8
      vertex -11.9223 -91.45 3
    endloop
  endfacet
  facet normal 0 0 1
    outer loop
      vertex -9.05515 -84.616 8
      vertex -11.9223 -91.45 8
      vertex -8.51592 -85.55 8
    endloop
  endfacet
  facet normal 0 -0 1
    outer loop
      vertex -11.9223 -91.45 8
      vertex -9.05515 -84.616 8
      vertex -13.0008 -91.45 8
    endloop
  endfacet
  facet normal 0 0 -1
    outer loop
      vertex -11.9223 -91.45 3
      vertex -9.55515 -83.75 3
      vertex -8.51592 -85.55 3
    endloop
  endfacet
  facet normal 0 0 -1
    outer loop
      vertex -9.55515 -83.75 3
      vertex -11.9223 -91.45 3
      vertex -14.0008 -91.45 3
    endloop
  endfacet
  facet normal 0 -1 0
    outer loop
      vertex -13.0008 -91.45 6
      vertex -11.9223 -91.45 8
      vertex -13.0008 -91.45 8
    endloop
  endfacet
  facet normal 0 -1 0
    outer loop
      vertex -11.9223 -91.45 3
      vertex -13.8858 -91.45 5.115
      vertex -14.0008 -91.45 5
    endloop
  endfacet
  facet normal 0 -1 0
    outer loop
      vertex -11.9223 -91.45 3
      vertex -14.0008 -91.45 5
      vertex -14.0008 -91.45 3
    endloop
  endfacet
  facet normal 0 -1 0
    outer loop
      vertex -13.8858 -91.45 5.115
      vertex -11.9223 -91.45 3
      vertex -13.0008 -91.45 6
    endloop
  endfacet
  facet normal 0 -1 0
    outer loop
      vertex -13.0008 -91.45 6
      vertex -11.9223 -91.45 3
      vertex -11.9223 -91.45 8
    endloop
  endfacet
  facet normal 0.866031 0.499989 0
    outer loop
      vertex -9.05515 -84.616 8
      vertex -8.51592 -85.55 8
      vertex -9.05515 -84.616 6
    endloop
  endfacet
  facet normal 0.866019 0.500011 -1.35717e-05
    outer loop
      vertex -8.51592 -85.55 3
      vertex -9.55515 -83.75 5
      vertex -9.14792 -84.4553 5.81447
    endloop
  endfacet
  facet normal 0.866045 0.499967 9.35704e-06
    outer loop
      vertex -8.51592 -85.55 3
      vertex -9.14792 -84.4553 5.81447
      vertex -9.05515 -84.616 6
    endloop
  endfacet
  facet normal 0.866031 0.499989 -0
    outer loop
      vertex -8.51592 -85.55 3
      vertex -9.05515 -84.616 6
      vertex -8.51592 -85.55 8
    endloop
  endfacet
  facet normal 0.866026 0.5 0
    outer loop
      vertex -9.55515 -83.75 5
      vertex -8.51592 -85.55 3
      vertex -9.55515 -83.75 3
    endloop
  endfacet
  facet normal -0.866023 -0.500004 0
    outer loop
      vertex -9.05515 -104.184 6
      vertex -13.0008 -97.35 8
      vertex -13.0008 -97.35 6
    endloop
  endfacet
  facet normal -0.866023 -0.500004 0
    outer loop
      vertex -13.0008 -97.35 8
      vertex -9.05515 -104.184 6
      vertex -9.05515 -104.184 8
    endloop
  endfacet
  facet normal -0.654637 -0.377979 0.654661
    outer loop
      vertex -14.0008 -97.35 5
      vertex -9.49765 -104.95 5.115
      vertex -13.1863 -97.35 5.81447
    endloop
  endfacet
  facet normal -0.654078 -0.377636 0.655418
    outer loop
      vertex -9.49765 -104.95 5.115
      vertex -14.0008 -97.35 5
      vertex -9.55515 -105.05 5
    endloop
  endfacet
  facet normal -0.654698 -0.377994 0.654592
    outer loop
      vertex -13.1863 -97.35 5.81447
      vertex -9.05515 -104.184 6
      vertex -13.0008 -97.35 6
    endloop
  endfacet
  facet normal -0.654729 -0.378014 0.65455
    outer loop
      vertex -9.05515 -104.184 6
      vertex -13.1863 -97.35 5.81447
      vertex -9.49765 -104.95 5.115
    endloop
  endfacet
  facet normal -0.866023 -0.500004 0
    outer loop
      vertex -9.55515 -105.05 3
      vertex -14.0008 -97.35 5
      vertex -14.0008 -97.35 3
    endloop
  endfacet
  facet normal -0.866023 -0.500004 0
    outer loop
      vertex -14.0008 -97.35 5
      vertex -9.55515 -105.05 3
      vertex -9.55515 -105.05 5
    endloop
  endfacet
  facet normal 0.866025 0.500001 0
    outer loop
      vertex -8.51592 -103.25 8
      vertex -11.9223 -97.35 3
      vertex -11.9223 -97.35 8
    endloop
  endfacet
  facet normal 0.866025 0.500001 0
    outer loop
      vertex -11.9223 -97.35 3
      vertex -8.51592 -103.25 8
      vertex -8.51592 -103.25 3
    endloop
  endfacet
  facet normal 0 0 1
    outer loop
      vertex -11.9223 -97.35 8
      vertex -9.05515 -104.184 8
      vertex -8.51592 -103.25 8
    endloop
  endfacet
  facet normal 0 0 1
    outer loop
      vertex -9.05515 -104.184 8
      vertex -11.9223 -97.35 8
      vertex -13.0008 -97.35 8
    endloop
  endfacet
  facet normal 0 0 -1
    outer loop
      vertex -9.55515 -105.05 3
      vertex -11.9223 -97.35 3
      vertex -8.51592 -103.25 3
    endloop
  endfacet
  facet normal -0 -0 -1
    outer loop
      vertex -11.9223 -97.35 3
      vertex -9.55515 -105.05 3
      vertex -14.0008 -97.35 3
    endloop
  endfacet
  facet normal 0.866031 -0.499989 0
    outer loop
      vertex -9.05515 -104.184 6
      vertex -8.51592 -103.25 8
      vertex -9.05515 -104.184 8
    endloop
  endfacet
  facet normal 0.866031 -0.499989 0
    outer loop
      vertex -8.51592 -103.25 8
      vertex -9.05515 -104.184 6
      vertex -8.51592 -103.25 3
    endloop
  endfacet
  facet normal 0.865937 -0.500153 -6.78485e-05
    outer loop
      vertex -9.49765 -104.95 5.115
      vertex -8.51592 -103.25 3
      vertex -9.05515 -104.184 6
    endloop
  endfacet
  facet normal 0.866458 -0.499249 0.00090052
    outer loop
      vertex -9.55515 -105.05 5
      vertex -8.51592 -103.25 3
      vertex -9.49765 -104.95 5.115
    endloop
  endfacet
  facet normal 0.866026 -0.5 0
    outer loop
      vertex -8.51592 -103.25 3
      vertex -9.55515 -105.05 5
      vertex -9.55515 -105.05 3
    endloop
  endfacet
  facet normal 0 1 0
    outer loop
      vertex -11.9223 -97.35 8
      vertex -13.0008 -97.35 6
      vertex -13.0008 -97.35 8
    endloop
  endfacet
  facet normal 0 1 0
    outer loop
      vertex -11.9223 -97.35 3
      vertex -13.1863 -97.35 5.81447
      vertex -13.0008 -97.35 6
    endloop
  endfacet
  facet normal 0 1 -0
    outer loop
      vertex -11.9223 -97.35 3
      vertex -13.0008 -97.35 6
      vertex -11.9223 -97.35 8
    endloop
  endfacet
  facet normal 0 1 0
    outer loop
      vertex -13.1863 -97.35 5.81447
      vertex -11.9223 -97.35 3
      vertex -14.0008 -97.35 5
    endloop
  endfacet
  facet normal 0 1 0
    outer loop
      vertex -14.0008 -97.35 5
      vertex -11.9223 -97.35 3
      vertex -14.0008 -97.35 3
    endloop
  endfacet
  facet normal 0 -1 0
    outer loop
      vertex -6.35692 -83.6785 6
      vertex 4.89214 -83.6785 8
      vertex -6.35692 -83.6785 8
    endloop
  endfacet
  facet normal 0 -1 0
    outer loop
      vertex 7.69211 -83.6785 6
      vertex 4.89214 -83.6785 8
      vertex -6.35692 -83.6785 6
    endloop
  endfacet
  facet normal -0 -1 -0
    outer loop
      vertex 5.60703 -83.6785 7.85416
      vertex 4.89214 -83.6785 8
      vertex 7.69211 -83.6785 6
    endloop
  endfacet
  facet normal 0 -1 0
    outer loop
      vertex 4.89214 -83.6785 8
      vertex 5.60703 -83.6785 7.85416
      vertex 5.1813 -83.6785 7.96347
    endloop
  endfacet
  facet normal 0 -1 0
    outer loop
      vertex 5.60703 -83.6785 7.85416
      vertex 7.69211 -83.6785 6
      vertex 6.01569 -83.6785 7.69236
    endloop
  endfacet
  facet normal 0 -1 0
    outer loop
      vertex 6.01569 -83.6785 7.69236
      vertex 7.69211 -83.6785 6
      vertex 6.40086 -83.6785 7.48061
    endloop
  endfacet
  facet normal 0 -1 0
    outer loop
      vertex 6.40086 -83.6785 7.48061
      vertex 7.69211 -83.6785 6
      vertex 6.75645 -83.6785 7.22226
    endloop
  endfacet
  facet normal 0 -1 0
    outer loop
      vertex 6.75645 -83.6785 7.22226
      vertex 7.69211 -83.6785 6
      vertex 7.07686 -83.6785 6.92138
    endloop
  endfacet
  facet normal 0 -1 0
    outer loop
      vertex 7.07686 -83.6785 6.92138
      vertex 7.69211 -83.6785 6
      vertex 7.35703 -83.6785 6.58271
    endloop
  endfacet
  facet normal 0 -1 0
    outer loop
      vertex 7.35703 -83.6785 6.58271
      vertex 7.69211 -83.6785 6
      vertex 7.59254 -83.6785 6.2116
    endloop
  endfacet
  facet normal 0 -0.707103 0.70711
    outer loop
      vertex -5.94497 -84.6532 5.02531
      vertex 7.69211 -83.6785 6
      vertex -6.35692 -83.6785 6
    endloop
  endfacet
  facet normal 1.98896e-05 -0.707242 0.706971
    outer loop
      vertex -5.93427 -84.6785 5
      vertex 7.69211 -83.6785 6
      vertex -5.94497 -84.6532 5.02531
    endloop
  endfacet
  facet normal 0 -0.707107 0.707107
    outer loop
      vertex 7.99102 -84.6785 5
      vertex 7.69211 -83.6785 6
      vertex -5.93427 -84.6785 5
    endloop
  endfacet
  facet normal 0.000330227 -0.707057 0.707156
    outer loop
      vertex 7.91551 -84.2826 5.39588
      vertex 7.69211 -83.6785 6
      vertex 7.99102 -84.6785 5
    endloop
  endfacet
  facet normal -0.000232348 -0.707161 0.707052
    outer loop
      vertex 7.69211 -83.6785 6
      vertex 7.91551 -84.2826 5.39588
      vertex 7.77968 -83.8646 5.8139
    endloop
  endfacet
  facet normal 0 -1 0
    outer loop
      vertex 8.02547 -84.6785 4.52547
      vertex 7.99102 -84.6785 5
      vertex -5.93427 -84.6785 5
    endloop
  endfacet
  facet normal 0 -1 0
    outer loop
      vertex 7.99102 -84.6785 5
      vertex 8.02547 -84.6785 4.52547
      vertex 7.99787 -84.6785 4.96413
    endloop
  endfacet
  facet normal 0 -1 0
    outer loop
      vertex -5.93427 -84.6785 0.5
      vertex 8.02547 -84.6785 4.52547
      vertex -5.93427 -84.6785 5
    endloop
  endfacet
  facet normal 0 -1 -0
    outer loop
      vertex 8.02547 -84.6785 4.52547
      vertex -5.93427 -84.6785 0.5
      vertex 8.02547 -84.6785 0.5
    endloop
  endfacet
  facet normal 0 -0.707059 -0.707155
    outer loop
      vertex -5.93427 -84.6785 0.5
      vertex 0.5 -84.4 0.221538
      vertex 8.02547 -84.6785 0.5
    endloop
  endfacet
  facet normal -5.0992e-06 -0.707075 -0.707138
    outer loop
      vertex 0.244191 -84.1785 0
      vertex -5.93427 -84.6785 0.5
      vertex -6.14109 -84.1891 0.0106451
    endloop
  endfacet
  facet normal -0 -0.708606 -0.705604
    outer loop
      vertex 0.244191 -84.1785 0
      vertex -6.14109 -84.1891 0.0106451
      vertex -6.14559 -84.1785 0
    endloop
  endfacet
  facet normal 8.97733e-06 -0.707162 -0.707051
    outer loop
      vertex -5.93427 -84.6785 0.5
      vertex 0.244191 -84.1785 0
      vertex 0.5 -84.4 0.221538
    endloop
  endfacet
  facet normal -0 -0.707059 -0.707155
    outer loop
      vertex 5 -84.4 0.221538
      vertex 8.02547 -84.6785 0.5
      vertex 0.5 -84.4 0.221538
    endloop
  endfacet
  facet normal -1.81202e-05 -0.707157 -0.707057
    outer loop
      vertex 5.25581 -84.1785 0
      vertex 8.02547 -84.6785 0.5
      vertex 5 -84.4 0.221538
    endloop
  endfacet
  facet normal 0 -0.707107 -0.707107
    outer loop
      vertex 8.02547 -84.6785 0.5
      vertex 5.25581 -84.1785 0
      vertex 8.02547 -84.1785 0
    endloop
  endfacet
  facet normal 0 1 -0
    outer loop
      vertex 8.02547 -82.6 0
      vertex 8 -82.6 4.49813
      vertex 8.02547 -82.6 4.52547
    endloop
  endfacet
  facet normal 0 1 0
    outer loop
      vertex 8 -82.6 4.49813
      vertex 8.02547 -82.6 0
      vertex 8 -82.6 0
    endloop
  endfacet
  facet normal 0 1 0
    outer loop
      vertex 4.49813 -82.6 4.49813
      vertex 4.89214 -82.6 8
      vertex 5.1813 -82.6 7.96347
    endloop
  endfacet
  facet normal 0 1 0
    outer loop
      vertex 4.49813 -82.6 4.49813
      vertex 5.1813 -82.6 7.96347
      vertex 5.60703 -82.6 7.85416
    endloop
  endfacet
  facet normal 0 1 0
    outer loop
      vertex 4.49813 -82.6 4.49813
      vertex 5.60703 -82.6 7.85416
      vertex 6.01569 -82.6 7.69236
    endloop
  endfacet
  facet normal 0 1 0
    outer loop
      vertex 4.49813 -82.6 4.49813
      vertex 6.01569 -82.6 7.69236
      vertex 6.40086 -82.6 7.48061
    endloop
  endfacet
  facet normal 0 1 0
    outer loop
      vertex 4.49813 -82.6 4.49813
      vertex 6.40086 -82.6 7.48061
      vertex 6.75645 -82.6 7.22226
    endloop
  endfacet
  facet normal 0 1 0
    outer loop
      vertex 4.49813 -82.6 4.49813
      vertex 6.75645 -82.6 7.22226
      vertex 7.07686 -82.6 6.92138
    endloop
  endfacet
  facet normal 0 1 0
    outer loop
      vertex 4.49813 -82.6 4.49813
      vertex 7.07686 -82.6 6.92138
      vertex 7.35703 -82.6 6.58271
    endloop
  endfacet
  facet normal 0 1 0
    outer loop
      vertex 4.49813 -82.6 4.49813
      vertex 7.35703 -82.6 6.58271
      vertex 7.59254 -82.6 6.2116
    endloop
  endfacet
  facet normal 0 1 0
    outer loop
      vertex 4.49813 -82.6 4.49813
      vertex 7.59254 -82.6 6.2116
      vertex 7.77968 -82.6 5.8139
    endloop
  endfacet
  facet normal 0 1 0
    outer loop
      vertex 4.49813 -82.6 4.49813
      vertex 7.77968 -82.6 5.8139
      vertex 7.91551 -82.6 5.39588
    endloop
  endfacet
  facet normal 0 1 0
    outer loop
      vertex 4.49813 -82.6 4.49813
      vertex 7.91551 -82.6 5.39588
      vertex 7.99787 -82.6 4.96413
    endloop
  endfacet
  facet normal 0 1 -0
    outer loop
      vertex 8 -82.6 4.49813
      vertex 7.99787 -82.6 4.96413
      vertex 8.02547 -82.6 4.52547
    endloop
  endfacet
  facet normal 0 1 0
    outer loop
      vertex 7.99787 -82.6 4.96413
      vertex 8 -82.6 4.49813
      vertex 4.49813 -82.6 4.49813
    endloop
  endfacet
  facet normal 0 1 0
    outer loop
      vertex 4.89214 -82.6 8
      vertex 4.49813 -82.6 4.49813
      vertex 4.49813 -82.6 8
    endloop
  endfacet
  facet normal 0 1 0
    outer loop
      vertex 5.60703 -105.122 7.85416
      vertex 4.89214 -105.122 8
      vertex 5.1813 -105.122 7.96347
    endloop
  endfacet
  facet normal 0 1 0
    outer loop
      vertex 4.89214 -105.122 8
      vertex 5.60703 -105.122 7.85416
      vertex 7.69211 -105.122 6
    endloop
  endfacet
  facet normal 0 1 0
    outer loop
      vertex 7.69211 -105.122 6
      vertex 5.60703 -105.122 7.85416
      vertex 6.01569 -105.122 7.69236
    endloop
  endfacet
  facet normal 0 1 0
    outer loop
      vertex 7.69211 -105.122 6
      vertex 6.01569 -105.122 7.69236
      vertex 6.40086 -105.122 7.48061
    endloop
  endfacet
  facet normal 0 1 0
    outer loop
      vertex 7.69211 -105.122 6
      vertex 6.40086 -105.122 7.48061
      vertex 6.75645 -105.122 7.22226
    endloop
  endfacet
  facet normal 0 1 0
    outer loop
      vertex 7.69211 -105.122 6
      vertex 6.75645 -105.122 7.22226
      vertex 7.07686 -105.122 6.92138
    endloop
  endfacet
  facet normal 0 1 0
    outer loop
      vertex 7.69211 -105.122 6
      vertex 7.07686 -105.122 6.92138
      vertex 7.35703 -105.122 6.58271
    endloop
  endfacet
  facet normal 0 1 0
    outer loop
      vertex 7.69211 -105.122 6
      vertex 7.35703 -105.122 6.58271
      vertex 7.59254 -105.122 6.2116
    endloop
  endfacet
  facet normal 0 1 0
    outer loop
      vertex 4.89214 -105.122 8
      vertex 7.69211 -105.122 6
      vertex -6.35692 -105.122 6
    endloop
  endfacet
  facet normal 0 1 0
    outer loop
      vertex 4.89214 -105.122 8
      vertex -6.35692 -105.122 6
      vertex -6.35692 -105.122 8
    endloop
  endfacet
  facet normal 0 0.698711 0.715404
    outer loop
      vertex 7.69211 -105.122 6
      vertex -6.35073 -105.107 5.98535
      vertex -6.35692 -105.122 6
    endloop
  endfacet
  facet normal -0.0238396 0.710785 0.703005
    outer loop
      vertex 7.91551 -104.517 5.39588
      vertex 7.69211 -105.122 6
      vertex 7.77968 -104.935 5.8139
    endloop
  endfacet
  facet normal -0.0145742 0.709207 0.70485
    outer loop
      vertex 7.69211 -105.122 6
      vertex 7.91551 -104.517 5.39588
      vertex 7.99102 -104.122 5
    endloop
  endfacet
  facet normal 0 0.707107 0.707107
    outer loop
      vertex 7.69211 -105.122 6
      vertex 7.99102 -104.122 5
      vertex -5.93427 -104.122 5
    endloop
  endfacet
  facet normal 1.7881e-05 0.707229 0.706985
    outer loop
      vertex 7.69211 -105.122 6
      vertex -5.93427 -104.122 5
      vertex -6.35073 -105.107 5.98535
    endloop
  endfacet
  facet normal 0 1 0
    outer loop
      vertex 8.02547 -104.122 4.52547
      vertex 7.99102 -104.122 5
      vertex 7.99787 -104.122 4.96413
    endloop
  endfacet
  facet normal 0 1 0
    outer loop
      vertex 7.99102 -104.122 5
      vertex 8.02547 -104.122 4.52547
      vertex -5.93427 -104.122 5
    endloop
  endfacet
  facet normal 0 1 0
    outer loop
      vertex -5.93427 -104.122 0.5
      vertex 8.02547 -104.122 4.52547
      vertex 8.02547 -104.122 0.5
    endloop
  endfacet
  facet normal 0 1 0
    outer loop
      vertex 8.02547 -104.122 4.52547
      vertex -5.93427 -104.122 0.5
      vertex -5.93427 -104.122 5
    endloop
  endfacet
  facet normal 0 0.707694 -0.706519
    outer loop
      vertex 0.5 -104.4 0.221538
      vertex -5.93427 -104.122 0.5
      vertex 8.02547 -104.122 0.5
    endloop
  endfacet
  facet normal 0 0.707694 -0.706519
    outer loop
      vertex 0.5 -104.4 0.221538
      vertex 8.02547 -104.122 0.5
      vertex 5 -104.4 0.221538
    endloop
  endfacet
  facet normal 0 0.707107 -0.707107
    outer loop
      vertex 5.25581 -104.622 0
      vertex 8.02547 -104.122 0.5
      vertex 8.02547 -104.622 0
    endloop
  endfacet
  facet normal 0.000220098 0.706497 -0.707716
    outer loop
      vertex 8.02547 -104.122 0.5
      vertex 5.25581 -104.622 0
      vertex 5 -104.4 0.221538
    endloop
  endfacet
  facet normal -0.000109033 0.706433 -0.70778
    outer loop
      vertex 0.244191 -104.622 0
      vertex -5.93427 -104.122 0.5
      vertex 0.5 -104.4 0.221538
    endloop
  endfacet
  facet normal 0.00109528 0.713841 -0.700307
    outer loop
      vertex -5.93427 -104.122 0.5
      vertex 0.244191 -104.622 0
      vertex -5.93987 -104.135 0.48674
    endloop
  endfacet
  facet normal 0 0.706918 -0.707296
    outer loop
      vertex -5.93987 -104.135 0.48674
      vertex 0.244191 -104.622 0
      vertex -6.14559 -104.622 0
    endloop
  endfacet
  facet normal 0 -1 0
    outer loop
      vertex 4.49813 -106.2 4.49813
      vertex 4.89214 -106.2 8
      vertex 4.49813 -106.2 8
    endloop
  endfacet
  facet normal 0 -1 -0
    outer loop
      vertex 4.89214 -106.2 8
      vertex 4.49813 -106.2 4.49813
      vertex 5.1813 -106.2 7.96347
    endloop
  endfacet
  facet normal 0 -1 -0
    outer loop
      vertex 5.1813 -106.2 7.96347
      vertex 4.49813 -106.2 4.49813
      vertex 5.60703 -106.2 7.85416
    endloop
  endfacet
  facet normal 0 -1 -0
    outer loop
      vertex 5.60703 -106.2 7.85416
      vertex 4.49813 -106.2 4.49813
      vertex 6.01569 -106.2 7.69236
    endloop
  endfacet
  facet normal 0 -1 -0
    outer loop
      vertex 6.01569 -106.2 7.69236
      vertex 4.49813 -106.2 4.49813
      vertex 6.40086 -106.2 7.48061
    endloop
  endfacet
  facet normal 0 -1 -0
    outer loop
      vertex 6.40086 -106.2 7.48061
      vertex 4.49813 -106.2 4.49813
      vertex 6.75645 -106.2 7.22226
    endloop
  endfacet
  facet normal 0 -1 -0
    outer loop
      vertex 6.75645 -106.2 7.22226
      vertex 4.49813 -106.2 4.49813
      vertex 7.07686 -106.2 6.92138
    endloop
  endfacet
  facet normal 0 -1 -0
    outer loop
      vertex 7.07686 -106.2 6.92138
      vertex 4.49813 -106.2 4.49813
      vertex 7.35703 -106.2 6.58271
    endloop
  endfacet
  facet normal 0 -1 -0
    outer loop
      vertex 7.35703 -106.2 6.58271
      vertex 4.49813 -106.2 4.49813
      vertex 7.59254 -106.2 6.2116
    endloop
  endfacet
  facet normal 0 -1 -0
    outer loop
      vertex 7.59254 -106.2 6.2116
      vertex 4.49813 -106.2 4.49813
      vertex 7.77968 -106.2 5.8139
    endloop
  endfacet
  facet normal 0 -1 -0
    outer loop
      vertex 7.77968 -106.2 5.8139
      vertex 4.49813 -106.2 4.49813
      vertex 7.91551 -106.2 5.39588
    endloop
  endfacet
  facet normal 0 -1 -0
    outer loop
      vertex 7.91551 -106.2 5.39588
      vertex 4.49813 -106.2 4.49813
      vertex 7.99787 -106.2 4.96413
    endloop
  endfacet
  facet normal 0 -1 0
    outer loop
      vertex 8 -106.2 4.49813
      vertex 7.99787 -106.2 4.96413
      vertex 4.49813 -106.2 4.49813
    endloop
  endfacet
  facet normal 0 -1 0
    outer loop
      vertex 7.99787 -106.2 4.96413
      vertex 8 -106.2 4.49813
      vertex 8.02547 -106.2 4.52547
    endloop
  endfacet
  facet normal 0 -1 0
    outer loop
      vertex 8.02547 -106.2 0
      vertex 8 -106.2 4.49813
      vertex 8 -106.2 0
    endloop
  endfacet
  facet normal 0 -1 0
    outer loop
      vertex 8 -106.2 4.49813
      vertex 8.02547 -106.2 0
      vertex 8.02547 -106.2 4.52547
    endloop
  endfacet
  facet normal 0.866035 -0.499984 0
    outer loop
      vertex -12.547 -118 8
      vertex -6.35692 -107.278 6
      vertex -6.35692 -107.278 8
    endloop
  endfacet
  facet normal 0.866035 -0.499984 0
    outer loop
      vertex -6.35692 -107.278 6
      vertex -12.547 -118 8
      vertex -12.547 -118 6
    endloop
  endfacet
  facet normal 0.656334 -0.379345 0.652169
    outer loop
      vertex -12.547 -118 6
      vertex -5.93427 -108.278 5
      vertex -5.94497 -108.253 5.02531
    endloop
  endfacet
  facet normal 0.654658 -0.377949 0.654658
    outer loop
      vertex -5.93427 -108.278 5
      vertex -12.547 -118 6
      vertex -11.547 -118 5
    endloop
  endfacet
  facet normal 0.654614 -0.377925 0.654716
    outer loop
      vertex -5.94497 -108.253 5.02531
      vertex -6.35692 -107.278 6
      vertex -12.547 -118 6
    endloop
  endfacet
  facet normal 0.866036 -0.499982 0
    outer loop
      vertex -11.547 -118 5
      vertex -5.93427 -108.278 0.5
      vertex -5.93427 -108.278 5
    endloop
  endfacet
  facet normal 0.866036 -0.499982 0
    outer loop
      vertex -5.93427 -108.278 0.5
      vertex -11.547 -118 5
      vertex -11.547 -118 0.5
    endloop
  endfacet
  facet normal 0.654655 -0.377961 -0.654655
    outer loop
      vertex -12.047 -118 0
      vertex -6.14109 -107.789 0.0106451
      vertex -11.547 -118 0.5
    endloop
  endfacet
  facet normal 0.649258 -0.374832 -0.661789
    outer loop
      vertex -6.14109 -107.789 0.0106451
      vertex -12.047 -118 0
      vertex -6.14559 -107.778 0
    endloop
  endfacet
  facet normal 0.654787 -0.378023 -0.654487
    outer loop
      vertex -6.14109 -107.789 0.0106451
      vertex -5.93427 -108.278 0.5
      vertex -11.547 -118 0.5
    endloop
  endfacet
  facet normal 0 0 -1
    outer loop
      vertex 0 -129.8 0
      vertex -6.14559 -128.222 0
      vertex 0 -128.433 0
    endloop
  endfacet
  facet normal 0 0 -1
    outer loop
      vertex -6.81273 -129.8 0
      vertex -6.14559 -128.222 0
      vertex 0 -129.8 0
    endloop
  endfacet
  facet normal 0 0 -1
    outer loop
      vertex -13.6255 -118 0
      vertex -6.14559 -128.222 0
      vertex -6.81273 -129.8 0
    endloop
  endfacet
  facet normal 0 0 -1
    outer loop
      vertex -6.14559 -128.222 0
      vertex -13.6255 -118 0
      vertex -12.047 -118 0
    endloop
  endfacet
  facet normal -0 0 -1
    outer loop
      vertex 0.244191 -128.222 0
      vertex 0 -128.433 0
      vertex -6.14559 -128.222 0
    endloop
  endfacet
  facet normal 0 0 -1
    outer loop
      vertex -6.14559 -107.778 0
      vertex 0 -107.567 0
      vertex 0.244191 -107.778 0
    endloop
  endfacet
  facet normal 0 0 -1
    outer loop
      vertex -6.14559 -107.778 0
      vertex 0 -106.2 0
      vertex 0 -107.567 0
    endloop
  endfacet
  facet normal 0 0 -1
    outer loop
      vertex -6.14559 -107.778 0
      vertex -6.81273 -106.2 0
      vertex 0 -106.2 0
    endloop
  endfacet
  facet normal 0 0 -1
    outer loop
      vertex -13.6255 -118 0
      vertex -6.14559 -107.778 0
      vertex -12.047 -118 0
    endloop
  endfacet
  facet normal -0 0 -1
    outer loop
      vertex -6.14559 -107.778 0
      vertex -13.6255 -118 0
      vertex -6.81273 -106.2 0
    endloop
  endfacet
  facet normal 0 0 -1
    outer loop
      vertex 8.02547 -107.778 0
      vertex 8 -107.134 0
      vertex 8.02547 -106.2 0
    endloop
  endfacet
  facet normal 0 0 -1
    outer loop
      vertex 8.02547 -107.778 0
      vertex 6 -107.134 0
      vertex 8 -107.134 0
    endloop
  endfacet
  facet normal 0 -0 -1
    outer loop
      vertex 6 -107.134 0
      vertex 8.02547 -107.778 0
      vertex 5.25581 -107.778 0
    endloop
  endfacet
  facet normal -0 0 -1
    outer loop
      vertex 8.02547 -106.2 0
      vertex 8 -107.134 0
      vertex 8 -106.2 0
    endloop
  endfacet
  facet normal 0 0 -1
    outer loop
      vertex 8 -128.866 0
      vertex 8.02547 -129.8 0
      vertex 8 -129.8 0
    endloop
  endfacet
  facet normal 0 0 -1
    outer loop
      vertex 8.02547 -129.8 0
      vertex 8 -128.866 0
      vertex 8.02547 -128.222 0
    endloop
  endfacet
  facet normal 0 0 -1
    outer loop
      vertex 6 -128.866 0
      vertex 8.02547 -128.222 0
      vertex 8 -128.866 0
    endloop
  endfacet
  facet normal -0 0 -1
    outer loop
      vertex 8.02547 -128.222 0
      vertex 6 -128.866 0
      vertex 5.25581 -128.222 0
    endloop
  endfacet
  facet normal -0.866024 0.500002 0
    outer loop
      vertex -13.6255 -118 0
      vertex -6.81273 -106.2 8
      vertex -6.81273 -106.2 0
    endloop
  endfacet
  facet normal -0.866024 0.500002 0
    outer loop
      vertex -6.81273 -106.2 8
      vertex -13.6255 -118 0
      vertex -13.6255 -118 8
    endloop
  endfacet
  facet normal 0 1 -0
    outer loop
      vertex 8 -106.2 -6.81273
      vertex 4.49813 -106.2 4.49813
      vertex 8 -106.2 4.49813
    endloop
  endfacet
  facet normal 0 1 0
    outer loop
      vertex 4.49813 -106.2 4.49813
      vertex 8 -106.2 -6.81273
      vertex 0 -106.2 0
    endloop
  endfacet
  facet normal 0 1 0
    outer loop
      vertex 0 -106.2 0
      vertex 8 -106.2 -6.81273
      vertex 0 -106.2 -6.81273
    endloop
  endfacet
  facet normal 0 1 -0
    outer loop
      vertex 4.49813 -106.2 4.49813
      vertex -6.81273 -106.2 8
      vertex 4.49813 -106.2 8
    endloop
  endfacet
  facet normal 0 1 -0
    outer loop
      vertex 0 -106.2 0
      vertex -6.81273 -106.2 8
      vertex 4.49813 -106.2 4.49813
    endloop
  endfacet
  facet normal 0 1 0
    outer loop
      vertex -6.81273 -106.2 8
      vertex 0 -106.2 0
      vertex -6.81273 -106.2 0
    endloop
  endfacet
  facet normal 0 -1 0
    outer loop
      vertex -6.81273 -129.8 8
      vertex 4.49813 -129.8 4.49813
      vertex 4.49813 -129.8 8
    endloop
  endfacet
  facet normal 0 -1 0
    outer loop
      vertex 0 -129.8 0
      vertex -6.81273 -129.8 8
      vertex -6.81273 -129.8 0
    endloop
  endfacet
  facet normal 0 -1 0
    outer loop
      vertex -6.81273 -129.8 8
      vertex 0 -129.8 0
      vertex 4.49813 -129.8 4.49813
    endloop
  endfacet
  facet normal 0 -1 0
    outer loop
      vertex 8 -129.8 -6.81273
      vertex 4.49813 -129.8 4.49813
      vertex 0 -129.8 0
    endloop
  endfacet
  facet normal 0 -1 0
    outer loop
      vertex 8 -129.8 -6.81273
      vertex 0 -129.8 0
      vertex 0 -129.8 -6.81273
    endloop
  endfacet
  facet normal 0 -1 0
    outer loop
      vertex 4.49813 -129.8 4.49813
      vertex 8 -129.8 -6.81273
      vertex 8 -129.8 4.49813
    endloop
  endfacet
  facet normal -0 0 1
    outer loop
      vertex -6.81273 -106.2 8
      vertex -6.35692 -107.278 8
      vertex 4.49813 -106.2 8
    endloop
  endfacet
  facet normal 0 0 1
    outer loop
      vertex -13.6255 -118 8
      vertex -6.35692 -107.278 8
      vertex -6.81273 -106.2 8
    endloop
  endfacet
  facet normal 0 0 1
    outer loop
      vertex -6.35692 -107.278 8
      vertex -13.6255 -118 8
      vertex -12.547 -118 8
    endloop
  endfacet
  facet normal -0 0 1
    outer loop
      vertex 4.49813 -106.2 8
      vertex 4.89214 -107.278 8
      vertex 4.89214 -106.2 8
    endloop
  endfacet
  facet normal 0 0 1
    outer loop
      vertex 4.89214 -107.278 8
      vertex 4.49813 -106.2 8
      vertex -6.35692 -107.278 8
    endloop
  endfacet
  facet normal 0 0 1
    outer loop
      vertex 4.89214 -128.722 8
      vertex 4.49813 -129.8 8
      vertex 4.89214 -129.8 8
    endloop
  endfacet
  facet normal -0 0 1
    outer loop
      vertex -6.35692 -128.722 8
      vertex 4.49813 -129.8 8
      vertex 4.89214 -128.722 8
    endloop
  endfacet
  facet normal 0 0 1
    outer loop
      vertex -6.35692 -128.722 8
      vertex -6.81273 -129.8 8
      vertex 4.49813 -129.8 8
    endloop
  endfacet
  facet normal -0 0 1
    outer loop
      vertex -13.6255 -118 8
      vertex -6.35692 -128.722 8
      vertex -12.547 -118 8
    endloop
  endfacet
  facet normal 0 0 1
    outer loop
      vertex -6.35692 -128.722 8
      vertex -13.6255 -118 8
      vertex -6.81273 -129.8 8
    endloop
  endfacet
  facet normal 0.866035 0.499984 0
    outer loop
      vertex -6.35692 -128.722 8
      vertex -12.547 -118 6
      vertex -12.547 -118 8
    endloop
  endfacet
  facet normal 0.866035 0.499984 0
    outer loop
      vertex -12.547 -118 6
      vertex -6.35692 -128.722 8
      vertex -6.35692 -128.722 6
    endloop
  endfacet
  facet normal 0.654723 0.377986 0.654572
    outer loop
      vertex -6.35073 -128.707 5.98535
      vertex -5.93427 -127.722 5
      vertex -11.547 -118 5
    endloop
  endfacet
  facet normal 0.654655 0.377961 0.654655
    outer loop
      vertex -12.547 -118 6
      vertex -6.35073 -128.707 5.98535
      vertex -11.547 -118 5
    endloop
  endfacet
  facet normal 0.650837 0.375745 0.659717
    outer loop
      vertex -6.35073 -128.707 5.98535
      vertex -12.547 -118 6
      vertex -6.35692 -128.722 6
    endloop
  endfacet
  facet normal 0.866036 0.499982 0
    outer loop
      vertex -5.93427 -127.722 5
      vertex -11.547 -118 0.5
      vertex -11.547 -118 5
    endloop
  endfacet
  facet normal 0.866036 0.499982 0
    outer loop
      vertex -11.547 -118 0.5
      vertex -5.93427 -127.722 5
      vertex -5.93427 -127.722 0.5
    endloop
  endfacet
  facet normal 0.654579 0.377904 -0.654763
    outer loop
      vertex -5.93987 -127.735 0.48674
      vertex -6.14559 -128.222 0
      vertex -12.047 -118 0
    endloop
  endfacet
  facet normal 0.654658 0.377949 -0.654658
    outer loop
      vertex -5.93427 -127.722 0.5
      vertex -12.047 -118 0
      vertex -11.547 -118 0.5
    endloop
  endfacet
  facet normal 0.657687 0.380074 -0.650378
    outer loop
      vertex -12.047 -118 0
      vertex -5.93427 -127.722 0.5
      vertex -5.93987 -127.735 0.48674
    endloop
  endfacet
  facet normal -0.866024 -0.500002 0
    outer loop
      vertex -6.81273 -129.8 0
      vertex -13.6255 -118 8
      vertex -13.6255 -118 0
    endloop
  endfacet
  facet normal -0.866024 -0.500002 0
    outer loop
      vertex -13.6255 -118 8
      vertex -6.81273 -129.8 0
      vertex -6.81273 -129.8 8
    endloop
  endfacet
  facet normal -0.866023 0.500004 0
    outer loop
      vertex -13.0008 -115.05 6
      vertex -9.05515 -108.216 8
      vertex -9.05515 -108.216 6
    endloop
  endfacet
  facet normal -0.866023 0.500004 0
    outer loop
      vertex -9.05515 -108.216 8
      vertex -13.0008 -115.05 6
      vertex -13.0008 -115.05 8
    endloop
  endfacet
  facet normal -0.654724 0.378007 0.654559
    outer loop
      vertex -9.55515 -107.35 5
      vertex -13.8858 -115.05 5.115
      vertex -9.14792 -108.055 5.81447
    endloop
  endfacet
  facet normal -0.654653 0.377968 0.654653
    outer loop
      vertex -13.8858 -115.05 5.115
      vertex -9.55515 -107.35 5
      vertex -14.0008 -115.05 5
    endloop
  endfacet
  facet normal -0.654359 0.377798 0.655044
    outer loop
      vertex -9.14792 -108.055 5.81447
      vertex -13.0008 -115.05 6
      vertex -9.05515 -108.216 6
    endloop
  endfacet
  facet normal -0.654657 0.377952 0.654657
    outer loop
      vertex -13.0008 -115.05 6
      vertex -9.14792 -108.055 5.81447
      vertex -13.8858 -115.05 5.115
    endloop
  endfacet
  facet normal -0.866023 0.500004 0
    outer loop
      vertex -14.0008 -115.05 3
      vertex -9.55515 -107.35 5
      vertex -9.55515 -107.35 3
    endloop
  endfacet
  facet normal -0.866023 0.500004 0
    outer loop
      vertex -9.55515 -107.35 5
      vertex -14.0008 -115.05 3
      vertex -14.0008 -115.05 5
    endloop
  endfacet
  facet normal 0.866025 -0.500001 0
    outer loop
      vertex -11.9223 -115.05 8
      vertex -8.51592 -109.15 3
      vertex -8.51592 -109.15 8
    endloop
  endfacet
  facet normal 0.866025 -0.500001 0
    outer loop
      vertex -8.51592 -109.15 3
      vertex -11.9223 -115.05 8
      vertex -11.9223 -115.05 3
    endloop
  endfacet
  facet normal 0 0 1
    outer loop
      vertex -9.05515 -108.216 8
      vertex -11.9223 -115.05 8
      vertex -8.51592 -109.15 8
    endloop
  endfacet
  facet normal 0 -0 1
    outer loop
      vertex -11.9223 -115.05 8
      vertex -9.05515 -108.216 8
      vertex -13.0008 -115.05 8
    endloop
  endfacet
  facet normal 0 0 -1
    outer loop
      vertex -11.9223 -115.05 3
      vertex -9.55515 -107.35 3
      vertex -8.51592 -109.15 3
    endloop
  endfacet
  facet normal 0 0 -1
    outer loop
      vertex -9.55515 -107.35 3
      vertex -11.9223 -115.05 3
      vertex -14.0008 -115.05 3
    endloop
  endfacet
  facet normal 0 -1 0
    outer loop
      vertex -13.0008 -115.05 6
      vertex -11.9223 -115.05 8
      vertex -13.0008 -115.05 8
    endloop
  endfacet
  facet normal 0 -1 0
    outer loop
      vertex -11.9223 -115.05 3
      vertex -13.8858 -115.05 5.115
      vertex -14.0008 -115.05 5
    endloop
  endfacet
  facet normal 0 -1 0
    outer loop
      vertex -11.9223 -115.05 3
      vertex -14.0008 -115.05 5
      vertex -14.0008 -115.05 3
    endloop
  endfacet
  facet normal 0 -1 0
    outer loop
      vertex -13.8858 -115.05 5.115
      vertex -11.9223 -115.05 3
      vertex -13.0008 -115.05 6
    endloop
  endfacet
  facet normal 0 -1 0
    outer loop
      vertex -13.0008 -115.05 6
      vertex -11.9223 -115.05 3
      vertex -11.9223 -115.05 8
    endloop
  endfacet
  facet normal 0.866031 0.499989 0
    outer loop
      vertex -9.05515 -108.216 8
      vertex -8.51592 -109.15 8
      vertex -9.05515 -108.216 6
    endloop
  endfacet
  facet normal 0.865974 0.500089 -0.000107447
    outer loop
      vertex -8.51592 -109.15 3
      vertex -9.55515 -107.35 5
      vertex -9.14792 -108.055 5.81447
    endloop
  endfacet
  facet normal 0.866341 0.499452 0.000222894
    outer loop
      vertex -8.51592 -109.15 3
      vertex -9.14792 -108.055 5.81447
      vertex -9.05515 -108.216 6
    endloop
  endfacet
  facet normal 0.866031 0.499989 -0
    outer loop
      vertex -8.51592 -109.15 3
      vertex -9.05515 -108.216 6
      vertex -8.51592 -109.15 8
    endloop
  endfacet
  facet normal 0.866026 0.5 0
    outer loop
      vertex -9.55515 -107.35 5
      vertex -8.51592 -109.15 3
      vertex -9.55515 -107.35 3
    endloop
  endfacet
  facet normal -0.866023 -0.500004 0
    outer loop
      vertex -9.05515 -127.784 6
      vertex -13.0008 -120.95 8
      vertex -13.0008 -120.95 6
    endloop
  endfacet
  facet normal -0.866023 -0.500004 0
    outer loop
      vertex -13.0008 -120.95 8
      vertex -9.05515 -127.784 6
      vertex -9.05515 -127.784 8
    endloop
  endfacet
  facet normal -0.654637 -0.377979 0.654661
    outer loop
      vertex -14.0008 -120.95 5
      vertex -9.49765 -128.55 5.115
      vertex -13.1863 -120.95 5.81447
    endloop
  endfacet
  facet normal -0.654078 -0.377636 0.655418
    outer loop
      vertex -9.49765 -128.55 5.115
      vertex -14.0008 -120.95 5
      vertex -9.55515 -128.65 5
    endloop
  endfacet
  facet normal -0.654698 -0.377994 0.654592
    outer loop
      vertex -13.1863 -120.95 5.81447
      vertex -9.05515 -127.784 6
      vertex -13.0008 -120.95 6
    endloop
  endfacet
  facet normal -0.654729 -0.378014 0.65455
    outer loop
      vertex -9.05515 -127.784 6
      vertex -13.1863 -120.95 5.81447
      vertex -9.49765 -128.55 5.115
    endloop
  endfacet
  facet normal -0.866023 -0.500004 0
    outer loop
      vertex -9.55515 -128.65 3
      vertex -14.0008 -120.95 5
      vertex -14.0008 -120.95 3
    endloop
  endfacet
  facet normal -0.866023 -0.500004 0
    outer loop
      vertex -14.0008 -120.95 5
      vertex -9.55515 -128.65 3
      vertex -9.55515 -128.65 5
    endloop
  endfacet
  facet normal 0.866025 0.500001 0
    outer loop
      vertex -8.51592 -126.85 8
      vertex -11.9223 -120.95 3
      vertex -11.9223 -120.95 8
    endloop
  endfacet
  facet normal 0.866025 0.500001 0
    outer loop
      vertex -11.9223 -120.95 3
      vertex -8.51592 -126.85 8
      vertex -8.51592 -126.85 3
    endloop
  endfacet
  facet normal 0 0 1
    outer loop
      vertex -11.9223 -120.95 8
      vertex -9.05515 -127.784 8
      vertex -8.51592 -126.85 8
    endloop
  endfacet
  facet normal 0 0 1
    outer loop
      vertex -9.05515 -127.784 8
      vertex -11.9223 -120.95 8
      vertex -13.0008 -120.95 8
    endloop
  endfacet
  facet normal 0 0 -1
    outer loop
      vertex -9.55515 -128.65 3
      vertex -11.9223 -120.95 3
      vertex -8.51592 -126.85 3
    endloop
  endfacet
  facet normal -0 -0 -1
    outer loop
      vertex -11.9223 -120.95 3
      vertex -9.55515 -128.65 3
      vertex -14.0008 -120.95 3
    endloop
  endfacet
  facet normal 0.866031 -0.499989 0
    outer loop
      vertex -9.05515 -127.784 6
      vertex -8.51592 -126.85 8
      vertex -9.05515 -127.784 8
    endloop
  endfacet
  facet normal 0.866031 -0.499989 0
    outer loop
      vertex -8.51592 -126.85 8
      vertex -9.05515 -127.784 6
      vertex -8.51592 -126.85 3
    endloop
  endfacet
  facet normal 0.865937 -0.500153 -6.78485e-05
    outer loop
      vertex -9.49765 -128.55 5.115
      vertex -8.51592 -126.85 3
      vertex -9.05515 -127.784 6
    endloop
  endfacet
  facet normal 0.866458 -0.499249 0.00090052
    outer loop
      vertex -9.55515 -128.65 5
      vertex -8.51592 -126.85 3
      vertex -9.49765 -128.55 5.115
    endloop
  endfacet
  facet normal 0.866026 -0.5 0
    outer loop
      vertex -8.51592 -126.85 3
      vertex -9.55515 -128.65 5
      vertex -9.55515 -128.65 3
    endloop
  endfacet
  facet normal 0 1 0
    outer loop
      vertex -11.9223 -120.95 8
      vertex -13.0008 -120.95 6
      vertex -13.0008 -120.95 8
    endloop
  endfacet
  facet normal 0 1 0
    outer loop
      vertex -11.9223 -120.95 3
      vertex -13.1863 -120.95 5.81447
      vertex -13.0008 -120.95 6
    endloop
  endfacet
  facet normal 0 1 -0
    outer loop
      vertex -11.9223 -120.95 3
      vertex -13.0008 -120.95 6
      vertex -11.9223 -120.95 8
    endloop
  endfacet
  facet normal 0 1 0
    outer loop
      vertex -13.1863 -120.95 5.81447
      vertex -11.9223 -120.95 3
      vertex -14.0008 -120.95 5
    endloop
  endfacet
  facet normal 0 1 0
    outer loop
      vertex -14.0008 -120.95 5
      vertex -11.9223 -120.95 3
      vertex -14.0008 -120.95 3
    endloop
  endfacet
  facet normal 0 -1 0
    outer loop
      vertex -6.35692 -107.278 6
      vertex 4.89214 -107.278 8
      vertex -6.35692 -107.278 8
    endloop
  endfacet
  facet normal 0 -1 0
    outer loop
      vertex 7.69211 -107.278 6
      vertex 4.89214 -107.278 8
      vertex -6.35692 -107.278 6
    endloop
  endfacet
  facet normal -0 -1 -0
    outer loop
      vertex 5.60703 -107.278 7.85416
      vertex 4.89214 -107.278 8
      vertex 7.69211 -107.278 6
    endloop
  endfacet
  facet normal 0 -1 0
    outer loop
      vertex 4.89214 -107.278 8
      vertex 5.60703 -107.278 7.85416
      vertex 5.1813 -107.278 7.96347
    endloop
  endfacet
  facet normal 0 -1 0
    outer loop
      vertex 5.60703 -107.278 7.85416
      vertex 7.69211 -107.278 6
      vertex 6.01569 -107.278 7.69236
    endloop
  endfacet
  facet normal 0 -1 0
    outer loop
      vertex 6.01569 -107.278 7.69236
      vertex 7.69211 -107.278 6
      vertex 6.40086 -107.278 7.48061
    endloop
  endfacet
  facet normal 0 -1 0
    outer loop
      vertex 6.40086 -107.278 7.48061
      vertex 7.69211 -107.278 6
      vertex 6.75645 -107.278 7.22226
    endloop
  endfacet
  facet normal 0 -1 0
    outer loop
      vertex 6.75645 -107.278 7.22226
      vertex 7.69211 -107.278 6
      vertex 7.07686 -107.278 6.92138
    endloop
  endfacet
  facet normal 0 -1 0
    outer loop
      vertex 7.07686 -107.278 6.92138
      vertex 7.69211 -107.278 6
      vertex 7.35703 -107.278 6.58271
    endloop
  endfacet
  facet normal 0 -1 0
    outer loop
      vertex 7.35703 -107.278 6.58271
      vertex 7.69211 -107.278 6
      vertex 7.59254 -107.278 6.2116
    endloop
  endfacet
  facet normal 0 -0.706994 0.707219
    outer loop
      vertex -5.94497 -108.253 5.02531
      vertex 7.69211 -107.278 6
      vertex -6.35692 -107.278 6
    endloop
  endfacet
  facet normal 0.000620132 -0.711319 0.702869
    outer loop
      vertex -5.93427 -108.278 5
      vertex 7.69211 -107.278 6
      vertex -5.94497 -108.253 5.02531
    endloop
  endfacet
  facet normal 0 -0.707107 0.707107
    outer loop
      vertex 7.99102 -108.278 5
      vertex 7.69211 -107.278 6
      vertex -5.93427 -108.278 5
    endloop
  endfacet
  facet normal -0.0145742 -0.709207 0.70485
    outer loop
      vertex 7.91551 -107.883 5.39588
      vertex 7.69211 -107.278 6
      vertex 7.99102 -108.278 5
    endloop
  endfacet
  facet normal -0.0238396 -0.710785 0.703005
    outer loop
      vertex 7.69211 -107.278 6
      vertex 7.91551 -107.883 5.39588
      vertex 7.77968 -107.465 5.8139
    endloop
  endfacet
  facet normal 0 -1 0
    outer loop
      vertex 8.02547 -108.278 4.52547
      vertex 7.99102 -108.278 5
      vertex -5.93427 -108.278 5
    endloop
  endfacet
  facet normal 0 -1 0
    outer loop
      vertex 7.99102 -108.278 5
      vertex 8.02547 -108.278 4.52547
      vertex 7.99787 -108.278 4.96413
    endloop
  endfacet
  facet normal 0 -1 0
    outer loop
      vertex -5.93427 -108.278 0.5
      vertex 8.02547 -108.278 4.52547
      vertex -5.93427 -108.278 5
    endloop
  endfacet
  facet normal 0 -1 -0
    outer loop
      vertex 8.02547 -108.278 4.52547
      vertex -5.93427 -108.278 0.5
      vertex 8.02547 -108.278 0.5
    endloop
  endfacet
  facet normal 0 -0.707694 -0.706519
    outer loop
      vertex -5.93427 -108.278 0.5
      vertex 0.5 -108 0.221538
      vertex 8.02547 -108.278 0.5
    endloop
  endfacet
  facet normal 4.01424e-05 -0.707355 -0.706859
    outer loop
      vertex 0.244191 -107.778 0
      vertex -5.93427 -108.278 0.5
      vertex -6.14109 -107.789 0.0106451
    endloop
  endfacet
  facet normal -0 -0.695419 -0.718604
    outer loop
      vertex 0.244191 -107.778 0
      vertex -6.14109 -107.789 0.0106451
      vertex -6.14559 -107.778 0
    endloop
  endfacet
  facet normal -0.000109033 -0.706433 -0.70778
    outer loop
      vertex -5.93427 -108.278 0.5
      vertex 0.244191 -107.778 0
      vertex 0.5 -108 0.221538
    endloop
  endfacet
  facet normal -0 -0.707694 -0.706519
    outer loop
      vertex 5 -108 0.221538
      vertex 8.02547 -108.278 0.5
      vertex 0.5 -108 0.221538
    endloop
  endfacet
  facet normal 0.000220098 -0.706497 -0.707716
    outer loop
      vertex 5.25581 -107.778 0
      vertex 8.02547 -108.278 0.5
      vertex 5 -108 0.221538
    endloop
  endfacet
  facet normal 0 -0.707107 -0.707107
    outer loop
      vertex 8.02547 -108.278 0.5
      vertex 5.25581 -107.778 0
      vertex 8.02547 -107.778 0
    endloop
  endfacet
  facet normal 0 1 -0
    outer loop
      vertex 8.02547 -106.2 0
      vertex 8 -106.2 4.49813
      vertex 8.02547 -106.2 4.52547
    endloop
  endfacet
  facet normal 0 1 0
    outer loop
      vertex 8 -106.2 4.49813
      vertex 8.02547 -106.2 0
      vertex 8 -106.2 0
    endloop
  endfacet
  facet normal 0 1 0
    outer loop
      vertex 4.49813 -106.2 4.49813
      vertex 4.89214 -106.2 8
      vertex 5.1813 -106.2 7.96347
    endloop
  endfacet
  facet normal 0 1 0
    outer loop
      vertex 4.49813 -106.2 4.49813
      vertex 5.1813 -106.2 7.96347
      vertex 5.60703 -106.2 7.85416
    endloop
  endfacet
  facet normal 0 1 0
    outer loop
      vertex 4.49813 -106.2 4.49813
      vertex 5.60703 -106.2 7.85416
      vertex 6.01569 -106.2 7.69236
    endloop
  endfacet
  facet normal 0 1 0
    outer loop
      vertex 4.49813 -106.2 4.49813
      vertex 6.01569 -106.2 7.69236
      vertex 6.40086 -106.2 7.48061
    endloop
  endfacet
  facet normal 0 1 0
    outer loop
      vertex 4.49813 -106.2 4.49813
      vertex 6.40086 -106.2 7.48061
      vertex 6.75645 -106.2 7.22226
    endloop
  endfacet
  facet normal 0 1 0
    outer loop
      vertex 4.49813 -106.2 4.49813
      vertex 6.75645 -106.2 7.22226
      vertex 7.07686 -106.2 6.92138
    endloop
  endfacet
  facet normal 0 1 0
    outer loop
      vertex 4.49813 -106.2 4.49813
      vertex 7.07686 -106.2 6.92138
      vertex 7.35703 -106.2 6.58271
    endloop
  endfacet
  facet normal 0 1 0
    outer loop
      vertex 4.49813 -106.2 4.49813
      vertex 7.35703 -106.2 6.58271
      vertex 7.59254 -106.2 6.2116
    endloop
  endfacet
  facet normal 0 1 0
    outer loop
      vertex 4.49813 -106.2 4.49813
      vertex 7.59254 -106.2 6.2116
      vertex 7.77968 -106.2 5.8139
    endloop
  endfacet
  facet normal 0 1 0
    outer loop
      vertex 4.49813 -106.2 4.49813
      vertex 7.77968 -106.2 5.8139
      vertex 7.91551 -106.2 5.39588
    endloop
  endfacet
  facet normal 0 1 0
    outer loop
      vertex 4.49813 -106.2 4.49813
      vertex 7.91551 -106.2 5.39588
      vertex 7.99787 -106.2 4.96413
    endloop
  endfacet
  facet normal 0 1 -0
    outer loop
      vertex 8 -106.2 4.49813
      vertex 7.99787 -106.2 4.96413
      vertex 8.02547 -106.2 4.52547
    endloop
  endfacet
  facet normal 0 1 0
    outer loop
      vertex 7.99787 -106.2 4.96413
      vertex 8 -106.2 4.49813
      vertex 4.49813 -106.2 4.49813
    endloop
  endfacet
  facet normal 0 1 0
    outer loop
      vertex 4.89214 -106.2 8
      vertex 4.49813 -106.2 4.49813
      vertex 4.49813 -106.2 8
    endloop
  endfacet
  facet normal 0 1 0
    outer loop
      vertex 5.60703 -128.722 7.85416
      vertex 4.89214 -128.722 8
      vertex 5.1813 -128.722 7.96347
    endloop
  endfacet
  facet normal 0 1 0
    outer loop
      vertex 4.89214 -128.722 8
      vertex 5.60703 -128.722 7.85416
      vertex 7.69211 -128.722 6
    endloop
  endfacet
  facet normal 0 1 0
    outer loop
      vertex 7.69211 -128.722 6
      vertex 5.60703 -128.722 7.85416
      vertex 6.01569 -128.722 7.69236
    endloop
  endfacet
  facet normal 0 1 0
    outer loop
      vertex 7.69211 -128.722 6
      vertex 6.01569 -128.722 7.69236
      vertex 6.40086 -128.722 7.48061
    endloop
  endfacet
  facet normal 0 1 0
    outer loop
      vertex 7.69211 -128.722 6
      vertex 6.40086 -128.722 7.48061
      vertex 6.75645 -128.722 7.22226
    endloop
  endfacet
  facet normal 0 1 0
    outer loop
      vertex 7.69211 -128.722 6
      vertex 6.75645 -128.722 7.22226
      vertex 7.07686 -128.722 6.92138
    endloop
  endfacet
  facet normal 0 1 0
    outer loop
      vertex 7.69211 -128.722 6
      vertex 7.07686 -128.722 6.92138
      vertex 7.35703 -128.722 6.58271
    endloop
  endfacet
  facet normal 0 1 0
    outer loop
      vertex 7.69211 -128.722 6
      vertex 7.35703 -128.722 6.58271
      vertex 7.59254 -128.722 6.2116
    endloop
  endfacet
  facet normal 0 1 0
    outer loop
      vertex 4.89214 -128.722 8
      vertex 7.69211 -128.722 6
      vertex -6.35692 -128.722 6
    endloop
  endfacet
  facet normal 0 1 0
    outer loop
      vertex 4.89214 -128.722 8
      vertex -6.35692 -128.722 6
      vertex -6.35692 -128.722 8
    endloop
  endfacet
  facet normal 0 0.698711 0.715404
    outer loop
      vertex 7.69211 -128.722 6
      vertex -6.35073 -128.707 5.98535
      vertex -6.35692 -128.722 6
    endloop
  endfacet
  facet normal -0.0238396 0.710785 0.703005
    outer loop
      vertex 7.91551 -128.117 5.39588
      vertex 7.69211 -128.722 6
      vertex 7.77968 -128.535 5.8139
    endloop
  endfacet
  facet normal -0.0145742 0.709207 0.70485
    outer loop
      vertex 7.69211 -128.722 6
      vertex 7.91551 -128.117 5.39588
      vertex 7.99102 -127.722 5
    endloop
  endfacet
  facet normal 0 0.707107 0.707107
    outer loop
      vertex 7.69211 -128.722 6
      vertex 7.99102 -127.722 5
      vertex -5.93427 -127.722 5
    endloop
  endfacet
  facet normal 1.7881e-05 0.707229 0.706985
    outer loop
      vertex 7.69211 -128.722 6
      vertex -5.93427 -127.722 5
      vertex -6.35073 -128.707 5.98535
    endloop
  endfacet
  facet normal 0 1 0
    outer loop
      vertex 8.02547 -127.722 4.52547
      vertex 7.99102 -127.722 5
      vertex 7.99787 -127.722 4.96413
    endloop
  endfacet
  facet normal 0 1 0
    outer loop
      vertex 7.99102 -127.722 5
      vertex 8.02547 -127.722 4.52547
      vertex -5.93427 -127.722 5
    endloop
  endfacet
  facet normal 0 1 0
    outer loop
      vertex -5.93427 -127.722 0.5
      vertex 8.02547 -127.722 4.52547
      vertex 8.02547 -127.722 0.5
    endloop
  endfacet
  facet normal 0 1 0
    outer loop
      vertex 8.02547 -127.722 4.52547
      vertex -5.93427 -127.722 0.5
      vertex -5.93427 -127.722 5
    endloop
  endfacet
  facet normal 0 0.707694 -0.706519
    outer loop
      vertex 0.5 -128 0.221538
      vertex -5.93427 -127.722 0.5
      vertex 8.02547 -127.722 0.5
    endloop
  endfacet
  facet normal 0 0.707694 -0.706519
    outer loop
      vertex 0.5 -128 0.221538
      vertex 8.02547 -127.722 0.5
      vertex 5 -128 0.221538
    endloop
  endfacet
  facet normal 0 0.707107 -0.707107
    outer loop
      vertex 5.25581 -128.222 0
      vertex 8.02547 -127.722 0.5
      vertex 8.02547 -128.222 0
    endloop
  endfacet
  facet normal 0.000220098 0.706497 -0.707716
    outer loop
      vertex 8.02547 -127.722 0.5
      vertex 5.25581 -128.222 0
      vertex 5 -128 0.221538
    endloop
  endfacet
  facet normal -0.000109033 0.706433 -0.70778
    outer loop
      vertex 0.244191 -128.222 0
      vertex -5.93427 -127.722 0.5
      vertex 0.5 -128 0.221538
    endloop
  endfacet
  facet normal 0.00109528 0.713841 -0.700307
    outer loop
      vertex -5.93427 -127.722 0.5
      vertex 0.244191 -128.222 0
      vertex -5.93987 -127.735 0.48674
    endloop
  endfacet
  facet normal 0 0.706918 -0.707296
    outer loop
      vertex -5.93987 -127.735 0.48674
      vertex 0.244191 -128.222 0
      vertex -6.14559 -128.222 0
    endloop
  endfacet
  facet normal 0 -1 0
    outer loop
      vertex 4.49813 -129.8 4.49813
      vertex 4.89214 -129.8 8
      vertex 4.49813 -129.8 8
    endloop
  endfacet
  facet normal 0 -1 -0
    outer loop
      vertex 4.89214 -129.8 8
      vertex 4.49813 -129.8 4.49813
      vertex 5.1813 -129.8 7.96347
    endloop
  endfacet
  facet normal 0 -1 -0
    outer loop
      vertex 5.1813 -129.8 7.96347
      vertex 4.49813 -129.8 4.49813
      vertex 5.60703 -129.8 7.85416
    endloop
  endfacet
  facet normal 0 -1 -0
    outer loop
      vertex 5.60703 -129.8 7.85416
      vertex 4.49813 -129.8 4.49813
      vertex 6.01569 -129.8 7.69236
    endloop
  endfacet
  facet normal 0 -1 -0
    outer loop
      vertex 6.01569 -129.8 7.69236
      vertex 4.49813 -129.8 4.49813
      vertex 6.40086 -129.8 7.48061
    endloop
  endfacet
  facet normal 0 -1 -0
    outer loop
      vertex 6.40086 -129.8 7.48061
      vertex 4.49813 -129.8 4.49813
      vertex 6.75645 -129.8 7.22226
    endloop
  endfacet
  facet normal 0 -1 -0
    outer loop
      vertex 6.75645 -129.8 7.22226
      vertex 4.49813 -129.8 4.49813
      vertex 7.07686 -129.8 6.92138
    endloop
  endfacet
  facet normal 0 -1 -0
    outer loop
      vertex 7.07686 -129.8 6.92138
      vertex 4.49813 -129.8 4.49813
      vertex 7.35703 -129.8 6.58271
    endloop
  endfacet
  facet normal 0 -1 -0
    outer loop
      vertex 7.35703 -129.8 6.58271
      vertex 4.49813 -129.8 4.49813
      vertex 7.59254 -129.8 6.2116
    endloop
  endfacet
  facet normal 0 -1 -0
    outer loop
      vertex 7.59254 -129.8 6.2116
      vertex 4.49813 -129.8 4.49813
      vertex 7.77968 -129.8 5.8139
    endloop
  endfacet
  facet normal 0 -1 -0
    outer loop
      vertex 7.77968 -129.8 5.8139
      vertex 4.49813 -129.8 4.49813
      vertex 7.91551 -129.8 5.39588
    endloop
  endfacet
  facet normal 0 -1 -0
    outer loop
      vertex 7.91551 -129.8 5.39588
      vertex 4.49813 -129.8 4.49813
      vertex 7.99787 -129.8 4.96413
    endloop
  endfacet
  facet normal 0 -1 0
    outer loop
      vertex 8 -129.8 4.49813
      vertex 7.99787 -129.8 4.96413
      vertex 4.49813 -129.8 4.49813
    endloop
  endfacet
  facet normal 0 -1 0
    outer loop
      vertex 7.99787 -129.8 4.96413
      vertex 8 -129.8 4.49813
      vertex 8.02547 -129.8 4.52547
    endloop
  endfacet
  facet normal 0 -1 0
    outer loop
      vertex 8.02547 -129.8 0
      vertex 8 -129.8 4.49813
      vertex 8 -129.8 0
    endloop
  endfacet
  facet normal 0 -1 0
    outer loop
      vertex 8 -129.8 4.49813
      vertex 8.02547 -129.8 0
      vertex 8.02547 -129.8 4.52547
    endloop
  endfacet
  facet normal 0.866035 -0.499984 0
    outer loop
      vertex -12.547 -141.6 8
      vertex -6.35692 -130.878 6
      vertex -6.35692 -130.878 8
    endloop
  endfacet
  facet normal 0.866035 -0.499984 0
    outer loop
      vertex -6.35692 -130.878 6
      vertex -12.547 -141.6 8
      vertex -12.547 -141.6 6
    endloop
  endfacet
  facet normal 0.656334 -0.379345 0.652169
    outer loop
      vertex -12.547 -141.6 6
      vertex -5.93427 -131.878 5
      vertex -5.94497 -131.853 5.02531
    endloop
  endfacet
  facet normal 0.654658 -0.377949 0.654658
    outer loop
      vertex -5.93427 -131.878 5
      vertex -12.547 -141.6 6
      vertex -11.547 -141.6 5
    endloop
  endfacet
  facet normal 0.654614 -0.377925 0.654716
    outer loop
      vertex -5.94497 -131.853 5.02531
      vertex -6.35692 -130.878 6
      vertex -12.547 -141.6 6
    endloop
  endfacet
  facet normal 0.866036 -0.499982 0
    outer loop
      vertex -11.547 -141.6 5
      vertex -5.93427 -131.878 0.5
      vertex -5.93427 -131.878 5
    endloop
  endfacet
  facet normal 0.866036 -0.499982 0
    outer loop
      vertex -5.93427 -131.878 0.5
      vertex -11.547 -141.6 5
      vertex -11.547 -141.6 0.5
    endloop
  endfacet
  facet normal 0.654655 -0.377961 -0.654655
    outer loop
      vertex -12.047 -141.6 0
      vertex -6.14109 -131.389 0.0106451
      vertex -11.547 -141.6 0.5
    endloop
  endfacet
  facet normal 0.649258 -0.374832 -0.661789
    outer loop
      vertex -6.14109 -131.389 0.0106451
      vertex -12.047 -141.6 0
      vertex -6.14559 -131.378 0
    endloop
  endfacet
  facet normal 0.654787 -0.378023 -0.654487
    outer loop
      vertex -6.14109 -131.389 0.0106451
      vertex -5.93427 -131.878 0.5
      vertex -11.547 -141.6 0.5
    endloop
  endfacet
  facet normal 0 0 -1
    outer loop
      vertex 0 -153.4 0
      vertex -6.14559 -151.822 0
      vertex 0 -152.033 0
    endloop
  endfacet
  facet normal 0 0 -1
    outer loop
      vertex -6.81273 -153.4 0
      vertex -6.14559 -151.822 0
      vertex 0 -153.4 0
    endloop
  endfacet
  facet normal 0 0 -1
    outer loop
      vertex -13.6255 -141.6 0
      vertex -6.14559 -151.822 0
      vertex -6.81273 -153.4 0
    endloop
  endfacet
  facet normal 0 0 -1
    outer loop
      vertex -6.14559 -151.822 0
      vertex -13.6255 -141.6 0
      vertex -12.047 -141.6 0
    endloop
  endfacet
  facet normal -0 0 -1
    outer loop
      vertex 0.244191 -151.822 0
      vertex 0 -152.033 0
      vertex -6.14559 -151.822 0
    endloop
  endfacet
  facet normal 0 0 -1
    outer loop
      vertex -6.14559 -131.378 0
      vertex 0 -131.167 0
      vertex 0.244191 -131.378 0
    endloop
  endfacet
  facet normal 0 0 -1
    outer loop
      vertex -6.14559 -131.378 0
      vertex 0 -129.8 0
      vertex 0 -131.167 0
    endloop
  endfacet
  facet normal 0 0 -1
    outer loop
      vertex -6.14559 -131.378 0
      vertex -6.81273 -129.8 0
      vertex 0 -129.8 0
    endloop
  endfacet
  facet normal 0 0 -1
    outer loop
      vertex -13.6255 -141.6 0
      vertex -6.14559 -131.378 0
      vertex -12.047 -141.6 0
    endloop
  endfacet
  facet normal -0 0 -1
    outer loop
      vertex -6.14559 -131.378 0
      vertex -13.6255 -141.6 0
      vertex -6.81273 -129.8 0
    endloop
  endfacet
  facet normal 0 0 -1
    outer loop
      vertex 8.02547 -131.378 0
      vertex 8 -130.734 0
      vertex 8.02547 -129.8 0
    endloop
  endfacet
  facet normal 0 0 -1
    outer loop
      vertex 8.02547 -131.378 0
      vertex 6 -130.734 0
      vertex 8 -130.734 0
    endloop
  endfacet
  facet normal 0 -0 -1
    outer loop
      vertex 6 -130.734 0
      vertex 8.02547 -131.378 0
      vertex 5.25581 -131.378 0
    endloop
  endfacet
  facet normal -0 0 -1
    outer loop
      vertex 8.02547 -129.8 0
      vertex 8 -130.734 0
      vertex 8 -129.8 0
    endloop
  endfacet
  facet normal 0 0 -1
    outer loop
      vertex 8 -152.466 0
      vertex 8.02547 -153.4 0
      vertex 8 -153.4 0
    endloop
  endfacet
  facet normal 0 0 -1
    outer loop
      vertex 8.02547 -153.4 0
      vertex 8 -152.466 0
      vertex 8.02547 -151.822 0
    endloop
  endfacet
  facet normal 0 0 -1
    outer loop
      vertex 6 -152.466 0
      vertex 8.02547 -151.822 0
      vertex 8 -152.466 0
    endloop
  endfacet
  facet normal -0 0 -1
    outer loop
      vertex 8.02547 -151.822 0
      vertex 6 -152.466 0
      vertex 5.25581 -151.822 0
    endloop
  endfacet
  facet normal -0.866024 0.500002 0
    outer loop
      vertex -13.6255 -141.6 0
      vertex -6.81273 -129.8 8
      vertex -6.81273 -129.8 0
    endloop
  endfacet
  facet normal -0.866024 0.500002 0
    outer loop
      vertex -6.81273 -129.8 8
      vertex -13.6255 -141.6 0
      vertex -13.6255 -141.6 8
    endloop
  endfacet
  facet normal 0 1 -0
    outer loop
      vertex 8 -129.8 -6.81273
      vertex 4.49813 -129.8 4.49813
      vertex 8 -129.8 4.49813
    endloop
  endfacet
  facet normal 0 1 0
    outer loop
      vertex 4.49813 -129.8 4.49813
      vertex 8 -129.8 -6.81273
      vertex 0 -129.8 0
    endloop
  endfacet
  facet normal 0 1 0
    outer loop
      vertex 0 -129.8 0
      vertex 8 -129.8 -6.81273
      vertex 0 -129.8 -6.81273
    endloop
  endfacet
  facet normal 0 1 -0
    outer loop
      vertex 4.49813 -129.8 4.49813
      vertex -6.81273 -129.8 8
      vertex 4.49813 -129.8 8
    endloop
  endfacet
  facet normal 0 1 -0
    outer loop
      vertex 0 -129.8 0
      vertex -6.81273 -129.8 8
      vertex 4.49813 -129.8 4.49813
    endloop
  endfacet
  facet normal 0 1 0
    outer loop
      vertex -6.81273 -129.8 8
      vertex 0 -129.8 0
      vertex -6.81273 -129.8 0
    endloop
  endfacet
  facet normal 0 -1 0
    outer loop
      vertex -6.81273 -153.4 8
      vertex 4.49813 -153.4 4.49813
      vertex 4.49813 -153.4 8
    endloop
  endfacet
  facet normal 0 -1 0
    outer loop
      vertex 0 -153.4 0
      vertex -6.81273 -153.4 8
      vertex -6.81273 -153.4 0
    endloop
  endfacet
  facet normal 0 -1 0
    outer loop
      vertex -6.81273 -153.4 8
      vertex 0 -153.4 0
      vertex 4.49813 -153.4 4.49813
    endloop
  endfacet
  facet normal 0 -1 0
    outer loop
      vertex 8 -153.4 -6.81273
      vertex 4.49813 -153.4 4.49813
      vertex 0 -153.4 0
    endloop
  endfacet
  facet normal 0 -1 0
    outer loop
      vertex 8 -153.4 -6.81273
      vertex 0 -153.4 0
      vertex 0 -153.4 -6.81273
    endloop
  endfacet
  facet normal 0 -1 0
    outer loop
      vertex 4.49813 -153.4 4.49813
      vertex 8 -153.4 -6.81273
      vertex 8 -153.4 4.49813
    endloop
  endfacet
  facet normal -0 0 1
    outer loop
      vertex 4.49813 -129.8 8
      vertex 4.89214 -130.878 8
      vertex 4.89214 -129.8 8
    endloop
  endfacet
  facet normal 0 0 1
    outer loop
      vertex 4.49813 -129.8 8
      vertex -6.35692 -130.878 8
      vertex 4.89214 -130.878 8
    endloop
  endfacet
  facet normal -0 0 1
    outer loop
      vertex -6.81273 -129.8 8
      vertex -6.35692 -130.878 8
      vertex 4.49813 -129.8 8
    endloop
  endfacet
  facet normal 0 0 1
    outer loop
      vertex -13.6255 -141.6 8
      vertex -6.35692 -130.878 8
      vertex -6.81273 -129.8 8
    endloop
  endfacet
  facet normal 0 0 1
    outer loop
      vertex -6.35692 -130.878 8
      vertex -13.6255 -141.6 8
      vertex -12.547 -141.6 8
    endloop
  endfacet
  facet normal 0 0 1
    outer loop
      vertex 4.89214 -152.322 8
      vertex 4.49813 -153.4 8
      vertex 4.89214 -153.4 8
    endloop
  endfacet
  facet normal -0 0 1
    outer loop
      vertex -6.35692 -152.322 8
      vertex 4.49813 -153.4 8
      vertex 4.89214 -152.322 8
    endloop
  endfacet
  facet normal 0 0 1
    outer loop
      vertex -6.35692 -152.322 8
      vertex -6.81273 -153.4 8
      vertex 4.49813 -153.4 8
    endloop
  endfacet
  facet normal -0 0 1
    outer loop
      vertex -13.6255 -141.6 8
      vertex -6.35692 -152.322 8
      vertex -12.547 -141.6 8
    endloop
  endfacet
  facet normal 0 0 1
    outer loop
      vertex -6.35692 -152.322 8
      vertex -13.6255 -141.6 8
      vertex -6.81273 -153.4 8
    endloop
  endfacet
  facet normal 0.866035 0.499984 0
    outer loop
      vertex -6.35692 -152.322 8
      vertex -12.547 -141.6 6
      vertex -12.547 -141.6 8
    endloop
  endfacet
  facet normal 0.866035 0.499984 0
    outer loop
      vertex -12.547 -141.6 6
      vertex -6.35692 -152.322 8
      vertex -6.35692 -152.322 6
    endloop
  endfacet
  facet normal 0.654723 0.377986 0.654572
    outer loop
      vertex -6.35073 -152.307 5.98535
      vertex -5.93427 -151.322 5
      vertex -11.547 -141.6 5
    endloop
  endfacet
  facet normal 0.654655 0.377961 0.654655
    outer loop
      vertex -12.547 -141.6 6
      vertex -6.35073 -152.307 5.98535
      vertex -11.547 -141.6 5
    endloop
  endfacet
  facet normal 0.650837 0.375745 0.659717
    outer loop
      vertex -6.35073 -152.307 5.98535
      vertex -12.547 -141.6 6
      vertex -6.35692 -152.322 6
    endloop
  endfacet
  facet normal 0.866036 0.499982 0
    outer loop
      vertex -5.93427 -151.322 5
      vertex -11.547 -141.6 0.5
      vertex -11.547 -141.6 5
    endloop
  endfacet
  facet normal 0.866036 0.499982 0
    outer loop
      vertex -11.547 -141.6 0.5
      vertex -5.93427 -151.322 5
      vertex -5.93427 -151.322 0.5
    endloop
  endfacet
  facet normal 0.654579 0.377904 -0.654763
    outer loop
      vertex -5.93987 -151.335 0.48674
      vertex -6.14559 -151.822 0
      vertex -12.047 -141.6 0
    endloop
  endfacet
  facet normal 0.654658 0.377949 -0.654658
    outer loop
      vertex -5.93427 -151.322 0.5
      vertex -12.047 -141.6 0
      vertex -11.547 -141.6 0.5
    endloop
  endfacet
  facet normal 0.657687 0.380074 -0.650378
    outer loop
      vertex -12.047 -141.6 0
      vertex -5.93427 -151.322 0.5
      vertex -5.93987 -151.335 0.48674
    endloop
  endfacet
  facet normal -0.866024 -0.500002 0
    outer loop
      vertex -6.81273 -153.4 0
      vertex -13.6255 -141.6 8
      vertex -13.6255 -141.6 0
    endloop
  endfacet
  facet normal -0.866024 -0.500002 0
    outer loop
      vertex -13.6255 -141.6 8
      vertex -6.81273 -153.4 0
      vertex -6.81273 -153.4 8
    endloop
  endfacet
  facet normal -0.866023 0.500004 0
    outer loop
      vertex -13.0008 -138.65 6
      vertex -9.05515 -131.816 8
      vertex -9.05515 -131.816 6
    endloop
  endfacet
  facet normal -0.866023 0.500004 0
    outer loop
      vertex -9.05515 -131.816 8
      vertex -13.0008 -138.65 6
      vertex -13.0008 -138.65 8
    endloop
  endfacet
  facet normal -0.654723 0.378009 0.654559
    outer loop
      vertex -14.0008 -138.65 5
      vertex -9.14792 -131.655 5.81447
      vertex -9.55515 -130.95 5
    endloop
  endfacet
  facet normal -0.654657 0.377952 0.654657
    outer loop
      vertex -9.14792 -131.655 5.81447
      vertex -14.0008 -138.65 5
      vertex -13.8858 -138.65 5.115
    endloop
  endfacet
  facet normal -0.654359 0.377798 0.655044
    outer loop
      vertex -9.14792 -131.655 5.81447
      vertex -13.0008 -138.65 6
      vertex -9.05515 -131.816 6
    endloop
  endfacet
  facet normal -0.654657 0.377952 0.654657
    outer loop
      vertex -13.0008 -138.65 6
      vertex -9.14792 -131.655 5.81447
      vertex -13.8858 -138.65 5.115
    endloop
  endfacet
  facet normal -0.866023 0.500004 0
    outer loop
      vertex -14.0008 -138.65 3
      vertex -9.55515 -130.95 5
      vertex -9.55515 -130.95 3
    endloop
  endfacet
  facet normal -0.866023 0.500004 0
    outer loop
      vertex -9.55515 -130.95 5
      vertex -14.0008 -138.65 3
      vertex -14.0008 -138.65 5
    endloop
  endfacet
  facet normal 0.866025 -0.500001 0
    outer loop
      vertex -11.9223 -138.65 8
      vertex -8.51592 -132.75 3
      vertex -8.51592 -132.75 8
    endloop
  endfacet
  facet normal 0.866025 -0.500001 0
    outer loop
      vertex -8.51592 -132.75 3
      vertex -11.9223 -138.65 8
      vertex -11.9223 -138.65 3
    endloop
  endfacet
  facet normal 0 0 1
    outer loop
      vertex -9.05515 -131.816 8
      vertex -11.9223 -138.65 8
      vertex -8.51592 -132.75 8
    endloop
  endfacet
  facet normal 0 -0 1
    outer loop
      vertex -11.9223 -138.65 8
      vertex -9.05515 -131.816 8
      vertex -13.0008 -138.65 8
    endloop
  endfacet
  facet normal 0 0 -1
    outer loop
      vertex -11.9223 -138.65 3
      vertex -9.55515 -130.95 3
      vertex -8.51592 -132.75 3
    endloop
  endfacet
  facet normal 0 0 -1
    outer loop
      vertex -9.55515 -130.95 3
      vertex -11.9223 -138.65 3
      vertex -14.0008 -138.65 3
    endloop
  endfacet
  facet normal 0 -1 0
    outer loop
      vertex -13.0008 -138.65 6
      vertex -11.9223 -138.65 8
      vertex -13.0008 -138.65 8
    endloop
  endfacet
  facet normal 0 -1 0
    outer loop
      vertex -11.9223 -138.65 3
      vertex -13.8858 -138.65 5.115
      vertex -14.0008 -138.65 5
    endloop
  endfacet
  facet normal 0 -1 0
    outer loop
      vertex -11.9223 -138.65 3
      vertex -14.0008 -138.65 5
      vertex -14.0008 -138.65 3
    endloop
  endfacet
  facet normal 0 -1 0
    outer loop
      vertex -13.8858 -138.65 5.115
      vertex -11.9223 -138.65 3
      vertex -13.0008 -138.65 6
    endloop
  endfacet
  facet normal 0 -1 0
    outer loop
      vertex -13.0008 -138.65 6
      vertex -11.9223 -138.65 3
      vertex -11.9223 -138.65 8
    endloop
  endfacet
  facet normal 0.866031 0.499989 0
    outer loop
      vertex -9.05515 -131.816 8
      vertex -8.51592 -132.75 8
      vertex -9.05515 -131.816 6
    endloop
  endfacet
  facet normal 0.865974 0.500089 -0.000107447
    outer loop
      vertex -8.51592 -132.75 3
      vertex -9.55515 -130.95 5
      vertex -9.14792 -131.655 5.81447
    endloop
  endfacet
  facet normal 0.866341 0.499452 0.000222894
    outer loop
      vertex -8.51592 -132.75 3
      vertex -9.14792 -131.655 5.81447
      vertex -9.05515 -131.816 6
    endloop
  endfacet
  facet normal 0.866031 0.499989 -0
    outer loop
      vertex -8.51592 -132.75 3
      vertex -9.05515 -131.816 6
      vertex -8.51592 -132.75 8
    endloop
  endfacet
  facet normal 0.866026 0.5 0
    outer loop
      vertex -9.55515 -130.95 5
      vertex -8.51592 -132.75 3
      vertex -9.55515 -130.95 3
    endloop
  endfacet
  facet normal -0.866023 -0.500004 0
    outer loop
      vertex -9.05515 -151.384 6
      vertex -13.0008 -144.55 8
      vertex -13.0008 -144.55 6
    endloop
  endfacet
  facet normal -0.866023 -0.500004 0
    outer loop
      vertex -13.0008 -144.55 8
      vertex -9.05515 -151.384 6
      vertex -9.05515 -151.384 8
    endloop
  endfacet
  facet normal -0.654637 -0.377979 0.654661
    outer loop
      vertex -14.0008 -144.55 5
      vertex -9.49765 -152.15 5.115
      vertex -13.1863 -144.55 5.81447
    endloop
  endfacet
  facet normal -0.654078 -0.377636 0.655418
    outer loop
      vertex -9.49765 -152.15 5.115
      vertex -14.0008 -144.55 5
      vertex -9.55515 -152.25 5
    endloop
  endfacet
  facet normal -0.654698 -0.377994 0.654592
    outer loop
      vertex -13.1863 -144.55 5.81447
      vertex -9.05515 -151.384 6
      vertex -13.0008 -144.55 6
    endloop
  endfacet
  facet normal -0.654729 -0.378014 0.65455
    outer loop
      vertex -9.05515 -151.384 6
      vertex -13.1863 -144.55 5.81447
      vertex -9.49765 -152.15 5.115
    endloop
  endfacet
  facet normal -0.866023 -0.500004 0
    outer loop
      vertex -9.55515 -152.25 3
      vertex -14.0008 -144.55 5
      vertex -14.0008 -144.55 3
    endloop
  endfacet
  facet normal -0.866023 -0.500004 0
    outer loop
      vertex -14.0008 -144.55 5
      vertex -9.55515 -152.25 3
      vertex -9.55515 -152.25 5
    endloop
  endfacet
  facet normal 0.866025 0.500001 0
    outer loop
      vertex -8.51592 -150.45 8
      vertex -11.9223 -144.55 3
      vertex -11.9223 -144.55 8
    endloop
  endfacet
  facet normal 0.866025 0.500001 0
    outer loop
      vertex -11.9223 -144.55 3
      vertex -8.51592 -150.45 8
      vertex -8.51592 -150.45 3
    endloop
  endfacet
  facet normal 0 0 1
    outer loop
      vertex -11.9223 -144.55 8
      vertex -9.05515 -151.384 8
      vertex -8.51592 -150.45 8
    endloop
  endfacet
  facet normal 0 0 1
    outer loop
      vertex -9.05515 -151.384 8
      vertex -11.9223 -144.55 8
      vertex -13.0008 -144.55 8
    endloop
  endfacet
  facet normal 0 0 -1
    outer loop
      vertex -9.55515 -152.25 3
      vertex -11.9223 -144.55 3
      vertex -8.51592 -150.45 3
    endloop
  endfacet
  facet normal -0 -0 -1
    outer loop
      vertex -11.9223 -144.55 3
      vertex -9.55515 -152.25 3
      vertex -14.0008 -144.55 3
    endloop
  endfacet
  facet normal 0.866031 -0.499989 0
    outer loop
      vertex -9.05515 -151.384 6
      vertex -8.51592 -150.45 8
      vertex -9.05515 -151.384 8
    endloop
  endfacet
  facet normal 0.866031 -0.499989 0
    outer loop
      vertex -8.51592 -150.45 8
      vertex -9.05515 -151.384 6
      vertex -8.51592 -150.45 3
    endloop
  endfacet
  facet normal 0.865937 -0.500153 -6.78485e-05
    outer loop
      vertex -9.49765 -152.15 5.115
      vertex -8.51592 -150.45 3
      vertex -9.05515 -151.384 6
    endloop
  endfacet
  facet normal 0.866458 -0.499249 0.00090052
    outer loop
      vertex -9.55515 -152.25 5
      vertex -8.51592 -150.45 3
      vertex -9.49765 -152.15 5.115
    endloop
  endfacet
  facet normal 0.866026 -0.5 0
    outer loop
      vertex -8.51592 -150.45 3
      vertex -9.55515 -152.25 5
      vertex -9.55515 -152.25 3
    endloop
  endfacet
  facet normal 0 1 0
    outer loop
      vertex -11.9223 -144.55 8
      vertex -13.0008 -144.55 6
      vertex -13.0008 -144.55 8
    endloop
  endfacet
  facet normal 0 1 0
    outer loop
      vertex -11.9223 -144.55 3
      vertex -13.1863 -144.55 5.81447
      vertex -13.0008 -144.55 6
    endloop
  endfacet
  facet normal 0 1 -0
    outer loop
      vertex -11.9223 -144.55 3
      vertex -13.0008 -144.55 6
      vertex -11.9223 -144.55 8
    endloop
  endfacet
  facet normal 0 1 0
    outer loop
      vertex -13.1863 -144.55 5.81447
      vertex -11.9223 -144.55 3
      vertex -14.0008 -144.55 5
    endloop
  endfacet
  facet normal 0 1 0
    outer loop
      vertex -14.0008 -144.55 5
      vertex -11.9223 -144.55 3
      vertex -14.0008 -144.55 3
    endloop
  endfacet
  facet normal 0 -1 0
    outer loop
      vertex -6.35692 -130.878 6
      vertex 4.89214 -130.878 8
      vertex -6.35692 -130.878 8
    endloop
  endfacet
  facet normal 0 -1 0
    outer loop
      vertex 7.69211 -130.878 6
      vertex 4.89214 -130.878 8
      vertex -6.35692 -130.878 6
    endloop
  endfacet
  facet normal -0 -1 -0
    outer loop
      vertex 5.60703 -130.878 7.85416
      vertex 4.89214 -130.878 8
      vertex 7.69211 -130.878 6
    endloop
  endfacet
  facet normal 0 -1 0
    outer loop
      vertex 4.89214 -130.878 8
      vertex 5.60703 -130.878 7.85416
      vertex 5.1813 -130.878 7.96347
    endloop
  endfacet
  facet normal 0 -1 0
    outer loop
      vertex 5.60703 -130.878 7.85416
      vertex 7.69211 -130.878 6
      vertex 6.01569 -130.878 7.69236
    endloop
  endfacet
  facet normal 0 -1 0
    outer loop
      vertex 6.01569 -130.878 7.69236
      vertex 7.69211 -130.878 6
      vertex 6.40086 -130.878 7.48061
    endloop
  endfacet
  facet normal 0 -1 0
    outer loop
      vertex 6.40086 -130.878 7.48061
      vertex 7.69211 -130.878 6
      vertex 6.75645 -130.878 7.22226
    endloop
  endfacet
  facet normal 0 -1 0
    outer loop
      vertex 6.75645 -130.878 7.22226
      vertex 7.69211 -130.878 6
      vertex 7.07686 -130.878 6.92138
    endloop
  endfacet
  facet normal 0 -1 0
    outer loop
      vertex 7.07686 -130.878 6.92138
      vertex 7.69211 -130.878 6
      vertex 7.35703 -130.878 6.58271
    endloop
  endfacet
  facet normal 0 -1 0
    outer loop
      vertex 7.35703 -130.878 6.58271
      vertex 7.69211 -130.878 6
      vertex 7.59254 -130.878 6.2116
    endloop
  endfacet
  facet normal 0 -0.706994 0.707219
    outer loop
      vertex -5.94497 -131.853 5.02531
      vertex 7.69211 -130.878 6
      vertex -6.35692 -130.878 6
    endloop
  endfacet
  facet normal 0.000620132 -0.711319 0.702869
    outer loop
      vertex -5.93427 -131.878 5
      vertex 7.69211 -130.878 6
      vertex -5.94497 -131.853 5.02531
    endloop
  endfacet
  facet normal 0 -0.707107 0.707107
    outer loop
      vertex 7.99102 -131.878 5
      vertex 7.69211 -130.878 6
      vertex -5.93427 -131.878 5
    endloop
  endfacet
  facet normal -0.0145742 -0.709207 0.70485
    outer loop
      vertex 7.91551 -131.483 5.39588
      vertex 7.69211 -130.878 6
      vertex 7.99102 -131.878 5
    endloop
  endfacet
  facet normal -0.0238396 -0.710785 0.703005
    outer loop
      vertex 7.69211 -130.878 6
      vertex 7.91551 -131.483 5.39588
      vertex 7.77968 -131.065 5.8139
    endloop
  endfacet
  facet normal 0 -1 0
    outer loop
      vertex 8.02547 -131.878 4.52547
      vertex 7.99102 -131.878 5
      vertex -5.93427 -131.878 5
    endloop
  endfacet
  facet normal 0 -1 0
    outer loop
      vertex 7.99102 -131.878 5
      vertex 8.02547 -131.878 4.52547
      vertex 7.99787 -131.878 4.96413
    endloop
  endfacet
  facet normal 0 -1 0
    outer loop
      vertex -5.93427 -131.878 0.5
      vertex 8.02547 -131.878 4.52547
      vertex -5.93427 -131.878 5
    endloop
  endfacet
  facet normal 0 -1 -0
    outer loop
      vertex 8.02547 -131.878 4.52547
      vertex -5.93427 -131.878 0.5
      vertex 8.02547 -131.878 0.5
    endloop
  endfacet
  facet normal 0 -0.707694 -0.706519
    outer loop
      vertex -5.93427 -131.878 0.5
      vertex 0.5 -131.6 0.221538
      vertex 8.02547 -131.878 0.5
    endloop
  endfacet
  facet normal 4.01424e-05 -0.707355 -0.706859
    outer loop
      vertex 0.244191 -131.378 0
      vertex -5.93427 -131.878 0.5
      vertex -6.14109 -131.389 0.0106451
    endloop
  endfacet
  facet normal -0 -0.695419 -0.718604
    outer loop
      vertex 0.244191 -131.378 0
      vertex -6.14109 -131.389 0.0106451
      vertex -6.14559 -131.378 0
    endloop
  endfacet
  facet normal -0.000109033 -0.706433 -0.70778
    outer loop
      vertex -5.93427 -131.878 0.5
      vertex 0.244191 -131.378 0
      vertex 0.5 -131.6 0.221538
    endloop
  endfacet
  facet normal -0 -0.707694 -0.706519
    outer loop
      vertex 5 -131.6 0.221538
      vertex 8.02547 -131.878 0.5
      vertex 0.5 -131.6 0.221538
    endloop
  endfacet
  facet normal 0.000220098 -0.706497 -0.707716
    outer loop
      vertex 5.25581 -131.378 0
      vertex 8.02547 -131.878 0.5
      vertex 5 -131.6 0.221538
    endloop
  endfacet
  facet normal 0 -0.707107 -0.707107
    outer loop
      vertex 8.02547 -131.878 0.5
      vertex 5.25581 -131.378 0
      vertex 8.02547 -131.378 0
    endloop
  endfacet
  facet normal 0 1 -0
    outer loop
      vertex 8.02547 -129.8 0
      vertex 8 -129.8 4.49813
      vertex 8.02547 -129.8 4.52547
    endloop
  endfacet
  facet normal 0 1 0
    outer loop
      vertex 8 -129.8 4.49813
      vertex 8.02547 -129.8 0
      vertex 8 -129.8 0
    endloop
  endfacet
  facet normal 0 1 0
    outer loop
      vertex 4.49813 -129.8 4.49813
      vertex 4.89214 -129.8 8
      vertex 5.1813 -129.8 7.96347
    endloop
  endfacet
  facet normal 0 1 0
    outer loop
      vertex 4.49813 -129.8 4.49813
      vertex 5.1813 -129.8 7.96347
      vertex 5.60703 -129.8 7.85416
    endloop
  endfacet
  facet normal 0 1 0
    outer loop
      vertex 4.49813 -129.8 4.49813
      vertex 5.60703 -129.8 7.85416
      vertex 6.01569 -129.8 7.69236
    endloop
  endfacet
  facet normal 0 1 0
    outer loop
      vertex 4.49813 -129.8 4.49813
      vertex 6.01569 -129.8 7.69236
      vertex 6.40086 -129.8 7.48061
    endloop
  endfacet
  facet normal 0 1 0
    outer loop
      vertex 4.49813 -129.8 4.49813
      vertex 6.40086 -129.8 7.48061
      vertex 6.75645 -129.8 7.22226
    endloop
  endfacet
  facet normal 0 1 0
    outer loop
      vertex 4.49813 -129.8 4.49813
      vertex 6.75645 -129.8 7.22226
      vertex 7.07686 -129.8 6.92138
    endloop
  endfacet
  facet normal 0 1 0
    outer loop
      vertex 4.49813 -129.8 4.49813
      vertex 7.07686 -129.8 6.92138
      vertex 7.35703 -129.8 6.58271
    endloop
  endfacet
  facet normal 0 1 0
    outer loop
      vertex 4.49813 -129.8 4.49813
      vertex 7.35703 -129.8 6.58271
      vertex 7.59254 -129.8 6.2116
    endloop
  endfacet
  facet normal 0 1 0
    outer loop
      vertex 4.49813 -129.8 4.49813
      vertex 7.59254 -129.8 6.2116
      vertex 7.77968 -129.8 5.8139
    endloop
  endfacet
  facet normal 0 1 0
    outer loop
      vertex 4.49813 -129.8 4.49813
      vertex 7.77968 -129.8 5.8139
      vertex 7.91551 -129.8 5.39588
    endloop
  endfacet
  facet normal 0 1 0
    outer loop
      vertex 4.49813 -129.8 4.49813
      vertex 7.91551 -129.8 5.39588
      vertex 7.99787 -129.8 4.96413
    endloop
  endfacet
  facet normal 0 1 -0
    outer loop
      vertex 8 -129.8 4.49813
      vertex 7.99787 -129.8 4.96413
      vertex 8.02547 -129.8 4.52547
    endloop
  endfacet
  facet normal 0 1 0
    outer loop
      vertex 7.99787 -129.8 4.96413
      vertex 8 -129.8 4.49813
      vertex 4.49813 -129.8 4.49813
    endloop
  endfacet
  facet normal 0 1 0
    outer loop
      vertex 4.89214 -129.8 8
      vertex 4.49813 -129.8 4.49813
      vertex 4.49813 -129.8 8
    endloop
  endfacet
  facet normal 0 1 0
    outer loop
      vertex 5.60703 -152.322 7.85416
      vertex 4.89214 -152.322 8
      vertex 5.1813 -152.322 7.96347
    endloop
  endfacet
  facet normal 0 1 0
    outer loop
      vertex 4.89214 -152.322 8
      vertex 5.60703 -152.322 7.85416
      vertex 7.69211 -152.322 6
    endloop
  endfacet
  facet normal 0 1 0
    outer loop
      vertex 7.69211 -152.322 6
      vertex 5.60703 -152.322 7.85416
      vertex 6.01569 -152.322 7.69236
    endloop
  endfacet
  facet normal 0 1 0
    outer loop
      vertex 7.69211 -152.322 6
      vertex 6.01569 -152.322 7.69236
      vertex 6.40086 -152.322 7.48061
    endloop
  endfacet
  facet normal 0 1 0
    outer loop
      vertex 7.69211 -152.322 6
      vertex 6.40086 -152.322 7.48061
      vertex 6.75645 -152.322 7.22226
    endloop
  endfacet
  facet normal 0 1 0
    outer loop
      vertex 7.69211 -152.322 6
      vertex 6.75645 -152.322 7.22226
      vertex 7.07686 -152.322 6.92138
    endloop
  endfacet
  facet normal 0 1 0
    outer loop
      vertex 7.69211 -152.322 6
      vertex 7.07686 -152.322 6.92138
      vertex 7.35703 -152.322 6.58271
    endloop
  endfacet
  facet normal 0 1 0
    outer loop
      vertex 7.69211 -152.322 6
      vertex 7.35703 -152.322 6.58271
      vertex 7.59254 -152.322 6.2116
    endloop
  endfacet
  facet normal 0 1 0
    outer loop
      vertex 4.89214 -152.322 8
      vertex 7.69211 -152.322 6
      vertex -6.35692 -152.322 6
    endloop
  endfacet
  facet normal 0 1 0
    outer loop
      vertex 4.89214 -152.322 8
      vertex -6.35692 -152.322 6
      vertex -6.35692 -152.322 8
    endloop
  endfacet
  facet normal 0 0.698711 0.715404
    outer loop
      vertex 7.69211 -152.322 6
      vertex -6.35073 -152.307 5.98535
      vertex -6.35692 -152.322 6
    endloop
  endfacet
  facet normal -0.0238396 0.710785 0.703005
    outer loop
      vertex 7.91551 -151.717 5.39588
      vertex 7.69211 -152.322 6
      vertex 7.77968 -152.135 5.8139
    endloop
  endfacet
  facet normal -0.0145742 0.709207 0.70485
    outer loop
      vertex 7.69211 -152.322 6
      vertex 7.91551 -151.717 5.39588
      vertex 7.99102 -151.322 5
    endloop
  endfacet
  facet normal 0 0.707107 0.707107
    outer loop
      vertex 7.69211 -152.322 6
      vertex 7.99102 -151.322 5
      vertex -5.93427 -151.322 5
    endloop
  endfacet
  facet normal 1.7881e-05 0.707229 0.706985
    outer loop
      vertex 7.69211 -152.322 6
      vertex -5.93427 -151.322 5
      vertex -6.35073 -152.307 5.98535
    endloop
  endfacet
  facet normal 0 1 0
    outer loop
      vertex 8.02547 -151.322 4.52547
      vertex 7.99102 -151.322 5
      vertex 7.99787 -151.322 4.96413
    endloop
  endfacet
  facet normal 0 1 0
    outer loop
      vertex 7.99102 -151.322 5
      vertex 8.02547 -151.322 4.52547
      vertex -5.93427 -151.322 5
    endloop
  endfacet
  facet normal 0 1 0
    outer loop
      vertex -5.93427 -151.322 0.5
      vertex 8.02547 -151.322 4.52547
      vertex 8.02547 -151.322 0.5
    endloop
  endfacet
  facet normal 0 1 0
    outer loop
      vertex 8.02547 -151.322 4.52547
      vertex -5.93427 -151.322 0.5
      vertex -5.93427 -151.322 5
    endloop
  endfacet
  facet normal 0 0.707694 -0.706519
    outer loop
      vertex 0.5 -151.6 0.221538
      vertex -5.93427 -151.322 0.5
      vertex 8.02547 -151.322 0.5
    endloop
  endfacet
  facet normal 0 0.707694 -0.706519
    outer loop
      vertex 0.5 -151.6 0.221538
      vertex 8.02547 -151.322 0.5
      vertex 5 -151.6 0.221538
    endloop
  endfacet
  facet normal 0 0.707107 -0.707107
    outer loop
      vertex 5.25581 -151.822 0
      vertex 8.02547 -151.322 0.5
      vertex 8.02547 -151.822 0
    endloop
  endfacet
  facet normal 0.000220098 0.706497 -0.707716
    outer loop
      vertex 8.02547 -151.322 0.5
      vertex 5.25581 -151.822 0
      vertex 5 -151.6 0.221538
    endloop
  endfacet
  facet normal -0.000109033 0.706433 -0.70778
    outer loop
      vertex 0.244191 -151.822 0
      vertex -5.93427 -151.322 0.5
      vertex 0.5 -151.6 0.221538
    endloop
  endfacet
  facet normal 0.00109528 0.713841 -0.700307
    outer loop
      vertex -5.93427 -151.322 0.5
      vertex 0.244191 -151.822 0
      vertex -5.93987 -151.335 0.48674
    endloop
  endfacet
  facet normal 0 0.706918 -0.707296
    outer loop
      vertex -5.93987 -151.335 0.48674
      vertex 0.244191 -151.822 0
      vertex -6.14559 -151.822 0
    endloop
  endfacet
  facet normal 0 -1 0
    outer loop
      vertex 4.49813 -153.4 4.49813
      vertex 4.89214 -153.4 8
      vertex 4.49813 -153.4 8
    endloop
  endfacet
  facet normal 0 -1 -0
    outer loop
      vertex 4.89214 -153.4 8
      vertex 4.49813 -153.4 4.49813
      vertex 5.1813 -153.4 7.96347
    endloop
  endfacet
  facet normal 0 -1 -0
    outer loop
      vertex 5.1813 -153.4 7.96347
      vertex 4.49813 -153.4 4.49813
      vertex 5.60703 -153.4 7.85416
    endloop
  endfacet
  facet normal 0 -1 -0
    outer loop
      vertex 5.60703 -153.4 7.85416
      vertex 4.49813 -153.4 4.49813
      vertex 6.01569 -153.4 7.69236
    endloop
  endfacet
  facet normal 0 -1 -0
    outer loop
      vertex 6.01569 -153.4 7.69236
      vertex 4.49813 -153.4 4.49813
      vertex 6.40086 -153.4 7.48061
    endloop
  endfacet
  facet normal 0 -1 -0
    outer loop
      vertex 6.40086 -153.4 7.48061
      vertex 4.49813 -153.4 4.49813
      vertex 6.75645 -153.4 7.22226
    endloop
  endfacet
  facet normal 0 -1 -0
    outer loop
      vertex 6.75645 -153.4 7.22226
      vertex 4.49813 -153.4 4.49813
      vertex 7.07686 -153.4 6.92138
    endloop
  endfacet
  facet normal 0 -1 -0
    outer loop
      vertex 7.07686 -153.4 6.92138
      vertex 4.49813 -153.4 4.49813
      vertex 7.35703 -153.4 6.58271
    endloop
  endfacet
  facet normal 0 -1 -0
    outer loop
      vertex 7.35703 -153.4 6.58271
      vertex 4.49813 -153.4 4.49813
      vertex 7.59254 -153.4 6.2116
    endloop
  endfacet
  facet normal 0 -1 -0
    outer loop
      vertex 7.59254 -153.4 6.2116
      vertex 4.49813 -153.4 4.49813
      vertex 7.77968 -153.4 5.8139
    endloop
  endfacet
  facet normal 0 -1 -0
    outer loop
      vertex 7.77968 -153.4 5.8139
      vertex 4.49813 -153.4 4.49813
      vertex 7.91551 -153.4 5.39588
    endloop
  endfacet
  facet normal 0 -1 -0
    outer loop
      vertex 7.91551 -153.4 5.39588
      vertex 4.49813 -153.4 4.49813
      vertex 7.99787 -153.4 4.96413
    endloop
  endfacet
  facet normal 0 -1 0
    outer loop
      vertex 8 -153.4 4.49813
      vertex 7.99787 -153.4 4.96413
      vertex 4.49813 -153.4 4.49813
    endloop
  endfacet
  facet normal 0 -1 0
    outer loop
      vertex 7.99787 -153.4 4.96413
      vertex 8 -153.4 4.49813
      vertex 8.02547 -153.4 4.52547
    endloop
  endfacet
  facet normal 0 -1 0
    outer loop
      vertex 8.02547 -153.4 0
      vertex 8 -153.4 4.49813
      vertex 8 -153.4 0
    endloop
  endfacet
  facet normal 0 -1 0
    outer loop
      vertex 8 -153.4 4.49813
      vertex 8.02547 -153.4 0
      vertex 8.02547 -153.4 4.52547
    endloop
  endfacet
  facet normal 0.866035 -0.499984 0
    outer loop
      vertex -12.547 -165.2 8
      vertex -6.35692 -154.478 6
      vertex -6.35692 -154.478 8
    endloop
  endfacet
  facet normal 0.866035 -0.499984 0
    outer loop
      vertex -6.35692 -154.478 6
      vertex -12.547 -165.2 8
      vertex -12.547 -165.2 6
    endloop
  endfacet
  facet normal 0.656334 -0.379345 0.652169
    outer loop
      vertex -12.547 -165.2 6
      vertex -5.93427 -155.478 5
      vertex -5.94497 -155.453 5.02531
    endloop
  endfacet
  facet normal 0.654658 -0.377949 0.654658
    outer loop
      vertex -5.93427 -155.478 5
      vertex -12.547 -165.2 6
      vertex -11.547 -165.2 5
    endloop
  endfacet
  facet normal 0.654614 -0.377925 0.654716
    outer loop
      vertex -5.94497 -155.453 5.02531
      vertex -6.35692 -154.478 6
      vertex -12.547 -165.2 6
    endloop
  endfacet
  facet normal 0.866036 -0.499982 0
    outer loop
      vertex -11.547 -165.2 5
      vertex -5.93427 -155.478 0.5
      vertex -5.93427 -155.478 5
    endloop
  endfacet
  facet normal 0.866036 -0.499982 0
    outer loop
      vertex -5.93427 -155.478 0.5
      vertex -11.547 -165.2 5
      vertex -11.547 -165.2 0.5
    endloop
  endfacet
  facet normal 0.654655 -0.377961 -0.654655
    outer loop
      vertex -12.047 -165.2 0
      vertex -6.14109 -154.989 0.0106451
      vertex -11.547 -165.2 0.5
    endloop
  endfacet
  facet normal 0.649258 -0.374832 -0.661789
    outer loop
      vertex -6.14109 -154.989 0.0106451
      vertex -12.047 -165.2 0
      vertex -6.14559 -154.978 0
    endloop
  endfacet
  facet normal 0.654787 -0.378023 -0.654487
    outer loop
      vertex -6.14109 -154.989 0.0106451
      vertex -5.93427 -155.478 0.5
      vertex -11.547 -165.2 0.5
    endloop
  endfacet
  facet normal 0 0 -1
    outer loop
      vertex 0 -177 0
      vertex -6.14559 -175.422 0
      vertex 0 -175.633 0
    endloop
  endfacet
  facet normal 0 0 -1
    outer loop
      vertex -6.81273 -177 0
      vertex -6.14559 -175.422 0
      vertex 0 -177 0
    endloop
  endfacet
  facet normal 0 0 -1
    outer loop
      vertex -13.6255 -165.2 0
      vertex -6.14559 -175.422 0
      vertex -6.81273 -177 0
    endloop
  endfacet
  facet normal 0 0 -1
    outer loop
      vertex -6.14559 -175.422 0
      vertex -13.6255 -165.2 0
      vertex -12.047 -165.2 0
    endloop
  endfacet
  facet normal -0 0 -1
    outer loop
      vertex 0.244191 -175.422 0
      vertex 0 -175.633 0
      vertex -6.14559 -175.422 0
    endloop
  endfacet
  facet normal 0 0 -1
    outer loop
      vertex -6.14559 -154.978 0
      vertex 0 -154.767 0
      vertex 0.244191 -154.978 0
    endloop
  endfacet
  facet normal 0 0 -1
    outer loop
      vertex -6.14559 -154.978 0
      vertex 0 -153.4 0
      vertex 0 -154.767 0
    endloop
  endfacet
  facet normal 0 0 -1
    outer loop
      vertex -6.14559 -154.978 0
      vertex -6.81273 -153.4 0
      vertex 0 -153.4 0
    endloop
  endfacet
  facet normal 0 0 -1
    outer loop
      vertex -13.6255 -165.2 0
      vertex -6.14559 -154.978 0
      vertex -12.047 -165.2 0
    endloop
  endfacet
  facet normal -0 0 -1
    outer loop
      vertex -6.14559 -154.978 0
      vertex -13.6255 -165.2 0
      vertex -6.81273 -153.4 0
    endloop
  endfacet
  facet normal 0 0 -1
    outer loop
      vertex 8.02547 -154.978 0
      vertex 8 -154.334 0
      vertex 8.02547 -153.4 0
    endloop
  endfacet
  facet normal 0 0 -1
    outer loop
      vertex 8.02547 -154.978 0
      vertex 6 -154.334 0
      vertex 8 -154.334 0
    endloop
  endfacet
  facet normal 0 -0 -1
    outer loop
      vertex 6 -154.334 0
      vertex 8.02547 -154.978 0
      vertex 5.25581 -154.978 0
    endloop
  endfacet
  facet normal -0 0 -1
    outer loop
      vertex 8.02547 -153.4 0
      vertex 8 -154.334 0
      vertex 8 -153.4 0
    endloop
  endfacet
  facet normal 0 0 -1
    outer loop
      vertex 8 -176.066 0
      vertex 8.02547 -177 0
      vertex 8 -177 0
    endloop
  endfacet
  facet normal 0 0 -1
    outer loop
      vertex 8.02547 -177 0
      vertex 8 -176.066 0
      vertex 8.02547 -175.422 0
    endloop
  endfacet
  facet normal 0 0 -1
    outer loop
      vertex 6 -176.066 0
      vertex 8.02547 -175.422 0
      vertex 8 -176.066 0
    endloop
  endfacet
  facet normal -0 0 -1
    outer loop
      vertex 8.02547 -175.422 0
      vertex 6 -176.066 0
      vertex 5.25581 -175.422 0
    endloop
  endfacet
  facet normal -0.866024 0.500002 0
    outer loop
      vertex -13.6255 -165.2 0
      vertex -6.81273 -153.4 8
      vertex -6.81273 -153.4 0
    endloop
  endfacet
  facet normal -0.866024 0.500002 0
    outer loop
      vertex -6.81273 -153.4 8
      vertex -13.6255 -165.2 0
      vertex -13.6255 -165.2 8
    endloop
  endfacet
  facet normal 0 1 -0
    outer loop
      vertex 8 -153.4 -6.81273
      vertex 4.49813 -153.4 4.49813
      vertex 8 -153.4 4.49813
    endloop
  endfacet
  facet normal 0 1 0
    outer loop
      vertex 4.49813 -153.4 4.49813
      vertex 8 -153.4 -6.81273
      vertex 0 -153.4 0
    endloop
  endfacet
  facet normal 0 1 0
    outer loop
      vertex 0 -153.4 0
      vertex 8 -153.4 -6.81273
      vertex 0 -153.4 -6.81273
    endloop
  endfacet
  facet normal 0 1 -0
    outer loop
      vertex 4.49813 -153.4 4.49813
      vertex -6.81273 -153.4 8
      vertex 4.49813 -153.4 8
    endloop
  endfacet
  facet normal 0 1 -0
    outer loop
      vertex 0 -153.4 0
      vertex -6.81273 -153.4 8
      vertex 4.49813 -153.4 4.49813
    endloop
  endfacet
  facet normal 0 1 0
    outer loop
      vertex -6.81273 -153.4 8
      vertex 0 -153.4 0
      vertex -6.81273 -153.4 0
    endloop
  endfacet
  facet normal 0 -1 0
    outer loop
      vertex -6.81273 -177 8
      vertex 4.49813 -177 4.49813
      vertex 4.49813 -177 8
    endloop
  endfacet
  facet normal 0 -1 0
    outer loop
      vertex 0 -177 0
      vertex -6.81273 -177 8
      vertex -6.81273 -177 0
    endloop
  endfacet
  facet normal 0 -1 0
    outer loop
      vertex -6.81273 -177 8
      vertex 0 -177 0
      vertex 4.49813 -177 4.49813
    endloop
  endfacet
  facet normal 0 -1 0
    outer loop
      vertex 8 -177 -6.81273
      vertex 4.49813 -177 4.49813
      vertex 0 -177 0
    endloop
  endfacet
  facet normal 0 -1 0
    outer loop
      vertex 8 -177 -6.81273
      vertex 0 -177 0
      vertex 0 -177 -6.81273
    endloop
  endfacet
  facet normal 0 -1 0
    outer loop
      vertex 4.49813 -177 4.49813
      vertex 8 -177 -6.81273
      vertex 8 -177 4.49813
    endloop
  endfacet
  facet normal -0 0 1
    outer loop
      vertex 4.49813 -153.4 8
      vertex 4.89214 -154.478 8
      vertex 4.89214 -153.4 8
    endloop
  endfacet
  facet normal 0 0 1
    outer loop
      vertex 4.49813 -153.4 8
      vertex -6.35692 -154.478 8
      vertex 4.89214 -154.478 8
    endloop
  endfacet
  facet normal -0 0 1
    outer loop
      vertex -6.81273 -153.4 8
      vertex -6.35692 -154.478 8
      vertex 4.49813 -153.4 8
    endloop
  endfacet
  facet normal 0 0 1
    outer loop
      vertex -13.6255 -165.2 8
      vertex -6.35692 -154.478 8
      vertex -6.81273 -153.4 8
    endloop
  endfacet
  facet normal 0 0 1
    outer loop
      vertex -6.35692 -154.478 8
      vertex -13.6255 -165.2 8
      vertex -12.547 -165.2 8
    endloop
  endfacet
  facet normal 0 0 1
    outer loop
      vertex 4.89214 -175.922 8
      vertex 4.49813 -177 8
      vertex 4.89214 -177 8
    endloop
  endfacet
  facet normal -0 0 1
    outer loop
      vertex -6.35692 -175.922 8
      vertex 4.49813 -177 8
      vertex 4.89214 -175.922 8
    endloop
  endfacet
  facet normal 0 0 1
    outer loop
      vertex -6.35692 -175.922 8
      vertex -6.81273 -177 8
      vertex 4.49813 -177 8
    endloop
  endfacet
  facet normal -0 0 1
    outer loop
      vertex -13.6255 -165.2 8
      vertex -6.35692 -175.922 8
      vertex -12.547 -165.2 8
    endloop
  endfacet
  facet normal 0 0 1
    outer loop
      vertex -6.35692 -175.922 8
      vertex -13.6255 -165.2 8
      vertex -6.81273 -177 8
    endloop
  endfacet
  facet normal 0.866035 0.499984 0
    outer loop
      vertex -6.35692 -175.922 8
      vertex -12.547 -165.2 6
      vertex -12.547 -165.2 8
    endloop
  endfacet
  facet normal 0.866035 0.499984 0
    outer loop
      vertex -12.547 -165.2 6
      vertex -6.35692 -175.922 8
      vertex -6.35692 -175.922 6
    endloop
  endfacet
  facet normal 0.654723 0.377986 0.654572
    outer loop
      vertex -6.35073 -175.907 5.98535
      vertex -5.93427 -174.922 5
      vertex -11.547 -165.2 5
    endloop
  endfacet
  facet normal 0.654655 0.377961 0.654655
    outer loop
      vertex -12.547 -165.2 6
      vertex -6.35073 -175.907 5.98535
      vertex -11.547 -165.2 5
    endloop
  endfacet
  facet normal 0.650837 0.375745 0.659717
    outer loop
      vertex -6.35073 -175.907 5.98535
      vertex -12.547 -165.2 6
      vertex -6.35692 -175.922 6
    endloop
  endfacet
  facet normal 0.866036 0.499982 0
    outer loop
      vertex -5.93427 -174.922 5
      vertex -11.547 -165.2 0.5
      vertex -11.547 -165.2 5
    endloop
  endfacet
  facet normal 0.866036 0.499982 0
    outer loop
      vertex -11.547 -165.2 0.5
      vertex -5.93427 -174.922 5
      vertex -5.93427 -174.922 0.5
    endloop
  endfacet
  facet normal 0.654579 0.377904 -0.654763
    outer loop
      vertex -5.93987 -174.935 0.48674
      vertex -6.14559 -175.422 0
      vertex -12.047 -165.2 0
    endloop
  endfacet
  facet normal 0.654658 0.377949 -0.654658
    outer loop
      vertex -5.93427 -174.922 0.5
      vertex -12.047 -165.2 0
      vertex -11.547 -165.2 0.5
    endloop
  endfacet
  facet normal 0.657687 0.380074 -0.650378
    outer loop
      vertex -12.047 -165.2 0
      vertex -5.93427 -174.922 0.5
      vertex -5.93987 -174.935 0.48674
    endloop
  endfacet
  facet normal -0.866024 -0.500002 0
    outer loop
      vertex -6.81273 -177 0
      vertex -13.6255 -165.2 8
      vertex -13.6255 -165.2 0
    endloop
  endfacet
  facet normal -0.866024 -0.500002 0
    outer loop
      vertex -13.6255 -165.2 8
      vertex -6.81273 -177 0
      vertex -6.81273 -177 8
    endloop
  endfacet
  facet normal -0.866023 0.500004 0
    outer loop
      vertex -13.0008 -162.25 6
      vertex -9.05515 -155.416 8
      vertex -9.05515 -155.416 6
    endloop
  endfacet
  facet normal -0.866023 0.500004 0
    outer loop
      vertex -9.05515 -155.416 8
      vertex -13.0008 -162.25 6
      vertex -13.0008 -162.25 8
    endloop
  endfacet
  facet normal -0.654724 0.378007 0.654559
    outer loop
      vertex -9.55515 -154.55 5
      vertex -13.8858 -162.25 5.115
      vertex -9.14792 -155.255 5.81447
    endloop
  endfacet
  facet normal -0.654653 0.377968 0.654653
    outer loop
      vertex -13.8858 -162.25 5.115
      vertex -9.55515 -154.55 5
      vertex -14.0008 -162.25 5
    endloop
  endfacet
  facet normal -0.654359 0.377798 0.655044
    outer loop
      vertex -9.14792 -155.255 5.81447
      vertex -13.0008 -162.25 6
      vertex -9.05515 -155.416 6
    endloop
  endfacet
  facet normal -0.654657 0.377952 0.654657
    outer loop
      vertex -13.0008 -162.25 6
      vertex -9.14792 -155.255 5.81447
      vertex -13.8858 -162.25 5.115
    endloop
  endfacet
  facet normal -0.866023 0.500004 0
    outer loop
      vertex -14.0008 -162.25 3
      vertex -9.55515 -154.55 5
      vertex -9.55515 -154.55 3
    endloop
  endfacet
  facet normal -0.866023 0.500004 0
    outer loop
      vertex -9.55515 -154.55 5
      vertex -14.0008 -162.25 3
      vertex -14.0008 -162.25 5
    endloop
  endfacet
  facet normal 0.866025 -0.500001 0
    outer loop
      vertex -11.9223 -162.25 8
      vertex -8.51592 -156.35 3
      vertex -8.51592 -156.35 8
    endloop
  endfacet
  facet normal 0.866025 -0.500001 0
    outer loop
      vertex -8.51592 -156.35 3
      vertex -11.9223 -162.25 8
      vertex -11.9223 -162.25 3
    endloop
  endfacet
  facet normal 0 0 1
    outer loop
      vertex -9.05515 -155.416 8
      vertex -11.9223 -162.25 8
      vertex -8.51592 -156.35 8
    endloop
  endfacet
  facet normal 0 -0 1
    outer loop
      vertex -11.9223 -162.25 8
      vertex -9.05515 -155.416 8
      vertex -13.0008 -162.25 8
    endloop
  endfacet
  facet normal 0 0 -1
    outer loop
      vertex -11.9223 -162.25 3
      vertex -9.55515 -154.55 3
      vertex -8.51592 -156.35 3
    endloop
  endfacet
  facet normal 0 0 -1
    outer loop
      vertex -9.55515 -154.55 3
      vertex -11.9223 -162.25 3
      vertex -14.0008 -162.25 3
    endloop
  endfacet
  facet normal 0 -1 0
    outer loop
      vertex -13.0008 -162.25 6
      vertex -11.9223 -162.25 8
      vertex -13.0008 -162.25 8
    endloop
  endfacet
  facet normal 0 -1 0
    outer loop
      vertex -11.9223 -162.25 3
      vertex -13.8858 -162.25 5.115
      vertex -14.0008 -162.25 5
    endloop
  endfacet
  facet normal 0 -1 0
    outer loop
      vertex -11.9223 -162.25 3
      vertex -14.0008 -162.25 5
      vertex -14.0008 -162.25 3
    endloop
  endfacet
  facet normal 0 -1 0
    outer loop
      vertex -13.8858 -162.25 5.115
      vertex -11.9223 -162.25 3
      vertex -13.0008 -162.25 6
    endloop
  endfacet
  facet normal 0 -1 0
    outer loop
      vertex -13.0008 -162.25 6
      vertex -11.9223 -162.25 3
      vertex -11.9223 -162.25 8
    endloop
  endfacet
  facet normal 0.866031 0.499989 0
    outer loop
      vertex -9.05515 -155.416 8
      vertex -8.51592 -156.35 8
      vertex -9.05515 -155.416 6
    endloop
  endfacet
  facet normal 0.865974 0.500089 -0.000107447
    outer loop
      vertex -8.51592 -156.35 3
      vertex -9.55515 -154.55 5
      vertex -9.14792 -155.255 5.81447
    endloop
  endfacet
  facet normal 0.866341 0.499452 0.000222894
    outer loop
      vertex -8.51592 -156.35 3
      vertex -9.14792 -155.255 5.81447
      vertex -9.05515 -155.416 6
    endloop
  endfacet
  facet normal 0.866031 0.499989 -0
    outer loop
      vertex -8.51592 -156.35 3
      vertex -9.05515 -155.416 6
      vertex -8.51592 -156.35 8
    endloop
  endfacet
  facet normal 0.866026 0.5 0
    outer loop
      vertex -9.55515 -154.55 5
      vertex -8.51592 -156.35 3
      vertex -9.55515 -154.55 3
    endloop
  endfacet
  facet normal -0.866023 -0.500004 0
    outer loop
      vertex -9.05515 -174.984 6
      vertex -13.0008 -168.15 8
      vertex -13.0008 -168.15 6
    endloop
  endfacet
  facet normal -0.866023 -0.500004 0
    outer loop
      vertex -13.0008 -168.15 8
      vertex -9.05515 -174.984 6
      vertex -9.05515 -174.984 8
    endloop
  endfacet
  facet normal -0.654637 -0.377979 0.654661
    outer loop
      vertex -14.0008 -168.15 5
      vertex -9.49765 -175.75 5.115
      vertex -13.1863 -168.15 5.81447
    endloop
  endfacet
  facet normal -0.654078 -0.377636 0.655418
    outer loop
      vertex -9.49765 -175.75 5.115
      vertex -14.0008 -168.15 5
      vertex -9.55515 -175.85 5
    endloop
  endfacet
  facet normal -0.654698 -0.377994 0.654592
    outer loop
      vertex -13.1863 -168.15 5.81447
      vertex -9.05515 -174.984 6
      vertex -13.0008 -168.15 6
    endloop
  endfacet
  facet normal -0.654729 -0.378014 0.65455
    outer loop
      vertex -9.05515 -174.984 6
      vertex -13.1863 -168.15 5.81447
      vertex -9.49765 -175.75 5.115
    endloop
  endfacet
  facet normal -0.866023 -0.500004 0
    outer loop
      vertex -9.55515 -175.85 3
      vertex -14.0008 -168.15 5
      vertex -14.0008 -168.15 3
    endloop
  endfacet
  facet normal -0.866023 -0.500004 0
    outer loop
      vertex -14.0008 -168.15 5
      vertex -9.55515 -175.85 3
      vertex -9.55515 -175.85 5
    endloop
  endfacet
  facet normal 0.866025 0.500001 0
    outer loop
      vertex -8.51592 -174.05 8
      vertex -11.9223 -168.15 3
      vertex -11.9223 -168.15 8
    endloop
  endfacet
  facet normal 0.866025 0.500001 0
    outer loop
      vertex -11.9223 -168.15 3
      vertex -8.51592 -174.05 8
      vertex -8.51592 -174.05 3
    endloop
  endfacet
  facet normal 0 0 1
    outer loop
      vertex -11.9223 -168.15 8
      vertex -9.05515 -174.984 8
      vertex -8.51592 -174.05 8
    endloop
  endfacet
  facet normal 0 0 1
    outer loop
      vertex -9.05515 -174.984 8
      vertex -11.9223 -168.15 8
      vertex -13.0008 -168.15 8
    endloop
  endfacet
  facet normal 0 0 -1
    outer loop
      vertex -9.55515 -175.85 3
      vertex -11.9223 -168.15 3
      vertex -8.51592 -174.05 3
    endloop
  endfacet
  facet normal -0 -0 -1
    outer loop
      vertex -11.9223 -168.15 3
      vertex -9.55515 -175.85 3
      vertex -14.0008 -168.15 3
    endloop
  endfacet
  facet normal 0.866031 -0.499989 0
    outer loop
      vertex -9.05515 -174.984 6
      vertex -8.51592 -174.05 8
      vertex -9.05515 -174.984 8
    endloop
  endfacet
  facet normal 0.866031 -0.499989 0
    outer loop
      vertex -8.51592 -174.05 8
      vertex -9.05515 -174.984 6
      vertex -8.51592 -174.05 3
    endloop
  endfacet
  facet normal 0.865937 -0.500153 -6.78485e-05
    outer loop
      vertex -9.49765 -175.75 5.115
      vertex -8.51592 -174.05 3
      vertex -9.05515 -174.984 6
    endloop
  endfacet
  facet normal 0.866458 -0.499249 0.00090052
    outer loop
      vertex -9.55515 -175.85 5
      vertex -8.51592 -174.05 3
      vertex -9.49765 -175.75 5.115
    endloop
  endfacet
  facet normal 0.866026 -0.5 0
    outer loop
      vertex -8.51592 -174.05 3
      vertex -9.55515 -175.85 5
      vertex -9.55515 -175.85 3
    endloop
  endfacet
  facet normal 0 1 0
    outer loop
      vertex -11.9223 -168.15 8
      vertex -13.0008 -168.15 6
      vertex -13.0008 -168.15 8
    endloop
  endfacet
  facet normal 0 1 0
    outer loop
      vertex -11.9223 -168.15 3
      vertex -13.1863 -168.15 5.81447
      vertex -13.0008 -168.15 6
    endloop
  endfacet
  facet normal 0 1 -0
    outer loop
      vertex -11.9223 -168.15 3
      vertex -13.0008 -168.15 6
      vertex -11.9223 -168.15 8
    endloop
  endfacet
  facet normal 0 1 0
    outer loop
      vertex -13.1863 -168.15 5.81447
      vertex -11.9223 -168.15 3
      vertex -14.0008 -168.15 5
    endloop
  endfacet
  facet normal 0 1 0
    outer loop
      vertex -14.0008 -168.15 5
      vertex -11.9223 -168.15 3
      vertex -14.0008 -168.15 3
    endloop
  endfacet
  facet normal 0 -1 0
    outer loop
      vertex -6.35692 -154.478 6
      vertex 4.89214 -154.478 8
      vertex -6.35692 -154.478 8
    endloop
  endfacet
  facet normal 0 -1 0
    outer loop
      vertex 7.69211 -154.478 6
      vertex 4.89214 -154.478 8
      vertex -6.35692 -154.478 6
    endloop
  endfacet
  facet normal -0 -1 -0
    outer loop
      vertex 5.60703 -154.478 7.85416
      vertex 4.89214 -154.478 8
      vertex 7.69211 -154.478 6
    endloop
  endfacet
  facet normal 0 -1 0
    outer loop
      vertex 4.89214 -154.478 8
      vertex 5.60703 -154.478 7.85416
      vertex 5.1813 -154.478 7.96347
    endloop
  endfacet
  facet normal 0 -1 0
    outer loop
      vertex 5.60703 -154.478 7.85416
      vertex 7.69211 -154.478 6
      vertex 6.01569 -154.478 7.69236
    endloop
  endfacet
  facet normal 0 -1 0
    outer loop
      vertex 6.01569 -154.478 7.69236
      vertex 7.69211 -154.478 6
      vertex 6.40086 -154.478 7.48061
    endloop
  endfacet
  facet normal 0 -1 0
    outer loop
      vertex 6.40086 -154.478 7.48061
      vertex 7.69211 -154.478 6
      vertex 6.75645 -154.478 7.22226
    endloop
  endfacet
  facet normal 0 -1 0
    outer loop
      vertex 6.75645 -154.478 7.22226
      vertex 7.69211 -154.478 6
      vertex 7.07686 -154.478 6.92138
    endloop
  endfacet
  facet normal 0 -1 0
    outer loop
      vertex 7.07686 -154.478 6.92138
      vertex 7.69211 -154.478 6
      vertex 7.35703 -154.478 6.58271
    endloop
  endfacet
  facet normal 0 -1 0
    outer loop
      vertex 7.35703 -154.478 6.58271
      vertex 7.69211 -154.478 6
      vertex 7.59254 -154.478 6.2116
    endloop
  endfacet
  facet normal 0 -0.706994 0.707219
    outer loop
      vertex -5.94497 -155.453 5.02531
      vertex 7.69211 -154.478 6
      vertex -6.35692 -154.478 6
    endloop
  endfacet
  facet normal 0.000620132 -0.711319 0.702869
    outer loop
      vertex -5.93427 -155.478 5
      vertex 7.69211 -154.478 6
      vertex -5.94497 -155.453 5.02531
    endloop
  endfacet
  facet normal 0 -0.707107 0.707107
    outer loop
      vertex 7.99102 -155.478 5
      vertex 7.69211 -154.478 6
      vertex -5.93427 -155.478 5
    endloop
  endfacet
  facet normal -0.0145742 -0.709207 0.70485
    outer loop
      vertex 7.91551 -155.083 5.39588
      vertex 7.69211 -154.478 6
      vertex 7.99102 -155.478 5
    endloop
  endfacet
  facet normal -0.0238396 -0.710785 0.703005
    outer loop
      vertex 7.69211 -154.478 6
      vertex 7.91551 -155.083 5.39588
      vertex 7.77968 -154.665 5.8139
    endloop
  endfacet
  facet normal 0 -1 0
    outer loop
      vertex 8.02547 -155.478 4.52547
      vertex 7.99102 -155.478 5
      vertex -5.93427 -155.478 5
    endloop
  endfacet
  facet normal 0 -1 0
    outer loop
      vertex 7.99102 -155.478 5
      vertex 8.02547 -155.478 4.52547
      vertex 7.99787 -155.478 4.96413
    endloop
  endfacet
  facet normal 0 -1 0
    outer loop
      vertex -5.93427 -155.478 0.5
      vertex 8.02547 -155.478 4.52547
      vertex -5.93427 -155.478 5
    endloop
  endfacet
  facet normal 0 -1 -0
    outer loop
      vertex 8.02547 -155.478 4.52547
      vertex -5.93427 -155.478 0.5
      vertex 8.02547 -155.478 0.5
    endloop
  endfacet
  facet normal 0 -0.707694 -0.706519
    outer loop
      vertex -5.93427 -155.478 0.5
      vertex 0.5 -155.2 0.221538
      vertex 8.02547 -155.478 0.5
    endloop
  endfacet
  facet normal 4.01424e-05 -0.707355 -0.706859
    outer loop
      vertex 0.244191 -154.978 0
      vertex -5.93427 -155.478 0.5
      vertex -6.14109 -154.989 0.0106451
    endloop
  endfacet
  facet normal -0 -0.695419 -0.718604
    outer loop
      vertex 0.244191 -154.978 0
      vertex -6.14109 -154.989 0.0106451
      vertex -6.14559 -154.978 0
    endloop
  endfacet
  facet normal -0.000109033 -0.706433 -0.70778
    outer loop
      vertex -5.93427 -155.478 0.5
      vertex 0.244191 -154.978 0
      vertex 0.5 -155.2 0.221538
    endloop
  endfacet
  facet normal -0 -0.707694 -0.706519
    outer loop
      vertex 5 -155.2 0.221538
      vertex 8.02547 -155.478 0.5
      vertex 0.5 -155.2 0.221538
    endloop
  endfacet
  facet normal 0.000220098 -0.706497 -0.707716
    outer loop
      vertex 5.25581 -154.978 0
      vertex 8.02547 -155.478 0.5
      vertex 5 -155.2 0.221538
    endloop
  endfacet
  facet normal 0 -0.707107 -0.707107
    outer loop
      vertex 8.02547 -155.478 0.5
      vertex 5.25581 -154.978 0
      vertex 8.02547 -154.978 0
    endloop
  endfacet
  facet normal 0 1 -0
    outer loop
      vertex 8.02547 -153.4 0
      vertex 8 -153.4 4.49813
      vertex 8.02547 -153.4 4.52547
    endloop
  endfacet
  facet normal 0 1 0
    outer loop
      vertex 8 -153.4 4.49813
      vertex 8.02547 -153.4 0
      vertex 8 -153.4 0
    endloop
  endfacet
  facet normal 0 1 0
    outer loop
      vertex 4.49813 -153.4 4.49813
      vertex 4.89214 -153.4 8
      vertex 5.1813 -153.4 7.96347
    endloop
  endfacet
  facet normal 0 1 0
    outer loop
      vertex 4.49813 -153.4 4.49813
      vertex 5.1813 -153.4 7.96347
      vertex 5.60703 -153.4 7.85416
    endloop
  endfacet
  facet normal 0 1 0
    outer loop
      vertex 4.49813 -153.4 4.49813
      vertex 5.60703 -153.4 7.85416
      vertex 6.01569 -153.4 7.69236
    endloop
  endfacet
  facet normal 0 1 0
    outer loop
      vertex 4.49813 -153.4 4.49813
      vertex 6.01569 -153.4 7.69236
      vertex 6.40086 -153.4 7.48061
    endloop
  endfacet
  facet normal 0 1 0
    outer loop
      vertex 4.49813 -153.4 4.49813
      vertex 6.40086 -153.4 7.48061
      vertex 6.75645 -153.4 7.22226
    endloop
  endfacet
  facet normal 0 1 0
    outer loop
      vertex 4.49813 -153.4 4.49813
      vertex 6.75645 -153.4 7.22226
      vertex 7.07686 -153.4 6.92138
    endloop
  endfacet
  facet normal 0 1 0
    outer loop
      vertex 4.49813 -153.4 4.49813
      vertex 7.07686 -153.4 6.92138
      vertex 7.35703 -153.4 6.58271
    endloop
  endfacet
  facet normal 0 1 0
    outer loop
      vertex 4.49813 -153.4 4.49813
      vertex 7.35703 -153.4 6.58271
      vertex 7.59254 -153.4 6.2116
    endloop
  endfacet
  facet normal 0 1 0
    outer loop
      vertex 4.49813 -153.4 4.49813
      vertex 7.59254 -153.4 6.2116
      vertex 7.77968 -153.4 5.8139
    endloop
  endfacet
  facet normal 0 1 0
    outer loop
      vertex 4.49813 -153.4 4.49813
      vertex 7.77968 -153.4 5.8139
      vertex 7.91551 -153.4 5.39588
    endloop
  endfacet
  facet normal 0 1 0
    outer loop
      vertex 4.49813 -153.4 4.49813
      vertex 7.91551 -153.4 5.39588
      vertex 7.99787 -153.4 4.96413
    endloop
  endfacet
  facet normal 0 1 -0
    outer loop
      vertex 8 -153.4 4.49813
      vertex 7.99787 -153.4 4.96413
      vertex 8.02547 -153.4 4.52547
    endloop
  endfacet
  facet normal 0 1 0
    outer loop
      vertex 7.99787 -153.4 4.96413
      vertex 8 -153.4 4.49813
      vertex 4.49813 -153.4 4.49813
    endloop
  endfacet
  facet normal 0 1 0
    outer loop
      vertex 4.89214 -153.4 8
      vertex 4.49813 -153.4 4.49813
      vertex 4.49813 -153.4 8
    endloop
  endfacet
  facet normal 0 1 0
    outer loop
      vertex 5.60703 -175.922 7.85416
      vertex 4.89214 -175.922 8
      vertex 5.1813 -175.922 7.96347
    endloop
  endfacet
  facet normal 0 1 0
    outer loop
      vertex 4.89214 -175.922 8
      vertex 5.60703 -175.922 7.85416
      vertex 7.69211 -175.922 6
    endloop
  endfacet
  facet normal 0 1 0
    outer loop
      vertex 7.69211 -175.922 6
      vertex 5.60703 -175.922 7.85416
      vertex 6.01569 -175.922 7.69236
    endloop
  endfacet
  facet normal 0 1 0
    outer loop
      vertex 7.69211 -175.922 6
      vertex 6.01569 -175.922 7.69236
      vertex 6.40086 -175.922 7.48061
    endloop
  endfacet
  facet normal 0 1 0
    outer loop
      vertex 7.69211 -175.922 6
      vertex 6.40086 -175.922 7.48061
      vertex 6.75645 -175.922 7.22226
    endloop
  endfacet
  facet normal 0 1 0
    outer loop
      vertex 7.69211 -175.922 6
      vertex 6.75645 -175.922 7.22226
      vertex 7.07686 -175.922 6.92138
    endloop
  endfacet
  facet normal 0 1 0
    outer loop
      vertex 7.69211 -175.922 6
      vertex 7.07686 -175.922 6.92138
      vertex 7.35703 -175.922 6.58271
    endloop
  endfacet
  facet normal 0 1 0
    outer loop
      vertex 7.69211 -175.922 6
      vertex 7.35703 -175.922 6.58271
      vertex 7.59254 -175.922 6.2116
    endloop
  endfacet
  facet normal 0 1 0
    outer loop
      vertex 4.89214 -175.922 8
      vertex 7.69211 -175.922 6
      vertex -6.35692 -175.922 6
    endloop
  endfacet
  facet normal 0 1 0
    outer loop
      vertex 4.89214 -175.922 8
      vertex -6.35692 -175.922 6
      vertex -6.35692 -175.922 8
    endloop
  endfacet
  facet normal 0 0.698711 0.715404
    outer loop
      vertex 7.69211 -175.922 6
      vertex -6.35073 -175.907 5.98535
      vertex -6.35692 -175.922 6
    endloop
  endfacet
  facet normal -0.0238396 0.710785 0.703005
    outer loop
      vertex 7.91551 -175.317 5.39588
      vertex 7.69211 -175.922 6
      vertex 7.77968 -175.735 5.8139
    endloop
  endfacet
  facet normal -0.0145742 0.709207 0.70485
    outer loop
      vertex 7.69211 -175.922 6
      vertex 7.91551 -175.317 5.39588
      vertex 7.99102 -174.922 5
    endloop
  endfacet
  facet normal 0 0.707107 0.707107
    outer loop
      vertex 7.69211 -175.922 6
      vertex 7.99102 -174.922 5
      vertex -5.93427 -174.922 5
    endloop
  endfacet
  facet normal 1.7881e-05 0.707229 0.706985
    outer loop
      vertex 7.69211 -175.922 6
      vertex -5.93427 -174.922 5
      vertex -6.35073 -175.907 5.98535
    endloop
  endfacet
  facet normal 0 1 0
    outer loop
      vertex 8.02547 -174.922 4.52547
      vertex 7.99102 -174.922 5
      vertex 7.99787 -174.922 4.96413
    endloop
  endfacet
  facet normal 0 1 0
    outer loop
      vertex 7.99102 -174.922 5
      vertex 8.02547 -174.922 4.52547
      vertex -5.93427 -174.922 5
    endloop
  endfacet
  facet normal 0 1 0
    outer loop
      vertex -5.93427 -174.922 0.5
      vertex 8.02547 -174.922 4.52547
      vertex 8.02547 -174.922 0.5
    endloop
  endfacet
  facet normal 0 1 0
    outer loop
      vertex 8.02547 -174.922 4.52547
      vertex -5.93427 -174.922 0.5
      vertex -5.93427 -174.922 5
    endloop
  endfacet
  facet normal 0 0.707694 -0.706519
    outer loop
      vertex 0.5 -175.2 0.221538
      vertex -5.93427 -174.922 0.5
      vertex 8.02547 -174.922 0.5
    endloop
  endfacet
  facet normal 0 0.707694 -0.706519
    outer loop
      vertex 0.5 -175.2 0.221538
      vertex 8.02547 -174.922 0.5
      vertex 5 -175.2 0.221538
    endloop
  endfacet
  facet normal 0 0.707107 -0.707107
    outer loop
      vertex 5.25581 -175.422 0
      vertex 8.02547 -174.922 0.5
      vertex 8.02547 -175.422 0
    endloop
  endfacet
  facet normal 0.000220098 0.706497 -0.707716
    outer loop
      vertex 8.02547 -174.922 0.5
      vertex 5.25581 -175.422 0
      vertex 5 -175.2 0.221538
    endloop
  endfacet
  facet normal -0.000109033 0.706433 -0.70778
    outer loop
      vertex 0.244191 -175.422 0
      vertex -5.93427 -174.922 0.5
      vertex 0.5 -175.2 0.221538
    endloop
  endfacet
  facet normal 0.00109528 0.713841 -0.700307
    outer loop
      vertex -5.93427 -174.922 0.5
      vertex 0.244191 -175.422 0
      vertex -5.93987 -174.935 0.48674
    endloop
  endfacet
  facet normal 0 0.706918 -0.707296
    outer loop
      vertex -5.93987 -174.935 0.48674
      vertex 0.244191 -175.422 0
      vertex -6.14559 -175.422 0
    endloop
  endfacet
  facet normal 0 -1 0
    outer loop
      vertex 4.49813 -177 4.49813
      vertex 4.89214 -177 8
      vertex 4.49813 -177 8
    endloop
  endfacet
  facet normal 0 -1 -0
    outer loop
      vertex 4.89214 -177 8
      vertex 4.49813 -177 4.49813
      vertex 5.1813 -177 7.96347
    endloop
  endfacet
  facet normal 0 -1 -0
    outer loop
      vertex 5.1813 -177 7.96347
      vertex 4.49813 -177 4.49813
      vertex 5.60703 -177 7.85416
    endloop
  endfacet
  facet normal 0 -1 -0
    outer loop
      vertex 5.60703 -177 7.85416
      vertex 4.49813 -177 4.49813
      vertex 6.01569 -177 7.69236
    endloop
  endfacet
  facet normal 0 -1 -0
    outer loop
      vertex 6.01569 -177 7.69236
      vertex 4.49813 -177 4.49813
      vertex 6.40086 -177 7.48061
    endloop
  endfacet
  facet normal 0 -1 -0
    outer loop
      vertex 6.40086 -177 7.48061
      vertex 4.49813 -177 4.49813
      vertex 6.75645 -177 7.22226
    endloop
  endfacet
  facet normal 0 -1 -0
    outer loop
      vertex 6.75645 -177 7.22226
      vertex 4.49813 -177 4.49813
      vertex 7.07686 -177 6.92138
    endloop
  endfacet
  facet normal 0 -1 -0
    outer loop
      vertex 7.07686 -177 6.92138
      vertex 4.49813 -177 4.49813
      vertex 7.35703 -177 6.58271
    endloop
  endfacet
  facet normal 0 -1 -0
    outer loop
      vertex 7.35703 -177 6.58271
      vertex 4.49813 -177 4.49813
      vertex 7.59254 -177 6.2116
    endloop
  endfacet
  facet normal 0 -1 -0
    outer loop
      vertex 7.59254 -177 6.2116
      vertex 4.49813 -177 4.49813
      vertex 7.77968 -177 5.8139
    endloop
  endfacet
  facet normal 0 -1 -0
    outer loop
      vertex 7.77968 -177 5.8139
      vertex 4.49813 -177 4.49813
      vertex 7.91551 -177 5.39588
    endloop
  endfacet
  facet normal 0 -1 -0
    outer loop
      vertex 7.91551 -177 5.39588
      vertex 4.49813 -177 4.49813
      vertex 7.99787 -177 4.96413
    endloop
  endfacet
  facet normal 0 -1 0
    outer loop
      vertex 8 -177 4.49813
      vertex 7.99787 -177 4.96413
      vertex 4.49813 -177 4.49813
    endloop
  endfacet
  facet normal 0 -1 0
    outer loop
      vertex 7.99787 -177 4.96413
      vertex 8 -177 4.49813
      vertex 8.02547 -177 4.52547
    endloop
  endfacet
  facet normal 0 -1 0
    outer loop
      vertex 8.02547 -177 0
      vertex 8 -177 4.49813
      vertex 8 -177 0
    endloop
  endfacet
  facet normal 0 -1 0
    outer loop
      vertex 8 -177 4.49813
      vertex 8.02547 -177 0
      vertex 8.02547 -177 4.52547
    endloop
  endfacet
  facet normal -1 0 0
    outer loop
      vertex 0 11.8 -6.81273
      vertex 0 10.433 -6.0235
      vertex 0 11.8 0
    endloop
  endfacet
  facet normal -1 0 0
    outer loop
      vertex 0 0 -13.6255
      vertex 0 10.433 -6.0235
      vertex 0 11.8 -6.81273
    endloop
  endfacet
  facet normal -1 0 0
    outer loop
      vertex 0 0 -13.6255
      vertex 0 0 -12.047
      vertex 0 10.433 -6.0235
    endloop
  endfacet
  facet normal -1 0 0
    outer loop
      vertex 0 0 -13.6255
      vertex 0 -10.433 -6.0235
      vertex 0 0 -12.047
    endloop
  endfacet
  facet normal -1 0 0
    outer loop
      vertex 0 -11.8 -6.81273
      vertex 0 -10.433 -6.0235
      vertex 0 0 -13.6255
    endloop
  endfacet
  facet normal -1 0 0
    outer loop
      vertex 0 -11.8 0
      vertex 0 -10.433 -6.0235
      vertex 0 -11.8 -6.81273
    endloop
  endfacet
  facet normal -1 0 0
    outer loop
      vertex 0 -10.433 -6.0235
      vertex 0 -11.8 0
      vertex 0 -10.433 0
    endloop
  endfacet
  facet normal -1 -0 0
    outer loop
      vertex 0 11.8 0
      vertex 0 10.433 -6.0235
      vertex 0 10.433 0
    endloop
  endfacet
  facet normal 0 -1 0
    outer loop
      vertex 6 10.866 -6.2735
      vertex 8 10.866 0
      vertex 6 10.866 0
    endloop
  endfacet
  facet normal 0 -1 -0
    outer loop
      vertex 8 10.866 0
      vertex 6 10.866 -6.2735
      vertex 8 10.866 -6.2735
    endloop
  endfacet
  facet normal 0.654606 -0.75597 0
    outer loop
      vertex 5 9.99999 -5.7735
      vertex 5.25581 10.2215 0
      vertex 5 9.99999 0.221538
    endloop
  endfacet
  facet normal 0.654661 -0.755923 -4.22564e-06
    outer loop
      vertex 5 9.99999 -5.7735
      vertex 6 10.866 0
      vertex 5.25581 10.2215 0
    endloop
  endfacet
  facet normal 0.654647 -0.755935 0
    outer loop
      vertex 6 10.866 0
      vertex 5 9.99999 -5.7735
      vertex 6 10.866 -6.2735
    endloop
  endfacet
  facet normal 0 -1 0
    outer loop
      vertex 0.5 9.99999 -5.7735
      vertex 5 9.99999 0.221538
      vertex 0.5 9.99999 0.221538
    endloop
  endfacet
  facet normal 0 -1 -0
    outer loop
      vertex 5 9.99999 0.221538
      vertex 0.5 9.99999 -5.7735
      vertex 5 9.99999 -5.7735
    endloop
  endfacet
  facet normal -0.654697 -0.755892 -6.89233e-06
    outer loop
      vertex 0 10.433 0
      vertex 0.5 9.99999 -5.7735
      vertex 0.244191 10.2215 0
    endloop
  endfacet
  facet normal -0.654651 -0.755931 0
    outer loop
      vertex 0.5 9.99999 -5.7735
      vertex 0 10.433 0
      vertex 0 10.433 -6.0235
    endloop
  endfacet
  facet normal -0.654608 -0.755969 -0
    outer loop
      vertex 0.5 9.99999 0.221538
      vertex 0.244191 10.2215 0
      vertex 0.5 9.99999 -5.7735
    endloop
  endfacet
  facet normal 0 -0.500004 0.866023
    outer loop
      vertex 6 10.866 -6.2735
      vertex 8 8.85 -7.43745
      vertex 8 10.866 -6.2735
    endloop
  endfacet
  facet normal 0 -0.500004 0.866023
    outer loop
      vertex 8 8.85 -7.43745
      vertex 6 10.866 -6.2735
      vertex 6 8.85 -7.43745
    endloop
  endfacet
  facet normal 0 -0.500016 0.866016
    outer loop
      vertex 6 2.01602 -11.383
      vertex 8 0 -12.547
      vertex 8 2.01602 -11.383
    endloop
  endfacet
  facet normal 0 -0.500016 0.866016
    outer loop
      vertex 8 0 -12.547
      vertex 6 2.01602 -11.383
      vertex 6 0 -12.547
    endloop
  endfacet
  facet normal 0.65465 -0.377966 0.654656
    outer loop
      vertex 5 9.99999 -5.7735
      vertex 5.81447 8.85 -7.25191
      vertex 6 10.866 -6.2735
    endloop
  endfacet
  facet normal 0.654649 -0.377968 0.654657
    outer loop
      vertex 5.81447 8.85 -7.25191
      vertex 5 9.99999 -5.7735
      vertex 5 8.85 -6.43745
    endloop
  endfacet
  facet normal 0.654674 -0.377978 0.654625
    outer loop
      vertex 5.115 1.24959 -10.9405
      vertex 5 1.14999 -10.883
      vertex 5 0 -11.547
    endloop
  endfacet
  facet normal 0.654673 -0.377959 0.654638
    outer loop
      vertex 6 8.85 -7.43745
      vertex 6 10.866 -6.2735
      vertex 5.81447 8.85 -7.25191
    endloop
  endfacet
  facet normal 0.654647 -0.377986 0.654647
    outer loop
      vertex 6 0 -12.547
      vertex 5.115 1.24959 -10.9405
      vertex 5 0 -11.547
    endloop
  endfacet
  facet normal 0.654657 -0.377975 0.654644
    outer loop
      vertex 5.115 1.24959 -10.9405
      vertex 6 0 -12.547
      vertex 6 2.01602 -11.383
    endloop
  endfacet
  facet normal 0 -0.500002 0.866024
    outer loop
      vertex 5 9.99999 -5.7735
      vertex 2.5 8.85 -6.43745
      vertex 5 8.85 -6.43745
    endloop
  endfacet
  facet normal 4.70101e-06 -0.499996 0.866028
    outer loop
      vertex 2.5 8.85 -6.43745
      vertex 0.5 9.99999 -5.7735
      vertex 2.5 1.14999 -10.883
    endloop
  endfacet
  facet normal 0 -0.500002 0.866024
    outer loop
      vertex 0.5 9.99999 -5.7735
      vertex 2.5 8.85 -6.43745
      vertex 5 9.99999 -5.7735
    endloop
  endfacet
  facet normal 0 -0.50003 0.866008
    outer loop
      vertex 2.5 1.14999 -10.883
      vertex 5 0 -11.547
      vertex 5 1.14999 -10.883
    endloop
  endfacet
  facet normal 0 -0.50003 0.866008
    outer loop
      vertex 2.5 1.14999 -10.883
      vertex 0.5 0 -11.547
      vertex 5 0 -11.547
    endloop
  endfacet
  facet normal -2.27806e-05 -0.5 0.866025
    outer loop
      vertex 0.5 0 -11.547
      vertex 2.5 1.14999 -10.883
      vertex 0.5 9.99999 -5.7735
    endloop
  endfacet
  facet normal -0.654653 -0.377965 0.654654
    outer loop
      vertex 0.5 9.99999 -5.7735
      vertex 0 10.433 -6.0235
      vertex 0 0 -12.047
    endloop
  endfacet
  facet normal -0.654654 -0.377965 0.654654
    outer loop
      vertex 0.5 0 -11.547
      vertex 0.5 9.99999 -5.7735
      vertex 0 0 -12.047
    endloop
  endfacet
  facet normal 0 0.500005 -0.866023
    outer loop
      vertex 8 0 -13.6255
      vertex 2.5 2.94999 -11.9223
      vertex 8 2.94999 -11.9223
    endloop
  endfacet
  facet normal 4.73206e-06 0.500002 -0.866024
    outer loop
      vertex 2.5 2.94999 -11.9223
      vertex 0 0 -13.6255
      vertex 2.5 8.85 -8.51591
    endloop
  endfacet
  facet normal 0 0.500005 -0.866023
    outer loop
      vertex 0 0 -13.6255
      vertex 2.5 2.94999 -11.9223
      vertex 8 0 -13.6255
    endloop
  endfacet
  facet normal 0 0.499999 -0.866026
    outer loop
      vertex 2.5 8.85 -8.51591
      vertex 8 11.8 -6.81273
      vertex 8 8.85 -8.51591
    endloop
  endfacet
  facet normal 0 0.499999 -0.866026
    outer loop
      vertex 2.5 8.85 -8.51591
      vertex 0 11.8 -6.81273
      vertex 8 11.8 -6.81273
    endloop
  endfacet
  facet normal 4.33012e-06 0.500002 -0.866024
    outer loop
      vertex 0 11.8 -6.81273
      vertex 2.5 8.85 -8.51591
      vertex 0 0 -13.6255
    endloop
  endfacet
  facet normal -0 0.500016 0.866016
    outer loop
      vertex 6 0 -12.547
      vertex 8 -2.01602 -11.383
      vertex 8 0 -12.547
    endloop
  endfacet
  facet normal 0 0.500016 0.866016
    outer loop
      vertex 8 -2.01602 -11.383
      vertex 6 0 -12.547
      vertex 6 -2.01602 -11.383
    endloop
  endfacet
  facet normal -0 0.500004 0.866023
    outer loop
      vertex 6 -8.85 -7.43745
      vertex 8 -10.866 -6.2735
      vertex 8 -8.85 -7.43745
    endloop
  endfacet
  facet normal 0 0.500004 0.866023
    outer loop
      vertex 8 -10.866 -6.2735
      vertex 6 -8.85 -7.43745
      vertex 6 -10.866 -6.2735
    endloop
  endfacet
  facet normal 0.654691 0.377971 0.654613
    outer loop
      vertex 5.81447 -1.85534 -11.2903
      vertex 5 0 -11.547
      vertex 5 -1.14999 -10.883
    endloop
  endfacet
  facet normal 0.654655 0.377961 0.654655
    outer loop
      vertex 5 0 -11.547
      vertex 5.81447 -1.85534 -11.2903
      vertex 6 0 -12.547
    endloop
  endfacet
  facet normal 0.654653 0.377966 0.654653
    outer loop
      vertex 5.115 -8.85 -6.55245
      vertex 5 -8.85 -6.43745
      vertex 5 -9.99999 -5.7735
    endloop
  endfacet
  facet normal 0.654534 0.378029 0.654736
    outer loop
      vertex 6 -2.01602 -11.383
      vertex 6 0 -12.547
      vertex 5.81447 -1.85534 -11.2903
    endloop
  endfacet
  facet normal 0.654653 0.377966 0.654653
    outer loop
      vertex 5 -9.99999 -5.7735
      vertex 6 -8.85 -7.43745
      vertex 5.115 -8.85 -6.55245
    endloop
  endfacet
  facet normal 0.654651 0.377968 0.654654
    outer loop
      vertex 6 -8.85 -7.43745
      vertex 5 -9.99999 -5.7735
      vertex 6 -10.866 -6.2735
    endloop
  endfacet
  facet normal 0 0.50003 0.866008
    outer loop
      vertex 5 0 -11.547
      vertex 2.5 -1.14999 -10.883
      vertex 5 -1.14999 -10.883
    endloop
  endfacet
  facet normal -2.63517e-05 0.499996 0.866028
    outer loop
      vertex 2.5 -1.14999 -10.883
      vertex 0.5 0 -11.547
      vertex 2.5 -8.85 -6.43745
    endloop
  endfacet
  facet normal -0 0.50003 0.866008
    outer loop
      vertex 0.5 0 -11.547
      vertex 2.5 -1.14999 -10.883
      vertex 5 0 -11.547
    endloop
  endfacet
  facet normal -0 0.500002 0.866024
    outer loop
      vertex 2.5 -8.85 -6.43745
      vertex 5 -9.99999 -5.7735
      vertex 5 -8.85 -6.43745
    endloop
  endfacet
  facet normal 0 0.500002 0.866024
    outer loop
      vertex 2.5 -8.85 -6.43745
      vertex 0.5 -9.99999 -5.7735
      vertex 5 -9.99999 -5.7735
    endloop
  endfacet
  facet normal 1.12997e-06 0.5 0.866025
    outer loop
      vertex 0.5 -9.99999 -5.7735
      vertex 2.5 -8.85 -6.43745
      vertex 0.5 0 -11.547
    endloop
  endfacet
  facet normal -0.654654 0.377965 0.654654
    outer loop
      vertex 0.5 0 -11.547
      vertex 0 0 -12.047
      vertex 0 -10.433 -6.0235
    endloop
  endfacet
  facet normal -0.654653 0.377965 0.654654
    outer loop
      vertex 0.5 -9.99999 -5.7735
      vertex 0.5 0 -11.547
      vertex 0 -10.433 -6.0235
    endloop
  endfacet
  facet normal 0 -0.499999 -0.866026
    outer loop
      vertex 8 -11.8 -6.81273
      vertex 2.5 -8.85 -8.51591
      vertex 8 -8.85 -8.51591
    endloop
  endfacet
  facet normal 4.19614e-06 -0.500002 -0.866024
    outer loop
      vertex 2.5 -8.85 -8.51591
      vertex 0 -11.8 -6.81273
      vertex 2.5 -2.94999 -11.9223
    endloop
  endfacet
  facet normal 0 -0.499999 -0.866026
    outer loop
      vertex 0 -11.8 -6.81273
      vertex 2.5 -8.85 -8.51591
      vertex 8 -11.8 -6.81273
    endloop
  endfacet
  facet normal 0 -0.500005 -0.866023
    outer loop
      vertex 2.5 -2.94999 -11.9223
      vertex 8 0 -13.6255
      vertex 8 -2.94999 -11.9223
    endloop
  endfacet
  facet normal 0 -0.500005 -0.866023
    outer loop
      vertex 2.5 -2.94999 -11.9223
      vertex 0 0 -13.6255
      vertex 8 0 -13.6255
    endloop
  endfacet
  facet normal 4.59808e-06 -0.500002 -0.866024
    outer loop
      vertex 0 0 -13.6255
      vertex 2.5 -2.94999 -11.9223
      vertex 0 -11.8 -6.81273
    endloop
  endfacet
  facet normal 0 1 -0
    outer loop
      vertex 8 -10.866 -6.2735
      vertex 6 -10.866 0
      vertex 8 -10.866 0
    endloop
  endfacet
  facet normal 0 1 0
    outer loop
      vertex 6 -10.866 0
      vertex 8 -10.866 -6.2735
      vertex 6 -10.866 -6.2735
    endloop
  endfacet
  facet normal 0.654661 0.755923 -4.22564e-06
    outer loop
      vertex 6 -10.866 0
      vertex 5 -9.99999 -5.7735
      vertex 5.25581 -10.2215 0
    endloop
  endfacet
  facet normal 0.654647 0.755935 0
    outer loop
      vertex 5 -9.99999 -5.7735
      vertex 6 -10.866 0
      vertex 6 -10.866 -6.2735
    endloop
  endfacet
  facet normal 0.654606 0.75597 0
    outer loop
      vertex 5 -9.99999 0.221538
      vertex 5.25581 -10.2215 0
      vertex 5 -9.99999 -5.7735
    endloop
  endfacet
  facet normal 0 1 -0
    outer loop
      vertex 5 -9.99999 -5.7735
      vertex 0.5 -9.99999 0.221538
      vertex 5 -9.99999 0.221538
    endloop
  endfacet
  facet normal 0 1 0
    outer loop
      vertex 0.5 -9.99999 0.221538
      vertex 5 -9.99999 -5.7735
      vertex 0.5 -9.99999 -5.7735
    endloop
  endfacet
  facet normal -0.654608 0.755969 0
    outer loop
      vertex 0.5 -9.99999 -5.7735
      vertex 0.244191 -10.2215 0
      vertex 0.5 -9.99999 0.221538
    endloop
  endfacet
  facet normal -0.654697 0.755892 -6.89233e-06
    outer loop
      vertex 0.5 -9.99999 -5.7735
      vertex 0 -10.433 0
      vertex 0.244191 -10.2215 0
    endloop
  endfacet
  facet normal -0.654651 0.755931 0
    outer loop
      vertex 0 -10.433 0
      vertex 0.5 -9.99999 -5.7735
      vertex 0 -10.433 -6.0235
    endloop
  endfacet
  facet normal 0 0 0
    outer loop
      vertex 8 11.8 4.49813
      vertex 8 11.8 0
      vertex 8 11.8 -6.81273
    endloop
  endfacet
  facet normal 1 0 0
    outer loop
      vertex 8 10.866 -6.2735
      vertex 8 11.8 0
      vertex 8 10.866 0
    endloop
  endfacet
  facet normal 1 0 0
    outer loop
      vertex 8 11.8 0
      vertex 8 10.866 -6.2735
      vertex 8 11.8 -6.81273
    endloop
  endfacet
  facet normal 1 0 0
    outer loop
      vertex 8 8.85 -7.43745
      vertex 8 11.8 -6.81273
      vertex 8 10.866 -6.2735
    endloop
  endfacet
  facet normal 1 0 0
    outer loop
      vertex 8 11.8 -6.81273
      vertex 8 8.85 -7.43745
      vertex 8 8.85 -8.51591
    endloop
  endfacet
  facet normal 1 0 0
    outer loop
      vertex 8 0 -12.547
      vertex 8 2.94999 -11.9223
      vertex 8 2.01602 -11.383
    endloop
  endfacet
  facet normal 1 -0 0
    outer loop
      vertex 8 0 -12.547
      vertex 8 0 -13.6255
      vertex 8 2.94999 -11.9223
    endloop
  endfacet
  facet normal 1 0 0
    outer loop
      vertex 8 -2.01602 -11.383
      vertex 8 0 -13.6255
      vertex 8 0 -12.547
    endloop
  endfacet
  facet normal 1 0 0
    outer loop
      vertex 8 0 -13.6255
      vertex 8 -2.01602 -11.383
      vertex 8 -2.94999 -11.9223
    endloop
  endfacet
  facet normal 1 0 0
    outer loop
      vertex 8 -10.866 0
      vertex 8 -11.8 0
      vertex 8 -10.866 -6.2735
    endloop
  endfacet
  facet normal 1 0 0
    outer loop
      vertex 8 -10.866 -6.2735
      vertex 8 -8.85 -8.51591
      vertex 8 -8.85 -7.43745
    endloop
  endfacet
  facet normal 1 0 0
    outer loop
      vertex 8 -10.866 -6.2735
      vertex 8 -11.8 -6.81273
      vertex 8 -8.85 -8.51591
    endloop
  endfacet
  facet normal 1 0 0
    outer loop
      vertex 8 -11.8 0
      vertex 8 -11.8 -6.81273
      vertex 8 -10.866 -6.2735
    endloop
  endfacet
  facet normal 0 0 0
    outer loop
      vertex 8 -11.8 -6.81273
      vertex 8 -11.8 0
      vertex 8 -11.8 4.49813
    endloop
  endfacet
  facet normal 1 0 0
    outer loop
      vertex 2.5 -8.85 -6.43745
      vertex 2.5 -2.94999 -11.9223
      vertex 2.5 -1.14999 -10.883
    endloop
  endfacet
  facet normal 1 0 0
    outer loop
      vertex 2.5 -2.94999 -11.9223
      vertex 2.5 -8.85 -6.43745
      vertex 2.5 -8.85 -8.51591
    endloop
  endfacet
  facet normal 0 1 0
    outer loop
      vertex 8 -8.85 -7.43745
      vertex 8 -8.85 -8.51591
      vertex 6 -8.85 -7.43745
    endloop
  endfacet
  facet normal 0 1 0
    outer loop
      vertex 2.5 -8.85 -8.51591
      vertex 5 -8.85 -6.43745
      vertex 5.115 -8.85 -6.55245
    endloop
  endfacet
  facet normal 0 1 0
    outer loop
      vertex 2.5 -8.85 -8.51591
      vertex 5.115 -8.85 -6.55245
      vertex 6 -8.85 -7.43745
    endloop
  endfacet
  facet normal 0 1 0
    outer loop
      vertex 2.5 -8.85 -8.51591
      vertex 6 -8.85 -7.43745
      vertex 8 -8.85 -8.51591
    endloop
  endfacet
  facet normal 0 1 0
    outer loop
      vertex 5 -8.85 -6.43745
      vertex 2.5 -8.85 -8.51591
      vertex 2.5 -8.85 -6.43745
    endloop
  endfacet
  facet normal 0 -0.50005 0.865996
    outer loop
      vertex 6 -2.01602 -11.383
      vertex 8 -2.94999 -11.9223
      vertex 8 -2.01602 -11.383
    endloop
  endfacet
  facet normal 0 -0.500025 0.866011
    outer loop
      vertex 2.5 -2.94999 -11.9223
      vertex 5 -1.14999 -10.883
      vertex 2.5 -1.14999 -10.883
    endloop
  endfacet
  facet normal 1.87028e-05 -0.500045 0.866
    outer loop
      vertex 5 -1.14999 -10.883
      vertex 2.5 -2.94999 -11.9223
      vertex 5.81447 -1.85534 -11.2903
    endloop
  endfacet
  facet normal -8.91326e-05 -0.4998 0.866141
    outer loop
      vertex 5.81447 -1.85534 -11.2903
      vertex 2.5 -2.94999 -11.9223
      vertex 6 -2.01602 -11.383
    endloop
  endfacet
  facet normal 0 -0.50005 0.865996
    outer loop
      vertex 6 -2.01602 -11.383
      vertex 2.5 -2.94999 -11.9223
      vertex 8 -2.94999 -11.9223
    endloop
  endfacet
  facet normal 1 0 0
    outer loop
      vertex 2.5 8.85 -6.43745
      vertex 2.5 2.94999 -11.9223
      vertex 2.5 8.85 -8.51591
    endloop
  endfacet
  facet normal 1 0 -0
    outer loop
      vertex 2.5 2.94999 -11.9223
      vertex 2.5 8.85 -6.43745
      vertex 2.5 1.14999 -10.883
    endloop
  endfacet
  facet normal 0 0.50005 0.865996
    outer loop
      vertex 8 2.94999 -11.9223
      vertex 6 2.01602 -11.383
      vertex 8 2.01602 -11.383
    endloop
  endfacet
  facet normal -0 0.50005 0.865996
    outer loop
      vertex 2.5 2.94999 -11.9223
      vertex 6 2.01602 -11.383
      vertex 8 2.94999 -11.9223
    endloop
  endfacet
  facet normal -1.33205e-05 0.500013 0.866018
    outer loop
      vertex 2.5 2.94999 -11.9223
      vertex 5.115 1.24959 -10.9405
      vertex 6 2.01602 -11.383
    endloop
  endfacet
  facet normal -2.71203e-05 0.499997 0.866027
    outer loop
      vertex 2.5 2.94999 -11.9223
      vertex 5 1.14999 -10.883
      vertex 5.115 1.24959 -10.9405
    endloop
  endfacet
  facet normal 0 0.500025 0.866011
    outer loop
      vertex 5 1.14999 -10.883
      vertex 2.5 2.94999 -11.9223
      vertex 2.5 1.14999 -10.883
    endloop
  endfacet
  facet normal 0 -1 0
    outer loop
      vertex 2.5 8.85 -8.51591
      vertex 5 8.85 -6.43745
      vertex 2.5 8.85 -6.43745
    endloop
  endfacet
  facet normal 0 -1 -0
    outer loop
      vertex 5 8.85 -6.43745
      vertex 2.5 8.85 -8.51591
      vertex 5.81447 8.85 -7.25191
    endloop
  endfacet
  facet normal 0 -1 -0
    outer loop
      vertex 5.81447 8.85 -7.25191
      vertex 2.5 8.85 -8.51591
      vertex 6 8.85 -7.43745
    endloop
  endfacet
  facet normal 0 -1 0
    outer loop
      vertex 8 8.85 -8.51591
      vertex 6 8.85 -7.43745
      vertex 2.5 8.85 -8.51591
    endloop
  endfacet
  facet normal 0 -1 0
    outer loop
      vertex 6 8.85 -7.43745
      vertex 8 8.85 -8.51591
      vertex 8 8.85 -7.43745
    endloop
  endfacet
  facet normal -1 0 0
    outer loop
      vertex 0 -11.8 -6.81273
      vertex 0 -13.167 -6.0235
      vertex 0 -11.8 0
    endloop
  endfacet
  facet normal -1 0 0
    outer loop
      vertex 0 -23.6 -13.6255
      vertex 0 -13.167 -6.0235
      vertex 0 -11.8 -6.81273
    endloop
  endfacet
  facet normal -1 0 0
    outer loop
      vertex 0 -23.6 -13.6255
      vertex 0 -23.6 -12.047
      vertex 0 -13.167 -6.0235
    endloop
  endfacet
  facet normal -1 0 0
    outer loop
      vertex 0 -23.6 -13.6255
      vertex 0 -34.033 -6.0235
      vertex 0 -23.6 -12.047
    endloop
  endfacet
  facet normal -1 0 0
    outer loop
      vertex 0 -35.4 -6.81273
      vertex 0 -34.033 -6.0235
      vertex 0 -23.6 -13.6255
    endloop
  endfacet
  facet normal -1 0 0
    outer loop
      vertex 0 -35.4 0
      vertex 0 -34.033 -6.0235
      vertex 0 -35.4 -6.81273
    endloop
  endfacet
  facet normal -1 0 0
    outer loop
      vertex 0 -34.033 -6.0235
      vertex 0 -35.4 0
      vertex 0 -34.033 0
    endloop
  endfacet
  facet normal -1 -0 0
    outer loop
      vertex 0 -11.8 0
      vertex 0 -13.167 -6.0235
      vertex 0 -13.167 0
    endloop
  endfacet
  facet normal 0 -1 0
    outer loop
      vertex 6 -12.734 -6.2735
      vertex 8 -12.734 0
      vertex 6 -12.734 0
    endloop
  endfacet
  facet normal 0 -1 -0
    outer loop
      vertex 8 -12.734 0
      vertex 6 -12.734 -6.2735
      vertex 8 -12.734 -6.2735
    endloop
  endfacet
  facet normal 0.65459 -0.755984 0
    outer loop
      vertex 5 -13.6 -5.7735
      vertex 5.25581 -13.3785 0
      vertex 5 -13.6 0.221538
    endloop
  endfacet
  facet normal 0.654661 -0.755923 -5.53494e-06
    outer loop
      vertex 5 -13.6 -5.7735
      vertex 6 -12.734 0
      vertex 5.25581 -13.3785 0
    endloop
  endfacet
  facet normal 0.654643 -0.755938 0
    outer loop
      vertex 6 -12.734 0
      vertex 5 -13.6 -5.7735
      vertex 6 -12.734 -6.2735
    endloop
  endfacet
  facet normal 0 -1 0
    outer loop
      vertex 0.5 -13.6 -5.7735
      vertex 5 -13.6 0.221538
      vertex 0.5 -13.6 0.221538
    endloop
  endfacet
  facet normal 0 -1 -0
    outer loop
      vertex 5 -13.6 0.221538
      vertex 0.5 -13.6 -5.7735
      vertex 5 -13.6 -5.7735
    endloop
  endfacet
  facet normal -0.654697 -0.755892 -8.20157e-06
    outer loop
      vertex 0 -13.167 0
      vertex 0.5 -13.6 -5.7735
      vertex 0.244191 -13.3785 0
    endloop
  endfacet
  facet normal -0.654643 -0.755938 0
    outer loop
      vertex 0.5 -13.6 -5.7735
      vertex 0 -13.167 0
      vertex 0 -13.167 -6.0235
    endloop
  endfacet
  facet normal -0.654591 -0.755983 -0
    outer loop
      vertex 0.5 -13.6 0.221538
      vertex 0.244191 -13.3785 0
      vertex 0.5 -13.6 -5.7735
    endloop
  endfacet
  facet normal 0 -0.500004 0.866023
    outer loop
      vertex 6 -12.734 -6.2735
      vertex 8 -14.75 -7.43745
      vertex 8 -12.734 -6.2735
    endloop
  endfacet
  facet normal 0 -0.500004 0.866023
    outer loop
      vertex 8 -14.75 -7.43745
      vertex 6 -12.734 -6.2735
      vertex 6 -14.75 -7.43745
    endloop
  endfacet
  facet normal 0 -0.50002 0.866014
    outer loop
      vertex 6 -21.584 -11.383
      vertex 8 -23.6 -12.547
      vertex 8 -21.584 -11.383
    endloop
  endfacet
  facet normal 0 -0.50002 0.866014
    outer loop
      vertex 8 -23.6 -12.547
      vertex 6 -21.584 -11.383
      vertex 6 -23.6 -12.547
    endloop
  endfacet
  facet normal 0.654648 -0.377967 0.654658
    outer loop
      vertex 5 -13.6 -5.7735
      vertex 5.81447 -14.75 -7.25191
      vertex 6 -12.734 -6.2735
    endloop
  endfacet
  facet normal 0.654649 -0.377965 0.654658
    outer loop
      vertex 5.81447 -14.75 -7.25191
      vertex 5 -13.6 -5.7735
      vertex 5 -14.75 -6.43745
    endloop
  endfacet
  facet normal 0.654674 -0.377976 0.654627
    outer loop
      vertex 5.115 -22.3504 -10.9405
      vertex 5 -22.45 -10.883
      vertex 5 -23.6 -11.547
    endloop
  endfacet
  facet normal 0.654673 -0.377959 0.654638
    outer loop
      vertex 6 -14.75 -7.43745
      vertex 6 -12.734 -6.2735
      vertex 5.81447 -14.75 -7.25191
    endloop
  endfacet
  facet normal 0.654648 -0.377984 0.654648
    outer loop
      vertex 6 -23.6 -12.547
      vertex 5.115 -22.3504 -10.9405
      vertex 5 -23.6 -11.547
    endloop
  endfacet
  facet normal 0.654651 -0.377981 0.654647
    outer loop
      vertex 5.115 -22.3504 -10.9405
      vertex 6 -23.6 -12.547
      vertex 6 -21.584 -11.383
    endloop
  endfacet
  facet normal 0 -0.499998 0.866026
    outer loop
      vertex 5 -13.6 -5.7735
      vertex 2.5 -14.75 -6.43745
      vertex 5 -14.75 -6.43745
    endloop
  endfacet
  facet normal 1.82766e-06 -0.499996 0.866028
    outer loop
      vertex 2.5 -14.75 -6.43745
      vertex 0.5 -13.6 -5.7735
      vertex 2.5 -22.45 -10.883
    endloop
  endfacet
  facet normal 0 -0.499998 0.866026
    outer loop
      vertex 0.5 -13.6 -5.7735
      vertex 2.5 -14.75 -6.43745
      vertex 5 -13.6 -5.7735
    endloop
  endfacet
  facet normal 0 -0.500027 0.86601
    outer loop
      vertex 2.5 -22.45 -10.883
      vertex 5 -23.6 -11.547
      vertex 5 -22.45 -10.883
    endloop
  endfacet
  facet normal 0 -0.500027 0.86601
    outer loop
      vertex 2.5 -22.45 -10.883
      vertex 0.5 -23.6 -11.547
      vertex 5 -23.6 -11.547
    endloop
  endfacet
  facet normal -2.05681e-05 -0.5 0.866026
    outer loop
      vertex 0.5 -23.6 -11.547
      vertex 2.5 -22.45 -10.883
      vertex 0.5 -13.6 -5.7735
    endloop
  endfacet
  facet normal -0.654648 -0.377967 0.654658
    outer loop
      vertex 0.5 -13.6 -5.7735
      vertex 0 -13.167 -6.0235
      vertex 0 -23.6 -12.047
    endloop
  endfacet
  facet normal -0.654654 -0.377964 0.654654
    outer loop
      vertex 0.5 -23.6 -11.547
      vertex 0.5 -13.6 -5.7735
      vertex 0 -23.6 -12.047
    endloop
  endfacet
  facet normal 0 0.500004 -0.866023
    outer loop
      vertex 8 -23.6 -13.6255
      vertex 2.5 -20.65 -11.9223
      vertex 8 -20.65 -11.9223
    endloop
  endfacet
  facet normal 1.73205e-06 0.500003 -0.866024
    outer loop
      vertex 2.5 -20.65 -11.9223
      vertex 0 -23.6 -13.6255
      vertex 2.5 -14.75 -8.51591
    endloop
  endfacet
  facet normal 0 0.500004 -0.866023
    outer loop
      vertex 0 -23.6 -13.6255
      vertex 2.5 -20.65 -11.9223
      vertex 8 -23.6 -13.6255
    endloop
  endfacet
  facet normal 0 0.499999 -0.866026
    outer loop
      vertex 2.5 -14.75 -8.51591
      vertex 8 -11.8 -6.81273
      vertex 8 -14.75 -8.51591
    endloop
  endfacet
  facet normal 0 0.499999 -0.866026
    outer loop
      vertex 2.5 -14.75 -8.51591
      vertex 0 -11.8 -6.81273
      vertex 8 -11.8 -6.81273
    endloop
  endfacet
  facet normal 4.33012e-06 0.500002 -0.866024
    outer loop
      vertex 0 -11.8 -6.81273
      vertex 2.5 -14.75 -8.51591
      vertex 0 -23.6 -13.6255
    endloop
  endfacet
  facet normal -0 0.50002 0.866014
    outer loop
      vertex 6 -23.6 -12.547
      vertex 8 -25.616 -11.383
      vertex 8 -23.6 -12.547
    endloop
  endfacet
  facet normal 0 0.50002 0.866014
    outer loop
      vertex 8 -25.616 -11.383
      vertex 6 -23.6 -12.547
      vertex 6 -25.616 -11.383
    endloop
  endfacet
  facet normal -0 0.500004 0.866023
    outer loop
      vertex 6 -32.45 -7.43745
      vertex 8 -34.466 -6.2735
      vertex 8 -32.45 -7.43745
    endloop
  endfacet
  facet normal 0 0.500004 0.866023
    outer loop
      vertex 8 -34.466 -6.2735
      vertex 6 -32.45 -7.43745
      vertex 6 -34.466 -6.2735
    endloop
  endfacet
  facet normal 0.654676 0.377975 0.654625
    outer loop
      vertex 5.81447 -25.4553 -11.2903
      vertex 5 -23.6 -11.547
      vertex 5 -24.75 -10.883
    endloop
  endfacet
  facet normal 0.654653 0.377968 0.654653
    outer loop
      vertex 5 -23.6 -11.547
      vertex 5.81447 -25.4553 -11.2903
      vertex 6 -23.6 -12.547
    endloop
  endfacet
  facet normal 0.654654 0.377963 0.654654
    outer loop
      vertex 5.115 -32.45 -6.55245
      vertex 5 -32.45 -6.43745
      vertex 5 -33.6 -5.7735
    endloop
  endfacet
  facet normal 0.654558 0.378021 0.654717
    outer loop
      vertex 6 -25.616 -11.383
      vertex 6 -23.6 -12.547
      vertex 5.81447 -25.4553 -11.2903
    endloop
  endfacet
  facet normal 0.654648 0.377966 0.654658
    outer loop
      vertex 6 -34.466 -6.2735
      vertex 5.115 -32.45 -6.55245
      vertex 5 -33.6 -5.7735
    endloop
  endfacet
  facet normal 0.654653 0.377968 0.654653
    outer loop
      vertex 5.115 -32.45 -6.55245
      vertex 6 -34.466 -6.2735
      vertex 6 -32.45 -7.43745
    endloop
  endfacet
  facet normal 0 0.500027 0.86601
    outer loop
      vertex 5 -23.6 -11.547
      vertex 2.5 -24.75 -10.883
      vertex 5 -24.75 -10.883
    endloop
  endfacet
  facet normal -2.34783e-05 0.499996 0.866028
    outer loop
      vertex 2.5 -24.75 -10.883
      vertex 0.5 -23.6 -11.547
      vertex 2.5 -32.45 -6.43745
    endloop
  endfacet
  facet normal -0 0.500027 0.86601
    outer loop
      vertex 0.5 -23.6 -11.547
      vertex 2.5 -24.75 -10.883
      vertex 5 -23.6 -11.547
    endloop
  endfacet
  facet normal -0 0.499998 0.866026
    outer loop
      vertex 2.5 -32.45 -6.43745
      vertex 5 -33.6 -5.7735
      vertex 5 -32.45 -6.43745
    endloop
  endfacet
  facet normal 0 0.499998 0.866026
    outer loop
      vertex 2.5 -32.45 -6.43745
      vertex 0.5 -33.6 -5.7735
      vertex 5 -33.6 -5.7735
    endloop
  endfacet
  facet normal -1.08253e-06 0.5 0.866026
    outer loop
      vertex 0.5 -33.6 -5.7735
      vertex 2.5 -32.45 -6.43745
      vertex 0.5 -23.6 -11.547
    endloop
  endfacet
  facet normal -0.654654 0.377965 0.654654
    outer loop
      vertex 0.5 -23.6 -11.547
      vertex 0 -23.6 -12.047
      vertex 0 -34.033 -6.0235
    endloop
  endfacet
  facet normal -0.654648 0.377967 0.654658
    outer loop
      vertex 0.5 -33.6 -5.7735
      vertex 0.5 -23.6 -11.547
      vertex 0 -34.033 -6.0235
    endloop
  endfacet
  facet normal 0 -0.499999 -0.866026
    outer loop
      vertex 8 -35.4 -6.81273
      vertex 2.5 -32.45 -8.51591
      vertex 8 -32.45 -8.51591
    endloop
  endfacet
  facet normal 5.19614e-06 -0.500003 -0.866024
    outer loop
      vertex 2.5 -32.45 -8.51591
      vertex 0 -35.4 -6.81273
      vertex 2.5 -26.55 -11.9223
    endloop
  endfacet
  facet normal 0 -0.499999 -0.866026
    outer loop
      vertex 0 -35.4 -6.81273
      vertex 2.5 -32.45 -8.51591
      vertex 8 -35.4 -6.81273
    endloop
  endfacet
  facet normal 0 -0.500004 -0.866023
    outer loop
      vertex 2.5 -26.55 -11.9223
      vertex 8 -23.6 -13.6255
      vertex 8 -26.55 -11.9223
    endloop
  endfacet
  facet normal 0 -0.500004 -0.866023
    outer loop
      vertex 2.5 -26.55 -11.9223
      vertex 0 -23.6 -13.6255
      vertex 8 -23.6 -13.6255
    endloop
  endfacet
  facet normal 2.59807e-06 -0.500002 -0.866024
    outer loop
      vertex 0 -23.6 -13.6255
      vertex 2.5 -26.55 -11.9223
      vertex 0 -35.4 -6.81273
    endloop
  endfacet
  facet normal 0 1 -0
    outer loop
      vertex 8 -34.466 -6.2735
      vertex 6 -34.466 0
      vertex 8 -34.466 0
    endloop
  endfacet
  facet normal 0 1 0
    outer loop
      vertex 6 -34.466 0
      vertex 8 -34.466 -6.2735
      vertex 6 -34.466 -6.2735
    endloop
  endfacet
  facet normal 0.654661 0.755923 -5.53494e-06
    outer loop
      vertex 6 -34.466 0
      vertex 5 -33.6 -5.7735
      vertex 5.25581 -33.8215 0
    endloop
  endfacet
  facet normal 0.654643 0.755938 0
    outer loop
      vertex 5 -33.6 -5.7735
      vertex 6 -34.466 0
      vertex 6 -34.466 -6.2735
    endloop
  endfacet
  facet normal 0.65459 0.755984 0
    outer loop
      vertex 5 -33.6 0.221538
      vertex 5.25581 -33.8215 0
      vertex 5 -33.6 -5.7735
    endloop
  endfacet
  facet normal 0 1 -0
    outer loop
      vertex 5 -33.6 -5.7735
      vertex 0.5 -33.6 0.221538
      vertex 5 -33.6 0.221538
    endloop
  endfacet
  facet normal 0 1 0
    outer loop
      vertex 0.5 -33.6 0.221538
      vertex 5 -33.6 -5.7735
      vertex 0.5 -33.6 -5.7735
    endloop
  endfacet
  facet normal -0.654591 0.755983 0
    outer loop
      vertex 0.5 -33.6 -5.7735
      vertex 0.244191 -33.8215 0
      vertex 0.5 -33.6 0.221538
    endloop
  endfacet
  facet normal -0.654697 0.755892 -8.20157e-06
    outer loop
      vertex 0.5 -33.6 -5.7735
      vertex 0 -34.033 0
      vertex 0.244191 -33.8215 0
    endloop
  endfacet
  facet normal -0.654643 0.755938 0
    outer loop
      vertex 0 -34.033 0
      vertex 0.5 -33.6 -5.7735
      vertex 0 -34.033 -6.0235
    endloop
  endfacet
  facet normal 0 0 0
    outer loop
      vertex 8 -11.8 4.49813
      vertex 8 -11.8 0
      vertex 8 -11.8 -6.81273
    endloop
  endfacet
  facet normal 1 0 0
    outer loop
      vertex 8 -12.734 -6.2735
      vertex 8 -11.8 0
      vertex 8 -12.734 0
    endloop
  endfacet
  facet normal 1 0 0
    outer loop
      vertex 8 -11.8 0
      vertex 8 -12.734 -6.2735
      vertex 8 -11.8 -6.81273
    endloop
  endfacet
  facet normal 1 0 0
    outer loop
      vertex 8 -14.75 -7.43745
      vertex 8 -11.8 -6.81273
      vertex 8 -12.734 -6.2735
    endloop
  endfacet
  facet normal 1 0 0
    outer loop
      vertex 8 -11.8 -6.81273
      vertex 8 -14.75 -7.43745
      vertex 8 -14.75 -8.51591
    endloop
  endfacet
  facet normal 1 0 0
    outer loop
      vertex 8 -23.6 -12.547
      vertex 8 -20.65 -11.9223
      vertex 8 -21.584 -11.383
    endloop
  endfacet
  facet normal 1 -0 0
    outer loop
      vertex 8 -23.6 -12.547
      vertex 8 -23.6 -13.6255
      vertex 8 -20.65 -11.9223
    endloop
  endfacet
  facet normal 1 0 0
    outer loop
      vertex 8 -25.616 -11.383
      vertex 8 -23.6 -13.6255
      vertex 8 -23.6 -12.547
    endloop
  endfacet
  facet normal 1 0 0
    outer loop
      vertex 8 -23.6 -13.6255
      vertex 8 -25.616 -11.383
      vertex 8 -26.55 -11.9223
    endloop
  endfacet
  facet normal 1 0 0
    outer loop
      vertex 8 -34.466 0
      vertex 8 -35.4 0
      vertex 8 -34.466 -6.2735
    endloop
  endfacet
  facet normal 1 0 0
    outer loop
      vertex 8 -34.466 -6.2735
      vertex 8 -32.45 -8.51591
      vertex 8 -32.45 -7.43745
    endloop
  endfacet
  facet normal 1 0 0
    outer loop
      vertex 8 -34.466 -6.2735
      vertex 8 -35.4 -6.81273
      vertex 8 -32.45 -8.51591
    endloop
  endfacet
  facet normal 1 0 0
    outer loop
      vertex 8 -35.4 0
      vertex 8 -35.4 -6.81273
      vertex 8 -34.466 -6.2735
    endloop
  endfacet
  facet normal 0 0 0
    outer loop
      vertex 8 -35.4 -6.81273
      vertex 8 -35.4 0
      vertex 8 -35.4 4.49813
    endloop
  endfacet
  facet normal 1 0 0
    outer loop
      vertex 2.5 -32.45 -6.43745
      vertex 2.5 -26.55 -11.9223
      vertex 2.5 -24.75 -10.883
    endloop
  endfacet
  facet normal 1 0 0
    outer loop
      vertex 2.5 -26.55 -11.9223
      vertex 2.5 -32.45 -6.43745
      vertex 2.5 -32.45 -8.51591
    endloop
  endfacet
  facet normal 0 1 0
    outer loop
      vertex 8 -32.45 -7.43745
      vertex 8 -32.45 -8.51591
      vertex 6 -32.45 -7.43745
    endloop
  endfacet
  facet normal 0 1 0
    outer loop
      vertex 2.5 -32.45 -8.51591
      vertex 5 -32.45 -6.43745
      vertex 5.115 -32.45 -6.55245
    endloop
  endfacet
  facet normal 0 1 0
    outer loop
      vertex 2.5 -32.45 -8.51591
      vertex 5.115 -32.45 -6.55245
      vertex 6 -32.45 -7.43745
    endloop
  endfacet
  facet normal 0 1 0
    outer loop
      vertex 2.5 -32.45 -8.51591
      vertex 6 -32.45 -7.43745
      vertex 8 -32.45 -8.51591
    endloop
  endfacet
  facet normal 0 1 0
    outer loop
      vertex 5 -32.45 -6.43745
      vertex 2.5 -32.45 -8.51591
      vertex 2.5 -32.45 -6.43745
    endloop
  endfacet
  facet normal 0 -0.500038 0.866003
    outer loop
      vertex 6 -25.616 -11.383
      vertex 8 -26.55 -11.9223
      vertex 8 -25.616 -11.383
    endloop
  endfacet
  facet normal 0 -0.500025 0.866011
    outer loop
      vertex 2.5 -26.55 -11.9223
      vertex 5 -24.75 -10.883
      vertex 2.5 -24.75 -10.883
    endloop
  endfacet
  facet normal 3.26386e-05 -0.500059 0.865991
    outer loop
      vertex 5 -24.75 -10.883
      vertex 2.5 -26.55 -11.9223
      vertex 5.81447 -25.4553 -11.2903
    endloop
  endfacet
  facet normal -9.85498e-05 -0.499761 0.866163
    outer loop
      vertex 5.81447 -25.4553 -11.2903
      vertex 2.5 -26.55 -11.9223
      vertex 6 -25.616 -11.383
    endloop
  endfacet
  facet normal 0 -0.500038 0.866003
    outer loop
      vertex 6 -25.616 -11.383
      vertex 2.5 -26.55 -11.9223
      vertex 8 -26.55 -11.9223
    endloop
  endfacet
  facet normal 1 0 0
    outer loop
      vertex 2.5 -14.75 -6.43745
      vertex 2.5 -20.65 -11.9223
      vertex 2.5 -14.75 -8.51591
    endloop
  endfacet
  facet normal 1 0 -0
    outer loop
      vertex 2.5 -20.65 -11.9223
      vertex 2.5 -14.75 -6.43745
      vertex 2.5 -22.45 -10.883
    endloop
  endfacet
  facet normal 0 0.500038 0.866003
    outer loop
      vertex 8 -20.65 -11.9223
      vertex 6 -21.584 -11.383
      vertex 8 -21.584 -11.383
    endloop
  endfacet
  facet normal -0 0.500038 0.866003
    outer loop
      vertex 2.5 -20.65 -11.9223
      vertex 6 -21.584 -11.383
      vertex 8 -20.65 -11.9223
    endloop
  endfacet
  facet normal -6.0515e-06 0.500021 0.866013
    outer loop
      vertex 2.5 -20.65 -11.9223
      vertex 5.115 -22.3504 -10.9405
      vertex 6 -21.584 -11.383
    endloop
  endfacet
  facet normal -2.71203e-05 0.499997 0.866027
    outer loop
      vertex 2.5 -20.65 -11.9223
      vertex 5 -22.45 -10.883
      vertex 5.115 -22.3504 -10.9405
    endloop
  endfacet
  facet normal 0 0.500025 0.866011
    outer loop
      vertex 5 -22.45 -10.883
      vertex 2.5 -20.65 -11.9223
      vertex 2.5 -22.45 -10.883
    endloop
  endfacet
  facet normal 0 -1 0
    outer loop
      vertex 2.5 -14.75 -8.51591
      vertex 5 -14.75 -6.43745
      vertex 2.5 -14.75 -6.43745
    endloop
  endfacet
  facet normal 0 -1 -0
    outer loop
      vertex 5 -14.75 -6.43745
      vertex 2.5 -14.75 -8.51591
      vertex 5.81447 -14.75 -7.25191
    endloop
  endfacet
  facet normal 0 -1 -0
    outer loop
      vertex 5.81447 -14.75 -7.25191
      vertex 2.5 -14.75 -8.51591
      vertex 6 -14.75 -7.43745
    endloop
  endfacet
  facet normal 0 -1 0
    outer loop
      vertex 8 -14.75 -8.51591
      vertex 6 -14.75 -7.43745
      vertex 2.5 -14.75 -8.51591
    endloop
  endfacet
  facet normal 0 -1 0
    outer loop
      vertex 6 -14.75 -7.43745
      vertex 8 -14.75 -8.51591
      vertex 8 -14.75 -7.43745
    endloop
  endfacet
  facet normal -1 0 0
    outer loop
      vertex 0 -35.4 -6.81273
      vertex 0 -36.767 -6.0235
      vertex 0 -35.4 0
    endloop
  endfacet
  facet normal -1 0 0
    outer loop
      vertex 0 -47.2 -13.6255
      vertex 0 -36.767 -6.0235
      vertex 0 -35.4 -6.81273
    endloop
  endfacet
  facet normal -1 0 0
    outer loop
      vertex 0 -47.2 -13.6255
      vertex 0 -47.2 -12.047
      vertex 0 -36.767 -6.0235
    endloop
  endfacet
  facet normal -1 0 0
    outer loop
      vertex 0 -47.2 -13.6255
      vertex 0 -57.633 -6.0235
      vertex 0 -47.2 -12.047
    endloop
  endfacet
  facet normal -1 0 0
    outer loop
      vertex 0 -59 -6.81273
      vertex 0 -57.633 -6.0235
      vertex 0 -47.2 -13.6255
    endloop
  endfacet
  facet normal -1 0 0
    outer loop
      vertex 0 -59 0
      vertex 0 -57.633 -6.0235
      vertex 0 -59 -6.81273
    endloop
  endfacet
  facet normal -1 0 0
    outer loop
      vertex 0 -57.633 -6.0235
      vertex 0 -59 0
      vertex 0 -57.633 0
    endloop
  endfacet
  facet normal -1 -0 0
    outer loop
      vertex 0 -35.4 0
      vertex 0 -36.767 -6.0235
      vertex 0 -36.767 0
    endloop
  endfacet
  facet normal 0 -1 0
    outer loop
      vertex 6 -36.334 -6.2735
      vertex 8 -36.334 0
      vertex 6 -36.334 0
    endloop
  endfacet
  facet normal 0 -1 -0
    outer loop
      vertex 8 -36.334 0
      vertex 6 -36.334 -6.2735
      vertex 8 -36.334 -6.2735
    endloop
  endfacet
  facet normal 0.65459 -0.755984 0
    outer loop
      vertex 5 -37.2 -5.7735
      vertex 5.25581 -36.9785 0
      vertex 5 -37.2 0.221538
    endloop
  endfacet
  facet normal 0.654661 -0.755923 -5.53494e-06
    outer loop
      vertex 5 -37.2 -5.7735
      vertex 6 -36.334 0
      vertex 5.25581 -36.9785 0
    endloop
  endfacet
  facet normal 0.654643 -0.755938 0
    outer loop
      vertex 6 -36.334 0
      vertex 5 -37.2 -5.7735
      vertex 6 -36.334 -6.2735
    endloop
  endfacet
  facet normal 0 -1 0
    outer loop
      vertex 0.5 -37.2 -5.7735
      vertex 5 -37.2 0.221538
      vertex 0.5 -37.2 0.221538
    endloop
  endfacet
  facet normal 0 -1 -0
    outer loop
      vertex 5 -37.2 0.221538
      vertex 0.5 -37.2 -5.7735
      vertex 5 -37.2 -5.7735
    endloop
  endfacet
  facet normal -0.654697 -0.755892 -8.20157e-06
    outer loop
      vertex 0 -36.767 0
      vertex 0.5 -37.2 -5.7735
      vertex 0.244191 -36.9785 0
    endloop
  endfacet
  facet normal -0.654643 -0.755938 0
    outer loop
      vertex 0.5 -37.2 -5.7735
      vertex 0 -36.767 0
      vertex 0 -36.767 -6.0235
    endloop
  endfacet
  facet normal -0.654591 -0.755983 -0
    outer loop
      vertex 0.5 -37.2 0.221538
      vertex 0.244191 -36.9785 0
      vertex 0.5 -37.2 -5.7735
    endloop
  endfacet
  facet normal 0 -0.500004 0.866023
    outer loop
      vertex 6 -36.334 -6.2735
      vertex 8 -38.35 -7.43745
      vertex 8 -36.334 -6.2735
    endloop
  endfacet
  facet normal 0 -0.500004 0.866023
    outer loop
      vertex 8 -38.35 -7.43745
      vertex 6 -36.334 -6.2735
      vertex 6 -38.35 -7.43745
    endloop
  endfacet
  facet normal 0 -0.50002 0.866014
    outer loop
      vertex 6 -45.184 -11.383
      vertex 8 -47.2 -12.547
      vertex 8 -45.184 -11.383
    endloop
  endfacet
  facet normal 0 -0.50002 0.866014
    outer loop
      vertex 8 -47.2 -12.547
      vertex 6 -45.184 -11.383
      vertex 6 -47.2 -12.547
    endloop
  endfacet
  facet normal 0.654648 -0.377967 0.654658
    outer loop
      vertex 5 -37.2 -5.7735
      vertex 5.81447 -38.35 -7.25191
      vertex 6 -36.334 -6.2735
    endloop
  endfacet
  facet normal 0.654649 -0.377965 0.654658
    outer loop
      vertex 5.81447 -38.35 -7.25191
      vertex 5 -37.2 -5.7735
      vertex 5 -38.35 -6.43745
    endloop
  endfacet
  facet normal 0.654674 -0.377976 0.654627
    outer loop
      vertex 5.115 -45.9504 -10.9405
      vertex 5 -46.05 -10.883
      vertex 5 -47.2 -11.547
    endloop
  endfacet
  facet normal 0.654673 -0.377959 0.654638
    outer loop
      vertex 6 -38.35 -7.43745
      vertex 6 -36.334 -6.2735
      vertex 5.81447 -38.35 -7.25191
    endloop
  endfacet
  facet normal 0.654648 -0.377984 0.654648
    outer loop
      vertex 6 -47.2 -12.547
      vertex 5.115 -45.9504 -10.9405
      vertex 5 -47.2 -11.547
    endloop
  endfacet
  facet normal 0.654651 -0.377981 0.654647
    outer loop
      vertex 5.115 -45.9504 -10.9405
      vertex 6 -47.2 -12.547
      vertex 6 -45.184 -11.383
    endloop
  endfacet
  facet normal 0 -0.499998 0.866026
    outer loop
      vertex 5 -37.2 -5.7735
      vertex 2.5 -38.35 -6.43745
      vertex 5 -38.35 -6.43745
    endloop
  endfacet
  facet normal 1.82766e-06 -0.499996 0.866028
    outer loop
      vertex 2.5 -38.35 -6.43745
      vertex 0.5 -37.2 -5.7735
      vertex 2.5 -46.05 -10.883
    endloop
  endfacet
  facet normal 0 -0.499998 0.866026
    outer loop
      vertex 0.5 -37.2 -5.7735
      vertex 2.5 -38.35 -6.43745
      vertex 5 -37.2 -5.7735
    endloop
  endfacet
  facet normal 0 -0.500027 0.86601
    outer loop
      vertex 2.5 -46.05 -10.883
      vertex 5 -47.2 -11.547
      vertex 5 -46.05 -10.883
    endloop
  endfacet
  facet normal 0 -0.500027 0.86601
    outer loop
      vertex 2.5 -46.05 -10.883
      vertex 0.5 -47.2 -11.547
      vertex 5 -47.2 -11.547
    endloop
  endfacet
  facet normal -2.05681e-05 -0.5 0.866026
    outer loop
      vertex 0.5 -47.2 -11.547
      vertex 2.5 -46.05 -10.883
      vertex 0.5 -37.2 -5.7735
    endloop
  endfacet
  facet normal -0.654648 -0.377967 0.654658
    outer loop
      vertex 0.5 -37.2 -5.7735
      vertex 0 -36.767 -6.0235
      vertex 0 -47.2 -12.047
    endloop
  endfacet
  facet normal -0.654654 -0.377964 0.654654
    outer loop
      vertex 0.5 -47.2 -11.547
      vertex 0.5 -37.2 -5.7735
      vertex 0 -47.2 -12.047
    endloop
  endfacet
  facet normal 0 0.500004 -0.866023
    outer loop
      vertex 8 -47.2 -13.6255
      vertex 2.5 -44.25 -11.9223
      vertex 8 -44.25 -11.9223
    endloop
  endfacet
  facet normal 1.73205e-06 0.500003 -0.866024
    outer loop
      vertex 2.5 -44.25 -11.9223
      vertex 0 -47.2 -13.6255
      vertex 2.5 -38.35 -8.51591
    endloop
  endfacet
  facet normal 0 0.500004 -0.866023
    outer loop
      vertex 0 -47.2 -13.6255
      vertex 2.5 -44.25 -11.9223
      vertex 8 -47.2 -13.6255
    endloop
  endfacet
  facet normal 0 0.499999 -0.866026
    outer loop
      vertex 2.5 -38.35 -8.51591
      vertex 8 -35.4 -6.81273
      vertex 8 -38.35 -8.51591
    endloop
  endfacet
  facet normal 0 0.499999 -0.866026
    outer loop
      vertex 2.5 -38.35 -8.51591
      vertex 0 -35.4 -6.81273
      vertex 8 -35.4 -6.81273
    endloop
  endfacet
  facet normal 4.33012e-06 0.500002 -0.866024
    outer loop
      vertex 0 -35.4 -6.81273
      vertex 2.5 -38.35 -8.51591
      vertex 0 -47.2 -13.6255
    endloop
  endfacet
  facet normal -0 0.50002 0.866014
    outer loop
      vertex 6 -47.2 -12.547
      vertex 8 -49.216 -11.383
      vertex 8 -47.2 -12.547
    endloop
  endfacet
  facet normal 0 0.50002 0.866014
    outer loop
      vertex 8 -49.216 -11.383
      vertex 6 -47.2 -12.547
      vertex 6 -49.216 -11.383
    endloop
  endfacet
  facet normal -0 0.500004 0.866023
    outer loop
      vertex 6 -56.05 -7.43745
      vertex 8 -58.066 -6.2735
      vertex 8 -56.05 -7.43745
    endloop
  endfacet
  facet normal 0 0.500004 0.866023
    outer loop
      vertex 8 -58.066 -6.2735
      vertex 6 -56.05 -7.43745
      vertex 6 -58.066 -6.2735
    endloop
  endfacet
  facet normal 0.654676 0.377975 0.654625
    outer loop
      vertex 5.81447 -49.0553 -11.2903
      vertex 5 -47.2 -11.547
      vertex 5 -48.35 -10.883
    endloop
  endfacet
  facet normal 0.654653 0.377968 0.654653
    outer loop
      vertex 5 -47.2 -11.547
      vertex 5.81447 -49.0553 -11.2903
      vertex 6 -47.2 -12.547
    endloop
  endfacet
  facet normal 0.654654 0.377963 0.654654
    outer loop
      vertex 5.115 -56.05 -6.55245
      vertex 5 -56.05 -6.43745
      vertex 5 -57.2 -5.7735
    endloop
  endfacet
  facet normal 0.654558 0.378021 0.654717
    outer loop
      vertex 6 -49.216 -11.383
      vertex 6 -47.2 -12.547
      vertex 5.81447 -49.0553 -11.2903
    endloop
  endfacet
  facet normal 0.654654 0.377963 0.654654
    outer loop
      vertex 5 -57.2 -5.7735
      vertex 6 -56.05 -7.43745
      vertex 5.115 -56.05 -6.55245
    endloop
  endfacet
  facet normal 0.654649 0.377969 0.654655
    outer loop
      vertex 6 -56.05 -7.43745
      vertex 5 -57.2 -5.7735
      vertex 6 -58.066 -6.2735
    endloop
  endfacet
  facet normal 0 0.500027 0.86601
    outer loop
      vertex 5 -47.2 -11.547
      vertex 2.5 -48.35 -10.883
      vertex 5 -48.35 -10.883
    endloop
  endfacet
  facet normal -2.34783e-05 0.499996 0.866028
    outer loop
      vertex 2.5 -48.35 -10.883
      vertex 0.5 -47.2 -11.547
      vertex 2.5 -56.05 -6.43745
    endloop
  endfacet
  facet normal -0 0.500027 0.86601
    outer loop
      vertex 0.5 -47.2 -11.547
      vertex 2.5 -48.35 -10.883
      vertex 5 -47.2 -11.547
    endloop
  endfacet
  facet normal -0 0.499998 0.866026
    outer loop
      vertex 2.5 -56.05 -6.43745
      vertex 5 -57.2 -5.7735
      vertex 5 -56.05 -6.43745
    endloop
  endfacet
  facet normal 0 0.499998 0.866026
    outer loop
      vertex 2.5 -56.05 -6.43745
      vertex 0.5 -57.2 -5.7735
      vertex 5 -57.2 -5.7735
    endloop
  endfacet
  facet normal -1.08253e-06 0.5 0.866026
    outer loop
      vertex 0.5 -57.2 -5.7735
      vertex 2.5 -56.05 -6.43745
      vertex 0.5 -47.2 -11.547
    endloop
  endfacet
  facet normal -0.654654 0.377965 0.654654
    outer loop
      vertex 0.5 -47.2 -11.547
      vertex 0 -47.2 -12.047
      vertex 0 -57.633 -6.0235
    endloop
  endfacet
  facet normal -0.654648 0.377967 0.654658
    outer loop
      vertex 0.5 -57.2 -5.7735
      vertex 0.5 -47.2 -11.547
      vertex 0 -57.633 -6.0235
    endloop
  endfacet
  facet normal 0 -0.499999 -0.866026
    outer loop
      vertex 8 -59 -6.81273
      vertex 2.5 -56.05 -8.51591
      vertex 8 -56.05 -8.51591
    endloop
  endfacet
  facet normal 5.19614e-06 -0.500003 -0.866024
    outer loop
      vertex 2.5 -56.05 -8.51591
      vertex 0 -59 -6.81273
      vertex 2.5 -50.15 -11.9223
    endloop
  endfacet
  facet normal 0 -0.499999 -0.866026
    outer loop
      vertex 0 -59 -6.81273
      vertex 2.5 -56.05 -8.51591
      vertex 8 -59 -6.81273
    endloop
  endfacet
  facet normal 0 -0.500004 -0.866023
    outer loop
      vertex 2.5 -50.15 -11.9223
      vertex 8 -47.2 -13.6255
      vertex 8 -50.15 -11.9223
    endloop
  endfacet
  facet normal 0 -0.500004 -0.866023
    outer loop
      vertex 2.5 -50.15 -11.9223
      vertex 0 -47.2 -13.6255
      vertex 8 -47.2 -13.6255
    endloop
  endfacet
  facet normal 2.59807e-06 -0.500002 -0.866024
    outer loop
      vertex 0 -47.2 -13.6255
      vertex 2.5 -50.15 -11.9223
      vertex 0 -59 -6.81273
    endloop
  endfacet
  facet normal 0 1 -0
    outer loop
      vertex 8 -58.066 -6.2735
      vertex 6 -58.066 0
      vertex 8 -58.066 0
    endloop
  endfacet
  facet normal 0 1 0
    outer loop
      vertex 6 -58.066 0
      vertex 8 -58.066 -6.2735
      vertex 6 -58.066 -6.2735
    endloop
  endfacet
  facet normal 0.654661 0.755923 -5.53494e-06
    outer loop
      vertex 6 -58.066 0
      vertex 5 -57.2 -5.7735
      vertex 5.25581 -57.4215 0
    endloop
  endfacet
  facet normal 0.654643 0.755938 0
    outer loop
      vertex 5 -57.2 -5.7735
      vertex 6 -58.066 0
      vertex 6 -58.066 -6.2735
    endloop
  endfacet
  facet normal 0.65459 0.755984 0
    outer loop
      vertex 5 -57.2 0.221538
      vertex 5.25581 -57.4215 0
      vertex 5 -57.2 -5.7735
    endloop
  endfacet
  facet normal 0 1 -0
    outer loop
      vertex 5 -57.2 -5.7735
      vertex 0.5 -57.2 0.221538
      vertex 5 -57.2 0.221538
    endloop
  endfacet
  facet normal 0 1 0
    outer loop
      vertex 0.5 -57.2 0.221538
      vertex 5 -57.2 -5.7735
      vertex 0.5 -57.2 -5.7735
    endloop
  endfacet
  facet normal -0.654591 0.755983 0
    outer loop
      vertex 0.5 -57.2 -5.7735
      vertex 0.244191 -57.4215 0
      vertex 0.5 -57.2 0.221538
    endloop
  endfacet
  facet normal -0.654697 0.755892 -8.20157e-06
    outer loop
      vertex 0.5 -57.2 -5.7735
      vertex 0 -57.633 0
      vertex 0.244191 -57.4215 0
    endloop
  endfacet
  facet normal -0.654643 0.755938 0
    outer loop
      vertex 0 -57.633 0
      vertex 0.5 -57.2 -5.7735
      vertex 0 -57.633 -6.0235
    endloop
  endfacet
  facet normal 1 0 0
    outer loop
      vertex 8 -36.334 -6.2735
      vertex 8 -35.4 0
      vertex 8 -36.334 0
    endloop
  endfacet
  facet normal 1 0 0
    outer loop
      vertex 8 -35.4 0
      vertex 8 -36.334 -6.2735
      vertex 8 -35.4 -6.81273
    endloop
  endfacet
  facet normal 1 0 0
    outer loop
      vertex 8 -36.334 -6.2735
      vertex 8 -38.35 -8.51591
      vertex 8 -35.4 -6.81273
    endloop
  endfacet
  facet normal 1 0 0
    outer loop
      vertex 8 -38.35 -8.51591
      vertex 8 -36.334 -6.2735
      vertex 8 -38.35 -7.43745
    endloop
  endfacet
  facet normal 0 0 0
    outer loop
      vertex 8 -35.4 -6.81273
      vertex 8 -35.4 4.49813
      vertex 8 -35.4 0
    endloop
  endfacet
  facet normal 1 0 0
    outer loop
      vertex 8 -47.2 -12.547
      vertex 8 -44.25 -11.9223
      vertex 8 -45.184 -11.383
    endloop
  endfacet
  facet normal 1 -0 0
    outer loop
      vertex 8 -47.2 -12.547
      vertex 8 -47.2 -13.6255
      vertex 8 -44.25 -11.9223
    endloop
  endfacet
  facet normal 1 0 0
    outer loop
      vertex 8 -49.216 -11.383
      vertex 8 -47.2 -13.6255
      vertex 8 -47.2 -12.547
    endloop
  endfacet
  facet normal 1 0 0
    outer loop
      vertex 8 -47.2 -13.6255
      vertex 8 -49.216 -11.383
      vertex 8 -50.15 -11.9223
    endloop
  endfacet
  facet normal 1 0 0
    outer loop
      vertex 8 -58.066 0
      vertex 8 -59 0
      vertex 8 -58.066 -6.2735
    endloop
  endfacet
  facet normal 1 0 0
    outer loop
      vertex 8 -58.066 -6.2735
      vertex 8 -56.05 -8.51591
      vertex 8 -56.05 -7.43745
    endloop
  endfacet
  facet normal 1 0 0
    outer loop
      vertex 8 -58.066 -6.2735
      vertex 8 -59 -6.81273
      vertex 8 -56.05 -8.51591
    endloop
  endfacet
  facet normal 1 0 0
    outer loop
      vertex 8 -59 -6.81273
      vertex 8 -58.066 -6.2735
      vertex 8 -59 0
    endloop
  endfacet
  facet normal 0 0 0
    outer loop
      vertex 8 -59 -6.81273
      vertex 8 -59 0
      vertex 8 -59 4.49813
    endloop
  endfacet
  facet normal 1 0 0
    outer loop
      vertex 2.5 -56.05 -6.43745
      vertex 2.5 -50.15 -11.9223
      vertex 2.5 -48.35 -10.883
    endloop
  endfacet
  facet normal 1 0 0
    outer loop
      vertex 2.5 -50.15 -11.9223
      vertex 2.5 -56.05 -6.43745
      vertex 2.5 -56.05 -8.51591
    endloop
  endfacet
  facet normal 0 1 0
    outer loop
      vertex 8 -56.05 -7.43745
      vertex 8 -56.05 -8.51591
      vertex 6 -56.05 -7.43745
    endloop
  endfacet
  facet normal 0 1 0
    outer loop
      vertex 2.5 -56.05 -8.51591
      vertex 5 -56.05 -6.43745
      vertex 5.115 -56.05 -6.55245
    endloop
  endfacet
  facet normal 0 1 0
    outer loop
      vertex 2.5 -56.05 -8.51591
      vertex 5.115 -56.05 -6.55245
      vertex 6 -56.05 -7.43745
    endloop
  endfacet
  facet normal 0 1 0
    outer loop
      vertex 2.5 -56.05 -8.51591
      vertex 6 -56.05 -7.43745
      vertex 8 -56.05 -8.51591
    endloop
  endfacet
  facet normal 0 1 0
    outer loop
      vertex 5 -56.05 -6.43745
      vertex 2.5 -56.05 -8.51591
      vertex 2.5 -56.05 -6.43745
    endloop
  endfacet
  facet normal 0 -0.500038 0.866003
    outer loop
      vertex 6 -49.216 -11.383
      vertex 8 -50.15 -11.9223
      vertex 8 -49.216 -11.383
    endloop
  endfacet
  facet normal 3.26386e-05 -0.500059 0.865991
    outer loop
      vertex 2.5 -50.15 -11.9223
      vertex 5.81447 -49.0553 -11.2903
      vertex 5 -48.35 -10.883
    endloop
  endfacet
  facet normal 0 -0.500025 0.866011
    outer loop
      vertex 2.5 -50.15 -11.9223
      vertex 5 -48.35 -10.883
      vertex 2.5 -48.35 -10.883
    endloop
  endfacet
  facet normal -9.85498e-05 -0.499761 0.866163
    outer loop
      vertex 5.81447 -49.0553 -11.2903
      vertex 2.5 -50.15 -11.9223
      vertex 6 -49.216 -11.383
    endloop
  endfacet
  facet normal 0 -0.500038 0.866003
    outer loop
      vertex 6 -49.216 -11.383
      vertex 2.5 -50.15 -11.9223
      vertex 8 -50.15 -11.9223
    endloop
  endfacet
  facet normal 1 0 0
    outer loop
      vertex 2.5 -38.35 -6.43745
      vertex 2.5 -44.25 -11.9223
      vertex 2.5 -38.35 -8.51591
    endloop
  endfacet
  facet normal 1 0 -0
    outer loop
      vertex 2.5 -44.25 -11.9223
      vertex 2.5 -38.35 -6.43745
      vertex 2.5 -46.05 -10.883
    endloop
  endfacet
  facet normal 0 0.500038 0.866003
    outer loop
      vertex 8 -44.25 -11.9223
      vertex 6 -45.184 -11.383
      vertex 8 -45.184 -11.383
    endloop
  endfacet
  facet normal -0 0.500038 0.866003
    outer loop
      vertex 2.5 -44.25 -11.9223
      vertex 6 -45.184 -11.383
      vertex 8 -44.25 -11.9223
    endloop
  endfacet
  facet normal -6.0515e-06 0.500021 0.866013
    outer loop
      vertex 2.5 -44.25 -11.9223
      vertex 5.115 -45.9504 -10.9405
      vertex 6 -45.184 -11.383
    endloop
  endfacet
  facet normal -2.71203e-05 0.499997 0.866027
    outer loop
      vertex 2.5 -44.25 -11.9223
      vertex 5 -46.05 -10.883
      vertex 5.115 -45.9504 -10.9405
    endloop
  endfacet
  facet normal 0 0.500025 0.866011
    outer loop
      vertex 5 -46.05 -10.883
      vertex 2.5 -44.25 -11.9223
      vertex 2.5 -46.05 -10.883
    endloop
  endfacet
  facet normal 0 -1 0
    outer loop
      vertex 2.5 -38.35 -8.51591
      vertex 5 -38.35 -6.43745
      vertex 2.5 -38.35 -6.43745
    endloop
  endfacet
  facet normal 0 -1 -0
    outer loop
      vertex 5 -38.35 -6.43745
      vertex 2.5 -38.35 -8.51591
      vertex 5.81447 -38.35 -7.25191
    endloop
  endfacet
  facet normal 0 -1 -0
    outer loop
      vertex 5.81447 -38.35 -7.25191
      vertex 2.5 -38.35 -8.51591
      vertex 6 -38.35 -7.43745
    endloop
  endfacet
  facet normal 0 -1 0
    outer loop
      vertex 8 -38.35 -8.51591
      vertex 6 -38.35 -7.43745
      vertex 2.5 -38.35 -8.51591
    endloop
  endfacet
  facet normal 0 -1 0
    outer loop
      vertex 6 -38.35 -7.43745
      vertex 8 -38.35 -8.51591
      vertex 8 -38.35 -7.43745
    endloop
  endfacet
  facet normal -1 0 0
    outer loop
      vertex 0 -59 -6.81273
      vertex 0 -60.367 -6.0235
      vertex 0 -59 0
    endloop
  endfacet
  facet normal -1 0 0
    outer loop
      vertex 0 -70.8 -13.6255
      vertex 0 -60.367 -6.0235
      vertex 0 -59 -6.81273
    endloop
  endfacet
  facet normal -1 0 0
    outer loop
      vertex 0 -70.8 -13.6255
      vertex 0 -70.8 -12.047
      vertex 0 -60.367 -6.0235
    endloop
  endfacet
  facet normal -1 0 0
    outer loop
      vertex 0 -70.8 -13.6255
      vertex 0 -81.233 -6.0235
      vertex 0 -70.8 -12.047
    endloop
  endfacet
  facet normal -1 0 0
    outer loop
      vertex 0 -82.6 -6.81273
      vertex 0 -81.233 -6.0235
      vertex 0 -70.8 -13.6255
    endloop
  endfacet
  facet normal -1 0 0
    outer loop
      vertex 0 -82.6 0
      vertex 0 -81.233 -6.0235
      vertex 0 -82.6 -6.81273
    endloop
  endfacet
  facet normal -1 0 0
    outer loop
      vertex 0 -81.233 -6.0235
      vertex 0 -82.6 0
      vertex 0 -81.233 0
    endloop
  endfacet
  facet normal -1 -0 0
    outer loop
      vertex 0 -59 0
      vertex 0 -60.367 -6.0235
      vertex 0 -60.367 0
    endloop
  endfacet
  facet normal 0 -1 0
    outer loop
      vertex 6 -59.934 -6.2735
      vertex 8 -59.934 0
      vertex 6 -59.934 0
    endloop
  endfacet
  facet normal 0 -1 -0
    outer loop
      vertex 8 -59.934 0
      vertex 6 -59.934 -6.2735
      vertex 8 -59.934 -6.2735
    endloop
  endfacet
  facet normal 0.65459 -0.755984 0
    outer loop
      vertex 5 -60.8 -5.7735
      vertex 5.25581 -60.5785 0
      vertex 5 -60.8 0.221538
    endloop
  endfacet
  facet normal 0.654661 -0.755923 -5.53494e-06
    outer loop
      vertex 5 -60.8 -5.7735
      vertex 6 -59.934 0
      vertex 5.25581 -60.5785 0
    endloop
  endfacet
  facet normal 0.654643 -0.755938 0
    outer loop
      vertex 6 -59.934 0
      vertex 5 -60.8 -5.7735
      vertex 6 -59.934 -6.2735
    endloop
  endfacet
  facet normal 0 -1 0
    outer loop
      vertex 0.5 -60.8 -5.7735
      vertex 5 -60.8 0.221538
      vertex 0.5 -60.8 0.221538
    endloop
  endfacet
  facet normal 0 -1 -0
    outer loop
      vertex 5 -60.8 0.221538
      vertex 0.5 -60.8 -5.7735
      vertex 5 -60.8 -5.7735
    endloop
  endfacet
  facet normal -0.654697 -0.755892 -8.20157e-06
    outer loop
      vertex 0 -60.367 0
      vertex 0.5 -60.8 -5.7735
      vertex 0.244191 -60.5785 0
    endloop
  endfacet
  facet normal -0.654643 -0.755938 0
    outer loop
      vertex 0.5 -60.8 -5.7735
      vertex 0 -60.367 0
      vertex 0 -60.367 -6.0235
    endloop
  endfacet
  facet normal -0.654591 -0.755983 -0
    outer loop
      vertex 0.5 -60.8 0.221538
      vertex 0.244191 -60.5785 0
      vertex 0.5 -60.8 -5.7735
    endloop
  endfacet
  facet normal 0 -0.500004 0.866023
    outer loop
      vertex 6 -59.934 -6.2735
      vertex 8 -61.95 -7.43745
      vertex 8 -59.934 -6.2735
    endloop
  endfacet
  facet normal 0 -0.500004 0.866023
    outer loop
      vertex 8 -61.95 -7.43745
      vertex 6 -59.934 -6.2735
      vertex 6 -61.95 -7.43745
    endloop
  endfacet
  facet normal 0 -0.50002 0.866014
    outer loop
      vertex 6 -68.784 -11.383
      vertex 8 -70.8 -12.547
      vertex 8 -68.784 -11.383
    endloop
  endfacet
  facet normal 0 -0.50002 0.866014
    outer loop
      vertex 8 -70.8 -12.547
      vertex 6 -68.784 -11.383
      vertex 6 -70.8 -12.547
    endloop
  endfacet
  facet normal 0.654648 -0.377967 0.654658
    outer loop
      vertex 5 -60.8 -5.7735
      vertex 5.81447 -61.95 -7.25191
      vertex 6 -59.934 -6.2735
    endloop
  endfacet
  facet normal 0.654649 -0.377965 0.654658
    outer loop
      vertex 5.81447 -61.95 -7.25191
      vertex 5 -60.8 -5.7735
      vertex 5 -61.95 -6.43745
    endloop
  endfacet
  facet normal 0.654674 -0.377976 0.654627
    outer loop
      vertex 5.115 -69.5504 -10.9405
      vertex 5 -69.65 -10.883
      vertex 5 -70.8 -11.547
    endloop
  endfacet
  facet normal 0.654673 -0.377959 0.654638
    outer loop
      vertex 6 -61.95 -7.43745
      vertex 6 -59.934 -6.2735
      vertex 5.81447 -61.95 -7.25191
    endloop
  endfacet
  facet normal 0.654648 -0.377984 0.654648
    outer loop
      vertex 6 -70.8 -12.547
      vertex 5.115 -69.5504 -10.9405
      vertex 5 -70.8 -11.547
    endloop
  endfacet
  facet normal 0.654651 -0.377981 0.654647
    outer loop
      vertex 5.115 -69.5504 -10.9405
      vertex 6 -70.8 -12.547
      vertex 6 -68.784 -11.383
    endloop
  endfacet
  facet normal 0 -0.499998 0.866026
    outer loop
      vertex 5 -60.8 -5.7735
      vertex 2.5 -61.95 -6.43745
      vertex 5 -61.95 -6.43745
    endloop
  endfacet
  facet normal 1.82766e-06 -0.499996 0.866028
    outer loop
      vertex 2.5 -61.95 -6.43745
      vertex 0.5 -60.8 -5.7735
      vertex 2.5 -69.65 -10.883
    endloop
  endfacet
  facet normal 0 -0.499998 0.866026
    outer loop
      vertex 0.5 -60.8 -5.7735
      vertex 2.5 -61.95 -6.43745
      vertex 5 -60.8 -5.7735
    endloop
  endfacet
  facet normal 0 -0.500027 0.86601
    outer loop
      vertex 2.5 -69.65 -10.883
      vertex 5 -70.8 -11.547
      vertex 5 -69.65 -10.883
    endloop
  endfacet
  facet normal 0 -0.500027 0.86601
    outer loop
      vertex 2.5 -69.65 -10.883
      vertex 0.5 -70.8 -11.547
      vertex 5 -70.8 -11.547
    endloop
  endfacet
  facet normal -2.05681e-05 -0.5 0.866026
    outer loop
      vertex 0.5 -70.8 -11.547
      vertex 2.5 -69.65 -10.883
      vertex 0.5 -60.8 -5.7735
    endloop
  endfacet
  facet normal -0.654648 -0.377967 0.654658
    outer loop
      vertex 0.5 -60.8 -5.7735
      vertex 0 -60.367 -6.0235
      vertex 0 -70.8 -12.047
    endloop
  endfacet
  facet normal -0.654654 -0.377964 0.654654
    outer loop
      vertex 0.5 -70.8 -11.547
      vertex 0.5 -60.8 -5.7735
      vertex 0 -70.8 -12.047
    endloop
  endfacet
  facet normal 0 0.500004 -0.866023
    outer loop
      vertex 8 -70.8 -13.6255
      vertex 2.5 -67.85 -11.9223
      vertex 8 -67.85 -11.9223
    endloop
  endfacet
  facet normal 1.73205e-06 0.500003 -0.866024
    outer loop
      vertex 2.5 -67.85 -11.9223
      vertex 0 -70.8 -13.6255
      vertex 2.5 -61.95 -8.51591
    endloop
  endfacet
  facet normal 0 0.500004 -0.866023
    outer loop
      vertex 0 -70.8 -13.6255
      vertex 2.5 -67.85 -11.9223
      vertex 8 -70.8 -13.6255
    endloop
  endfacet
  facet normal 0 0.499999 -0.866026
    outer loop
      vertex 2.5 -61.95 -8.51591
      vertex 8 -59 -6.81273
      vertex 8 -61.95 -8.51591
    endloop
  endfacet
  facet normal 0 0.499999 -0.866026
    outer loop
      vertex 2.5 -61.95 -8.51591
      vertex 0 -59 -6.81273
      vertex 8 -59 -6.81273
    endloop
  endfacet
  facet normal 4.33012e-06 0.500002 -0.866024
    outer loop
      vertex 0 -59 -6.81273
      vertex 2.5 -61.95 -8.51591
      vertex 0 -70.8 -13.6255
    endloop
  endfacet
  facet normal -0 0.50002 0.866014
    outer loop
      vertex 6 -70.8 -12.547
      vertex 8 -72.816 -11.383
      vertex 8 -70.8 -12.547
    endloop
  endfacet
  facet normal 0 0.50002 0.866014
    outer loop
      vertex 8 -72.816 -11.383
      vertex 6 -70.8 -12.547
      vertex 6 -72.816 -11.383
    endloop
  endfacet
  facet normal -0 0.500004 0.866023
    outer loop
      vertex 6 -79.65 -7.43745
      vertex 8 -81.666 -6.2735
      vertex 8 -79.65 -7.43745
    endloop
  endfacet
  facet normal 0 0.500004 0.866023
    outer loop
      vertex 8 -81.666 -6.2735
      vertex 6 -79.65 -7.43745
      vertex 6 -81.666 -6.2735
    endloop
  endfacet
  facet normal 0.654676 0.377975 0.654625
    outer loop
      vertex 5.81447 -72.6553 -11.2903
      vertex 5 -70.8 -11.547
      vertex 5 -71.95 -10.883
    endloop
  endfacet
  facet normal 0.654653 0.377968 0.654653
    outer loop
      vertex 5 -70.8 -11.547
      vertex 5.81447 -72.6553 -11.2903
      vertex 6 -70.8 -12.547
    endloop
  endfacet
  facet normal 0.654654 0.377963 0.654654
    outer loop
      vertex 5.115 -79.65 -6.55245
      vertex 5 -79.65 -6.43745
      vertex 5 -80.8 -5.7735
    endloop
  endfacet
  facet normal 0.654558 0.378021 0.654717
    outer loop
      vertex 6 -72.816 -11.383
      vertex 6 -70.8 -12.547
      vertex 5.81447 -72.6553 -11.2903
    endloop
  endfacet
  facet normal 0.654654 0.377963 0.654654
    outer loop
      vertex 5 -80.8 -5.7735
      vertex 6 -79.65 -7.43745
      vertex 5.115 -79.65 -6.55245
    endloop
  endfacet
  facet normal 0.654649 0.377969 0.654655
    outer loop
      vertex 6 -79.65 -7.43745
      vertex 5 -80.8 -5.7735
      vertex 6 -81.666 -6.2735
    endloop
  endfacet
  facet normal 0 0.500027 0.86601
    outer loop
      vertex 5 -70.8 -11.547
      vertex 2.5 -71.95 -10.883
      vertex 5 -71.95 -10.883
    endloop
  endfacet
  facet normal -2.34783e-05 0.499996 0.866028
    outer loop
      vertex 2.5 -71.95 -10.883
      vertex 0.5 -70.8 -11.547
      vertex 2.5 -79.65 -6.43745
    endloop
  endfacet
  facet normal -0 0.500027 0.86601
    outer loop
      vertex 0.5 -70.8 -11.547
      vertex 2.5 -71.95 -10.883
      vertex 5 -70.8 -11.547
    endloop
  endfacet
  facet normal -0 0.499998 0.866026
    outer loop
      vertex 2.5 -79.65 -6.43745
      vertex 5 -80.8 -5.7735
      vertex 5 -79.65 -6.43745
    endloop
  endfacet
  facet normal 0 0.499998 0.866026
    outer loop
      vertex 2.5 -79.65 -6.43745
      vertex 0.5 -80.8 -5.7735
      vertex 5 -80.8 -5.7735
    endloop
  endfacet
  facet normal -1.08253e-06 0.5 0.866026
    outer loop
      vertex 0.5 -80.8 -5.7735
      vertex 2.5 -79.65 -6.43745
      vertex 0.5 -70.8 -11.547
    endloop
  endfacet
  facet normal -0.654654 0.377965 0.654654
    outer loop
      vertex 0.5 -70.8 -11.547
      vertex 0 -70.8 -12.047
      vertex 0 -81.233 -6.0235
    endloop
  endfacet
  facet normal -0.654648 0.377967 0.654658
    outer loop
      vertex 0.5 -80.8 -5.7735
      vertex 0.5 -70.8 -11.547
      vertex 0 -81.233 -6.0235
    endloop
  endfacet
  facet normal 0 -0.499999 -0.866026
    outer loop
      vertex 8 -82.6 -6.81273
      vertex 2.5 -79.65 -8.51591
      vertex 8 -79.65 -8.51591
    endloop
  endfacet
  facet normal 5.19614e-06 -0.500003 -0.866024
    outer loop
      vertex 2.5 -79.65 -8.51591
      vertex 0 -82.6 -6.81273
      vertex 2.5 -73.75 -11.9223
    endloop
  endfacet
  facet normal 0 -0.499999 -0.866026
    outer loop
      vertex 0 -82.6 -6.81273
      vertex 2.5 -79.65 -8.51591
      vertex 8 -82.6 -6.81273
    endloop
  endfacet
  facet normal 0 -0.500004 -0.866023
    outer loop
      vertex 2.5 -73.75 -11.9223
      vertex 8 -70.8 -13.6255
      vertex 8 -73.75 -11.9223
    endloop
  endfacet
  facet normal 0 -0.500004 -0.866023
    outer loop
      vertex 2.5 -73.75 -11.9223
      vertex 0 -70.8 -13.6255
      vertex 8 -70.8 -13.6255
    endloop
  endfacet
  facet normal 2.59807e-06 -0.500002 -0.866024
    outer loop
      vertex 0 -70.8 -13.6255
      vertex 2.5 -73.75 -11.9223
      vertex 0 -82.6 -6.81273
    endloop
  endfacet
  facet normal 0 1 -0
    outer loop
      vertex 8 -81.666 -6.2735
      vertex 6 -81.666 0
      vertex 8 -81.666 0
    endloop
  endfacet
  facet normal 0 1 0
    outer loop
      vertex 6 -81.666 0
      vertex 8 -81.666 -6.2735
      vertex 6 -81.666 -6.2735
    endloop
  endfacet
  facet normal 0.654661 0.755923 -5.53494e-06
    outer loop
      vertex 6 -81.666 0
      vertex 5 -80.8 -5.7735
      vertex 5.25581 -81.0215 0
    endloop
  endfacet
  facet normal 0.654643 0.755938 0
    outer loop
      vertex 5 -80.8 -5.7735
      vertex 6 -81.666 0
      vertex 6 -81.666 -6.2735
    endloop
  endfacet
  facet normal 0.65459 0.755984 0
    outer loop
      vertex 5 -80.8 0.221538
      vertex 5.25581 -81.0215 0
      vertex 5 -80.8 -5.7735
    endloop
  endfacet
  facet normal 0 1 -0
    outer loop
      vertex 5 -80.8 -5.7735
      vertex 0.5 -80.8 0.221538
      vertex 5 -80.8 0.221538
    endloop
  endfacet
  facet normal 0 1 0
    outer loop
      vertex 0.5 -80.8 0.221538
      vertex 5 -80.8 -5.7735
      vertex 0.5 -80.8 -5.7735
    endloop
  endfacet
  facet normal -0.654591 0.755983 0
    outer loop
      vertex 0.5 -80.8 -5.7735
      vertex 0.244191 -81.0215 0
      vertex 0.5 -80.8 0.221538
    endloop
  endfacet
  facet normal -0.654697 0.755892 -8.20157e-06
    outer loop
      vertex 0.5 -80.8 -5.7735
      vertex 0 -81.233 0
      vertex 0.244191 -81.0215 0
    endloop
  endfacet
  facet normal -0.654643 0.755938 0
    outer loop
      vertex 0 -81.233 0
      vertex 0.5 -80.8 -5.7735
      vertex 0 -81.233 -6.0235
    endloop
  endfacet
  facet normal 1 0 0
    outer loop
      vertex 8 -59.934 -6.2735
      vertex 8 -59 0
      vertex 8 -59.934 0
    endloop
  endfacet
  facet normal 1 0 0
    outer loop
      vertex 8 -59 0
      vertex 8 -59.934 -6.2735
      vertex 8 -59 -6.81273
    endloop
  endfacet
  facet normal 1 0 0
    outer loop
      vertex 8 -61.95 -7.43745
      vertex 8 -59 -6.81273
      vertex 8 -59.934 -6.2735
    endloop
  endfacet
  facet normal 1 0 0
    outer loop
      vertex 8 -59 -6.81273
      vertex 8 -61.95 -7.43745
      vertex 8 -61.95 -8.51591
    endloop
  endfacet
  facet normal 0 -0 0
    outer loop
      vertex 8 -59 0
      vertex 8 -59 -6.81273
      vertex 8 -59 4.49813
    endloop
  endfacet
  facet normal 1 0 0
    outer loop
      vertex 8 -70.8 -12.547
      vertex 8 -67.85 -11.9223
      vertex 8 -68.784 -11.383
    endloop
  endfacet
  facet normal 1 -0 0
    outer loop
      vertex 8 -70.8 -12.547
      vertex 8 -70.8 -13.6255
      vertex 8 -67.85 -11.9223
    endloop
  endfacet
  facet normal 1 0 0
    outer loop
      vertex 8 -72.816 -11.383
      vertex 8 -70.8 -13.6255
      vertex 8 -70.8 -12.547
    endloop
  endfacet
  facet normal 1 0 0
    outer loop
      vertex 8 -70.8 -13.6255
      vertex 8 -72.816 -11.383
      vertex 8 -73.75 -11.9223
    endloop
  endfacet
  facet normal 1 0 0
    outer loop
      vertex 8 -81.666 0
      vertex 8 -82.6 0
      vertex 8 -81.666 -6.2735
    endloop
  endfacet
  facet normal 1 0 0
    outer loop
      vertex 8 -81.666 -6.2735
      vertex 8 -79.65 -8.51591
      vertex 8 -79.65 -7.43745
    endloop
  endfacet
  facet normal 1 0 0
    outer loop
      vertex 8 -81.666 -6.2735
      vertex 8 -82.6 -6.81273
      vertex 8 -79.65 -8.51591
    endloop
  endfacet
  facet normal 1 0 0
    outer loop
      vertex 8 -82.6 -6.81273
      vertex 8 -81.666 -6.2735
      vertex 8 -82.6 0
    endloop
  endfacet
  facet normal 0 0 0
    outer loop
      vertex 8 -82.6 -6.81273
      vertex 8 -82.6 0
      vertex 8 -82.6 4.49813
    endloop
  endfacet
  facet normal 1 0 0
    outer loop
      vertex 2.5 -79.65 -6.43745
      vertex 2.5 -73.75 -11.9223
      vertex 2.5 -71.95 -10.883
    endloop
  endfacet
  facet normal 1 0 0
    outer loop
      vertex 2.5 -73.75 -11.9223
      vertex 2.5 -79.65 -6.43745
      vertex 2.5 -79.65 -8.51591
    endloop
  endfacet
  facet normal 0 1 0
    outer loop
      vertex 8 -79.65 -7.43745
      vertex 8 -79.65 -8.51591
      vertex 6 -79.65 -7.43745
    endloop
  endfacet
  facet normal 0 1 0
    outer loop
      vertex 2.5 -79.65 -8.51591
      vertex 5 -79.65 -6.43745
      vertex 5.115 -79.65 -6.55245
    endloop
  endfacet
  facet normal 0 1 0
    outer loop
      vertex 2.5 -79.65 -8.51591
      vertex 5.115 -79.65 -6.55245
      vertex 6 -79.65 -7.43745
    endloop
  endfacet
  facet normal 0 1 0
    outer loop
      vertex 2.5 -79.65 -8.51591
      vertex 6 -79.65 -7.43745
      vertex 8 -79.65 -8.51591
    endloop
  endfacet
  facet normal 0 1 0
    outer loop
      vertex 5 -79.65 -6.43745
      vertex 2.5 -79.65 -8.51591
      vertex 2.5 -79.65 -6.43745
    endloop
  endfacet
  facet normal 0 -0.500038 0.866003
    outer loop
      vertex 6 -72.816 -11.383
      vertex 8 -73.75 -11.9223
      vertex 8 -72.816 -11.383
    endloop
  endfacet
  facet normal 0 -0.500025 0.866011
    outer loop
      vertex 2.5 -73.75 -11.9223
      vertex 5 -71.95 -10.883
      vertex 2.5 -71.95 -10.883
    endloop
  endfacet
  facet normal 3.26386e-05 -0.500059 0.865991
    outer loop
      vertex 5 -71.95 -10.883
      vertex 2.5 -73.75 -11.9223
      vertex 5.81447 -72.6553 -11.2903
    endloop
  endfacet
  facet normal -9.85498e-05 -0.499761 0.866163
    outer loop
      vertex 5.81447 -72.6553 -11.2903
      vertex 2.5 -73.75 -11.9223
      vertex 6 -72.816 -11.383
    endloop
  endfacet
  facet normal 0 -0.500038 0.866003
    outer loop
      vertex 6 -72.816 -11.383
      vertex 2.5 -73.75 -11.9223
      vertex 8 -73.75 -11.9223
    endloop
  endfacet
  facet normal 1 0 0
    outer loop
      vertex 2.5 -61.95 -6.43745
      vertex 2.5 -67.85 -11.9223
      vertex 2.5 -61.95 -8.51591
    endloop
  endfacet
  facet normal 1 0 -0
    outer loop
      vertex 2.5 -67.85 -11.9223
      vertex 2.5 -61.95 -6.43745
      vertex 2.5 -69.65 -10.883
    endloop
  endfacet
  facet normal 0 0.500038 0.866003
    outer loop
      vertex 8 -67.85 -11.9223
      vertex 6 -68.784 -11.383
      vertex 8 -68.784 -11.383
    endloop
  endfacet
  facet normal -0 0.500038 0.866003
    outer loop
      vertex 2.5 -67.85 -11.9223
      vertex 6 -68.784 -11.383
      vertex 8 -67.85 -11.9223
    endloop
  endfacet
  facet normal -6.0515e-06 0.500021 0.866013
    outer loop
      vertex 2.5 -67.85 -11.9223
      vertex 5.115 -69.5504 -10.9405
      vertex 6 -68.784 -11.383
    endloop
  endfacet
  facet normal -2.71203e-05 0.499997 0.866027
    outer loop
      vertex 2.5 -67.85 -11.9223
      vertex 5 -69.65 -10.883
      vertex 5.115 -69.5504 -10.9405
    endloop
  endfacet
  facet normal 0 0.500025 0.866011
    outer loop
      vertex 5 -69.65 -10.883
      vertex 2.5 -67.85 -11.9223
      vertex 2.5 -69.65 -10.883
    endloop
  endfacet
  facet normal 0 -1 0
    outer loop
      vertex 2.5 -61.95 -8.51591
      vertex 5 -61.95 -6.43745
      vertex 2.5 -61.95 -6.43745
    endloop
  endfacet
  facet normal 0 -1 -0
    outer loop
      vertex 5 -61.95 -6.43745
      vertex 2.5 -61.95 -8.51591
      vertex 5.81447 -61.95 -7.25191
    endloop
  endfacet
  facet normal 0 -1 -0
    outer loop
      vertex 5.81447 -61.95 -7.25191
      vertex 2.5 -61.95 -8.51591
      vertex 6 -61.95 -7.43745
    endloop
  endfacet
  facet normal 0 -1 0
    outer loop
      vertex 8 -61.95 -8.51591
      vertex 6 -61.95 -7.43745
      vertex 2.5 -61.95 -8.51591
    endloop
  endfacet
  facet normal 0 -1 0
    outer loop
      vertex 6 -61.95 -7.43745
      vertex 8 -61.95 -8.51591
      vertex 8 -61.95 -7.43745
    endloop
  endfacet
  facet normal -1 0 0
    outer loop
      vertex 0 -82.6 -6.81273
      vertex 0 -83.967 -6.0235
      vertex 0 -82.6 0
    endloop
  endfacet
  facet normal -1 0 0
    outer loop
      vertex 0 -94.4 -13.6255
      vertex 0 -83.967 -6.0235
      vertex 0 -82.6 -6.81273
    endloop
  endfacet
  facet normal -1 0 0
    outer loop
      vertex 0 -94.4 -13.6255
      vertex 0 -94.4 -12.047
      vertex 0 -83.967 -6.0235
    endloop
  endfacet
  facet normal -1 0 0
    outer loop
      vertex 0 -94.4 -13.6255
      vertex 0 -104.833 -6.0235
      vertex 0 -94.4 -12.047
    endloop
  endfacet
  facet normal -1 0 0
    outer loop
      vertex 0 -106.2 -6.81273
      vertex 0 -104.833 -6.0235
      vertex 0 -94.4 -13.6255
    endloop
  endfacet
  facet normal -1 0 0
    outer loop
      vertex 0 -106.2 0
      vertex 0 -104.833 -6.0235
      vertex 0 -106.2 -6.81273
    endloop
  endfacet
  facet normal -1 0 0
    outer loop
      vertex 0 -104.833 -6.0235
      vertex 0 -106.2 0
      vertex 0 -104.833 0
    endloop
  endfacet
  facet normal -1 -0 0
    outer loop
      vertex 0 -82.6 0
      vertex 0 -83.967 -6.0235
      vertex 0 -83.967 0
    endloop
  endfacet
  facet normal 0 -1 0
    outer loop
      vertex 6 -83.534 -6.2735
      vertex 8 -83.534 0
      vertex 6 -83.534 0
    endloop
  endfacet
  facet normal 0 -1 -0
    outer loop
      vertex 8 -83.534 0
      vertex 6 -83.534 -6.2735
      vertex 8 -83.534 -6.2735
    endloop
  endfacet
  facet normal 0.65459 -0.755984 0
    outer loop
      vertex 5 -84.4 -5.7735
      vertex 5.25581 -84.1785 0
      vertex 5 -84.4 0.221538
    endloop
  endfacet
  facet normal 0.654661 -0.755923 -5.53494e-06
    outer loop
      vertex 5 -84.4 -5.7735
      vertex 6 -83.534 0
      vertex 5.25581 -84.1785 0
    endloop
  endfacet
  facet normal 0.654643 -0.755938 0
    outer loop
      vertex 6 -83.534 0
      vertex 5 -84.4 -5.7735
      vertex 6 -83.534 -6.2735
    endloop
  endfacet
  facet normal 0 -1 0
    outer loop
      vertex 0.5 -84.4 -5.7735
      vertex 5 -84.4 0.221538
      vertex 0.5 -84.4 0.221538
    endloop
  endfacet
  facet normal 0 -1 -0
    outer loop
      vertex 5 -84.4 0.221538
      vertex 0.5 -84.4 -5.7735
      vertex 5 -84.4 -5.7735
    endloop
  endfacet
  facet normal -0.654697 -0.755892 -8.20157e-06
    outer loop
      vertex 0 -83.967 0
      vertex 0.5 -84.4 -5.7735
      vertex 0.244191 -84.1785 0
    endloop
  endfacet
  facet normal -0.654643 -0.755938 0
    outer loop
      vertex 0.5 -84.4 -5.7735
      vertex 0 -83.967 0
      vertex 0 -83.967 -6.0235
    endloop
  endfacet
  facet normal -0.654591 -0.755983 -0
    outer loop
      vertex 0.5 -84.4 0.221538
      vertex 0.244191 -84.1785 0
      vertex 0.5 -84.4 -5.7735
    endloop
  endfacet
  facet normal 0 -0.500004 0.866023
    outer loop
      vertex 6 -83.534 -6.2735
      vertex 8 -85.55 -7.43745
      vertex 8 -83.534 -6.2735
    endloop
  endfacet
  facet normal 0 -0.500004 0.866023
    outer loop
      vertex 8 -85.55 -7.43745
      vertex 6 -83.534 -6.2735
      vertex 6 -85.55 -7.43745
    endloop
  endfacet
  facet normal 0 -0.50002 0.866014
    outer loop
      vertex 6 -92.384 -11.383
      vertex 8 -94.4 -12.547
      vertex 8 -92.384 -11.383
    endloop
  endfacet
  facet normal 0 -0.50002 0.866014
    outer loop
      vertex 8 -94.4 -12.547
      vertex 6 -92.384 -11.383
      vertex 6 -94.4 -12.547
    endloop
  endfacet
  facet normal 0.654648 -0.377967 0.654658
    outer loop
      vertex 5 -84.4 -5.7735
      vertex 5.81447 -85.55 -7.25191
      vertex 6 -83.534 -6.2735
    endloop
  endfacet
  facet normal 0.654649 -0.377965 0.654658
    outer loop
      vertex 5.81447 -85.55 -7.25191
      vertex 5 -84.4 -5.7735
      vertex 5 -85.55 -6.43745
    endloop
  endfacet
  facet normal 0.654674 -0.377976 0.654627
    outer loop
      vertex 5.115 -93.1504 -10.9405
      vertex 5 -93.25 -10.883
      vertex 5 -94.4 -11.547
    endloop
  endfacet
  facet normal 0.654673 -0.377959 0.654638
    outer loop
      vertex 6 -85.55 -7.43745
      vertex 6 -83.534 -6.2735
      vertex 5.81447 -85.55 -7.25191
    endloop
  endfacet
  facet normal 0.654648 -0.377984 0.654648
    outer loop
      vertex 6 -94.4 -12.547
      vertex 5.115 -93.1504 -10.9405
      vertex 5 -94.4 -11.547
    endloop
  endfacet
  facet normal 0.654651 -0.377981 0.654647
    outer loop
      vertex 5.115 -93.1504 -10.9405
      vertex 6 -94.4 -12.547
      vertex 6 -92.384 -11.383
    endloop
  endfacet
  facet normal 0 -0.499998 0.866026
    outer loop
      vertex 5 -84.4 -5.7735
      vertex 2.5 -85.55 -6.43745
      vertex 5 -85.55 -6.43745
    endloop
  endfacet
  facet normal 1.82766e-06 -0.499996 0.866028
    outer loop
      vertex 2.5 -85.55 -6.43745
      vertex 0.5 -84.4 -5.7735
      vertex 2.5 -93.25 -10.883
    endloop
  endfacet
  facet normal 0 -0.499998 0.866026
    outer loop
      vertex 0.5 -84.4 -5.7735
      vertex 2.5 -85.55 -6.43745
      vertex 5 -84.4 -5.7735
    endloop
  endfacet
  facet normal 0 -0.500027 0.86601
    outer loop
      vertex 2.5 -93.25 -10.883
      vertex 5 -94.4 -11.547
      vertex 5 -93.25 -10.883
    endloop
  endfacet
  facet normal 0 -0.500027 0.86601
    outer loop
      vertex 2.5 -93.25 -10.883
      vertex 0.5 -94.4 -11.547
      vertex 5 -94.4 -11.547
    endloop
  endfacet
  facet normal -2.05681e-05 -0.5 0.866026
    outer loop
      vertex 0.5 -94.4 -11.547
      vertex 2.5 -93.25 -10.883
      vertex 0.5 -84.4 -5.7735
    endloop
  endfacet
  facet normal -0.654648 -0.377967 0.654658
    outer loop
      vertex 0.5 -84.4 -5.7735
      vertex 0 -83.967 -6.0235
      vertex 0 -94.4 -12.047
    endloop
  endfacet
  facet normal -0.654654 -0.377964 0.654654
    outer loop
      vertex 0.5 -94.4 -11.547
      vertex 0.5 -84.4 -5.7735
      vertex 0 -94.4 -12.047
    endloop
  endfacet
  facet normal 0 0.500004 -0.866023
    outer loop
      vertex 8 -94.4 -13.6255
      vertex 2.5 -91.45 -11.9223
      vertex 8 -91.45 -11.9223
    endloop
  endfacet
  facet normal 1.73205e-06 0.500003 -0.866024
    outer loop
      vertex 2.5 -91.45 -11.9223
      vertex 0 -94.4 -13.6255
      vertex 2.5 -85.55 -8.51591
    endloop
  endfacet
  facet normal 0 0.500004 -0.866023
    outer loop
      vertex 0 -94.4 -13.6255
      vertex 2.5 -91.45 -11.9223
      vertex 8 -94.4 -13.6255
    endloop
  endfacet
  facet normal 0 0.499999 -0.866026
    outer loop
      vertex 2.5 -85.55 -8.51591
      vertex 8 -82.6 -6.81273
      vertex 8 -85.55 -8.51591
    endloop
  endfacet
  facet normal 0 0.499999 -0.866026
    outer loop
      vertex 2.5 -85.55 -8.51591
      vertex 0 -82.6 -6.81273
      vertex 8 -82.6 -6.81273
    endloop
  endfacet
  facet normal 4.33012e-06 0.500002 -0.866024
    outer loop
      vertex 0 -82.6 -6.81273
      vertex 2.5 -85.55 -8.51591
      vertex 0 -94.4 -13.6255
    endloop
  endfacet
  facet normal -0 0.50002 0.866014
    outer loop
      vertex 6 -94.4 -12.547
      vertex 8 -96.416 -11.383
      vertex 8 -94.4 -12.547
    endloop
  endfacet
  facet normal 0 0.50002 0.866014
    outer loop
      vertex 8 -96.416 -11.383
      vertex 6 -94.4 -12.547
      vertex 6 -96.416 -11.383
    endloop
  endfacet
  facet normal -0 0.500004 0.866023
    outer loop
      vertex 6 -103.25 -7.43745
      vertex 8 -105.266 -6.2735
      vertex 8 -103.25 -7.43745
    endloop
  endfacet
  facet normal 0 0.500004 0.866023
    outer loop
      vertex 8 -105.266 -6.2735
      vertex 6 -103.25 -7.43745
      vertex 6 -105.266 -6.2735
    endloop
  endfacet
  facet normal 0.654676 0.377975 0.654625
    outer loop
      vertex 5.81447 -96.2553 -11.2903
      vertex 5 -94.4 -11.547
      vertex 5 -95.55 -10.883
    endloop
  endfacet
  facet normal 0.654653 0.377968 0.654653
    outer loop
      vertex 5 -94.4 -11.547
      vertex 5.81447 -96.2553 -11.2903
      vertex 6 -94.4 -12.547
    endloop
  endfacet
  facet normal 0.654654 0.377963 0.654654
    outer loop
      vertex 5.115 -103.25 -6.55245
      vertex 5 -103.25 -6.43745
      vertex 5 -104.4 -5.7735
    endloop
  endfacet
  facet normal 0.654558 0.378021 0.654717
    outer loop
      vertex 6 -96.416 -11.383
      vertex 6 -94.4 -12.547
      vertex 5.81447 -96.2553 -11.2903
    endloop
  endfacet
  facet normal 0.654654 0.377963 0.654654
    outer loop
      vertex 5 -104.4 -5.7735
      vertex 6 -103.25 -7.43745
      vertex 5.115 -103.25 -6.55245
    endloop
  endfacet
  facet normal 0.654649 0.377969 0.654655
    outer loop
      vertex 6 -103.25 -7.43745
      vertex 5 -104.4 -5.7735
      vertex 6 -105.266 -6.2735
    endloop
  endfacet
  facet normal 0 0.500027 0.86601
    outer loop
      vertex 5 -94.4 -11.547
      vertex 2.5 -95.55 -10.883
      vertex 5 -95.55 -10.883
    endloop
  endfacet
  facet normal -2.34783e-05 0.499996 0.866028
    outer loop
      vertex 2.5 -95.55 -10.883
      vertex 0.5 -94.4 -11.547
      vertex 2.5 -103.25 -6.43745
    endloop
  endfacet
  facet normal -0 0.500027 0.86601
    outer loop
      vertex 0.5 -94.4 -11.547
      vertex 2.5 -95.55 -10.883
      vertex 5 -94.4 -11.547
    endloop
  endfacet
  facet normal -0 0.499998 0.866026
    outer loop
      vertex 2.5 -103.25 -6.43745
      vertex 5 -104.4 -5.7735
      vertex 5 -103.25 -6.43745
    endloop
  endfacet
  facet normal 0 0.499998 0.866026
    outer loop
      vertex 2.5 -103.25 -6.43745
      vertex 0.5 -104.4 -5.7735
      vertex 5 -104.4 -5.7735
    endloop
  endfacet
  facet normal -1.08253e-06 0.5 0.866026
    outer loop
      vertex 0.5 -104.4 -5.7735
      vertex 2.5 -103.25 -6.43745
      vertex 0.5 -94.4 -11.547
    endloop
  endfacet
  facet normal -0.654654 0.377965 0.654654
    outer loop
      vertex 0.5 -94.4 -11.547
      vertex 0 -94.4 -12.047
      vertex 0 -104.833 -6.0235
    endloop
  endfacet
  facet normal -0.654648 0.377967 0.654658
    outer loop
      vertex 0.5 -104.4 -5.7735
      vertex 0.5 -94.4 -11.547
      vertex 0 -104.833 -6.0235
    endloop
  endfacet
  facet normal 0 -0.499999 -0.866026
    outer loop
      vertex 8 -106.2 -6.81273
      vertex 2.5 -103.25 -8.51591
      vertex 8 -103.25 -8.51591
    endloop
  endfacet
  facet normal 5.19614e-06 -0.500003 -0.866024
    outer loop
      vertex 2.5 -103.25 -8.51591
      vertex 0 -106.2 -6.81273
      vertex 2.5 -97.35 -11.9223
    endloop
  endfacet
  facet normal 0 -0.499999 -0.866026
    outer loop
      vertex 0 -106.2 -6.81273
      vertex 2.5 -103.25 -8.51591
      vertex 8 -106.2 -6.81273
    endloop
  endfacet
  facet normal 0 -0.500004 -0.866023
    outer loop
      vertex 2.5 -97.35 -11.9223
      vertex 8 -94.4 -13.6255
      vertex 8 -97.35 -11.9223
    endloop
  endfacet
  facet normal 0 -0.500004 -0.866023
    outer loop
      vertex 2.5 -97.35 -11.9223
      vertex 0 -94.4 -13.6255
      vertex 8 -94.4 -13.6255
    endloop
  endfacet
  facet normal 2.59807e-06 -0.500002 -0.866024
    outer loop
      vertex 0 -94.4 -13.6255
      vertex 2.5 -97.35 -11.9223
      vertex 0 -106.2 -6.81273
    endloop
  endfacet
  facet normal 0 1 -0
    outer loop
      vertex 8 -105.266 -6.2735
      vertex 6 -105.266 0
      vertex 8 -105.266 0
    endloop
  endfacet
  facet normal 0 1 0
    outer loop
      vertex 6 -105.266 0
      vertex 8 -105.266 -6.2735
      vertex 6 -105.266 -6.2735
    endloop
  endfacet
  facet normal 0.654371 0.756174 8.24604e-05
    outer loop
      vertex 6 -105.266 0
      vertex 5 -104.4 -5.7735
      vertex 5.25581 -104.622 0
    endloop
  endfacet
  facet normal 0.654643 0.755938 0
    outer loop
      vertex 5 -104.4 -5.7735
      vertex 6 -105.266 0
      vertex 6 -105.266 -6.2735
    endloop
  endfacet
  facet normal 0.655433 0.755253 0
    outer loop
      vertex 5 -104.4 0.221538
      vertex 5.25581 -104.622 0
      vertex 5 -104.4 -5.7735
    endloop
  endfacet
  facet normal 0 1 -0
    outer loop
      vertex 5 -104.4 -5.7735
      vertex 0.5 -104.4 0.221538
      vertex 5 -104.4 0.221538
    endloop
  endfacet
  facet normal 0 1 0
    outer loop
      vertex 0.5 -104.4 0.221538
      vertex 5 -104.4 -5.7735
      vertex 0.5 -104.4 -5.7735
    endloop
  endfacet
  facet normal -0.655434 0.755252 0
    outer loop
      vertex 0.5 -104.4 -5.7735
      vertex 0.244191 -104.622 0
      vertex 0.5 -104.4 0.221538
    endloop
  endfacet
  facet normal -0.653811 0.756658 0.000125965
    outer loop
      vertex 0.5 -104.4 -5.7735
      vertex 0 -104.833 0
      vertex 0.244191 -104.622 0
    endloop
  endfacet
  facet normal -0.654643 0.755938 0
    outer loop
      vertex 0 -104.833 0
      vertex 0.5 -104.4 -5.7735
      vertex 0 -104.833 -6.0235
    endloop
  endfacet
  facet normal 1 0 0
    outer loop
      vertex 8 -83.534 -6.2735
      vertex 8 -82.6 0
      vertex 8 -83.534 0
    endloop
  endfacet
  facet normal 1 0 0
    outer loop
      vertex 8 -82.6 0
      vertex 8 -83.534 -6.2735
      vertex 8 -82.6 -6.81273
    endloop
  endfacet
  facet normal 1 0 0
    outer loop
      vertex 8 -85.55 -7.43745
      vertex 8 -82.6 -6.81273
      vertex 8 -83.534 -6.2735
    endloop
  endfacet
  facet normal 1 0 0
    outer loop
      vertex 8 -82.6 -6.81273
      vertex 8 -85.55 -7.43745
      vertex 8 -85.55 -8.51591
    endloop
  endfacet
  facet normal 0 0 0
    outer loop
      vertex 8 -82.6 -6.81273
      vertex 8 -82.6 4.49813
      vertex 8 -82.6 0
    endloop
  endfacet
  facet normal 1 0 0
    outer loop
      vertex 8 -94.4 -12.547
      vertex 8 -91.45 -11.9223
      vertex 8 -92.384 -11.383
    endloop
  endfacet
  facet normal 1 -0 0
    outer loop
      vertex 8 -94.4 -12.547
      vertex 8 -94.4 -13.6255
      vertex 8 -91.45 -11.9223
    endloop
  endfacet
  facet normal 1 0 0
    outer loop
      vertex 8 -96.416 -11.383
      vertex 8 -94.4 -13.6255
      vertex 8 -94.4 -12.547
    endloop
  endfacet
  facet normal 1 0 0
    outer loop
      vertex 8 -94.4 -13.6255
      vertex 8 -96.416 -11.383
      vertex 8 -97.35 -11.9223
    endloop
  endfacet
  facet normal 1 0 0
    outer loop
      vertex 8 -105.266 0
      vertex 8 -106.2 0
      vertex 8 -105.266 -6.2735
    endloop
  endfacet
  facet normal 1 0 0
    outer loop
      vertex 8 -105.266 -6.2735
      vertex 8 -103.25 -8.51591
      vertex 8 -103.25 -7.43745
    endloop
  endfacet
  facet normal 1 0 0
    outer loop
      vertex 8 -105.266 -6.2735
      vertex 8 -106.2 -6.81273
      vertex 8 -103.25 -8.51591
    endloop
  endfacet
  facet normal 1 0 0
    outer loop
      vertex 8 -106.2 -6.81273
      vertex 8 -105.266 -6.2735
      vertex 8 -106.2 0
    endloop
  endfacet
  facet normal -0 0 0
    outer loop
      vertex 8 -106.2 0
      vertex 8 -106.2 4.49813
      vertex 8 -106.2 -6.81273
    endloop
  endfacet
  facet normal 1 0 0
    outer loop
      vertex 2.5 -103.25 -6.43745
      vertex 2.5 -97.35 -11.9223
      vertex 2.5 -95.55 -10.883
    endloop
  endfacet
  facet normal 1 0 0
    outer loop
      vertex 2.5 -97.35 -11.9223
      vertex 2.5 -103.25 -6.43745
      vertex 2.5 -103.25 -8.51591
    endloop
  endfacet
  facet normal 0 1 0
    outer loop
      vertex 8 -103.25 -7.43745
      vertex 8 -103.25 -8.51591
      vertex 6 -103.25 -7.43745
    endloop
  endfacet
  facet normal 0 1 0
    outer loop
      vertex 2.5 -103.25 -8.51591
      vertex 5 -103.25 -6.43745
      vertex 5.115 -103.25 -6.55245
    endloop
  endfacet
  facet normal 0 1 0
    outer loop
      vertex 2.5 -103.25 -8.51591
      vertex 5.115 -103.25 -6.55245
      vertex 6 -103.25 -7.43745
    endloop
  endfacet
  facet normal 0 1 0
    outer loop
      vertex 2.5 -103.25 -8.51591
      vertex 6 -103.25 -7.43745
      vertex 8 -103.25 -8.51591
    endloop
  endfacet
  facet normal 0 1 0
    outer loop
      vertex 5 -103.25 -6.43745
      vertex 2.5 -103.25 -8.51591
      vertex 2.5 -103.25 -6.43745
    endloop
  endfacet
  facet normal 0 -0.500038 0.866003
    outer loop
      vertex 6 -96.416 -11.383
      vertex 8 -97.35 -11.9223
      vertex 8 -96.416 -11.383
    endloop
  endfacet
  facet normal 0 -0.500025 0.866011
    outer loop
      vertex 2.5 -97.35 -11.9223
      vertex 5 -95.55 -10.883
      vertex 2.5 -95.55 -10.883
    endloop
  endfacet
  facet normal 3.26386e-05 -0.500059 0.865991
    outer loop
      vertex 5 -95.55 -10.883
      vertex 2.5 -97.35 -11.9223
      vertex 5.81447 -96.2553 -11.2903
    endloop
  endfacet
  facet normal -9.85498e-05 -0.499761 0.866163
    outer loop
      vertex 5.81447 -96.2553 -11.2903
      vertex 2.5 -97.35 -11.9223
      vertex 6 -96.416 -11.383
    endloop
  endfacet
  facet normal 0 -0.500038 0.866003
    outer loop
      vertex 6 -96.416 -11.383
      vertex 2.5 -97.35 -11.9223
      vertex 8 -97.35 -11.9223
    endloop
  endfacet
  facet normal 1 0 0
    outer loop
      vertex 2.5 -85.55 -6.43745
      vertex 2.5 -91.45 -11.9223
      vertex 2.5 -85.55 -8.51591
    endloop
  endfacet
  facet normal 1 0 -0
    outer loop
      vertex 2.5 -91.45 -11.9223
      vertex 2.5 -85.55 -6.43745
      vertex 2.5 -93.25 -10.883
    endloop
  endfacet
  facet normal 0 0.500038 0.866003
    outer loop
      vertex 8 -91.45 -11.9223
      vertex 6 -92.384 -11.383
      vertex 8 -92.384 -11.383
    endloop
  endfacet
  facet normal -0 0.500038 0.866003
    outer loop
      vertex 2.5 -91.45 -11.9223
      vertex 6 -92.384 -11.383
      vertex 8 -91.45 -11.9223
    endloop
  endfacet
  facet normal -6.0515e-06 0.500021 0.866013
    outer loop
      vertex 2.5 -91.45 -11.9223
      vertex 5.115 -93.1504 -10.9405
      vertex 6 -92.384 -11.383
    endloop
  endfacet
  facet normal -2.71203e-05 0.499997 0.866027
    outer loop
      vertex 2.5 -91.45 -11.9223
      vertex 5 -93.25 -10.883
      vertex 5.115 -93.1504 -10.9405
    endloop
  endfacet
  facet normal 0 0.500025 0.866011
    outer loop
      vertex 5 -93.25 -10.883
      vertex 2.5 -91.45 -11.9223
      vertex 2.5 -93.25 -10.883
    endloop
  endfacet
  facet normal 0 -1 0
    outer loop
      vertex 2.5 -85.55 -8.51591
      vertex 5 -85.55 -6.43745
      vertex 2.5 -85.55 -6.43745
    endloop
  endfacet
  facet normal 0 -1 -0
    outer loop
      vertex 5 -85.55 -6.43745
      vertex 2.5 -85.55 -8.51591
      vertex 5.81447 -85.55 -7.25191
    endloop
  endfacet
  facet normal 0 -1 -0
    outer loop
      vertex 5.81447 -85.55 -7.25191
      vertex 2.5 -85.55 -8.51591
      vertex 6 -85.55 -7.43745
    endloop
  endfacet
  facet normal 0 -1 0
    outer loop
      vertex 8 -85.55 -8.51591
      vertex 6 -85.55 -7.43745
      vertex 2.5 -85.55 -8.51591
    endloop
  endfacet
  facet normal 0 -1 0
    outer loop
      vertex 6 -85.55 -7.43745
      vertex 8 -85.55 -8.51591
      vertex 8 -85.55 -7.43745
    endloop
  endfacet
  facet normal -1 0 0
    outer loop
      vertex 0 -106.2 -6.81273
      vertex 0 -107.567 -6.0235
      vertex 0 -106.2 0
    endloop
  endfacet
  facet normal -1 0 0
    outer loop
      vertex 0 -118 -13.6255
      vertex 0 -107.567 -6.0235
      vertex 0 -106.2 -6.81273
    endloop
  endfacet
  facet normal -1 0 0
    outer loop
      vertex 0 -118 -13.6255
      vertex 0 -118 -12.047
      vertex 0 -107.567 -6.0235
    endloop
  endfacet
  facet normal -1 0 0
    outer loop
      vertex 0 -118 -13.6255
      vertex 0 -128.433 -6.0235
      vertex 0 -118 -12.047
    endloop
  endfacet
  facet normal -1 0 0
    outer loop
      vertex 0 -129.8 -6.81273
      vertex 0 -128.433 -6.0235
      vertex 0 -118 -13.6255
    endloop
  endfacet
  facet normal -1 0 0
    outer loop
      vertex 0 -129.8 0
      vertex 0 -128.433 -6.0235
      vertex 0 -129.8 -6.81273
    endloop
  endfacet
  facet normal -1 0 0
    outer loop
      vertex 0 -128.433 -6.0235
      vertex 0 -129.8 0
      vertex 0 -128.433 0
    endloop
  endfacet
  facet normal -1 -0 0
    outer loop
      vertex 0 -106.2 0
      vertex 0 -107.567 -6.0235
      vertex 0 -107.567 0
    endloop
  endfacet
  facet normal 0 -1 0
    outer loop
      vertex 6 -107.134 -6.2735
      vertex 8 -107.134 0
      vertex 6 -107.134 0
    endloop
  endfacet
  facet normal 0 -1 -0
    outer loop
      vertex 8 -107.134 0
      vertex 6 -107.134 -6.2735
      vertex 8 -107.134 -6.2735
    endloop
  endfacet
  facet normal 0.655433 -0.755253 0
    outer loop
      vertex 5 -108 -5.7735
      vertex 5.25581 -107.778 0
      vertex 5 -108 0.221538
    endloop
  endfacet
  facet normal 0.654371 -0.756174 8.24604e-05
    outer loop
      vertex 5 -108 -5.7735
      vertex 6 -107.134 0
      vertex 5.25581 -107.778 0
    endloop
  endfacet
  facet normal 0.654643 -0.755938 0
    outer loop
      vertex 6 -107.134 0
      vertex 5 -108 -5.7735
      vertex 6 -107.134 -6.2735
    endloop
  endfacet
  facet normal 0 -1 0
    outer loop
      vertex 0.5 -108 -5.7735
      vertex 5 -108 0.221538
      vertex 0.5 -108 0.221538
    endloop
  endfacet
  facet normal 0 -1 -0
    outer loop
      vertex 5 -108 0.221538
      vertex 0.5 -108 -5.7735
      vertex 5 -108 -5.7735
    endloop
  endfacet
  facet normal -0.653811 -0.756658 0.000125965
    outer loop
      vertex 0 -107.567 0
      vertex 0.5 -108 -5.7735
      vertex 0.244191 -107.778 0
    endloop
  endfacet
  facet normal -0.654643 -0.755938 0
    outer loop
      vertex 0.5 -108 -5.7735
      vertex 0 -107.567 0
      vertex 0 -107.567 -6.0235
    endloop
  endfacet
  facet normal -0.655434 -0.755252 -0
    outer loop
      vertex 0.5 -108 0.221538
      vertex 0.244191 -107.778 0
      vertex 0.5 -108 -5.7735
    endloop
  endfacet
  facet normal 0 -0.500004 0.866023
    outer loop
      vertex 6 -107.134 -6.2735
      vertex 8 -109.15 -7.43745
      vertex 8 -107.134 -6.2735
    endloop
  endfacet
  facet normal 0 -0.500004 0.866023
    outer loop
      vertex 8 -109.15 -7.43745
      vertex 6 -107.134 -6.2735
      vertex 6 -109.15 -7.43745
    endloop
  endfacet
  facet normal 0 -0.50002 0.866014
    outer loop
      vertex 6 -115.984 -11.383
      vertex 8 -118 -12.547
      vertex 8 -115.984 -11.383
    endloop
  endfacet
  facet normal 0 -0.50002 0.866014
    outer loop
      vertex 8 -118 -12.547
      vertex 6 -115.984 -11.383
      vertex 6 -118 -12.547
    endloop
  endfacet
  facet normal 0.654648 -0.377967 0.654658
    outer loop
      vertex 5 -108 -5.7735
      vertex 5.81447 -109.15 -7.25191
      vertex 6 -107.134 -6.2735
    endloop
  endfacet
  facet normal 0.654649 -0.377965 0.654658
    outer loop
      vertex 5.81447 -109.15 -7.25191
      vertex 5 -108 -5.7735
      vertex 5 -109.15 -6.43745
    endloop
  endfacet
  facet normal 0.655424 -0.377651 0.654064
    outer loop
      vertex 5.115 -116.75 -10.9405
      vertex 5 -116.85 -10.883
      vertex 5 -118 -11.547
    endloop
  endfacet
  facet normal 0.654673 -0.377959 0.654638
    outer loop
      vertex 6 -109.15 -7.43745
      vertex 6 -107.134 -6.2735
      vertex 5.81447 -109.15 -7.25191
    endloop
  endfacet
  facet normal 0.654678 -0.37788 0.654678
    outer loop
      vertex 6 -118 -12.547
      vertex 5.115 -116.75 -10.9405
      vertex 5 -118 -11.547
    endloop
  endfacet
  facet normal 0.654553 -0.378023 0.65472
    outer loop
      vertex 5.115 -116.75 -10.9405
      vertex 6 -118 -12.547
      vertex 6 -115.984 -11.383
    endloop
  endfacet
  facet normal 0 -0.499998 0.866026
    outer loop
      vertex 5 -108 -5.7735
      vertex 2.5 -109.15 -6.43745
      vertex 5 -109.15 -6.43745
    endloop
  endfacet
  facet normal 1.82766e-06 -0.499996 0.866028
    outer loop
      vertex 2.5 -109.15 -6.43745
      vertex 0.5 -108 -5.7735
      vertex 2.5 -116.85 -10.883
    endloop
  endfacet
  facet normal 0 -0.499998 0.866026
    outer loop
      vertex 0.5 -108 -5.7735
      vertex 2.5 -109.15 -6.43745
      vertex 5 -108 -5.7735
    endloop
  endfacet
  facet normal 0 -0.500027 0.86601
    outer loop
      vertex 2.5 -116.85 -10.883
      vertex 5 -118 -11.547
      vertex 5 -116.85 -10.883
    endloop
  endfacet
  facet normal 0 -0.500027 0.86601
    outer loop
      vertex 2.5 -116.85 -10.883
      vertex 0.5 -118 -11.547
      vertex 5 -118 -11.547
    endloop
  endfacet
  facet normal -2.05681e-05 -0.5 0.866026
    outer loop
      vertex 0.5 -118 -11.547
      vertex 2.5 -116.85 -10.883
      vertex 0.5 -108 -5.7735
    endloop
  endfacet
  facet normal -0.654648 -0.377967 0.654658
    outer loop
      vertex 0.5 -108 -5.7735
      vertex 0 -107.567 -6.0235
      vertex 0 -118 -12.047
    endloop
  endfacet
  facet normal -0.654654 -0.377964 0.654654
    outer loop
      vertex 0.5 -118 -11.547
      vertex 0.5 -108 -5.7735
      vertex 0 -118 -12.047
    endloop
  endfacet
  facet normal 0 0.500004 -0.866023
    outer loop
      vertex 8 -118 -13.6255
      vertex 2.5 -115.05 -11.9223
      vertex 8 -115.05 -11.9223
    endloop
  endfacet
  facet normal 1.73205e-06 0.500003 -0.866024
    outer loop
      vertex 2.5 -115.05 -11.9223
      vertex 0 -118 -13.6255
      vertex 2.5 -109.15 -8.51591
    endloop
  endfacet
  facet normal 0 0.500004 -0.866023
    outer loop
      vertex 0 -118 -13.6255
      vertex 2.5 -115.05 -11.9223
      vertex 8 -118 -13.6255
    endloop
  endfacet
  facet normal 0 0.499999 -0.866026
    outer loop
      vertex 2.5 -109.15 -8.51591
      vertex 8 -106.2 -6.81273
      vertex 8 -109.15 -8.51591
    endloop
  endfacet
  facet normal 0 0.499999 -0.866026
    outer loop
      vertex 2.5 -109.15 -8.51591
      vertex 0 -106.2 -6.81273
      vertex 8 -106.2 -6.81273
    endloop
  endfacet
  facet normal 4.33012e-06 0.500002 -0.866024
    outer loop
      vertex 0 -106.2 -6.81273
      vertex 2.5 -109.15 -8.51591
      vertex 0 -118 -13.6255
    endloop
  endfacet
  facet normal -0 0.50002 0.866014
    outer loop
      vertex 6 -118 -12.547
      vertex 8 -120.016 -11.383
      vertex 8 -118 -12.547
    endloop
  endfacet
  facet normal 0 0.50002 0.866014
    outer loop
      vertex 8 -120.016 -11.383
      vertex 6 -118 -12.547
      vertex 6 -120.016 -11.383
    endloop
  endfacet
  facet normal -0 0.500004 0.866023
    outer loop
      vertex 6 -126.85 -7.43745
      vertex 8 -128.866 -6.2735
      vertex 8 -126.85 -7.43745
    endloop
  endfacet
  facet normal 0 0.500004 0.866023
    outer loop
      vertex 8 -128.866 -6.2735
      vertex 6 -126.85 -7.43745
      vertex 6 -128.866 -6.2735
    endloop
  endfacet
  facet normal 0.654597 0.378009 0.654685
    outer loop
      vertex 5.81447 -119.855 -11.2903
      vertex 5 -118 -11.547
      vertex 5 -119.15 -10.883
    endloop
  endfacet
  facet normal 0.654637 0.378021 0.654637
    outer loop
      vertex 5 -118 -11.547
      vertex 5.81447 -119.855 -11.2903
      vertex 6 -118 -12.547
    endloop
  endfacet
  facet normal 0.654654 0.377963 0.654654
    outer loop
      vertex 5.115 -126.85 -6.55245
      vertex 5 -126.85 -6.43745
      vertex 5 -128 -5.7735
    endloop
  endfacet
  facet normal 0.654907 0.37787 0.654455
    outer loop
      vertex 6 -120.016 -11.383
      vertex 6 -118 -12.547
      vertex 5.81447 -119.855 -11.2903
    endloop
  endfacet
  facet normal 0.654654 0.377963 0.654654
    outer loop
      vertex 5 -128 -5.7735
      vertex 6 -126.85 -7.43745
      vertex 5.115 -126.85 -6.55245
    endloop
  endfacet
  facet normal 0.654649 0.377969 0.654655
    outer loop
      vertex 6 -126.85 -7.43745
      vertex 5 -128 -5.7735
      vertex 6 -128.866 -6.2735
    endloop
  endfacet
  facet normal 0 0.500027 0.86601
    outer loop
      vertex 5 -118 -11.547
      vertex 2.5 -119.15 -10.883
      vertex 5 -119.15 -10.883
    endloop
  endfacet
  facet normal -2.34783e-05 0.499996 0.866028
    outer loop
      vertex 2.5 -119.15 -10.883
      vertex 0.5 -118 -11.547
      vertex 2.5 -126.85 -6.43745
    endloop
  endfacet
  facet normal -0 0.500027 0.86601
    outer loop
      vertex 0.5 -118 -11.547
      vertex 2.5 -119.15 -10.883
      vertex 5 -118 -11.547
    endloop
  endfacet
  facet normal -0 0.499998 0.866026
    outer loop
      vertex 2.5 -126.85 -6.43745
      vertex 5 -128 -5.7735
      vertex 5 -126.85 -6.43745
    endloop
  endfacet
  facet normal 0 0.499998 0.866026
    outer loop
      vertex 2.5 -126.85 -6.43745
      vertex 0.5 -128 -5.7735
      vertex 5 -128 -5.7735
    endloop
  endfacet
  facet normal -1.08253e-06 0.5 0.866026
    outer loop
      vertex 0.5 -128 -5.7735
      vertex 2.5 -126.85 -6.43745
      vertex 0.5 -118 -11.547
    endloop
  endfacet
  facet normal -0.654654 0.377965 0.654654
    outer loop
      vertex 0.5 -118 -11.547
      vertex 0 -118 -12.047
      vertex 0 -128.433 -6.0235
    endloop
  endfacet
  facet normal -0.654648 0.377967 0.654658
    outer loop
      vertex 0.5 -128 -5.7735
      vertex 0.5 -118 -11.547
      vertex 0 -128.433 -6.0235
    endloop
  endfacet
  facet normal 0 -0.499999 -0.866026
    outer loop
      vertex 8 -129.8 -6.81273
      vertex 2.5 -126.85 -8.51591
      vertex 8 -126.85 -8.51591
    endloop
  endfacet
  facet normal 5.19614e-06 -0.500003 -0.866024
    outer loop
      vertex 2.5 -126.85 -8.51591
      vertex 0 -129.8 -6.81273
      vertex 2.5 -120.95 -11.9223
    endloop
  endfacet
  facet normal 0 -0.499999 -0.866026
    outer loop
      vertex 0 -129.8 -6.81273
      vertex 2.5 -126.85 -8.51591
      vertex 8 -129.8 -6.81273
    endloop
  endfacet
  facet normal 0 -0.500004 -0.866023
    outer loop
      vertex 2.5 -120.95 -11.9223
      vertex 8 -118 -13.6255
      vertex 8 -120.95 -11.9223
    endloop
  endfacet
  facet normal 0 -0.500004 -0.866023
    outer loop
      vertex 2.5 -120.95 -11.9223
      vertex 0 -118 -13.6255
      vertex 8 -118 -13.6255
    endloop
  endfacet
  facet normal 2.59807e-06 -0.500002 -0.866024
    outer loop
      vertex 0 -118 -13.6255
      vertex 2.5 -120.95 -11.9223
      vertex 0 -129.8 -6.81273
    endloop
  endfacet
  facet normal 0 1 -0
    outer loop
      vertex 8 -128.866 -6.2735
      vertex 6 -128.866 0
      vertex 8 -128.866 0
    endloop
  endfacet
  facet normal 0 1 0
    outer loop
      vertex 6 -128.866 0
      vertex 8 -128.866 -6.2735
      vertex 6 -128.866 -6.2735
    endloop
  endfacet
  facet normal 0.654371 0.756174 8.24604e-05
    outer loop
      vertex 6 -128.866 0
      vertex 5 -128 -5.7735
      vertex 5.25581 -128.222 0
    endloop
  endfacet
  facet normal 0.654643 0.755938 0
    outer loop
      vertex 5 -128 -5.7735
      vertex 6 -128.866 0
      vertex 6 -128.866 -6.2735
    endloop
  endfacet
  facet normal 0.655433 0.755253 0
    outer loop
      vertex 5 -128 0.221538
      vertex 5.25581 -128.222 0
      vertex 5 -128 -5.7735
    endloop
  endfacet
  facet normal 0 1 -0
    outer loop
      vertex 5 -128 -5.7735
      vertex 0.5 -128 0.221538
      vertex 5 -128 0.221538
    endloop
  endfacet
  facet normal 0 1 0
    outer loop
      vertex 0.5 -128 0.221538
      vertex 5 -128 -5.7735
      vertex 0.5 -128 -5.7735
    endloop
  endfacet
  facet normal -0.655434 0.755252 0
    outer loop
      vertex 0.5 -128 -5.7735
      vertex 0.244191 -128.222 0
      vertex 0.5 -128 0.221538
    endloop
  endfacet
  facet normal -0.653811 0.756658 0.000125965
    outer loop
      vertex 0.5 -128 -5.7735
      vertex 0 -128.433 0
      vertex 0.244191 -128.222 0
    endloop
  endfacet
  facet normal -0.654643 0.755938 0
    outer loop
      vertex 0 -128.433 0
      vertex 0.5 -128 -5.7735
      vertex 0 -128.433 -6.0235
    endloop
  endfacet
  facet normal 0 0 0
    outer loop
      vertex 8 -106.2 4.49813
      vertex 8 -106.2 0
      vertex 8 -106.2 -6.81273
    endloop
  endfacet
  facet normal 1 0 0
    outer loop
      vertex 8 -107.134 -6.2735
      vertex 8 -106.2 0
      vertex 8 -107.134 0
    endloop
  endfacet
  facet normal 1 0 0
    outer loop
      vertex 8 -106.2 0
      vertex 8 -107.134 -6.2735
      vertex 8 -106.2 -6.81273
    endloop
  endfacet
  facet normal 1 0 0
    outer loop
      vertex 8 -109.15 -7.43745
      vertex 8 -106.2 -6.81273
      vertex 8 -107.134 -6.2735
    endloop
  endfacet
  facet normal 1 0 0
    outer loop
      vertex 8 -106.2 -6.81273
      vertex 8 -109.15 -7.43745
      vertex 8 -109.15 -8.51591
    endloop
  endfacet
  facet normal 1 0 0
    outer loop
      vertex 8 -118 -12.547
      vertex 8 -115.05 -11.9223
      vertex 8 -115.984 -11.383
    endloop
  endfacet
  facet normal 1 -0 0
    outer loop
      vertex 8 -118 -12.547
      vertex 8 -118 -13.6255
      vertex 8 -115.05 -11.9223
    endloop
  endfacet
  facet normal 1 0 0
    outer loop
      vertex 8 -120.016 -11.383
      vertex 8 -118 -13.6255
      vertex 8 -118 -12.547
    endloop
  endfacet
  facet normal 1 0 0
    outer loop
      vertex 8 -118 -13.6255
      vertex 8 -120.016 -11.383
      vertex 8 -120.95 -11.9223
    endloop
  endfacet
  facet normal 1 0 0
    outer loop
      vertex 8 -128.866 0
      vertex 8 -129.8 0
      vertex 8 -128.866 -6.2735
    endloop
  endfacet
  facet normal 1 0 0
    outer loop
      vertex 8 -128.866 -6.2735
      vertex 8 -126.85 -8.51591
      vertex 8 -126.85 -7.43745
    endloop
  endfacet
  facet normal 1 0 0
    outer loop
      vertex 8 -128.866 -6.2735
      vertex 8 -129.8 -6.81273
      vertex 8 -126.85 -8.51591
    endloop
  endfacet
  facet normal 1 0 0
    outer loop
      vertex 8 -129.8 -6.81273
      vertex 8 -128.866 -6.2735
      vertex 8 -129.8 0
    endloop
  endfacet
  facet normal 0 0 0
    outer loop
      vertex 8 -129.8 -6.81273
      vertex 8 -129.8 0
      vertex 8 -129.8 4.49813
    endloop
  endfacet
  facet normal 1 0 0
    outer loop
      vertex 2.5 -126.85 -6.43745
      vertex 2.5 -120.95 -11.9223
      vertex 2.5 -119.15 -10.883
    endloop
  endfacet
  facet normal 1 0 0
    outer loop
      vertex 2.5 -120.95 -11.9223
      vertex 2.5 -126.85 -6.43745
      vertex 2.5 -126.85 -8.51591
    endloop
  endfacet
  facet normal 0 1 0
    outer loop
      vertex 8 -126.85 -7.43745
      vertex 8 -126.85 -8.51591
      vertex 6 -126.85 -7.43745
    endloop
  endfacet
  facet normal 0 1 0
    outer loop
      vertex 2.5 -126.85 -8.51591
      vertex 5 -126.85 -6.43745
      vertex 5.115 -126.85 -6.55245
    endloop
  endfacet
  facet normal 0 1 0
    outer loop
      vertex 2.5 -126.85 -8.51591
      vertex 5.115 -126.85 -6.55245
      vertex 6 -126.85 -7.43745
    endloop
  endfacet
  facet normal 0 1 0
    outer loop
      vertex 2.5 -126.85 -8.51591
      vertex 6 -126.85 -7.43745
      vertex 8 -126.85 -8.51591
    endloop
  endfacet
  facet normal 0 1 0
    outer loop
      vertex 5 -126.85 -6.43745
      vertex 2.5 -126.85 -8.51591
      vertex 2.5 -126.85 -6.43745
    endloop
  endfacet
  facet normal 0 -0.500038 0.866003
    outer loop
      vertex 6 -120.016 -11.383
      vertex 8 -120.95 -11.9223
      vertex 8 -120.016 -11.383
    endloop
  endfacet
  facet normal 0.000116271 -0.500146 0.865941
    outer loop
      vertex 2.5 -120.95 -11.9223
      vertex 5.81447 -119.855 -11.2903
      vertex 5 -119.15 -10.883
    endloop
  endfacet
  facet normal 0 -0.500025 0.866011
    outer loop
      vertex 2.5 -120.95 -11.9223
      vertex 5 -119.15 -10.883
      vertex 2.5 -119.15 -10.883
    endloop
  endfacet
  facet normal -0.000288712 -0.499227 0.866471
    outer loop
      vertex 5.81447 -119.855 -11.2903
      vertex 2.5 -120.95 -11.9223
      vertex 6 -120.016 -11.383
    endloop
  endfacet
  facet normal 0 -0.500038 0.866003
    outer loop
      vertex 6 -120.016 -11.383
      vertex 2.5 -120.95 -11.9223
      vertex 8 -120.95 -11.9223
    endloop
  endfacet
  facet normal 1 0 0
    outer loop
      vertex 2.5 -109.15 -6.43745
      vertex 2.5 -115.05 -11.9223
      vertex 2.5 -109.15 -8.51591
    endloop
  endfacet
  facet normal 1 0 -0
    outer loop
      vertex 2.5 -115.05 -11.9223
      vertex 2.5 -109.15 -6.43745
      vertex 2.5 -116.85 -10.883
    endloop
  endfacet
  facet normal 0 0.500038 0.866003
    outer loop
      vertex 8 -115.05 -11.9223
      vertex 6 -115.984 -11.383
      vertex 8 -115.984 -11.383
    endloop
  endfacet
  facet normal -0 0.500038 0.866003
    outer loop
      vertex 2.5 -115.05 -11.9223
      vertex 6 -115.984 -11.383
      vertex 8 -115.05 -11.9223
    endloop
  endfacet
  facet normal 4.7202e-05 0.500171 0.865927
    outer loop
      vertex 2.5 -115.05 -11.9223
      vertex 5.115 -116.75 -10.9405
      vertex 6 -115.984 -11.383
    endloop
  endfacet
  facet normal -0.000815307 0.499175 0.866501
    outer loop
      vertex 2.5 -115.05 -11.9223
      vertex 5 -116.85 -10.883
      vertex 5.115 -116.75 -10.9405
    endloop
  endfacet
  facet normal 0 0.500025 0.866011
    outer loop
      vertex 5 -116.85 -10.883
      vertex 2.5 -115.05 -11.9223
      vertex 2.5 -116.85 -10.883
    endloop
  endfacet
  facet normal 0 -1 0
    outer loop
      vertex 2.5 -109.15 -8.51591
      vertex 5 -109.15 -6.43745
      vertex 2.5 -109.15 -6.43745
    endloop
  endfacet
  facet normal 0 -1 -0
    outer loop
      vertex 5 -109.15 -6.43745
      vertex 2.5 -109.15 -8.51591
      vertex 5.81447 -109.15 -7.25191
    endloop
  endfacet
  facet normal 0 -1 -0
    outer loop
      vertex 5.81447 -109.15 -7.25191
      vertex 2.5 -109.15 -8.51591
      vertex 6 -109.15 -7.43745
    endloop
  endfacet
  facet normal 0 -1 0
    outer loop
      vertex 8 -109.15 -8.51591
      vertex 6 -109.15 -7.43745
      vertex 2.5 -109.15 -8.51591
    endloop
  endfacet
  facet normal 0 -1 0
    outer loop
      vertex 6 -109.15 -7.43745
      vertex 8 -109.15 -8.51591
      vertex 8 -109.15 -7.43745
    endloop
  endfacet
  facet normal -1 0 0
    outer loop
      vertex 0 -129.8 -6.81273
      vertex 0 -131.167 -6.0235
      vertex 0 -129.8 0
    endloop
  endfacet
  facet normal -1 0 0
    outer loop
      vertex 0 -141.6 -13.6255
      vertex 0 -131.167 -6.0235
      vertex 0 -129.8 -6.81273
    endloop
  endfacet
  facet normal -1 0 0
    outer loop
      vertex 0 -141.6 -13.6255
      vertex 0 -141.6 -12.047
      vertex 0 -131.167 -6.0235
    endloop
  endfacet
  facet normal -1 0 0
    outer loop
      vertex 0 -141.6 -13.6255
      vertex 0 -152.033 -6.0235
      vertex 0 -141.6 -12.047
    endloop
  endfacet
  facet normal -1 0 0
    outer loop
      vertex 0 -153.4 -6.81273
      vertex 0 -152.033 -6.0235
      vertex 0 -141.6 -13.6255
    endloop
  endfacet
  facet normal -1 0 0
    outer loop
      vertex 0 -153.4 0
      vertex 0 -152.033 -6.0235
      vertex 0 -153.4 -6.81273
    endloop
  endfacet
  facet normal -1 0 0
    outer loop
      vertex 0 -152.033 -6.0235
      vertex 0 -153.4 0
      vertex 0 -152.033 0
    endloop
  endfacet
  facet normal -1 -0 0
    outer loop
      vertex 0 -129.8 0
      vertex 0 -131.167 -6.0235
      vertex 0 -131.167 0
    endloop
  endfacet
  facet normal 0 -1 0
    outer loop
      vertex 6 -130.734 -6.2735
      vertex 8 -130.734 0
      vertex 6 -130.734 0
    endloop
  endfacet
  facet normal 0 -1 -0
    outer loop
      vertex 8 -130.734 0
      vertex 6 -130.734 -6.2735
      vertex 8 -130.734 -6.2735
    endloop
  endfacet
  facet normal 0.655433 -0.755253 0
    outer loop
      vertex 5 -131.6 -5.7735
      vertex 5.25581 -131.378 0
      vertex 5 -131.6 0.221538
    endloop
  endfacet
  facet normal 0.654371 -0.756174 8.24604e-05
    outer loop
      vertex 5 -131.6 -5.7735
      vertex 6 -130.734 0
      vertex 5.25581 -131.378 0
    endloop
  endfacet
  facet normal 0.654643 -0.755938 0
    outer loop
      vertex 6 -130.734 0
      vertex 5 -131.6 -5.7735
      vertex 6 -130.734 -6.2735
    endloop
  endfacet
  facet normal 0 -1 0
    outer loop
      vertex 0.5 -131.6 -5.7735
      vertex 5 -131.6 0.221538
      vertex 0.5 -131.6 0.221538
    endloop
  endfacet
  facet normal 0 -1 -0
    outer loop
      vertex 5 -131.6 0.221538
      vertex 0.5 -131.6 -5.7735
      vertex 5 -131.6 -5.7735
    endloop
  endfacet
  facet normal -0.653811 -0.756658 0.000125965
    outer loop
      vertex 0 -131.167 0
      vertex 0.5 -131.6 -5.7735
      vertex 0.244191 -131.378 0
    endloop
  endfacet
  facet normal -0.654643 -0.755938 0
    outer loop
      vertex 0.5 -131.6 -5.7735
      vertex 0 -131.167 0
      vertex 0 -131.167 -6.0235
    endloop
  endfacet
  facet normal -0.655434 -0.755252 -0
    outer loop
      vertex 0.5 -131.6 0.221538
      vertex 0.244191 -131.378 0
      vertex 0.5 -131.6 -5.7735
    endloop
  endfacet
  facet normal 0 -0.500004 0.866023
    outer loop
      vertex 6 -130.734 -6.2735
      vertex 8 -132.75 -7.43745
      vertex 8 -130.734 -6.2735
    endloop
  endfacet
  facet normal 0 -0.500004 0.866023
    outer loop
      vertex 8 -132.75 -7.43745
      vertex 6 -130.734 -6.2735
      vertex 6 -132.75 -7.43745
    endloop
  endfacet
  facet normal 0 -0.50002 0.866014
    outer loop
      vertex 6 -139.584 -11.383
      vertex 8 -141.6 -12.547
      vertex 8 -139.584 -11.383
    endloop
  endfacet
  facet normal 0 -0.50002 0.866014
    outer loop
      vertex 8 -141.6 -12.547
      vertex 6 -139.584 -11.383
      vertex 6 -141.6 -12.547
    endloop
  endfacet
  facet normal 0.654648 -0.377967 0.654658
    outer loop
      vertex 5 -131.6 -5.7735
      vertex 5.81447 -132.75 -7.25191
      vertex 6 -130.734 -6.2735
    endloop
  endfacet
  facet normal 0.654649 -0.377965 0.654658
    outer loop
      vertex 5.81447 -132.75 -7.25191
      vertex 5 -131.6 -5.7735
      vertex 5 -132.75 -6.43745
    endloop
  endfacet
  facet normal 0.655424 -0.377651 0.654064
    outer loop
      vertex 5.115 -140.35 -10.9405
      vertex 5 -140.45 -10.883
      vertex 5 -141.6 -11.547
    endloop
  endfacet
  facet normal 0.654673 -0.377959 0.654638
    outer loop
      vertex 6 -132.75 -7.43745
      vertex 6 -130.734 -6.2735
      vertex 5.81447 -132.75 -7.25191
    endloop
  endfacet
  facet normal 0.654678 -0.37788 0.654678
    outer loop
      vertex 6 -141.6 -12.547
      vertex 5.115 -140.35 -10.9405
      vertex 5 -141.6 -11.547
    endloop
  endfacet
  facet normal 0.654553 -0.378023 0.65472
    outer loop
      vertex 5.115 -140.35 -10.9405
      vertex 6 -141.6 -12.547
      vertex 6 -139.584 -11.383
    endloop
  endfacet
  facet normal 0 -0.499998 0.866026
    outer loop
      vertex 5 -131.6 -5.7735
      vertex 2.5 -132.75 -6.43745
      vertex 5 -132.75 -6.43745
    endloop
  endfacet
  facet normal 1.82766e-06 -0.499996 0.866028
    outer loop
      vertex 2.5 -132.75 -6.43745
      vertex 0.5 -131.6 -5.7735
      vertex 2.5 -140.45 -10.883
    endloop
  endfacet
  facet normal 0 -0.499998 0.866026
    outer loop
      vertex 0.5 -131.6 -5.7735
      vertex 2.5 -132.75 -6.43745
      vertex 5 -131.6 -5.7735
    endloop
  endfacet
  facet normal 0 -0.500027 0.86601
    outer loop
      vertex 2.5 -140.45 -10.883
      vertex 5 -141.6 -11.547
      vertex 5 -140.45 -10.883
    endloop
  endfacet
  facet normal 0 -0.500027 0.86601
    outer loop
      vertex 2.5 -140.45 -10.883
      vertex 0.5 -141.6 -11.547
      vertex 5 -141.6 -11.547
    endloop
  endfacet
  facet normal -2.05681e-05 -0.5 0.866026
    outer loop
      vertex 0.5 -141.6 -11.547
      vertex 2.5 -140.45 -10.883
      vertex 0.5 -131.6 -5.7735
    endloop
  endfacet
  facet normal -0.654648 -0.377967 0.654658
    outer loop
      vertex 0.5 -131.6 -5.7735
      vertex 0 -131.167 -6.0235
      vertex 0 -141.6 -12.047
    endloop
  endfacet
  facet normal -0.654654 -0.377964 0.654654
    outer loop
      vertex 0.5 -141.6 -11.547
      vertex 0.5 -131.6 -5.7735
      vertex 0 -141.6 -12.047
    endloop
  endfacet
  facet normal 0 0.500004 -0.866023
    outer loop
      vertex 8 -141.6 -13.6255
      vertex 2.5 -138.65 -11.9223
      vertex 8 -138.65 -11.9223
    endloop
  endfacet
  facet normal 1.73205e-06 0.500003 -0.866024
    outer loop
      vertex 2.5 -138.65 -11.9223
      vertex 0 -141.6 -13.6255
      vertex 2.5 -132.75 -8.51591
    endloop
  endfacet
  facet normal 0 0.500004 -0.866023
    outer loop
      vertex 0 -141.6 -13.6255
      vertex 2.5 -138.65 -11.9223
      vertex 8 -141.6 -13.6255
    endloop
  endfacet
  facet normal 0 0.499999 -0.866026
    outer loop
      vertex 2.5 -132.75 -8.51591
      vertex 8 -129.8 -6.81273
      vertex 8 -132.75 -8.51591
    endloop
  endfacet
  facet normal 0 0.499999 -0.866026
    outer loop
      vertex 2.5 -132.75 -8.51591
      vertex 0 -129.8 -6.81273
      vertex 8 -129.8 -6.81273
    endloop
  endfacet
  facet normal 4.33012e-06 0.500002 -0.866024
    outer loop
      vertex 0 -129.8 -6.81273
      vertex 2.5 -132.75 -8.51591
      vertex 0 -141.6 -13.6255
    endloop
  endfacet
  facet normal -0 0.50002 0.866014
    outer loop
      vertex 6 -141.6 -12.547
      vertex 8 -143.616 -11.383
      vertex 8 -141.6 -12.547
    endloop
  endfacet
  facet normal 0 0.50002 0.866014
    outer loop
      vertex 8 -143.616 -11.383
      vertex 6 -141.6 -12.547
      vertex 6 -143.616 -11.383
    endloop
  endfacet
  facet normal -0 0.500004 0.866023
    outer loop
      vertex 6 -150.45 -7.43745
      vertex 8 -152.466 -6.2735
      vertex 8 -150.45 -7.43745
    endloop
  endfacet
  facet normal 0 0.500004 0.866023
    outer loop
      vertex 8 -152.466 -6.2735
      vertex 6 -150.45 -7.43745
      vertex 6 -152.466 -6.2735
    endloop
  endfacet
  facet normal 0.654597 0.378009 0.654685
    outer loop
      vertex 5.81447 -143.455 -11.2903
      vertex 5 -141.6 -11.547
      vertex 5 -142.75 -10.883
    endloop
  endfacet
  facet normal 0.654637 0.378021 0.654637
    outer loop
      vertex 5 -141.6 -11.547
      vertex 5.81447 -143.455 -11.2903
      vertex 6 -141.6 -12.547
    endloop
  endfacet
  facet normal 0.654654 0.377963 0.654654
    outer loop
      vertex 5.115 -150.45 -6.55245
      vertex 5 -150.45 -6.43745
      vertex 5 -151.6 -5.7735
    endloop
  endfacet
  facet normal 0.654907 0.37787 0.654455
    outer loop
      vertex 6 -143.616 -11.383
      vertex 6 -141.6 -12.547
      vertex 5.81447 -143.455 -11.2903
    endloop
  endfacet
  facet normal 0.654648 0.377966 0.654658
    outer loop
      vertex 6 -152.466 -6.2735
      vertex 5.115 -150.45 -6.55245
      vertex 5 -151.6 -5.7735
    endloop
  endfacet
  facet normal 0.654653 0.377968 0.654653
    outer loop
      vertex 5.115 -150.45 -6.55245
      vertex 6 -152.466 -6.2735
      vertex 6 -150.45 -7.43745
    endloop
  endfacet
  facet normal 0 0.500027 0.86601
    outer loop
      vertex 5 -141.6 -11.547
      vertex 2.5 -142.75 -10.883
      vertex 5 -142.75 -10.883
    endloop
  endfacet
  facet normal -2.34783e-05 0.499996 0.866028
    outer loop
      vertex 2.5 -142.75 -10.883
      vertex 0.5 -141.6 -11.547
      vertex 2.5 -150.45 -6.43745
    endloop
  endfacet
  facet normal -0 0.500027 0.86601
    outer loop
      vertex 0.5 -141.6 -11.547
      vertex 2.5 -142.75 -10.883
      vertex 5 -141.6 -11.547
    endloop
  endfacet
  facet normal -0 0.499998 0.866026
    outer loop
      vertex 2.5 -150.45 -6.43745
      vertex 5 -151.6 -5.7735
      vertex 5 -150.45 -6.43745
    endloop
  endfacet
  facet normal 0 0.499998 0.866026
    outer loop
      vertex 2.5 -150.45 -6.43745
      vertex 0.5 -151.6 -5.7735
      vertex 5 -151.6 -5.7735
    endloop
  endfacet
  facet normal -1.08253e-06 0.5 0.866026
    outer loop
      vertex 0.5 -151.6 -5.7735
      vertex 2.5 -150.45 -6.43745
      vertex 0.5 -141.6 -11.547
    endloop
  endfacet
  facet normal -0.654654 0.377965 0.654654
    outer loop
      vertex 0.5 -141.6 -11.547
      vertex 0 -141.6 -12.047
      vertex 0 -152.033 -6.0235
    endloop
  endfacet
  facet normal -0.654648 0.377967 0.654658
    outer loop
      vertex 0.5 -151.6 -5.7735
      vertex 0.5 -141.6 -11.547
      vertex 0 -152.033 -6.0235
    endloop
  endfacet
  facet normal 0 -0.499999 -0.866026
    outer loop
      vertex 8 -153.4 -6.81273
      vertex 2.5 -150.45 -8.51591
      vertex 8 -150.45 -8.51591
    endloop
  endfacet
  facet normal 5.19614e-06 -0.500003 -0.866024
    outer loop
      vertex 2.5 -150.45 -8.51591
      vertex 0 -153.4 -6.81273
      vertex 2.5 -144.55 -11.9223
    endloop
  endfacet
  facet normal 0 -0.499999 -0.866026
    outer loop
      vertex 0 -153.4 -6.81273
      vertex 2.5 -150.45 -8.51591
      vertex 8 -153.4 -6.81273
    endloop
  endfacet
  facet normal 0 -0.500004 -0.866023
    outer loop
      vertex 2.5 -144.55 -11.9223
      vertex 8 -141.6 -13.6255
      vertex 8 -144.55 -11.9223
    endloop
  endfacet
  facet normal 0 -0.500004 -0.866023
    outer loop
      vertex 2.5 -144.55 -11.9223
      vertex 0 -141.6 -13.6255
      vertex 8 -141.6 -13.6255
    endloop
  endfacet
  facet normal 2.59807e-06 -0.500002 -0.866024
    outer loop
      vertex 0 -141.6 -13.6255
      vertex 2.5 -144.55 -11.9223
      vertex 0 -153.4 -6.81273
    endloop
  endfacet
  facet normal 0 1 -0
    outer loop
      vertex 8 -152.466 -6.2735
      vertex 6 -152.466 0
      vertex 8 -152.466 0
    endloop
  endfacet
  facet normal 0 1 0
    outer loop
      vertex 6 -152.466 0
      vertex 8 -152.466 -6.2735
      vertex 6 -152.466 -6.2735
    endloop
  endfacet
  facet normal 0.654371 0.756174 8.24604e-05
    outer loop
      vertex 6 -152.466 0
      vertex 5 -151.6 -5.7735
      vertex 5.25581 -151.822 0
    endloop
  endfacet
  facet normal 0.654643 0.755938 0
    outer loop
      vertex 5 -151.6 -5.7735
      vertex 6 -152.466 0
      vertex 6 -152.466 -6.2735
    endloop
  endfacet
  facet normal 0.655433 0.755253 0
    outer loop
      vertex 5 -151.6 0.221538
      vertex 5.25581 -151.822 0
      vertex 5 -151.6 -5.7735
    endloop
  endfacet
  facet normal 0 1 -0
    outer loop
      vertex 5 -151.6 -5.7735
      vertex 0.5 -151.6 0.221538
      vertex 5 -151.6 0.221538
    endloop
  endfacet
  facet normal 0 1 0
    outer loop
      vertex 0.5 -151.6 0.221538
      vertex 5 -151.6 -5.7735
      vertex 0.5 -151.6 -5.7735
    endloop
  endfacet
  facet normal -0.655434 0.755252 0
    outer loop
      vertex 0.5 -151.6 -5.7735
      vertex 0.244191 -151.822 0
      vertex 0.5 -151.6 0.221538
    endloop
  endfacet
  facet normal -0.653811 0.756658 0.000125965
    outer loop
      vertex 0.5 -151.6 -5.7735
      vertex 0 -152.033 0
      vertex 0.244191 -151.822 0
    endloop
  endfacet
  facet normal -0.654643 0.755938 0
    outer loop
      vertex 0 -152.033 0
      vertex 0.5 -151.6 -5.7735
      vertex 0 -152.033 -6.0235
    endloop
  endfacet
  facet normal 1 0 0
    outer loop
      vertex 8 -130.734 -6.2735
      vertex 8 -129.8 0
      vertex 8 -130.734 0
    endloop
  endfacet
  facet normal 1 0 0
    outer loop
      vertex 8 -129.8 0
      vertex 8 -130.734 -6.2735
      vertex 8 -129.8 -6.81273
    endloop
  endfacet
  facet normal 1 0 0
    outer loop
      vertex 8 -132.75 -7.43745
      vertex 8 -129.8 -6.81273
      vertex 8 -130.734 -6.2735
    endloop
  endfacet
  facet normal 1 0 0
    outer loop
      vertex 8 -129.8 -6.81273
      vertex 8 -132.75 -7.43745
      vertex 8 -132.75 -8.51591
    endloop
  endfacet
  facet normal 0 0 0
    outer loop
      vertex 8 -129.8 -6.81273
      vertex 8 -129.8 4.49813
      vertex 8 -129.8 0
    endloop
  endfacet
  facet normal 1 0 0
    outer loop
      vertex 8 -141.6 -12.547
      vertex 8 -138.65 -11.9223
      vertex 8 -139.584 -11.383
    endloop
  endfacet
  facet normal 1 -0 0
    outer loop
      vertex 8 -141.6 -12.547
      vertex 8 -141.6 -13.6255
      vertex 8 -138.65 -11.9223
    endloop
  endfacet
  facet normal 1 0 0
    outer loop
      vertex 8 -143.616 -11.383
      vertex 8 -141.6 -13.6255
      vertex 8 -141.6 -12.547
    endloop
  endfacet
  facet normal 1 0 0
    outer loop
      vertex 8 -141.6 -13.6255
      vertex 8 -143.616 -11.383
      vertex 8 -144.55 -11.9223
    endloop
  endfacet
  facet normal 1 0 0
    outer loop
      vertex 8 -152.466 0
      vertex 8 -153.4 0
      vertex 8 -152.466 -6.2735
    endloop
  endfacet
  facet normal 1 0 0
    outer loop
      vertex 8 -152.466 -6.2735
      vertex 8 -150.45 -8.51591
      vertex 8 -150.45 -7.43745
    endloop
  endfacet
  facet normal 1 0 0
    outer loop
      vertex 8 -152.466 -6.2735
      vertex 8 -153.4 -6.81273
      vertex 8 -150.45 -8.51591
    endloop
  endfacet
  facet normal 1 0 0
    outer loop
      vertex 8 -153.4 -6.81273
      vertex 8 -152.466 -6.2735
      vertex 8 -153.4 0
    endloop
  endfacet
  facet normal -0 0 0
    outer loop
      vertex 8 -153.4 0
      vertex 8 -153.4 4.49813
      vertex 8 -153.4 -6.81273
    endloop
  endfacet
  facet normal 1 0 0
    outer loop
      vertex 2.5 -150.45 -6.43745
      vertex 2.5 -144.55 -11.9223
      vertex 2.5 -142.75 -10.883
    endloop
  endfacet
  facet normal 1 0 0
    outer loop
      vertex 2.5 -144.55 -11.9223
      vertex 2.5 -150.45 -6.43745
      vertex 2.5 -150.45 -8.51591
    endloop
  endfacet
  facet normal 0 1 0
    outer loop
      vertex 8 -150.45 -7.43745
      vertex 8 -150.45 -8.51591
      vertex 6 -150.45 -7.43745
    endloop
  endfacet
  facet normal 0 1 0
    outer loop
      vertex 2.5 -150.45 -8.51591
      vertex 5 -150.45 -6.43745
      vertex 5.115 -150.45 -6.55245
    endloop
  endfacet
  facet normal 0 1 0
    outer loop
      vertex 2.5 -150.45 -8.51591
      vertex 5.115 -150.45 -6.55245
      vertex 6 -150.45 -7.43745
    endloop
  endfacet
  facet normal 0 1 0
    outer loop
      vertex 2.5 -150.45 -8.51591
      vertex 6 -150.45 -7.43745
      vertex 8 -150.45 -8.51591
    endloop
  endfacet
  facet normal 0 1 0
    outer loop
      vertex 5 -150.45 -6.43745
      vertex 2.5 -150.45 -8.51591
      vertex 2.5 -150.45 -6.43745
    endloop
  endfacet
  facet normal 0 -0.500038 0.866003
    outer loop
      vertex 6 -143.616 -11.383
      vertex 8 -144.55 -11.9223
      vertex 8 -143.616 -11.383
    endloop
  endfacet
  facet normal 0 -0.500025 0.866011
    outer loop
      vertex 2.5 -144.55 -11.9223
      vertex 5 -142.75 -10.883
      vertex 2.5 -142.75 -10.883
    endloop
  endfacet
  facet normal 0.000116271 -0.500146 0.865941
    outer loop
      vertex 5 -142.75 -10.883
      vertex 2.5 -144.55 -11.9223
      vertex 5.81447 -143.455 -11.2903
    endloop
  endfacet
  facet normal -0.000288712 -0.499227 0.866471
    outer loop
      vertex 5.81447 -143.455 -11.2903
      vertex 2.5 -144.55 -11.9223
      vertex 6 -143.616 -11.383
    endloop
  endfacet
  facet normal 0 -0.500038 0.866003
    outer loop
      vertex 6 -143.616 -11.383
      vertex 2.5 -144.55 -11.9223
      vertex 8 -144.55 -11.9223
    endloop
  endfacet
  facet normal 1 0 0
    outer loop
      vertex 2.5 -132.75 -6.43745
      vertex 2.5 -138.65 -11.9223
      vertex 2.5 -132.75 -8.51591
    endloop
  endfacet
  facet normal 1 0 -0
    outer loop
      vertex 2.5 -138.65 -11.9223
      vertex 2.5 -132.75 -6.43745
      vertex 2.5 -140.45 -10.883
    endloop
  endfacet
  facet normal 0 0.500038 0.866003
    outer loop
      vertex 8 -138.65 -11.9223
      vertex 6 -139.584 -11.383
      vertex 8 -139.584 -11.383
    endloop
  endfacet
  facet normal -0 0.500038 0.866003
    outer loop
      vertex 2.5 -138.65 -11.9223
      vertex 6 -139.584 -11.383
      vertex 8 -138.65 -11.9223
    endloop
  endfacet
  facet normal 4.7202e-05 0.500171 0.865927
    outer loop
      vertex 2.5 -138.65 -11.9223
      vertex 5.115 -140.35 -10.9405
      vertex 6 -139.584 -11.383
    endloop
  endfacet
  facet normal -0.000815307 0.499175 0.866501
    outer loop
      vertex 2.5 -138.65 -11.9223
      vertex 5 -140.45 -10.883
      vertex 5.115 -140.35 -10.9405
    endloop
  endfacet
  facet normal 0 0.500025 0.866011
    outer loop
      vertex 5 -140.45 -10.883
      vertex 2.5 -138.65 -11.9223
      vertex 2.5 -140.45 -10.883
    endloop
  endfacet
  facet normal 0 -1 0
    outer loop
      vertex 2.5 -132.75 -8.51591
      vertex 5 -132.75 -6.43745
      vertex 2.5 -132.75 -6.43745
    endloop
  endfacet
  facet normal 0 -1 -0
    outer loop
      vertex 5 -132.75 -6.43745
      vertex 2.5 -132.75 -8.51591
      vertex 5.81447 -132.75 -7.25191
    endloop
  endfacet
  facet normal 0 -1 -0
    outer loop
      vertex 5.81447 -132.75 -7.25191
      vertex 2.5 -132.75 -8.51591
      vertex 6 -132.75 -7.43745
    endloop
  endfacet
  facet normal 0 -1 0
    outer loop
      vertex 8 -132.75 -8.51591
      vertex 6 -132.75 -7.43745
      vertex 2.5 -132.75 -8.51591
    endloop
  endfacet
  facet normal 0 -1 0
    outer loop
      vertex 6 -132.75 -7.43745
      vertex 8 -132.75 -8.51591
      vertex 8 -132.75 -7.43745
    endloop
  endfacet
  facet normal -1 0 0
    outer loop
      vertex 0 -153.4 -6.81273
      vertex 0 -154.767 -6.0235
      vertex 0 -153.4 0
    endloop
  endfacet
  facet normal -1 0 0
    outer loop
      vertex 0 -165.2 -13.6255
      vertex 0 -154.767 -6.0235
      vertex 0 -153.4 -6.81273
    endloop
  endfacet
  facet normal -1 0 0
    outer loop
      vertex 0 -165.2 -13.6255
      vertex 0 -165.2 -12.047
      vertex 0 -154.767 -6.0235
    endloop
  endfacet
  facet normal -1 0 0
    outer loop
      vertex 0 -165.2 -13.6255
      vertex 0 -175.633 -6.0235
      vertex 0 -165.2 -12.047
    endloop
  endfacet
  facet normal -1 0 0
    outer loop
      vertex 0 -177 -6.81273
      vertex 0 -175.633 -6.0235
      vertex 0 -165.2 -13.6255
    endloop
  endfacet
  facet normal -1 0 0
    outer loop
      vertex 0 -177 0
      vertex 0 -175.633 -6.0235
      vertex 0 -177 -6.81273
    endloop
  endfacet
  facet normal -1 0 0
    outer loop
      vertex 0 -175.633 -6.0235
      vertex 0 -177 0
      vertex 0 -175.633 0
    endloop
  endfacet
  facet normal -1 -0 0
    outer loop
      vertex 0 -153.4 0
      vertex 0 -154.767 -6.0235
      vertex 0 -154.767 0
    endloop
  endfacet
  facet normal 0 -1 0
    outer loop
      vertex 6 -154.334 -6.2735
      vertex 8 -154.334 0
      vertex 6 -154.334 0
    endloop
  endfacet
  facet normal 0 -1 -0
    outer loop
      vertex 8 -154.334 0
      vertex 6 -154.334 -6.2735
      vertex 8 -154.334 -6.2735
    endloop
  endfacet
  facet normal 0.655433 -0.755253 0
    outer loop
      vertex 5 -155.2 -5.7735
      vertex 5.25581 -154.978 0
      vertex 5 -155.2 0.221538
    endloop
  endfacet
  facet normal 0.654371 -0.756174 8.24604e-05
    outer loop
      vertex 5 -155.2 -5.7735
      vertex 6 -154.334 0
      vertex 5.25581 -154.978 0
    endloop
  endfacet
  facet normal 0.654643 -0.755938 0
    outer loop
      vertex 6 -154.334 0
      vertex 5 -155.2 -5.7735
      vertex 6 -154.334 -6.2735
    endloop
  endfacet
  facet normal 0 -1 0
    outer loop
      vertex 0.5 -155.2 -5.7735
      vertex 5 -155.2 0.221538
      vertex 0.5 -155.2 0.221538
    endloop
  endfacet
  facet normal 0 -1 -0
    outer loop
      vertex 5 -155.2 0.221538
      vertex 0.5 -155.2 -5.7735
      vertex 5 -155.2 -5.7735
    endloop
  endfacet
  facet normal -0.653811 -0.756658 0.000125965
    outer loop
      vertex 0 -154.767 0
      vertex 0.5 -155.2 -5.7735
      vertex 0.244191 -154.978 0
    endloop
  endfacet
  facet normal -0.654643 -0.755938 0
    outer loop
      vertex 0.5 -155.2 -5.7735
      vertex 0 -154.767 0
      vertex 0 -154.767 -6.0235
    endloop
  endfacet
  facet normal -0.655434 -0.755252 -0
    outer loop
      vertex 0.5 -155.2 0.221538
      vertex 0.244191 -154.978 0
      vertex 0.5 -155.2 -5.7735
    endloop
  endfacet
  facet normal 0 -0.500004 0.866023
    outer loop
      vertex 6 -154.334 -6.2735
      vertex 8 -156.35 -7.43745
      vertex 8 -154.334 -6.2735
    endloop
  endfacet
  facet normal 0 -0.500004 0.866023
    outer loop
      vertex 8 -156.35 -7.43745
      vertex 6 -154.334 -6.2735
      vertex 6 -156.35 -7.43745
    endloop
  endfacet
  facet normal 0 -0.50002 0.866014
    outer loop
      vertex 6 -163.184 -11.383
      vertex 8 -165.2 -12.547
      vertex 8 -163.184 -11.383
    endloop
  endfacet
  facet normal 0 -0.50002 0.866014
    outer loop
      vertex 8 -165.2 -12.547
      vertex 6 -163.184 -11.383
      vertex 6 -165.2 -12.547
    endloop
  endfacet
  facet normal 0.654648 -0.377967 0.654658
    outer loop
      vertex 5 -155.2 -5.7735
      vertex 5.81447 -156.35 -7.25191
      vertex 6 -154.334 -6.2735
    endloop
  endfacet
  facet normal 0.654649 -0.377965 0.654658
    outer loop
      vertex 5.81447 -156.35 -7.25191
      vertex 5 -155.2 -5.7735
      vertex 5 -156.35 -6.43745
    endloop
  endfacet
  facet normal 0.655424 -0.377651 0.654064
    outer loop
      vertex 5.115 -163.95 -10.9405
      vertex 5 -164.05 -10.883
      vertex 5 -165.2 -11.547
    endloop
  endfacet
  facet normal 0.654673 -0.377959 0.654638
    outer loop
      vertex 6 -156.35 -7.43745
      vertex 6 -154.334 -6.2735
      vertex 5.81447 -156.35 -7.25191
    endloop
  endfacet
  facet normal 0.654678 -0.37788 0.654678
    outer loop
      vertex 6 -165.2 -12.547
      vertex 5.115 -163.95 -10.9405
      vertex 5 -165.2 -11.547
    endloop
  endfacet
  facet normal 0.654553 -0.378023 0.65472
    outer loop
      vertex 5.115 -163.95 -10.9405
      vertex 6 -165.2 -12.547
      vertex 6 -163.184 -11.383
    endloop
  endfacet
  facet normal 0 -0.499998 0.866026
    outer loop
      vertex 5 -155.2 -5.7735
      vertex 2.5 -156.35 -6.43745
      vertex 5 -156.35 -6.43745
    endloop
  endfacet
  facet normal 1.82766e-06 -0.499996 0.866028
    outer loop
      vertex 2.5 -156.35 -6.43745
      vertex 0.5 -155.2 -5.7735
      vertex 2.5 -164.05 -10.883
    endloop
  endfacet
  facet normal 0 -0.499998 0.866026
    outer loop
      vertex 0.5 -155.2 -5.7735
      vertex 2.5 -156.35 -6.43745
      vertex 5 -155.2 -5.7735
    endloop
  endfacet
  facet normal 0 -0.500027 0.86601
    outer loop
      vertex 2.5 -164.05 -10.883
      vertex 5 -165.2 -11.547
      vertex 5 -164.05 -10.883
    endloop
  endfacet
  facet normal 0 -0.500027 0.86601
    outer loop
      vertex 2.5 -164.05 -10.883
      vertex 0.5 -165.2 -11.547
      vertex 5 -165.2 -11.547
    endloop
  endfacet
  facet normal -2.05681e-05 -0.5 0.866026
    outer loop
      vertex 0.5 -165.2 -11.547
      vertex 2.5 -164.05 -10.883
      vertex 0.5 -155.2 -5.7735
    endloop
  endfacet
  facet normal -0.654648 -0.377967 0.654658
    outer loop
      vertex 0.5 -155.2 -5.7735
      vertex 0 -154.767 -6.0235
      vertex 0 -165.2 -12.047
    endloop
  endfacet
  facet normal -0.654654 -0.377964 0.654654
    outer loop
      vertex 0.5 -165.2 -11.547
      vertex 0.5 -155.2 -5.7735
      vertex 0 -165.2 -12.047
    endloop
  endfacet
  facet normal 0 0.500004 -0.866023
    outer loop
      vertex 8 -165.2 -13.6255
      vertex 2.5 -162.25 -11.9223
      vertex 8 -162.25 -11.9223
    endloop
  endfacet
  facet normal 1.73205e-06 0.500003 -0.866024
    outer loop
      vertex 2.5 -162.25 -11.9223
      vertex 0 -165.2 -13.6255
      vertex 2.5 -156.35 -8.51591
    endloop
  endfacet
  facet normal 0 0.500004 -0.866023
    outer loop
      vertex 0 -165.2 -13.6255
      vertex 2.5 -162.25 -11.9223
      vertex 8 -165.2 -13.6255
    endloop
  endfacet
  facet normal 0 0.499999 -0.866026
    outer loop
      vertex 2.5 -156.35 -8.51591
      vertex 8 -153.4 -6.81273
      vertex 8 -156.35 -8.51591
    endloop
  endfacet
  facet normal 0 0.499999 -0.866026
    outer loop
      vertex 2.5 -156.35 -8.51591
      vertex 0 -153.4 -6.81273
      vertex 8 -153.4 -6.81273
    endloop
  endfacet
  facet normal 4.33012e-06 0.500002 -0.866024
    outer loop
      vertex 0 -153.4 -6.81273
      vertex 2.5 -156.35 -8.51591
      vertex 0 -165.2 -13.6255
    endloop
  endfacet
  facet normal -0 0.50002 0.866014
    outer loop
      vertex 6 -165.2 -12.547
      vertex 8 -167.216 -11.383
      vertex 8 -165.2 -12.547
    endloop
  endfacet
  facet normal 0 0.50002 0.866014
    outer loop
      vertex 8 -167.216 -11.383
      vertex 6 -165.2 -12.547
      vertex 6 -167.216 -11.383
    endloop
  endfacet
  facet normal -0 0.500004 0.866023
    outer loop
      vertex 6 -174.05 -7.43745
      vertex 8 -176.066 -6.2735
      vertex 8 -174.05 -7.43745
    endloop
  endfacet
  facet normal 0 0.500004 0.866023
    outer loop
      vertex 8 -176.066 -6.2735
      vertex 6 -174.05 -7.43745
      vertex 6 -176.066 -6.2735
    endloop
  endfacet
  facet normal 0.654597 0.378009 0.654685
    outer loop
      vertex 5.81447 -167.055 -11.2903
      vertex 5 -165.2 -11.547
      vertex 5 -166.35 -10.883
    endloop
  endfacet
  facet normal 0.654637 0.378021 0.654637
    outer loop
      vertex 5 -165.2 -11.547
      vertex 5.81447 -167.055 -11.2903
      vertex 6 -165.2 -12.547
    endloop
  endfacet
  facet normal 0.654654 0.377963 0.654654
    outer loop
      vertex 5.115 -174.05 -6.55245
      vertex 5 -174.05 -6.43745
      vertex 5 -175.2 -5.7735
    endloop
  endfacet
  facet normal 0.654907 0.37787 0.654455
    outer loop
      vertex 6 -167.216 -11.383
      vertex 6 -165.2 -12.547
      vertex 5.81447 -167.055 -11.2903
    endloop
  endfacet
  facet normal 0.654648 0.377966 0.654658
    outer loop
      vertex 6 -176.066 -6.2735
      vertex 5.115 -174.05 -6.55245
      vertex 5 -175.2 -5.7735
    endloop
  endfacet
  facet normal 0.654653 0.377968 0.654653
    outer loop
      vertex 5.115 -174.05 -6.55245
      vertex 6 -176.066 -6.2735
      vertex 6 -174.05 -7.43745
    endloop
  endfacet
  facet normal 0 0.500027 0.86601
    outer loop
      vertex 5 -165.2 -11.547
      vertex 2.5 -166.35 -10.883
      vertex 5 -166.35 -10.883
    endloop
  endfacet
  facet normal -2.34783e-05 0.499996 0.866028
    outer loop
      vertex 2.5 -166.35 -10.883
      vertex 0.5 -165.2 -11.547
      vertex 2.5 -174.05 -6.43745
    endloop
  endfacet
  facet normal -0 0.500027 0.86601
    outer loop
      vertex 0.5 -165.2 -11.547
      vertex 2.5 -166.35 -10.883
      vertex 5 -165.2 -11.547
    endloop
  endfacet
  facet normal -0 0.499998 0.866026
    outer loop
      vertex 2.5 -174.05 -6.43745
      vertex 5 -175.2 -5.7735
      vertex 5 -174.05 -6.43745
    endloop
  endfacet
  facet normal 0 0.499998 0.866026
    outer loop
      vertex 2.5 -174.05 -6.43745
      vertex 0.5 -175.2 -5.7735
      vertex 5 -175.2 -5.7735
    endloop
  endfacet
  facet normal -1.08253e-06 0.5 0.866026
    outer loop
      vertex 0.5 -175.2 -5.7735
      vertex 2.5 -174.05 -6.43745
      vertex 0.5 -165.2 -11.547
    endloop
  endfacet
  facet normal -0.654654 0.377965 0.654654
    outer loop
      vertex 0.5 -165.2 -11.547
      vertex 0 -165.2 -12.047
      vertex 0 -175.633 -6.0235
    endloop
  endfacet
  facet normal -0.654648 0.377967 0.654658
    outer loop
      vertex 0.5 -175.2 -5.7735
      vertex 0.5 -165.2 -11.547
      vertex 0 -175.633 -6.0235
    endloop
  endfacet
  facet normal 0 -0.499999 -0.866026
    outer loop
      vertex 8 -177 -6.81273
      vertex 2.5 -174.05 -8.51591
      vertex 8 -174.05 -8.51591
    endloop
  endfacet
  facet normal 5.19614e-06 -0.500003 -0.866024
    outer loop
      vertex 2.5 -174.05 -8.51591
      vertex 0 -177 -6.81273
      vertex 2.5 -168.15 -11.9223
    endloop
  endfacet
  facet normal 0 -0.499999 -0.866026
    outer loop
      vertex 0 -177 -6.81273
      vertex 2.5 -174.05 -8.51591
      vertex 8 -177 -6.81273
    endloop
  endfacet
  facet normal 0 -0.500004 -0.866023
    outer loop
      vertex 2.5 -168.15 -11.9223
      vertex 8 -165.2 -13.6255
      vertex 8 -168.15 -11.9223
    endloop
  endfacet
  facet normal 0 -0.500004 -0.866023
    outer loop
      vertex 2.5 -168.15 -11.9223
      vertex 0 -165.2 -13.6255
      vertex 8 -165.2 -13.6255
    endloop
  endfacet
  facet normal 2.59807e-06 -0.500002 -0.866024
    outer loop
      vertex 0 -165.2 -13.6255
      vertex 2.5 -168.15 -11.9223
      vertex 0 -177 -6.81273
    endloop
  endfacet
  facet normal 0 1 -0
    outer loop
      vertex 8 -176.066 -6.2735
      vertex 6 -176.066 0
      vertex 8 -176.066 0
    endloop
  endfacet
  facet normal 0 1 0
    outer loop
      vertex 6 -176.066 0
      vertex 8 -176.066 -6.2735
      vertex 6 -176.066 -6.2735
    endloop
  endfacet
  facet normal 0.654371 0.756174 8.24604e-05
    outer loop
      vertex 6 -176.066 0
      vertex 5 -175.2 -5.7735
      vertex 5.25581 -175.422 0
    endloop
  endfacet
  facet normal 0.654643 0.755938 0
    outer loop
      vertex 5 -175.2 -5.7735
      vertex 6 -176.066 0
      vertex 6 -176.066 -6.2735
    endloop
  endfacet
  facet normal 0.655433 0.755253 0
    outer loop
      vertex 5 -175.2 0.221538
      vertex 5.25581 -175.422 0
      vertex 5 -175.2 -5.7735
    endloop
  endfacet
  facet normal 0 1 -0
    outer loop
      vertex 5 -175.2 -5.7735
      vertex 0.5 -175.2 0.221538
      vertex 5 -175.2 0.221538
    endloop
  endfacet
  facet normal 0 1 0
    outer loop
      vertex 0.5 -175.2 0.221538
      vertex 5 -175.2 -5.7735
      vertex 0.5 -175.2 -5.7735
    endloop
  endfacet
  facet normal -0.655434 0.755252 0
    outer loop
      vertex 0.5 -175.2 -5.7735
      vertex 0.244191 -175.422 0
      vertex 0.5 -175.2 0.221538
    endloop
  endfacet
  facet normal -0.653811 0.756658 0.000125965
    outer loop
      vertex 0.5 -175.2 -5.7735
      vertex 0 -175.633 0
      vertex 0.244191 -175.422 0
    endloop
  endfacet
  facet normal -0.654643 0.755938 0
    outer loop
      vertex 0 -175.633 0
      vertex 0.5 -175.2 -5.7735
      vertex 0 -175.633 -6.0235
    endloop
  endfacet
  facet normal 1 0 0
    outer loop
      vertex 8 -154.334 -6.2735
      vertex 8 -153.4 0
      vertex 8 -154.334 0
    endloop
  endfacet
  facet normal 1 0 0
    outer loop
      vertex 8 -153.4 0
      vertex 8 -154.334 -6.2735
      vertex 8 -153.4 -6.81273
    endloop
  endfacet
  facet normal 1 0 0
    outer loop
      vertex 8 -156.35 -7.43745
      vertex 8 -153.4 -6.81273
      vertex 8 -154.334 -6.2735
    endloop
  endfacet
  facet normal 1 0 0
    outer loop
      vertex 8 -153.4 -6.81273
      vertex 8 -156.35 -7.43745
      vertex 8 -156.35 -8.51591
    endloop
  endfacet
  facet normal 0 0 0
    outer loop
      vertex 8 -153.4 -6.81273
      vertex 8 -153.4 4.49813
      vertex 8 -153.4 0
    endloop
  endfacet
  facet normal 1 0 0
    outer loop
      vertex 8 -165.2 -12.547
      vertex 8 -162.25 -11.9223
      vertex 8 -163.184 -11.383
    endloop
  endfacet
  facet normal 1 -0 0
    outer loop
      vertex 8 -165.2 -12.547
      vertex 8 -165.2 -13.6255
      vertex 8 -162.25 -11.9223
    endloop
  endfacet
  facet normal 1 0 0
    outer loop
      vertex 8 -167.216 -11.383
      vertex 8 -165.2 -13.6255
      vertex 8 -165.2 -12.547
    endloop
  endfacet
  facet normal 1 0 0
    outer loop
      vertex 8 -165.2 -13.6255
      vertex 8 -167.216 -11.383
      vertex 8 -168.15 -11.9223
    endloop
  endfacet
  facet normal 1 0 0
    outer loop
      vertex 8 -176.066 0
      vertex 8 -177 0
      vertex 8 -176.066 -6.2735
    endloop
  endfacet
  facet normal 1 0 0
    outer loop
      vertex 8 -176.066 -6.2735
      vertex 8 -174.05 -8.51591
      vertex 8 -174.05 -7.43745
    endloop
  endfacet
  facet normal 1 0 0
    outer loop
      vertex 8 -176.066 -6.2735
      vertex 8 -177 -6.81273
      vertex 8 -174.05 -8.51591
    endloop
  endfacet
  facet normal 1 0 0
    outer loop
      vertex 8 -177 0
      vertex 8 -177 -6.81273
      vertex 8 -176.066 -6.2735
    endloop
  endfacet
  facet normal 0 0 0
    outer loop
      vertex 8 -177 -6.81273
      vertex 8 -177 0
      vertex 8 -177 4.49813
    endloop
  endfacet
  facet normal 1 0 0
    outer loop
      vertex 2.5 -174.05 -6.43745
      vertex 2.5 -168.15 -11.9223
      vertex 2.5 -166.35 -10.883
    endloop
  endfacet
  facet normal 1 0 0
    outer loop
      vertex 2.5 -168.15 -11.9223
      vertex 2.5 -174.05 -6.43745
      vertex 2.5 -174.05 -8.51591
    endloop
  endfacet
  facet normal 0 1 0
    outer loop
      vertex 8 -174.05 -7.43745
      vertex 8 -174.05 -8.51591
      vertex 6 -174.05 -7.43745
    endloop
  endfacet
  facet normal 0 1 0
    outer loop
      vertex 2.5 -174.05 -8.51591
      vertex 5 -174.05 -6.43745
      vertex 5.115 -174.05 -6.55245
    endloop
  endfacet
  facet normal 0 1 0
    outer loop
      vertex 2.5 -174.05 -8.51591
      vertex 5.115 -174.05 -6.55245
      vertex 6 -174.05 -7.43745
    endloop
  endfacet
  facet normal 0 1 0
    outer loop
      vertex 2.5 -174.05 -8.51591
      vertex 6 -174.05 -7.43745
      vertex 8 -174.05 -8.51591
    endloop
  endfacet
  facet normal 0 1 0
    outer loop
      vertex 5 -174.05 -6.43745
      vertex 2.5 -174.05 -8.51591
      vertex 2.5 -174.05 -6.43745
    endloop
  endfacet
  facet normal 0 -0.500038 0.866003
    outer loop
      vertex 6 -167.216 -11.383
      vertex 8 -168.15 -11.9223
      vertex 8 -167.216 -11.383
    endloop
  endfacet
  facet normal 0 -0.500025 0.866011
    outer loop
      vertex 2.5 -168.15 -11.9223
      vertex 5 -166.35 -10.883
      vertex 2.5 -166.35 -10.883
    endloop
  endfacet
  facet normal 0.000116271 -0.500146 0.865941
    outer loop
      vertex 5 -166.35 -10.883
      vertex 2.5 -168.15 -11.9223
      vertex 5.81447 -167.055 -11.2903
    endloop
  endfacet
  facet normal -0.000288712 -0.499227 0.866471
    outer loop
      vertex 5.81447 -167.055 -11.2903
      vertex 2.5 -168.15 -11.9223
      vertex 6 -167.216 -11.383
    endloop
  endfacet
  facet normal 0 -0.500038 0.866003
    outer loop
      vertex 6 -167.216 -11.383
      vertex 2.5 -168.15 -11.9223
      vertex 8 -168.15 -11.9223
    endloop
  endfacet
  facet normal 1 0 0
    outer loop
      vertex 2.5 -156.35 -6.43745
      vertex 2.5 -162.25 -11.9223
      vertex 2.5 -156.35 -8.51591
    endloop
  endfacet
  facet normal 1 0 -0
    outer loop
      vertex 2.5 -162.25 -11.9223
      vertex 2.5 -156.35 -6.43745
      vertex 2.5 -164.05 -10.883
    endloop
  endfacet
  facet normal 0 0.500038 0.866003
    outer loop
      vertex 8 -162.25 -11.9223
      vertex 6 -163.184 -11.383
      vertex 8 -163.184 -11.383
    endloop
  endfacet
  facet normal -0 0.500038 0.866003
    outer loop
      vertex 2.5 -162.25 -11.9223
      vertex 6 -163.184 -11.383
      vertex 8 -162.25 -11.9223
    endloop
  endfacet
  facet normal 4.7202e-05 0.500171 0.865927
    outer loop
      vertex 2.5 -162.25 -11.9223
      vertex 5.115 -163.95 -10.9405
      vertex 6 -163.184 -11.383
    endloop
  endfacet
  facet normal -0.000815307 0.499175 0.866501
    outer loop
      vertex 2.5 -162.25 -11.9223
      vertex 5 -164.05 -10.883
      vertex 5.115 -163.95 -10.9405
    endloop
  endfacet
  facet normal 0 0.500025 0.866011
    outer loop
      vertex 5 -164.05 -10.883
      vertex 2.5 -162.25 -11.9223
      vertex 2.5 -164.05 -10.883
    endloop
  endfacet
  facet normal 0 -1 0
    outer loop
      vertex 2.5 -156.35 -8.51591
      vertex 5 -156.35 -6.43745
      vertex 2.5 -156.35 -6.43745
    endloop
  endfacet
  facet normal 0 -1 -0
    outer loop
      vertex 5 -156.35 -6.43745
      vertex 2.5 -156.35 -8.51591
      vertex 5.81447 -156.35 -7.25191
    endloop
  endfacet
  facet normal 0 -1 -0
    outer loop
      vertex 5.81447 -156.35 -7.25191
      vertex 2.5 -156.35 -8.51591
      vertex 6 -156.35 -7.43745
    endloop
  endfacet
  facet normal 0 -1 0
    outer loop
      vertex 8 -156.35 -8.51591
      vertex 6 -156.35 -7.43745
      vertex 2.5 -156.35 -8.51591
    endloop
  endfacet
  facet normal 0 -1 0
    outer loop
      vertex 6 -156.35 -7.43745
      vertex 8 -156.35 -8.51591
      vertex 8 -156.35 -7.43745
    endloop
  endfacet
  facet normal 0.844332 -0 0.535821
    outer loop
      vertex 7.35703 -177 6.58271
      vertex 7.59254 -175.922 6.2116
      vertex 7.35703 -175.922 6.58271
    endloop
  endfacet
  facet normal 0.844332 0 0.535821
    outer loop
      vertex 7.59254 -175.922 6.2116
      vertex 7.35703 -177 6.58271
      vertex 7.59254 -177 6.2116
    endloop
  endfacet
  facet normal 0.844332 -0 0.535821
    outer loop
      vertex 7.35703 -154.478 6.58271
      vertex 7.59254 -153.4 6.2116
      vertex 7.35703 -153.4 6.58271
    endloop
  endfacet
  facet normal 0.844332 0 0.535821
    outer loop
      vertex 7.59254 -153.4 6.2116
      vertex 7.35703 -154.478 6.58271
      vertex 7.59254 -154.478 6.2116
    endloop
  endfacet
  facet normal 0.844332 -0 0.535821
    outer loop
      vertex 7.35703 -106.2 6.58271
      vertex 7.59254 -105.122 6.2116
      vertex 7.35703 -105.122 6.58271
    endloop
  endfacet
  facet normal 0.844332 0 0.535821
    outer loop
      vertex 7.59254 -105.122 6.2116
      vertex 7.35703 -106.2 6.58271
      vertex 7.59254 -106.2 6.2116
    endloop
  endfacet
  facet normal 0.844332 -0 0.535821
    outer loop
      vertex 7.35703 -107.278 6.58271
      vertex 7.59254 -106.2 6.2116
      vertex 7.35703 -106.2 6.58271
    endloop
  endfacet
  facet normal 0.844332 0 0.535821
    outer loop
      vertex 7.59254 -106.2 6.2116
      vertex 7.35703 -107.278 6.58271
      vertex 7.59254 -107.278 6.2116
    endloop
  endfacet
  facet normal 0.844332 -0 0.535821
    outer loop
      vertex 7.35703 -129.8 6.58271
      vertex 7.59254 -128.722 6.2116
      vertex 7.35703 -128.722 6.58271
    endloop
  endfacet
  facet normal 0.844332 0 0.535821
    outer loop
      vertex 7.59254 -128.722 6.2116
      vertex 7.35703 -129.8 6.58271
      vertex 7.59254 -129.8 6.2116
    endloop
  endfacet
  facet normal 0.844332 -0 0.535821
    outer loop
      vertex 7.35703 -130.878 6.58271
      vertex 7.59254 -129.8 6.2116
      vertex 7.35703 -129.8 6.58271
    endloop
  endfacet
  facet normal 0.844332 0 0.535821
    outer loop
      vertex 7.59254 -129.8 6.2116
      vertex 7.35703 -130.878 6.58271
      vertex 7.59254 -130.878 6.2116
    endloop
  endfacet
  facet normal 0.844332 -0 0.535821
    outer loop
      vertex 7.35703 -153.4 6.58271
      vertex 7.59254 -152.322 6.2116
      vertex 7.35703 -152.322 6.58271
    endloop
  endfacet
  facet normal 0.844332 0 0.535821
    outer loop
      vertex 7.59254 -152.322 6.2116
      vertex 7.35703 -153.4 6.58271
      vertex 7.59254 -153.4 6.2116
    endloop
  endfacet
  facet normal 0.844332 -0 0.535821
    outer loop
      vertex 7.35703 -60.0785 6.58271
      vertex 7.59254 -59 6.2116
      vertex 7.35703 -59 6.58271
    endloop
  endfacet
  facet normal 0.844332 0 0.535821
    outer loop
      vertex 7.59254 -59 6.2116
      vertex 7.35703 -60.0785 6.58271
      vertex 7.59254 -60.0785 6.2116
    endloop
  endfacet
  facet normal 0.844332 -0 0.535821
    outer loop
      vertex 7.35703 -82.6 6.58271
      vertex 7.59254 -81.5215 6.2116
      vertex 7.35703 -81.5215 6.58271
    endloop
  endfacet
  facet normal 0.844332 0 0.535821
    outer loop
      vertex 7.59254 -81.5215 6.2116
      vertex 7.35703 -82.6 6.58271
      vertex 7.59254 -82.6 6.2116
    endloop
  endfacet
  facet normal 0.844332 -0 0.535821
    outer loop
      vertex 7.35703 -83.6785 6.58271
      vertex 7.59254 -82.6 6.2116
      vertex 7.35703 -82.6 6.58271
    endloop
  endfacet
  facet normal 0.844332 0 0.535821
    outer loop
      vertex 7.59254 -82.6 6.2116
      vertex 7.35703 -83.6785 6.58271
      vertex 7.59254 -83.6785 6.2116
    endloop
  endfacet
  facet normal 0.844332 -0 0.535821
    outer loop
      vertex 7.35703 -36.4785 6.58271
      vertex 7.59254 -35.4 6.2116
      vertex 7.35703 -35.4 6.58271
    endloop
  endfacet
  facet normal 0.844332 0 0.535821
    outer loop
      vertex 7.59254 -35.4 6.2116
      vertex 7.35703 -36.4785 6.58271
      vertex 7.59254 -36.4785 6.2116
    endloop
  endfacet
  facet normal 0.844332 -0 0.535821
    outer loop
      vertex 7.35703 -59 6.58271
      vertex 7.59254 -57.9215 6.2116
      vertex 7.35703 -57.9215 6.58271
    endloop
  endfacet
  facet normal 0.844332 0 0.535821
    outer loop
      vertex 7.59254 -57.9215 6.2116
      vertex 7.35703 -59 6.58271
      vertex 7.59254 -59 6.2116
    endloop
  endfacet
  facet normal 0.844332 -0 0.535821
    outer loop
      vertex 7.35703 -12.8785 6.58271
      vertex 7.59254 -11.8 6.2116
      vertex 7.35703 -11.8 6.58271
    endloop
  endfacet
  facet normal 0.844332 0 0.535821
    outer loop
      vertex 7.59254 -11.8 6.2116
      vertex 7.35703 -12.8785 6.58271
      vertex 7.59254 -12.8785 6.2116
    endloop
  endfacet
  facet normal 0.844332 -0 0.535821
    outer loop
      vertex 7.35703 -35.4 6.58271
      vertex 7.59254 -34.3215 6.2116
      vertex 7.35703 -34.3215 6.58271
    endloop
  endfacet
  facet normal 0.844332 0 0.535821
    outer loop
      vertex 7.59254 -34.3215 6.2116
      vertex 7.35703 -35.4 6.58271
      vertex 7.59254 -35.4 6.2116
    endloop
  endfacet
  facet normal 0.844332 -0 0.535821
    outer loop
      vertex 7.35703 -11.8 6.58271
      vertex 7.59254 -10.7215 6.2116
      vertex 7.35703 -10.7215 6.58271
    endloop
  endfacet
  facet normal 0.844332 0 0.535821
    outer loop
      vertex 7.59254 -10.7215 6.2116
      vertex 7.35703 -11.8 6.58271
      vertex 7.59254 -11.8 6.2116
    endloop
  endfacet
  facet normal 0.844332 -0 0.535821
    outer loop
      vertex 7.35703 10.7215 6.58271
      vertex 7.59254 11.8 6.2116
      vertex 7.35703 11.8 6.58271
    endloop
  endfacet
  facet normal 0.844332 0 0.535821
    outer loop
      vertex 7.59254 11.8 6.2116
      vertex 7.35703 10.7215 6.58271
      vertex 7.59254 10.7215 6.2116
    endloop
  endfacet
  facet normal 0.587783 0 0.809018
    outer loop
      vertex 6.40086 -175.922 7.48061
      vertex 6.75645 -177 7.22226
      vertex 6.75645 -175.922 7.22226
    endloop
  endfacet
  facet normal 0.587783 0 0.809018
    outer loop
      vertex 6.75645 -177 7.22226
      vertex 6.40086 -175.922 7.48061
      vertex 6.40086 -177 7.48061
    endloop
  endfacet
  facet normal 0.587783 0 0.809018
    outer loop
      vertex 6.40086 -152.322 7.48061
      vertex 6.75645 -153.4 7.22226
      vertex 6.75645 -152.322 7.22226
    endloop
  endfacet
  facet normal 0.587783 0 0.809018
    outer loop
      vertex 6.75645 -153.4 7.22226
      vertex 6.40086 -152.322 7.48061
      vertex 6.40086 -153.4 7.48061
    endloop
  endfacet
  facet normal 0.587783 0 0.809018
    outer loop
      vertex 6.40086 -153.4 7.48061
      vertex 6.75645 -154.478 7.22226
      vertex 6.75645 -153.4 7.22226
    endloop
  endfacet
  facet normal 0.587783 0 0.809018
    outer loop
      vertex 6.75645 -154.478 7.22226
      vertex 6.40086 -153.4 7.48061
      vertex 6.40086 -154.478 7.48061
    endloop
  endfacet
  facet normal 0.587783 0 0.809018
    outer loop
      vertex 6.40086 -129.8 7.48061
      vertex 6.75645 -130.878 7.22226
      vertex 6.75645 -129.8 7.22226
    endloop
  endfacet
  facet normal 0.587783 0 0.809018
    outer loop
      vertex 6.75645 -130.878 7.22226
      vertex 6.40086 -129.8 7.48061
      vertex 6.40086 -130.878 7.48061
    endloop
  endfacet
  facet normal 0.587783 0 0.809018
    outer loop
      vertex 6.40086 -128.722 7.48061
      vertex 6.75645 -129.8 7.22226
      vertex 6.75645 -128.722 7.22226
    endloop
  endfacet
  facet normal 0.587783 0 0.809018
    outer loop
      vertex 6.75645 -129.8 7.22226
      vertex 6.40086 -128.722 7.48061
      vertex 6.40086 -129.8 7.48061
    endloop
  endfacet
  facet normal 0.587783 0 0.809018
    outer loop
      vertex 6.40086 -35.4 7.48061
      vertex 6.75645 -36.4785 7.22226
      vertex 6.75645 -35.4 7.22226
    endloop
  endfacet
  facet normal 0.587783 0 0.809018
    outer loop
      vertex 6.75645 -36.4785 7.22226
      vertex 6.40086 -35.4 7.48061
      vertex 6.40086 -36.4785 7.48061
    endloop
  endfacet
  facet normal 0.587783 0 0.809018
    outer loop
      vertex 6.40086 -57.9215 7.48061
      vertex 6.75645 -59 7.22226
      vertex 6.75645 -57.9215 7.22226
    endloop
  endfacet
  facet normal 0.587783 0 0.809018
    outer loop
      vertex 6.75645 -59 7.22226
      vertex 6.40086 -57.9215 7.48061
      vertex 6.40086 -59 7.48061
    endloop
  endfacet
  facet normal 0.587783 0 0.809018
    outer loop
      vertex 6.40086 -59 7.48061
      vertex 6.75645 -60.0785 7.22226
      vertex 6.75645 -59 7.22226
    endloop
  endfacet
  facet normal 0.587783 0 0.809018
    outer loop
      vertex 6.75645 -60.0785 7.22226
      vertex 6.40086 -59 7.48061
      vertex 6.40086 -60.0785 7.48061
    endloop
  endfacet
  facet normal 0.587783 0 0.809018
    outer loop
      vertex 6.40086 -81.5215 7.48061
      vertex 6.75645 -82.6 7.22226
      vertex 6.75645 -81.5215 7.22226
    endloop
  endfacet
  facet normal 0.587783 0 0.809018
    outer loop
      vertex 6.75645 -82.6 7.22226
      vertex 6.40086 -81.5215 7.48061
      vertex 6.40086 -82.6 7.48061
    endloop
  endfacet
  facet normal 0.587783 0 0.809018
    outer loop
      vertex 6.40086 -82.6 7.48061
      vertex 6.75645 -83.6785 7.22226
      vertex 6.75645 -82.6 7.22226
    endloop
  endfacet
  facet normal 0.587783 0 0.809018
    outer loop
      vertex 6.75645 -83.6785 7.22226
      vertex 6.40086 -82.6 7.48061
      vertex 6.40086 -83.6785 7.48061
    endloop
  endfacet
  facet normal 0.587783 0 0.809018
    outer loop
      vertex 6.40086 -105.122 7.48061
      vertex 6.75645 -106.2 7.22226
      vertex 6.75645 -105.122 7.22226
    endloop
  endfacet
  facet normal 0.587783 0 0.809018
    outer loop
      vertex 6.75645 -106.2 7.22226
      vertex 6.40086 -105.122 7.48061
      vertex 6.40086 -106.2 7.48061
    endloop
  endfacet
  facet normal 0.587783 0 0.809018
    outer loop
      vertex 6.40086 -106.2 7.48061
      vertex 6.75645 -107.278 7.22226
      vertex 6.75645 -106.2 7.22226
    endloop
  endfacet
  facet normal 0.587783 0 0.809018
    outer loop
      vertex 6.75645 -107.278 7.22226
      vertex 6.40086 -106.2 7.48061
      vertex 6.40086 -107.278 7.48061
    endloop
  endfacet
  facet normal 0.587783 0 0.809018
    outer loop
      vertex 6.40086 -34.3215 7.48061
      vertex 6.75645 -35.4 7.22226
      vertex 6.75645 -34.3215 7.22226
    endloop
  endfacet
  facet normal 0.587783 0 0.809018
    outer loop
      vertex 6.75645 -35.4 7.22226
      vertex 6.40086 -34.3215 7.48061
      vertex 6.40086 -35.4 7.48061
    endloop
  endfacet
  facet normal 0.587783 0 0.809018
    outer loop
      vertex 6.40086 -10.7215 7.48061
      vertex 6.75645 -11.8 7.22226
      vertex 6.75645 -10.7215 7.22226
    endloop
  endfacet
  facet normal 0.587783 0 0.809018
    outer loop
      vertex 6.75645 -11.8 7.22226
      vertex 6.40086 -10.7215 7.48061
      vertex 6.40086 -11.8 7.48061
    endloop
  endfacet
  facet normal 0.587783 0 0.809018
    outer loop
      vertex 6.40086 -11.8 7.48061
      vertex 6.75645 -12.8785 7.22226
      vertex 6.75645 -11.8 7.22226
    endloop
  endfacet
  facet normal 0.587783 0 0.809018
    outer loop
      vertex 6.75645 -12.8785 7.22226
      vertex 6.40086 -11.8 7.48061
      vertex 6.40086 -12.8785 7.48061
    endloop
  endfacet
  facet normal 0.587783 0 0.809018
    outer loop
      vertex 6.40086 11.8 7.48061
      vertex 6.75645 10.7215 7.22226
      vertex 6.75645 11.8 7.22226
    endloop
  endfacet
  facet normal 0.587783 0 0.809018
    outer loop
      vertex 6.75645 10.7215 7.22226
      vertex 6.40086 11.8 7.48061
      vertex 6.40086 10.7215 7.48061
    endloop
  endfacet
  facet normal 0.684541 0 0.728974
    outer loop
      vertex 6.75645 -175.922 7.22226
      vertex 7.07686 -177 6.92138
      vertex 7.07686 -175.922 6.92138
    endloop
  endfacet
  facet normal 0.684541 0 0.728974
    outer loop
      vertex 7.07686 -177 6.92138
      vertex 6.75645 -175.922 7.22226
      vertex 6.75645 -177 7.22226
    endloop
  endfacet
  facet normal 0.684541 0 0.728974
    outer loop
      vertex 6.75645 -152.322 7.22226
      vertex 7.07686 -153.4 6.92138
      vertex 7.07686 -152.322 6.92138
    endloop
  endfacet
  facet normal 0.684541 0 0.728974
    outer loop
      vertex 7.07686 -153.4 6.92138
      vertex 6.75645 -152.322 7.22226
      vertex 6.75645 -153.4 7.22226
    endloop
  endfacet
  facet normal 0.684541 0 0.728974
    outer loop
      vertex 6.75645 -153.4 7.22226
      vertex 7.07686 -154.478 6.92138
      vertex 7.07686 -153.4 6.92138
    endloop
  endfacet
  facet normal 0.684541 0 0.728974
    outer loop
      vertex 7.07686 -154.478 6.92138
      vertex 6.75645 -153.4 7.22226
      vertex 6.75645 -154.478 7.22226
    endloop
  endfacet
  facet normal 0.684541 0 0.728974
    outer loop
      vertex 6.75645 -129.8 7.22226
      vertex 7.07686 -130.878 6.92138
      vertex 7.07686 -129.8 6.92138
    endloop
  endfacet
  facet normal 0.684541 0 0.728974
    outer loop
      vertex 7.07686 -130.878 6.92138
      vertex 6.75645 -129.8 7.22226
      vertex 6.75645 -130.878 7.22226
    endloop
  endfacet
  facet normal 0.684541 0 0.728974
    outer loop
      vertex 6.75645 -128.722 7.22226
      vertex 7.07686 -129.8 6.92138
      vertex 7.07686 -128.722 6.92138
    endloop
  endfacet
  facet normal 0.684541 0 0.728974
    outer loop
      vertex 7.07686 -129.8 6.92138
      vertex 6.75645 -128.722 7.22226
      vertex 6.75645 -129.8 7.22226
    endloop
  endfacet
  facet normal 0.684541 0 0.728974
    outer loop
      vertex 6.75645 -35.4 7.22226
      vertex 7.07686 -36.4785 6.92138
      vertex 7.07686 -35.4 6.92138
    endloop
  endfacet
  facet normal 0.684541 0 0.728974
    outer loop
      vertex 7.07686 -36.4785 6.92138
      vertex 6.75645 -35.4 7.22226
      vertex 6.75645 -36.4785 7.22226
    endloop
  endfacet
  facet normal 0.684541 0 0.728974
    outer loop
      vertex 6.75645 -57.9215 7.22226
      vertex 7.07686 -59 6.92138
      vertex 7.07686 -57.9215 6.92138
    endloop
  endfacet
  facet normal 0.684541 0 0.728974
    outer loop
      vertex 7.07686 -59 6.92138
      vertex 6.75645 -57.9215 7.22226
      vertex 6.75645 -59 7.22226
    endloop
  endfacet
  facet normal 0.684541 0 0.728974
    outer loop
      vertex 6.75645 -59 7.22226
      vertex 7.07686 -60.0785 6.92138
      vertex 7.07686 -59 6.92138
    endloop
  endfacet
  facet normal 0.684541 0 0.728974
    outer loop
      vertex 7.07686 -60.0785 6.92138
      vertex 6.75645 -59 7.22226
      vertex 6.75645 -60.0785 7.22226
    endloop
  endfacet
  facet normal 0.684541 0 0.728974
    outer loop
      vertex 6.75645 -81.5215 7.22226
      vertex 7.07686 -82.6 6.92138
      vertex 7.07686 -81.5215 6.92138
    endloop
  endfacet
  facet normal 0.684541 0 0.728974
    outer loop
      vertex 7.07686 -82.6 6.92138
      vertex 6.75645 -81.5215 7.22226
      vertex 6.75645 -82.6 7.22226
    endloop
  endfacet
  facet normal 0.684541 0 0.728974
    outer loop
      vertex 6.75645 -82.6 7.22226
      vertex 7.07686 -83.6785 6.92138
      vertex 7.07686 -82.6 6.92138
    endloop
  endfacet
  facet normal 0.684541 0 0.728974
    outer loop
      vertex 7.07686 -83.6785 6.92138
      vertex 6.75645 -82.6 7.22226
      vertex 6.75645 -83.6785 7.22226
    endloop
  endfacet
  facet normal 0.684541 0 0.728974
    outer loop
      vertex 6.75645 -105.122 7.22226
      vertex 7.07686 -106.2 6.92138
      vertex 7.07686 -105.122 6.92138
    endloop
  endfacet
  facet normal 0.684541 0 0.728974
    outer loop
      vertex 7.07686 -106.2 6.92138
      vertex 6.75645 -105.122 7.22226
      vertex 6.75645 -106.2 7.22226
    endloop
  endfacet
  facet normal 0.684541 0 0.728974
    outer loop
      vertex 6.75645 -106.2 7.22226
      vertex 7.07686 -107.278 6.92138
      vertex 7.07686 -106.2 6.92138
    endloop
  endfacet
  facet normal 0.684541 0 0.728974
    outer loop
      vertex 7.07686 -107.278 6.92138
      vertex 6.75645 -106.2 7.22226
      vertex 6.75645 -107.278 7.22226
    endloop
  endfacet
  facet normal 0.684541 0 0.728974
    outer loop
      vertex 6.75645 -34.3215 7.22226
      vertex 7.07686 -35.4 6.92138
      vertex 7.07686 -34.3215 6.92138
    endloop
  endfacet
  facet normal 0.684541 0 0.728974
    outer loop
      vertex 7.07686 -35.4 6.92138
      vertex 6.75645 -34.3215 7.22226
      vertex 6.75645 -35.4 7.22226
    endloop
  endfacet
  facet normal 0.684541 0 0.728974
    outer loop
      vertex 6.75645 -10.7215 7.22226
      vertex 7.07686 -11.8 6.92138
      vertex 7.07686 -10.7215 6.92138
    endloop
  endfacet
  facet normal 0.684541 0 0.728974
    outer loop
      vertex 7.07686 -11.8 6.92138
      vertex 6.75645 -10.7215 7.22226
      vertex 6.75645 -11.8 7.22226
    endloop
  endfacet
  facet normal 0.684541 0 0.728974
    outer loop
      vertex 6.75645 -11.8 7.22226
      vertex 7.07686 -12.8785 6.92138
      vertex 7.07686 -11.8 6.92138
    endloop
  endfacet
  facet normal 0.684541 0 0.728974
    outer loop
      vertex 7.07686 -12.8785 6.92138
      vertex 6.75645 -11.8 7.22226
      vertex 6.75645 -12.8785 7.22226
    endloop
  endfacet
  facet normal 0.684541 0 0.728974
    outer loop
      vertex 6.75645 11.8 7.22226
      vertex 7.07686 10.7215 6.92138
      vertex 7.07686 11.8 6.92138
    endloop
  endfacet
  facet normal 0.684541 0 0.728974
    outer loop
      vertex 7.07686 10.7215 6.92138
      vertex 6.75645 11.8 7.22226
      vertex 6.75645 10.7215 7.22226
    endloop
  endfacet
  facet normal 0.248692 0 0.968583
    outer loop
      vertex 5.1813 -175.922 7.96347
      vertex 5.60703 -177 7.85416
      vertex 5.60703 -175.922 7.85416
    endloop
  endfacet
  facet normal 0.248692 0 0.968583
    outer loop
      vertex 5.60703 -177 7.85416
      vertex 5.1813 -175.922 7.96347
      vertex 5.1813 -177 7.96347
    endloop
  endfacet
  facet normal 0.248692 0 0.968583
    outer loop
      vertex 5.1813 -152.322 7.96347
      vertex 5.60703 -153.4 7.85416
      vertex 5.60703 -152.322 7.85416
    endloop
  endfacet
  facet normal 0.248692 0 0.968583
    outer loop
      vertex 5.60703 -153.4 7.85416
      vertex 5.1813 -152.322 7.96347
      vertex 5.1813 -153.4 7.96347
    endloop
  endfacet
  facet normal 0.248692 0 0.968583
    outer loop
      vertex 5.1813 -153.4 7.96347
      vertex 5.60703 -154.478 7.85416
      vertex 5.60703 -153.4 7.85416
    endloop
  endfacet
  facet normal 0.248692 0 0.968583
    outer loop
      vertex 5.60703 -154.478 7.85416
      vertex 5.1813 -153.4 7.96347
      vertex 5.1813 -154.478 7.96347
    endloop
  endfacet
  facet normal 0.248692 0 0.968583
    outer loop
      vertex 5.1813 -129.8 7.96347
      vertex 5.60703 -130.878 7.85416
      vertex 5.60703 -129.8 7.85416
    endloop
  endfacet
  facet normal 0.248692 0 0.968583
    outer loop
      vertex 5.60703 -130.878 7.85416
      vertex 5.1813 -129.8 7.96347
      vertex 5.1813 -130.878 7.96347
    endloop
  endfacet
  facet normal 0.248692 0 0.968583
    outer loop
      vertex 5.1813 -128.722 7.96347
      vertex 5.60703 -129.8 7.85416
      vertex 5.60703 -128.722 7.85416
    endloop
  endfacet
  facet normal 0.248692 0 0.968583
    outer loop
      vertex 5.60703 -129.8 7.85416
      vertex 5.1813 -128.722 7.96347
      vertex 5.1813 -129.8 7.96347
    endloop
  endfacet
  facet normal 0.248692 0 0.968583
    outer loop
      vertex 5.1813 -35.4 7.96347
      vertex 5.60703 -36.4785 7.85416
      vertex 5.60703 -35.4 7.85416
    endloop
  endfacet
  facet normal 0.248692 0 0.968583
    outer loop
      vertex 5.60703 -36.4785 7.85416
      vertex 5.1813 -35.4 7.96347
      vertex 5.1813 -36.4785 7.96347
    endloop
  endfacet
  facet normal 0.248692 0 0.968583
    outer loop
      vertex 5.1813 -57.9215 7.96347
      vertex 5.60703 -59 7.85416
      vertex 5.60703 -57.9215 7.85416
    endloop
  endfacet
  facet normal 0.248692 0 0.968583
    outer loop
      vertex 5.60703 -59 7.85416
      vertex 5.1813 -57.9215 7.96347
      vertex 5.1813 -59 7.96347
    endloop
  endfacet
  facet normal 0.248692 0 0.968583
    outer loop
      vertex 5.1813 -59 7.96347
      vertex 5.60703 -60.0785 7.85416
      vertex 5.60703 -59 7.85416
    endloop
  endfacet
  facet normal 0.248692 0 0.968583
    outer loop
      vertex 5.60703 -60.0785 7.85416
      vertex 5.1813 -59 7.96347
      vertex 5.1813 -60.0785 7.96347
    endloop
  endfacet
  facet normal 0.248692 0 0.968583
    outer loop
      vertex 5.1813 -81.5215 7.96347
      vertex 5.60703 -82.6 7.85416
      vertex 5.60703 -81.5215 7.85416
    endloop
  endfacet
  facet normal 0.248692 0 0.968583
    outer loop
      vertex 5.60703 -82.6 7.85416
      vertex 5.1813 -81.5215 7.96347
      vertex 5.1813 -82.6 7.96347
    endloop
  endfacet
  facet normal 0.248692 0 0.968583
    outer loop
      vertex 5.1813 -82.6 7.96347
      vertex 5.60703 -83.6785 7.85416
      vertex 5.60703 -82.6 7.85416
    endloop
  endfacet
  facet normal 0.248692 0 0.968583
    outer loop
      vertex 5.60703 -83.6785 7.85416
      vertex 5.1813 -82.6 7.96347
      vertex 5.1813 -83.6785 7.96347
    endloop
  endfacet
  facet normal 0.248692 0 0.968583
    outer loop
      vertex 5.1813 -105.122 7.96347
      vertex 5.60703 -106.2 7.85416
      vertex 5.60703 -105.122 7.85416
    endloop
  endfacet
  facet normal 0.248692 0 0.968583
    outer loop
      vertex 5.60703 -106.2 7.85416
      vertex 5.1813 -105.122 7.96347
      vertex 5.1813 -106.2 7.96347
    endloop
  endfacet
  facet normal 0.248692 0 0.968583
    outer loop
      vertex 5.1813 -106.2 7.96347
      vertex 5.60703 -107.278 7.85416
      vertex 5.60703 -106.2 7.85416
    endloop
  endfacet
  facet normal 0.248692 0 0.968583
    outer loop
      vertex 5.60703 -107.278 7.85416
      vertex 5.1813 -106.2 7.96347
      vertex 5.1813 -107.278 7.96347
    endloop
  endfacet
  facet normal 0.248692 0 0.968583
    outer loop
      vertex 5.1813 -34.3215 7.96347
      vertex 5.60703 -35.4 7.85416
      vertex 5.60703 -34.3215 7.85416
    endloop
  endfacet
  facet normal 0.248692 0 0.968583
    outer loop
      vertex 5.60703 -35.4 7.85416
      vertex 5.1813 -34.3215 7.96347
      vertex 5.1813 -35.4 7.96347
    endloop
  endfacet
  facet normal 0.248692 0 0.968583
    outer loop
      vertex 5.1813 -10.7215 7.96347
      vertex 5.60703 -11.8 7.85416
      vertex 5.60703 -10.7215 7.85416
    endloop
  endfacet
  facet normal 0.248692 0 0.968583
    outer loop
      vertex 5.60703 -11.8 7.85416
      vertex 5.1813 -10.7215 7.96347
      vertex 5.1813 -11.8 7.96347
    endloop
  endfacet
  facet normal 0.248692 0 0.968583
    outer loop
      vertex 5.1813 -11.8 7.96347
      vertex 5.60703 -12.8785 7.85416
      vertex 5.60703 -11.8 7.85416
    endloop
  endfacet
  facet normal 0.248692 0 0.968583
    outer loop
      vertex 5.60703 -12.8785 7.85416
      vertex 5.1813 -11.8 7.96347
      vertex 5.1813 -12.8785 7.96347
    endloop
  endfacet
  facet normal 0.248692 0 0.968583
    outer loop
      vertex 5.1813 11.8 7.96347
      vertex 5.60703 10.7215 7.85416
      vertex 5.60703 11.8 7.85416
    endloop
  endfacet
  facet normal 0.248692 0 0.968583
    outer loop
      vertex 5.60703 10.7215 7.85416
      vertex 5.1813 11.8 7.96347
      vertex 5.1813 10.7215 7.96347
    endloop
  endfacet
  facet normal 0.98225 0.00022422 0.187578
    outer loop
      vertex 7.91551 -175.317 5.39588
      vertex 7.99787 -174.922 4.96413
      vertex 7.99102 -174.922 5
    endloop
  endfacet
  facet normal 0.982288 0 0.18738
    outer loop
      vertex 7.99787 -177 4.96413
      vertex 7.91551 -175.317 5.39588
      vertex 7.91551 -177 5.39588
    endloop
  endfacet
  facet normal 0.982288 0 0.18738
    outer loop
      vertex 7.91551 -175.317 5.39588
      vertex 7.99787 -177 4.96413
      vertex 7.99787 -174.922 4.96413
    endloop
  endfacet
  facet normal 0.982288 -0 0.18738
    outer loop
      vertex 7.91551 -155.083 5.39588
      vertex 7.99787 -153.4 4.96413
      vertex 7.91551 -153.4 5.39588
    endloop
  endfacet
  facet normal 0.98225 -0.00022422 0.187578
    outer loop
      vertex 7.99787 -155.478 4.96413
      vertex 7.91551 -155.083 5.39588
      vertex 7.99102 -155.478 5
    endloop
  endfacet
  facet normal 0.982288 0 0.18738
    outer loop
      vertex 7.91551 -155.083 5.39588
      vertex 7.99787 -155.478 4.96413
      vertex 7.99787 -153.4 4.96413
    endloop
  endfacet
  facet normal 0.98225 0.00022422 0.187578
    outer loop
      vertex 7.91551 -104.517 5.39588
      vertex 7.99787 -104.122 4.96413
      vertex 7.99102 -104.122 5
    endloop
  endfacet
  facet normal 0.982288 0 0.18738
    outer loop
      vertex 7.99787 -106.2 4.96413
      vertex 7.91551 -104.517 5.39588
      vertex 7.91551 -106.2 5.39588
    endloop
  endfacet
  facet normal 0.982288 0 0.18738
    outer loop
      vertex 7.91551 -104.517 5.39588
      vertex 7.99787 -106.2 4.96413
      vertex 7.99787 -104.122 4.96413
    endloop
  endfacet
  facet normal 0.982288 -0 0.18738
    outer loop
      vertex 7.91551 -107.883 5.39588
      vertex 7.99787 -106.2 4.96413
      vertex 7.91551 -106.2 5.39588
    endloop
  endfacet
  facet normal 0.98225 -0.00022422 0.187578
    outer loop
      vertex 7.99787 -108.278 4.96413
      vertex 7.91551 -107.883 5.39588
      vertex 7.99102 -108.278 5
    endloop
  endfacet
  facet normal 0.982288 0 0.18738
    outer loop
      vertex 7.91551 -107.883 5.39588
      vertex 7.99787 -108.278 4.96413
      vertex 7.99787 -106.2 4.96413
    endloop
  endfacet
  facet normal 0.98225 0.00022422 0.187578
    outer loop
      vertex 7.91551 -128.117 5.39588
      vertex 7.99787 -127.722 4.96413
      vertex 7.99102 -127.722 5
    endloop
  endfacet
  facet normal 0.982288 0 0.18738
    outer loop
      vertex 7.99787 -129.8 4.96413
      vertex 7.91551 -128.117 5.39588
      vertex 7.91551 -129.8 5.39588
    endloop
  endfacet
  facet normal 0.982288 0 0.18738
    outer loop
      vertex 7.91551 -128.117 5.39588
      vertex 7.99787 -129.8 4.96413
      vertex 7.99787 -127.722 4.96413
    endloop
  endfacet
  facet normal 0.982288 -0 0.18738
    outer loop
      vertex 7.91551 -131.483 5.39588
      vertex 7.99787 -129.8 4.96413
      vertex 7.91551 -129.8 5.39588
    endloop
  endfacet
  facet normal 0.98225 -0.00022422 0.187578
    outer loop
      vertex 7.99787 -131.878 4.96413
      vertex 7.91551 -131.483 5.39588
      vertex 7.99102 -131.878 5
    endloop
  endfacet
  facet normal 0.982288 0 0.18738
    outer loop
      vertex 7.91551 -131.483 5.39588
      vertex 7.99787 -131.878 4.96413
      vertex 7.99787 -129.8 4.96413
    endloop
  endfacet
  facet normal 0.98225 0.00022422 0.187578
    outer loop
      vertex 7.91551 -151.717 5.39588
      vertex 7.99787 -151.322 4.96413
      vertex 7.99102 -151.322 5
    endloop
  endfacet
  facet normal 0.982288 0 0.18738
    outer loop
      vertex 7.99787 -153.4 4.96413
      vertex 7.91551 -151.717 5.39588
      vertex 7.91551 -153.4 5.39588
    endloop
  endfacet
  facet normal 0.982288 0 0.18738
    outer loop
      vertex 7.91551 -151.717 5.39588
      vertex 7.99787 -153.4 4.96413
      vertex 7.99787 -151.322 4.96413
    endloop
  endfacet
  facet normal 0.982288 -0 0.18738
    outer loop
      vertex 7.91551 -60.6826 5.39588
      vertex 7.99787 -59 4.96413
      vertex 7.91551 -59 5.39588
    endloop
  endfacet
  facet normal 0.98225 -0.00022371 0.187578
    outer loop
      vertex 7.99787 -61.0785 4.96413
      vertex 7.91551 -60.6826 5.39588
      vertex 7.99102 -61.0785 5
    endloop
  endfacet
  facet normal 0.982288 0 0.18738
    outer loop
      vertex 7.91551 -60.6826 5.39588
      vertex 7.99787 -61.0785 4.96413
      vertex 7.99787 -59 4.96413
    endloop
  endfacet
  facet normal 0.98225 0.00022371 0.187578
    outer loop
      vertex 7.91551 -80.9174 5.39588
      vertex 7.99787 -80.5215 4.96413
      vertex 7.99102 -80.5215 5
    endloop
  endfacet
  facet normal 0.982288 0 0.18738
    outer loop
      vertex 7.99787 -82.6 4.96413
      vertex 7.91551 -80.9174 5.39588
      vertex 7.91551 -82.6 5.39588
    endloop
  endfacet
  facet normal 0.982288 0 0.18738
    outer loop
      vertex 7.91551 -80.9174 5.39588
      vertex 7.99787 -82.6 4.96413
      vertex 7.99787 -80.5215 4.96413
    endloop
  endfacet
  facet normal 0.982288 -0 0.18738
    outer loop
      vertex 7.91551 -84.2826 5.39588
      vertex 7.99787 -82.6 4.96413
      vertex 7.91551 -82.6 5.39588
    endloop
  endfacet
  facet normal 0.98225 -0.00022371 0.187578
    outer loop
      vertex 7.99787 -84.6785 4.96413
      vertex 7.91551 -84.2826 5.39588
      vertex 7.99102 -84.6785 5
    endloop
  endfacet
  facet normal 0.982288 0 0.18738
    outer loop
      vertex 7.91551 -84.2826 5.39588
      vertex 7.99787 -84.6785 4.96413
      vertex 7.99787 -82.6 4.96413
    endloop
  endfacet
  facet normal 0.982288 -0 0.18738
    outer loop
      vertex 7.91551 -37.0826 5.39588
      vertex 7.99787 -35.4 4.96413
      vertex 7.91551 -35.4 5.39588
    endloop
  endfacet
  facet normal 0.98225 -0.00022371 0.187578
    outer loop
      vertex 7.99787 -37.4785 4.96413
      vertex 7.91551 -37.0826 5.39588
      vertex 7.99102 -37.4785 5
    endloop
  endfacet
  facet normal 0.982288 0 0.18738
    outer loop
      vertex 7.91551 -37.0826 5.39588
      vertex 7.99787 -37.4785 4.96413
      vertex 7.99787 -35.4 4.96413
    endloop
  endfacet
  facet normal 0.98225 0.00022371 0.187578
    outer loop
      vertex 7.91551 -57.3174 5.39588
      vertex 7.99787 -56.9215 4.96413
      vertex 7.99102 -56.9215 5
    endloop
  endfacet
  facet normal 0.982288 0 0.18738
    outer loop
      vertex 7.99787 -59 4.96413
      vertex 7.91551 -57.3174 5.39588
      vertex 7.91551 -59 5.39588
    endloop
  endfacet
  facet normal 0.982288 0 0.18738
    outer loop
      vertex 7.91551 -57.3174 5.39588
      vertex 7.99787 -59 4.96413
      vertex 7.99787 -56.9215 4.96413
    endloop
  endfacet
  facet normal 0.982288 -0 0.18738
    outer loop
      vertex 7.91551 -13.4826 5.39588
      vertex 7.99787 -11.8 4.96413
      vertex 7.91551 -11.8 5.39588
    endloop
  endfacet
  facet normal 0.98225 -0.00022371 0.187578
    outer loop
      vertex 7.99787 -13.8785 4.96413
      vertex 7.91551 -13.4826 5.39588
      vertex 7.99102 -13.8785 5
    endloop
  endfacet
  facet normal 0.982288 0 0.18738
    outer loop
      vertex 7.91551 -13.4826 5.39588
      vertex 7.99787 -13.8785 4.96413
      vertex 7.99787 -11.8 4.96413
    endloop
  endfacet
  facet normal 0.98225 0.00022371 0.187578
    outer loop
      vertex 7.91551 -33.7174 5.39588
      vertex 7.99787 -33.3215 4.96413
      vertex 7.99102 -33.3215 5
    endloop
  endfacet
  facet normal 0.982288 0 0.18738
    outer loop
      vertex 7.99787 -35.4 4.96413
      vertex 7.91551 -33.7174 5.39588
      vertex 7.91551 -35.4 5.39588
    endloop
  endfacet
  facet normal 0.982288 0 0.18738
    outer loop
      vertex 7.91551 -33.7174 5.39588
      vertex 7.99787 -35.4 4.96413
      vertex 7.99787 -33.3215 4.96413
    endloop
  endfacet
  facet normal 0.98225 0.000223727 0.187578
    outer loop
      vertex 7.91551 -10.1174 5.39588
      vertex 7.99787 -9.72153 4.96413
      vertex 7.99102 -9.72153 5
    endloop
  endfacet
  facet normal 0.982288 0 0.18738
    outer loop
      vertex 7.99787 -11.8 4.96413
      vertex 7.91551 -10.1174 5.39588
      vertex 7.91551 -11.8 5.39588
    endloop
  endfacet
  facet normal 0.982288 0 0.18738
    outer loop
      vertex 7.91551 -10.1174 5.39588
      vertex 7.99787 -11.8 4.96413
      vertex 7.99787 -9.72153 4.96413
    endloop
  endfacet
  facet normal 0.982288 -0 0.18738
    outer loop
      vertex 7.91551 10.1174 5.39588
      vertex 7.99787 11.8 4.96413
      vertex 7.91551 11.8 5.39588
    endloop
  endfacet
  facet normal 0.98225 -0.000223727 0.187578
    outer loop
      vertex 7.99787 9.72153 4.96413
      vertex 7.91551 10.1174 5.39588
      vertex 7.99102 9.72153 5
    endloop
  endfacet
  facet normal 0.982288 0 0.18738
    outer loop
      vertex 7.91551 10.1174 5.39588
      vertex 7.99787 9.72153 4.96413
      vertex 7.99787 11.8 4.96413
    endloop
  endfacet
  facet normal 1 -0 0
    outer loop
      vertex 8.02547 -177 4.52547
      vertex 8.02547 -174.922 0.5
      vertex 8.02547 -174.922 4.52547
    endloop
  endfacet
  facet normal 1 0 0
    outer loop
      vertex 8.02547 -177 0
      vertex 8.02547 -174.922 0.5
      vertex 8.02547 -177 4.52547
    endloop
  endfacet
  facet normal 1 0 0
    outer loop
      vertex 8.02547 -174.922 0.5
      vertex 8.02547 -177 0
      vertex 8.02547 -175.422 0
    endloop
  endfacet
  facet normal 1 -0 0
    outer loop
      vertex 8.02547 -155.478 0.5
      vertex 8.02547 -153.4 0
      vertex 8.02547 -153.4 4.52547
    endloop
  endfacet
  facet normal 1 0 0
    outer loop
      vertex 8.02547 -155.478 0.5
      vertex 8.02547 -153.4 4.52547
      vertex 8.02547 -155.478 4.52547
    endloop
  endfacet
  facet normal 1 0 0
    outer loop
      vertex 8.02547 -153.4 0
      vertex 8.02547 -155.478 0.5
      vertex 8.02547 -154.978 0
    endloop
  endfacet
  facet normal 1 -0 0
    outer loop
      vertex 8.02547 -106.2 4.52547
      vertex 8.02547 -104.122 0.5
      vertex 8.02547 -104.122 4.52547
    endloop
  endfacet
  facet normal 1 0 0
    outer loop
      vertex 8.02547 -106.2 0
      vertex 8.02547 -104.122 0.5
      vertex 8.02547 -106.2 4.52547
    endloop
  endfacet
  facet normal 1 0 0
    outer loop
      vertex 8.02547 -104.122 0.5
      vertex 8.02547 -106.2 0
      vertex 8.02547 -104.622 0
    endloop
  endfacet
  facet normal 1 -0 0
    outer loop
      vertex 8.02547 -108.278 0.5
      vertex 8.02547 -106.2 0
      vertex 8.02547 -106.2 4.52547
    endloop
  endfacet
  facet normal 1 0 0
    outer loop
      vertex 8.02547 -108.278 0.5
      vertex 8.02547 -106.2 4.52547
      vertex 8.02547 -108.278 4.52547
    endloop
  endfacet
  facet normal 1 0 0
    outer loop
      vertex 8.02547 -106.2 0
      vertex 8.02547 -108.278 0.5
      vertex 8.02547 -107.778 0
    endloop
  endfacet
  facet normal 1 -0 0
    outer loop
      vertex 8.02547 -129.8 4.52547
      vertex 8.02547 -127.722 0.5
      vertex 8.02547 -127.722 4.52547
    endloop
  endfacet
  facet normal 1 0 0
    outer loop
      vertex 8.02547 -129.8 0
      vertex 8.02547 -127.722 0.5
      vertex 8.02547 -129.8 4.52547
    endloop
  endfacet
  facet normal 1 0 0
    outer loop
      vertex 8.02547 -127.722 0.5
      vertex 8.02547 -129.8 0
      vertex 8.02547 -128.222 0
    endloop
  endfacet
  facet normal 1 -0 0
    outer loop
      vertex 8.02547 -131.878 0.5
      vertex 8.02547 -129.8 0
      vertex 8.02547 -129.8 4.52547
    endloop
  endfacet
  facet normal 1 0 0
    outer loop
      vertex 8.02547 -131.878 0.5
      vertex 8.02547 -129.8 4.52547
      vertex 8.02547 -131.878 4.52547
    endloop
  endfacet
  facet normal 1 0 0
    outer loop
      vertex 8.02547 -129.8 0
      vertex 8.02547 -131.878 0.5
      vertex 8.02547 -131.378 0
    endloop
  endfacet
  facet normal 1 -0 0
    outer loop
      vertex 8.02547 -153.4 4.52547
      vertex 8.02547 -151.322 0.5
      vertex 8.02547 -151.322 4.52547
    endloop
  endfacet
  facet normal 1 0 0
    outer loop
      vertex 8.02547 -153.4 0
      vertex 8.02547 -151.322 0.5
      vertex 8.02547 -153.4 4.52547
    endloop
  endfacet
  facet normal 1 0 0
    outer loop
      vertex 8.02547 -151.322 0.5
      vertex 8.02547 -153.4 0
      vertex 8.02547 -151.822 0
    endloop
  endfacet
  facet normal 1 -0 0
    outer loop
      vertex 8.02547 -61.0785 0.5
      vertex 8.02547 -59 0
      vertex 8.02547 -59 4.52547
    endloop
  endfacet
  facet normal 1 0 0
    outer loop
      vertex 8.02547 -61.0785 0.5
      vertex 8.02547 -59 4.52547
      vertex 8.02547 -61.0785 4.52547
    endloop
  endfacet
  facet normal 1 0 0
    outer loop
      vertex 8.02547 -59 0
      vertex 8.02547 -61.0785 0.5
      vertex 8.02547 -60.5785 0
    endloop
  endfacet
  facet normal 1 -0 0
    outer loop
      vertex 8.02547 -82.6 4.52547
      vertex 8.02547 -80.5215 0.5
      vertex 8.02547 -80.5215 4.52547
    endloop
  endfacet
  facet normal 1 0 0
    outer loop
      vertex 8.02547 -82.6 0
      vertex 8.02547 -80.5215 0.5
      vertex 8.02547 -82.6 4.52547
    endloop
  endfacet
  facet normal 1 0 0
    outer loop
      vertex 8.02547 -80.5215 0.5
      vertex 8.02547 -82.6 0
      vertex 8.02547 -81.0215 0
    endloop
  endfacet
  facet normal 1 -0 0
    outer loop
      vertex 8.02547 -84.6785 0.5
      vertex 8.02547 -82.6 0
      vertex 8.02547 -82.6 4.52547
    endloop
  endfacet
  facet normal 1 0 0
    outer loop
      vertex 8.02547 -84.6785 0.5
      vertex 8.02547 -82.6 4.52547
      vertex 8.02547 -84.6785 4.52547
    endloop
  endfacet
  facet normal 1 0 0
    outer loop
      vertex 8.02547 -82.6 0
      vertex 8.02547 -84.6785 0.5
      vertex 8.02547 -84.1785 0
    endloop
  endfacet
  facet normal 1 -0 0
    outer loop
      vertex 8.02547 -37.4785 0.5
      vertex 8.02547 -35.4 0
      vertex 8.02547 -35.4 4.52547
    endloop
  endfacet
  facet normal 1 0 0
    outer loop
      vertex 8.02547 -37.4785 0.5
      vertex 8.02547 -35.4 4.52547
      vertex 8.02547 -37.4785 4.52547
    endloop
  endfacet
  facet normal 1 0 0
    outer loop
      vertex 8.02547 -35.4 0
      vertex 8.02547 -37.4785 0.5
      vertex 8.02547 -36.9785 0
    endloop
  endfacet
  facet normal 1 -0 0
    outer loop
      vertex 8.02547 -59 4.52547
      vertex 8.02547 -56.9215 0.5
      vertex 8.02547 -56.9215 4.52547
    endloop
  endfacet
  facet normal 1 0 0
    outer loop
      vertex 8.02547 -59 0
      vertex 8.02547 -56.9215 0.5
      vertex 8.02547 -59 4.52547
    endloop
  endfacet
  facet normal 1 0 0
    outer loop
      vertex 8.02547 -56.9215 0.5
      vertex 8.02547 -59 0
      vertex 8.02547 -57.4215 0
    endloop
  endfacet
  facet normal 1 -0 0
    outer loop
      vertex 8.02547 -13.8785 0.5
      vertex 8.02547 -11.8 0
      vertex 8.02547 -11.8 4.52547
    endloop
  endfacet
  facet normal 1 0 0
    outer loop
      vertex 8.02547 -13.8785 0.5
      vertex 8.02547 -11.8 4.52547
      vertex 8.02547 -13.8785 4.52547
    endloop
  endfacet
  facet normal 1 0 0
    outer loop
      vertex 8.02547 -11.8 0
      vertex 8.02547 -13.8785 0.5
      vertex 8.02547 -13.3785 0
    endloop
  endfacet
  facet normal 1 -0 0
    outer loop
      vertex 8.02547 -35.4 4.52547
      vertex 8.02547 -33.3215 0.5
      vertex 8.02547 -33.3215 4.52547
    endloop
  endfacet
  facet normal 1 0 0
    outer loop
      vertex 8.02547 -35.4 0
      vertex 8.02547 -33.3215 0.5
      vertex 8.02547 -35.4 4.52547
    endloop
  endfacet
  facet normal 1 0 0
    outer loop
      vertex 8.02547 -33.3215 0.5
      vertex 8.02547 -35.4 0
      vertex 8.02547 -33.8215 0
    endloop
  endfacet
  facet normal 1 -0 0
    outer loop
      vertex 8.02547 -11.8 4.52547
      vertex 8.02547 -9.72153 0.5
      vertex 8.02547 -9.72153 4.52547
    endloop
  endfacet
  facet normal 1 0 0
    outer loop
      vertex 8.02547 -11.8 0
      vertex 8.02547 -9.72153 0.5
      vertex 8.02547 -11.8 4.52547
    endloop
  endfacet
  facet normal 1 0 0
    outer loop
      vertex 8.02547 -9.72153 0.5
      vertex 8.02547 -11.8 0
      vertex 8.02547 -10.2215 0
    endloop
  endfacet
  facet normal 1 -0 0
    outer loop
      vertex 8.02547 9.72153 0.5
      vertex 8.02547 11.8 0
      vertex 8.02547 11.8 4.52547
    endloop
  endfacet
  facet normal 1 0 0
    outer loop
      vertex 8.02547 9.72153 0.5
      vertex 8.02547 11.8 4.52547
      vertex 8.02547 9.72153 4.52547
    endloop
  endfacet
  facet normal 1 0 0
    outer loop
      vertex 8.02547 11.8 0
      vertex 8.02547 9.72153 0.5
      vertex 8.02547 10.2215 0
    endloop
  endfacet
  facet normal 0.481755 0 0.876306
    outer loop
      vertex 6.01569 -175.922 7.69236
      vertex 6.40086 -177 7.48061
      vertex 6.40086 -175.922 7.48061
    endloop
  endfacet
  facet normal 0.481755 0 0.876306
    outer loop
      vertex 6.40086 -177 7.48061
      vertex 6.01569 -175.922 7.69236
      vertex 6.01569 -177 7.69236
    endloop
  endfacet
  facet normal 0.481755 0 0.876306
    outer loop
      vertex 6.01569 -152.322 7.69236
      vertex 6.40086 -153.4 7.48061
      vertex 6.40086 -152.322 7.48061
    endloop
  endfacet
  facet normal 0.481755 0 0.876306
    outer loop
      vertex 6.40086 -153.4 7.48061
      vertex 6.01569 -152.322 7.69236
      vertex 6.01569 -153.4 7.69236
    endloop
  endfacet
  facet normal 0.481755 0 0.876306
    outer loop
      vertex 6.01569 -153.4 7.69236
      vertex 6.40086 -154.478 7.48061
      vertex 6.40086 -153.4 7.48061
    endloop
  endfacet
  facet normal 0.481755 0 0.876306
    outer loop
      vertex 6.40086 -154.478 7.48061
      vertex 6.01569 -153.4 7.69236
      vertex 6.01569 -154.478 7.69236
    endloop
  endfacet
  facet normal 0.481755 0 0.876306
    outer loop
      vertex 6.01569 -129.8 7.69236
      vertex 6.40086 -130.878 7.48061
      vertex 6.40086 -129.8 7.48061
    endloop
  endfacet
  facet normal 0.481755 0 0.876306
    outer loop
      vertex 6.40086 -130.878 7.48061
      vertex 6.01569 -129.8 7.69236
      vertex 6.01569 -130.878 7.69236
    endloop
  endfacet
  facet normal 0.481755 0 0.876306
    outer loop
      vertex 6.01569 -128.722 7.69236
      vertex 6.40086 -129.8 7.48061
      vertex 6.40086 -128.722 7.48061
    endloop
  endfacet
  facet normal 0.481755 0 0.876306
    outer loop
      vertex 6.40086 -129.8 7.48061
      vertex 6.01569 -128.722 7.69236
      vertex 6.01569 -129.8 7.69236
    endloop
  endfacet
  facet normal 0.481755 0 0.876306
    outer loop
      vertex 6.01569 -35.4 7.69236
      vertex 6.40086 -36.4785 7.48061
      vertex 6.40086 -35.4 7.48061
    endloop
  endfacet
  facet normal 0.481755 0 0.876306
    outer loop
      vertex 6.40086 -36.4785 7.48061
      vertex 6.01569 -35.4 7.69236
      vertex 6.01569 -36.4785 7.69236
    endloop
  endfacet
  facet normal 0.481755 0 0.876306
    outer loop
      vertex 6.01569 -57.9215 7.69236
      vertex 6.40086 -59 7.48061
      vertex 6.40086 -57.9215 7.48061
    endloop
  endfacet
  facet normal 0.481755 0 0.876306
    outer loop
      vertex 6.40086 -59 7.48061
      vertex 6.01569 -57.9215 7.69236
      vertex 6.01569 -59 7.69236
    endloop
  endfacet
  facet normal 0.481755 0 0.876306
    outer loop
      vertex 6.01569 -59 7.69236
      vertex 6.40086 -60.0785 7.48061
      vertex 6.40086 -59 7.48061
    endloop
  endfacet
  facet normal 0.481755 0 0.876306
    outer loop
      vertex 6.40086 -60.0785 7.48061
      vertex 6.01569 -59 7.69236
      vertex 6.01569 -60.0785 7.69236
    endloop
  endfacet
  facet normal 0.481755 0 0.876306
    outer loop
      vertex 6.01569 -81.5215 7.69236
      vertex 6.40086 -82.6 7.48061
      vertex 6.40086 -81.5215 7.48061
    endloop
  endfacet
  facet normal 0.481755 0 0.876306
    outer loop
      vertex 6.40086 -82.6 7.48061
      vertex 6.01569 -81.5215 7.69236
      vertex 6.01569 -82.6 7.69236
    endloop
  endfacet
  facet normal 0.481755 0 0.876306
    outer loop
      vertex 6.01569 -82.6 7.69236
      vertex 6.40086 -83.6785 7.48061
      vertex 6.40086 -82.6 7.48061
    endloop
  endfacet
  facet normal 0.481755 0 0.876306
    outer loop
      vertex 6.40086 -83.6785 7.48061
      vertex 6.01569 -82.6 7.69236
      vertex 6.01569 -83.6785 7.69236
    endloop
  endfacet
  facet normal 0.481755 0 0.876306
    outer loop
      vertex 6.01569 -105.122 7.69236
      vertex 6.40086 -106.2 7.48061
      vertex 6.40086 -105.122 7.48061
    endloop
  endfacet
  facet normal 0.481755 0 0.876306
    outer loop
      vertex 6.40086 -106.2 7.48061
      vertex 6.01569 -105.122 7.69236
      vertex 6.01569 -106.2 7.69236
    endloop
  endfacet
  facet normal 0.481755 0 0.876306
    outer loop
      vertex 6.01569 -106.2 7.69236
      vertex 6.40086 -107.278 7.48061
      vertex 6.40086 -106.2 7.48061
    endloop
  endfacet
  facet normal 0.481755 0 0.876306
    outer loop
      vertex 6.40086 -107.278 7.48061
      vertex 6.01569 -106.2 7.69236
      vertex 6.01569 -107.278 7.69236
    endloop
  endfacet
  facet normal 0.481755 0 0.876306
    outer loop
      vertex 6.01569 -34.3215 7.69236
      vertex 6.40086 -35.4 7.48061
      vertex 6.40086 -34.3215 7.48061
    endloop
  endfacet
  facet normal 0.481755 0 0.876306
    outer loop
      vertex 6.40086 -35.4 7.48061
      vertex 6.01569 -34.3215 7.69236
      vertex 6.01569 -35.4 7.69236
    endloop
  endfacet
  facet normal 0.481755 0 0.876306
    outer loop
      vertex 6.01569 -10.7215 7.69236
      vertex 6.40086 -11.8 7.48061
      vertex 6.40086 -10.7215 7.48061
    endloop
  endfacet
  facet normal 0.481755 0 0.876306
    outer loop
      vertex 6.40086 -11.8 7.48061
      vertex 6.01569 -10.7215 7.69236
      vertex 6.01569 -11.8 7.69236
    endloop
  endfacet
  facet normal 0.481755 0 0.876306
    outer loop
      vertex 6.01569 -11.8 7.69236
      vertex 6.40086 -12.8785 7.48061
      vertex 6.40086 -11.8 7.48061
    endloop
  endfacet
  facet normal 0.481755 0 0.876306
    outer loop
      vertex 6.40086 -12.8785 7.48061
      vertex 6.01569 -11.8 7.69236
      vertex 6.01569 -12.8785 7.69236
    endloop
  endfacet
  facet normal 0.481755 0 0.876306
    outer loop
      vertex 6.01569 11.8 7.69236
      vertex 6.40086 10.7215 7.48061
      vertex 6.40086 11.8 7.48061
    endloop
  endfacet
  facet normal 0.481755 0 0.876306
    outer loop
      vertex 6.40086 10.7215 7.48061
      vertex 6.01569 11.8 7.69236
      vertex 6.01569 10.7215 7.69236
    endloop
  endfacet
  facet normal 0.951052 0 0.309032
    outer loop
      vertex 7.91551 -177 5.39588
      vertex 7.77968 -175.735 5.8139
      vertex 7.77968 -177 5.8139
    endloop
  endfacet
  facet normal 0.951052 0 0.309032
    outer loop
      vertex 7.77968 -175.735 5.8139
      vertex 7.91551 -177 5.39588
      vertex 7.91551 -175.317 5.39588
    endloop
  endfacet
  facet normal 0.951052 -0 0.309032
    outer loop
      vertex 7.77968 -154.665 5.8139
      vertex 7.91551 -153.4 5.39588
      vertex 7.77968 -153.4 5.8139
    endloop
  endfacet
  facet normal 0.951052 0 0.309032
    outer loop
      vertex 7.91551 -153.4 5.39588
      vertex 7.77968 -154.665 5.8139
      vertex 7.91551 -155.083 5.39588
    endloop
  endfacet
  facet normal 0.951052 0 0.309032
    outer loop
      vertex 7.91551 -106.2 5.39588
      vertex 7.77968 -104.935 5.8139
      vertex 7.77968 -106.2 5.8139
    endloop
  endfacet
  facet normal 0.951052 0 0.309032
    outer loop
      vertex 7.77968 -104.935 5.8139
      vertex 7.91551 -106.2 5.39588
      vertex 7.91551 -104.517 5.39588
    endloop
  endfacet
  facet normal 0.951052 -0 0.309032
    outer loop
      vertex 7.77968 -107.465 5.8139
      vertex 7.91551 -106.2 5.39588
      vertex 7.77968 -106.2 5.8139
    endloop
  endfacet
  facet normal 0.951052 0 0.309032
    outer loop
      vertex 7.91551 -106.2 5.39588
      vertex 7.77968 -107.465 5.8139
      vertex 7.91551 -107.883 5.39588
    endloop
  endfacet
  facet normal 0.951052 0 0.309032
    outer loop
      vertex 7.91551 -129.8 5.39588
      vertex 7.77968 -128.535 5.8139
      vertex 7.77968 -129.8 5.8139
    endloop
  endfacet
  facet normal 0.951052 0 0.309032
    outer loop
      vertex 7.77968 -128.535 5.8139
      vertex 7.91551 -129.8 5.39588
      vertex 7.91551 -128.117 5.39588
    endloop
  endfacet
  facet normal 0.951052 -0 0.309032
    outer loop
      vertex 7.77968 -131.065 5.8139
      vertex 7.91551 -129.8 5.39588
      vertex 7.77968 -129.8 5.8139
    endloop
  endfacet
  facet normal 0.951052 0 0.309032
    outer loop
      vertex 7.91551 -129.8 5.39588
      vertex 7.77968 -131.065 5.8139
      vertex 7.91551 -131.483 5.39588
    endloop
  endfacet
  facet normal 0.951052 0 0.309032
    outer loop
      vertex 7.91551 -153.4 5.39588
      vertex 7.77968 -152.135 5.8139
      vertex 7.77968 -153.4 5.8139
    endloop
  endfacet
  facet normal 0.951052 0 0.309032
    outer loop
      vertex 7.77968 -152.135 5.8139
      vertex 7.91551 -153.4 5.39588
      vertex 7.91551 -151.717 5.39588
    endloop
  endfacet
  facet normal 0.951052 -0 0.309032
    outer loop
      vertex 7.77968 -60.2646 5.8139
      vertex 7.91551 -59 5.39588
      vertex 7.77968 -59 5.8139
    endloop
  endfacet
  facet normal 0.951052 0 0.309032
    outer loop
      vertex 7.91551 -59 5.39588
      vertex 7.77968 -60.2646 5.8139
      vertex 7.91551 -60.6826 5.39588
    endloop
  endfacet
  facet normal 0.951052 0 0.309032
    outer loop
      vertex 7.91551 -82.6 5.39588
      vertex 7.77968 -81.3354 5.8139
      vertex 7.77968 -82.6 5.8139
    endloop
  endfacet
  facet normal 0.951052 0 0.309032
    outer loop
      vertex 7.77968 -81.3354 5.8139
      vertex 7.91551 -82.6 5.39588
      vertex 7.91551 -80.9174 5.39588
    endloop
  endfacet
  facet normal 0.951052 -0 0.309032
    outer loop
      vertex 7.77968 -83.8646 5.8139
      vertex 7.91551 -82.6 5.39588
      vertex 7.77968 -82.6 5.8139
    endloop
  endfacet
  facet normal 0.951052 0 0.309032
    outer loop
      vertex 7.91551 -82.6 5.39588
      vertex 7.77968 -83.8646 5.8139
      vertex 7.91551 -84.2826 5.39588
    endloop
  endfacet
  facet normal 0.951052 -0 0.309032
    outer loop
      vertex 7.77968 -36.6646 5.8139
      vertex 7.91551 -35.4 5.39588
      vertex 7.77968 -35.4 5.8139
    endloop
  endfacet
  facet normal 0.951052 0 0.309032
    outer loop
      vertex 7.91551 -35.4 5.39588
      vertex 7.77968 -36.6646 5.8139
      vertex 7.91551 -37.0826 5.39588
    endloop
  endfacet
  facet normal 0.951052 0 0.309032
    outer loop
      vertex 7.91551 -59 5.39588
      vertex 7.77968 -57.7354 5.8139
      vertex 7.77968 -59 5.8139
    endloop
  endfacet
  facet normal 0.951052 0 0.309032
    outer loop
      vertex 7.77968 -57.7354 5.8139
      vertex 7.91551 -59 5.39588
      vertex 7.91551 -57.3174 5.39588
    endloop
  endfacet
  facet normal 0.951052 -0 0.309032
    outer loop
      vertex 7.77968 -13.0646 5.8139
      vertex 7.91551 -11.8 5.39588
      vertex 7.77968 -11.8 5.8139
    endloop
  endfacet
  facet normal 0.951052 0 0.309032
    outer loop
      vertex 7.91551 -11.8 5.39588
      vertex 7.77968 -13.0646 5.8139
      vertex 7.91551 -13.4826 5.39588
    endloop
  endfacet
  facet normal 0.951052 0 0.309032
    outer loop
      vertex 7.91551 -35.4 5.39588
      vertex 7.77968 -34.1354 5.8139
      vertex 7.77968 -35.4 5.8139
    endloop
  endfacet
  facet normal 0.951052 0 0.309032
    outer loop
      vertex 7.77968 -34.1354 5.8139
      vertex 7.91551 -35.4 5.39588
      vertex 7.91551 -33.7174 5.39588
    endloop
  endfacet
  facet normal 0.951052 0 0.309032
    outer loop
      vertex 7.91551 -11.8 5.39588
      vertex 7.77968 -10.5354 5.8139
      vertex 7.77968 -11.8 5.8139
    endloop
  endfacet
  facet normal 0.951052 0 0.309032
    outer loop
      vertex 7.77968 -10.5354 5.8139
      vertex 7.91551 -11.8 5.39588
      vertex 7.91551 -10.1174 5.39588
    endloop
  endfacet
  facet normal 0.951052 -0 0.309032
    outer loop
      vertex 7.77968 10.5354 5.8139
      vertex 7.91551 11.8 5.39588
      vertex 7.77968 11.8 5.8139
    endloop
  endfacet
  facet normal 0.951052 0 0.309032
    outer loop
      vertex 7.91551 11.8 5.39588
      vertex 7.77968 10.5354 5.8139
      vertex 7.91551 10.1174 5.39588
    endloop
  endfacet
  facet normal 0.125335 0 0.992114
    outer loop
      vertex 4.89214 11.8 8
      vertex 5.1813 10.7215 7.96347
      vertex 5.1813 11.8 7.96347
    endloop
  endfacet
  facet normal 0.125335 0 0.992114
    outer loop
      vertex 5.1813 10.7215 7.96347
      vertex 4.89214 11.8 8
      vertex 4.89214 10.7215 8
    endloop
  endfacet
  facet normal 0.125335 0 0.992114
    outer loop
      vertex 4.89214 -10.7215 8
      vertex 5.1813 -11.8 7.96347
      vertex 5.1813 -10.7215 7.96347
    endloop
  endfacet
  facet normal 0.125335 0 0.992114
    outer loop
      vertex 5.1813 -11.8 7.96347
      vertex 4.89214 -10.7215 8
      vertex 4.89214 -11.8 8
    endloop
  endfacet
  facet normal 0.125335 0 0.992114
    outer loop
      vertex 4.89214 -11.8 8
      vertex 5.1813 -12.8785 7.96347
      vertex 5.1813 -11.8 7.96347
    endloop
  endfacet
  facet normal 0.125335 0 0.992114
    outer loop
      vertex 5.1813 -12.8785 7.96347
      vertex 4.89214 -11.8 8
      vertex 4.89214 -12.8785 8
    endloop
  endfacet
  facet normal 0.125335 0 0.992114
    outer loop
      vertex 4.89214 -34.3215 8
      vertex 5.1813 -35.4 7.96347
      vertex 5.1813 -34.3215 7.96347
    endloop
  endfacet
  facet normal 0.125335 0 0.992114
    outer loop
      vertex 5.1813 -35.4 7.96347
      vertex 4.89214 -34.3215 8
      vertex 4.89214 -35.4 8
    endloop
  endfacet
  facet normal 0.125335 0 0.992114
    outer loop
      vertex 4.89214 -35.4 8
      vertex 5.1813 -36.4785 7.96347
      vertex 5.1813 -35.4 7.96347
    endloop
  endfacet
  facet normal 0.125335 0 0.992114
    outer loop
      vertex 5.1813 -36.4785 7.96347
      vertex 4.89214 -35.4 8
      vertex 4.89214 -36.4785 8
    endloop
  endfacet
  facet normal 0.125335 0 0.992114
    outer loop
      vertex 4.89214 -57.9215 8
      vertex 5.1813 -59 7.96347
      vertex 5.1813 -57.9215 7.96347
    endloop
  endfacet
  facet normal 0.125335 0 0.992114
    outer loop
      vertex 5.1813 -59 7.96347
      vertex 4.89214 -57.9215 8
      vertex 4.89214 -59 8
    endloop
  endfacet
  facet normal 0.125335 0 0.992114
    outer loop
      vertex 4.89214 -59 8
      vertex 5.1813 -60.0785 7.96347
      vertex 5.1813 -59 7.96347
    endloop
  endfacet
  facet normal 0.125335 0 0.992114
    outer loop
      vertex 5.1813 -60.0785 7.96347
      vertex 4.89214 -59 8
      vertex 4.89214 -60.0785 8
    endloop
  endfacet
  facet normal 0.125335 0 0.992114
    outer loop
      vertex 4.89214 -81.5215 8
      vertex 5.1813 -82.6 7.96347
      vertex 5.1813 -81.5215 7.96347
    endloop
  endfacet
  facet normal 0.125335 0 0.992114
    outer loop
      vertex 5.1813 -82.6 7.96347
      vertex 4.89214 -81.5215 8
      vertex 4.89214 -82.6 8
    endloop
  endfacet
  facet normal 0.125335 0 0.992114
    outer loop
      vertex 4.89214 -82.6 8
      vertex 5.1813 -83.6785 7.96347
      vertex 5.1813 -82.6 7.96347
    endloop
  endfacet
  facet normal 0.125335 0 0.992114
    outer loop
      vertex 5.1813 -83.6785 7.96347
      vertex 4.89214 -82.6 8
      vertex 4.89214 -83.6785 8
    endloop
  endfacet
  facet normal 0.125335 0 0.992114
    outer loop
      vertex 4.89214 -105.122 8
      vertex 5.1813 -106.2 7.96347
      vertex 5.1813 -105.122 7.96347
    endloop
  endfacet
  facet normal 0.125335 0 0.992114
    outer loop
      vertex 5.1813 -106.2 7.96347
      vertex 4.89214 -105.122 8
      vertex 4.89214 -106.2 8
    endloop
  endfacet
  facet normal 0.125335 0 0.992114
    outer loop
      vertex 4.89214 -106.2 8
      vertex 5.1813 -107.278 7.96347
      vertex 5.1813 -106.2 7.96347
    endloop
  endfacet
  facet normal 0.125335 0 0.992114
    outer loop
      vertex 5.1813 -107.278 7.96347
      vertex 4.89214 -106.2 8
      vertex 4.89214 -107.278 8
    endloop
  endfacet
  facet normal 0.125335 0 0.992114
    outer loop
      vertex 4.89214 -128.722 8
      vertex 5.1813 -129.8 7.96347
      vertex 5.1813 -128.722 7.96347
    endloop
  endfacet
  facet normal 0.125335 0 0.992114
    outer loop
      vertex 5.1813 -129.8 7.96347
      vertex 4.89214 -128.722 8
      vertex 4.89214 -129.8 8
    endloop
  endfacet
  facet normal 0.125335 0 0.992114
    outer loop
      vertex 4.89214 -129.8 8
      vertex 5.1813 -130.878 7.96347
      vertex 5.1813 -129.8 7.96347
    endloop
  endfacet
  facet normal 0.125335 0 0.992114
    outer loop
      vertex 5.1813 -130.878 7.96347
      vertex 4.89214 -129.8 8
      vertex 4.89214 -130.878 8
    endloop
  endfacet
  facet normal 0.125335 0 0.992114
    outer loop
      vertex 4.89214 -152.322 8
      vertex 5.1813 -153.4 7.96347
      vertex 5.1813 -152.322 7.96347
    endloop
  endfacet
  facet normal 0.125335 0 0.992114
    outer loop
      vertex 5.1813 -153.4 7.96347
      vertex 4.89214 -152.322 8
      vertex 4.89214 -153.4 8
    endloop
  endfacet
  facet normal 0.125335 0 0.992114
    outer loop
      vertex 4.89214 -153.4 8
      vertex 5.1813 -154.478 7.96347
      vertex 5.1813 -153.4 7.96347
    endloop
  endfacet
  facet normal 0.125335 0 0.992114
    outer loop
      vertex 5.1813 -154.478 7.96347
      vertex 4.89214 -153.4 8
      vertex 4.89214 -154.478 8
    endloop
  endfacet
  facet normal 0.125335 0 0.992114
    outer loop
      vertex 4.89214 -175.922 8
      vertex 5.1813 -177 7.96347
      vertex 5.1813 -175.922 7.96347
    endloop
  endfacet
  facet normal 0.125335 0 0.992114
    outer loop
      vertex 5.1813 -177 7.96347
      vertex 4.89214 -175.922 8
      vertex 4.89214 -177 8
    endloop
  endfacet
  facet normal 0.368125 0 0.929776
    outer loop
      vertex 5.60703 -175.922 7.85416
      vertex 6.01569 -177 7.69236
      vertex 6.01569 -175.922 7.69236
    endloop
  endfacet
  facet normal 0.368125 0 0.929776
    outer loop
      vertex 6.01569 -177 7.69236
      vertex 5.60703 -175.922 7.85416
      vertex 5.60703 -177 7.85416
    endloop
  endfacet
  facet normal 0.368125 0 0.929776
    outer loop
      vertex 5.60703 -152.322 7.85416
      vertex 6.01569 -153.4 7.69236
      vertex 6.01569 -152.322 7.69236
    endloop
  endfacet
  facet normal 0.368125 0 0.929776
    outer loop
      vertex 6.01569 -153.4 7.69236
      vertex 5.60703 -152.322 7.85416
      vertex 5.60703 -153.4 7.85416
    endloop
  endfacet
  facet normal 0.368125 0 0.929776
    outer loop
      vertex 5.60703 -153.4 7.85416
      vertex 6.01569 -154.478 7.69236
      vertex 6.01569 -153.4 7.69236
    endloop
  endfacet
  facet normal 0.368125 0 0.929776
    outer loop
      vertex 6.01569 -154.478 7.69236
      vertex 5.60703 -153.4 7.85416
      vertex 5.60703 -154.478 7.85416
    endloop
  endfacet
  facet normal 0.368125 0 0.929776
    outer loop
      vertex 5.60703 -129.8 7.85416
      vertex 6.01569 -130.878 7.69236
      vertex 6.01569 -129.8 7.69236
    endloop
  endfacet
  facet normal 0.368125 0 0.929776
    outer loop
      vertex 6.01569 -130.878 7.69236
      vertex 5.60703 -129.8 7.85416
      vertex 5.60703 -130.878 7.85416
    endloop
  endfacet
  facet normal 0.368125 0 0.929776
    outer loop
      vertex 5.60703 -128.722 7.85416
      vertex 6.01569 -129.8 7.69236
      vertex 6.01569 -128.722 7.69236
    endloop
  endfacet
  facet normal 0.368125 0 0.929776
    outer loop
      vertex 6.01569 -129.8 7.69236
      vertex 5.60703 -128.722 7.85416
      vertex 5.60703 -129.8 7.85416
    endloop
  endfacet
  facet normal 0.368125 0 0.929776
    outer loop
      vertex 5.60703 -35.4 7.85416
      vertex 6.01569 -36.4785 7.69236
      vertex 6.01569 -35.4 7.69236
    endloop
  endfacet
  facet normal 0.368125 0 0.929776
    outer loop
      vertex 6.01569 -36.4785 7.69236
      vertex 5.60703 -35.4 7.85416
      vertex 5.60703 -36.4785 7.85416
    endloop
  endfacet
  facet normal 0.368125 0 0.929776
    outer loop
      vertex 5.60703 -57.9215 7.85416
      vertex 6.01569 -59 7.69236
      vertex 6.01569 -57.9215 7.69236
    endloop
  endfacet
  facet normal 0.368125 0 0.929776
    outer loop
      vertex 6.01569 -59 7.69236
      vertex 5.60703 -57.9215 7.85416
      vertex 5.60703 -59 7.85416
    endloop
  endfacet
  facet normal 0.368125 0 0.929776
    outer loop
      vertex 5.60703 -59 7.85416
      vertex 6.01569 -60.0785 7.69236
      vertex 6.01569 -59 7.69236
    endloop
  endfacet
  facet normal 0.368125 0 0.929776
    outer loop
      vertex 6.01569 -60.0785 7.69236
      vertex 5.60703 -59 7.85416
      vertex 5.60703 -60.0785 7.85416
    endloop
  endfacet
  facet normal 0.368125 0 0.929776
    outer loop
      vertex 5.60703 -81.5215 7.85416
      vertex 6.01569 -82.6 7.69236
      vertex 6.01569 -81.5215 7.69236
    endloop
  endfacet
  facet normal 0.368125 0 0.929776
    outer loop
      vertex 6.01569 -82.6 7.69236
      vertex 5.60703 -81.5215 7.85416
      vertex 5.60703 -82.6 7.85416
    endloop
  endfacet
  facet normal 0.368125 0 0.929776
    outer loop
      vertex 5.60703 -82.6 7.85416
      vertex 6.01569 -83.6785 7.69236
      vertex 6.01569 -82.6 7.69236
    endloop
  endfacet
  facet normal 0.368125 0 0.929776
    outer loop
      vertex 6.01569 -83.6785 7.69236
      vertex 5.60703 -82.6 7.85416
      vertex 5.60703 -83.6785 7.85416
    endloop
  endfacet
  facet normal 0.368125 0 0.929776
    outer loop
      vertex 5.60703 -105.122 7.85416
      vertex 6.01569 -106.2 7.69236
      vertex 6.01569 -105.122 7.69236
    endloop
  endfacet
  facet normal 0.368125 0 0.929776
    outer loop
      vertex 6.01569 -106.2 7.69236
      vertex 5.60703 -105.122 7.85416
      vertex 5.60703 -106.2 7.85416
    endloop
  endfacet
  facet normal 0.368125 0 0.929776
    outer loop
      vertex 5.60703 -106.2 7.85416
      vertex 6.01569 -107.278 7.69236
      vertex 6.01569 -106.2 7.69236
    endloop
  endfacet
  facet normal 0.368125 0 0.929776
    outer loop
      vertex 6.01569 -107.278 7.69236
      vertex 5.60703 -106.2 7.85416
      vertex 5.60703 -107.278 7.85416
    endloop
  endfacet
  facet normal 0.368125 0 0.929776
    outer loop
      vertex 5.60703 -34.3215 7.85416
      vertex 6.01569 -35.4 7.69236
      vertex 6.01569 -34.3215 7.69236
    endloop
  endfacet
  facet normal 0.368125 0 0.929776
    outer loop
      vertex 6.01569 -35.4 7.69236
      vertex 5.60703 -34.3215 7.85416
      vertex 5.60703 -35.4 7.85416
    endloop
  endfacet
  facet normal 0.368125 0 0.929776
    outer loop
      vertex 5.60703 -10.7215 7.85416
      vertex 6.01569 -11.8 7.69236
      vertex 6.01569 -10.7215 7.69236
    endloop
  endfacet
  facet normal 0.368125 0 0.929776
    outer loop
      vertex 6.01569 -11.8 7.69236
      vertex 5.60703 -10.7215 7.85416
      vertex 5.60703 -11.8 7.85416
    endloop
  endfacet
  facet normal 0.368125 0 0.929776
    outer loop
      vertex 5.60703 -11.8 7.85416
      vertex 6.01569 -12.8785 7.69236
      vertex 6.01569 -11.8 7.69236
    endloop
  endfacet
  facet normal 0.368125 0 0.929776
    outer loop
      vertex 6.01569 -12.8785 7.69236
      vertex 5.60703 -11.8 7.85416
      vertex 5.60703 -12.8785 7.85416
    endloop
  endfacet
  facet normal 0.368125 0 0.929776
    outer loop
      vertex 5.60703 11.8 7.85416
      vertex 6.01569 10.7215 7.69236
      vertex 6.01569 11.8 7.69236
    endloop
  endfacet
  facet normal 0.368125 0 0.929776
    outer loop
      vertex 6.01569 10.7215 7.69236
      vertex 5.60703 11.8 7.85416
      vertex 5.60703 10.7215 7.85416
    endloop
  endfacet
  facet normal 0.998026 -0 0.0627947
    outer loop
      vertex 7.99787 -177 4.96413
      vertex 8.02547 -174.922 4.52547
      vertex 7.99787 -174.922 4.96413
    endloop
  endfacet
  facet normal 0.998026 0 0.0627947
    outer loop
      vertex 8.02547 -174.922 4.52547
      vertex 7.99787 -177 4.96413
      vertex 8.02547 -177 4.52547
    endloop
  endfacet
  facet normal 0.998026 -0 0.0627947
    outer loop
      vertex 7.99787 -155.478 4.96413
      vertex 8.02547 -153.4 4.52547
      vertex 7.99787 -153.4 4.96413
    endloop
  endfacet
  facet normal 0.998026 0 0.0627947
    outer loop
      vertex 8.02547 -153.4 4.52547
      vertex 7.99787 -155.478 4.96413
      vertex 8.02547 -155.478 4.52547
    endloop
  endfacet
  facet normal 0.998026 -0 0.0627947
    outer loop
      vertex 7.99787 -106.2 4.96413
      vertex 8.02547 -104.122 4.52547
      vertex 7.99787 -104.122 4.96413
    endloop
  endfacet
  facet normal 0.998026 0 0.0627947
    outer loop
      vertex 8.02547 -104.122 4.52547
      vertex 7.99787 -106.2 4.96413
      vertex 8.02547 -106.2 4.52547
    endloop
  endfacet
  facet normal 0.998026 -0 0.0627947
    outer loop
      vertex 7.99787 -108.278 4.96413
      vertex 8.02547 -106.2 4.52547
      vertex 7.99787 -106.2 4.96413
    endloop
  endfacet
  facet normal 0.998026 0 0.0627947
    outer loop
      vertex 8.02547 -106.2 4.52547
      vertex 7.99787 -108.278 4.96413
      vertex 8.02547 -108.278 4.52547
    endloop
  endfacet
  facet normal 0.998026 -0 0.0627947
    outer loop
      vertex 7.99787 -129.8 4.96413
      vertex 8.02547 -127.722 4.52547
      vertex 7.99787 -127.722 4.96413
    endloop
  endfacet
  facet normal 0.998026 0 0.0627947
    outer loop
      vertex 8.02547 -127.722 4.52547
      vertex 7.99787 -129.8 4.96413
      vertex 8.02547 -129.8 4.52547
    endloop
  endfacet
  facet normal 0.998026 -0 0.0627947
    outer loop
      vertex 7.99787 -131.878 4.96413
      vertex 8.02547 -129.8 4.52547
      vertex 7.99787 -129.8 4.96413
    endloop
  endfacet
  facet normal 0.998026 0 0.0627947
    outer loop
      vertex 8.02547 -129.8 4.52547
      vertex 7.99787 -131.878 4.96413
      vertex 8.02547 -131.878 4.52547
    endloop
  endfacet
  facet normal 0.998026 -0 0.0627947
    outer loop
      vertex 7.99787 -153.4 4.96413
      vertex 8.02547 -151.322 4.52547
      vertex 7.99787 -151.322 4.96413
    endloop
  endfacet
  facet normal 0.998026 0 0.0627947
    outer loop
      vertex 8.02547 -151.322 4.52547
      vertex 7.99787 -153.4 4.96413
      vertex 8.02547 -153.4 4.52547
    endloop
  endfacet
  facet normal 0.998026 -0 0.0627947
    outer loop
      vertex 7.99787 -61.0785 4.96413
      vertex 8.02547 -59 4.52547
      vertex 7.99787 -59 4.96413
    endloop
  endfacet
  facet normal 0.998026 0 0.0627947
    outer loop
      vertex 8.02547 -59 4.52547
      vertex 7.99787 -61.0785 4.96413
      vertex 8.02547 -61.0785 4.52547
    endloop
  endfacet
  facet normal 0.998026 -0 0.0627947
    outer loop
      vertex 7.99787 -82.6 4.96413
      vertex 8.02547 -80.5215 4.52547
      vertex 7.99787 -80.5215 4.96413
    endloop
  endfacet
  facet normal 0.998026 0 0.0627947
    outer loop
      vertex 8.02547 -80.5215 4.52547
      vertex 7.99787 -82.6 4.96413
      vertex 8.02547 -82.6 4.52547
    endloop
  endfacet
  facet normal 0.998026 -0 0.0627947
    outer loop
      vertex 7.99787 -84.6785 4.96413
      vertex 8.02547 -82.6 4.52547
      vertex 7.99787 -82.6 4.96413
    endloop
  endfacet
  facet normal 0.998026 0 0.0627947
    outer loop
      vertex 8.02547 -82.6 4.52547
      vertex 7.99787 -84.6785 4.96413
      vertex 8.02547 -84.6785 4.52547
    endloop
  endfacet
  facet normal 0.998026 -0 0.0627947
    outer loop
      vertex 7.99787 -37.4785 4.96413
      vertex 8.02547 -35.4 4.52547
      vertex 7.99787 -35.4 4.96413
    endloop
  endfacet
  facet normal 0.998026 0 0.0627947
    outer loop
      vertex 8.02547 -35.4 4.52547
      vertex 7.99787 -37.4785 4.96413
      vertex 8.02547 -37.4785 4.52547
    endloop
  endfacet
  facet normal 0.998026 -0 0.0627947
    outer loop
      vertex 7.99787 -59 4.96413
      vertex 8.02547 -56.9215 4.52547
      vertex 7.99787 -56.9215 4.96413
    endloop
  endfacet
  facet normal 0.998026 0 0.0627947
    outer loop
      vertex 8.02547 -56.9215 4.52547
      vertex 7.99787 -59 4.96413
      vertex 8.02547 -59 4.52547
    endloop
  endfacet
  facet normal 0.998026 -0 0.0627947
    outer loop
      vertex 7.99787 -13.8785 4.96413
      vertex 8.02547 -11.8 4.52547
      vertex 7.99787 -11.8 4.96413
    endloop
  endfacet
  facet normal 0.998026 0 0.0627947
    outer loop
      vertex 8.02547 -11.8 4.52547
      vertex 7.99787 -13.8785 4.96413
      vertex 8.02547 -13.8785 4.52547
    endloop
  endfacet
  facet normal 0.998026 -0 0.0627947
    outer loop
      vertex 7.99787 -35.4 4.96413
      vertex 8.02547 -33.3215 4.52547
      vertex 7.99787 -33.3215 4.96413
    endloop
  endfacet
  facet normal 0.998026 0 0.0627947
    outer loop
      vertex 8.02547 -33.3215 4.52547
      vertex 7.99787 -35.4 4.96413
      vertex 8.02547 -35.4 4.52547
    endloop
  endfacet
  facet normal 0.998026 -0 0.0627947
    outer loop
      vertex 7.99787 -11.8 4.96413
      vertex 8.02547 -9.72153 4.52547
      vertex 7.99787 -9.72153 4.96413
    endloop
  endfacet
  facet normal 0.998026 0 0.0627947
    outer loop
      vertex 8.02547 -9.72153 4.52547
      vertex 7.99787 -11.8 4.96413
      vertex 8.02547 -11.8 4.52547
    endloop
  endfacet
  facet normal 0.998026 -0 0.0627947
    outer loop
      vertex 7.99787 9.72153 4.96413
      vertex 8.02547 11.8 4.52547
      vertex 7.99787 11.8 4.96413
    endloop
  endfacet
  facet normal 0.998026 0 0.0627947
    outer loop
      vertex 8.02547 11.8 4.52547
      vertex 7.99787 9.72153 4.96413
      vertex 8.02547 9.72153 4.52547
    endloop
  endfacet
  facet normal 0.904829 0 0.425774
    outer loop
      vertex 7.59254 -175.922 6.2116
      vertex 7.59254 -177 6.2116
      vertex 7.69211 -175.922 6
    endloop
  endfacet
  facet normal 0.90483 -3.48238e-07 0.425773
    outer loop
      vertex 7.77968 -177 5.8139
      vertex 7.69211 -175.922 6
      vertex 7.59254 -177 6.2116
    endloop
  endfacet
  facet normal 0.904831 0 0.425771
    outer loop
      vertex 7.69211 -175.922 6
      vertex 7.77968 -177 5.8139
      vertex 7.77968 -175.735 5.8139
    endloop
  endfacet
  facet normal 0.904829 0 0.425774
    outer loop
      vertex 7.69211 -154.478 6
      vertex 7.59254 -153.4 6.2116
      vertex 7.59254 -154.478 6.2116
    endloop
  endfacet
  facet normal 0.90483 3.48238e-07 0.425773
    outer loop
      vertex 7.59254 -153.4 6.2116
      vertex 7.69211 -154.478 6
      vertex 7.77968 -153.4 5.8139
    endloop
  endfacet
  facet normal 0.904831 0 0.425771
    outer loop
      vertex 7.77968 -153.4 5.8139
      vertex 7.69211 -154.478 6
      vertex 7.77968 -154.665 5.8139
    endloop
  endfacet
  facet normal 0.904829 0 0.425774
    outer loop
      vertex 7.59254 -105.122 6.2116
      vertex 7.59254 -106.2 6.2116
      vertex 7.69211 -105.122 6
    endloop
  endfacet
  facet normal 0.90483 -3.48238e-07 0.425773
    outer loop
      vertex 7.77968 -106.2 5.8139
      vertex 7.69211 -105.122 6
      vertex 7.59254 -106.2 6.2116
    endloop
  endfacet
  facet normal 0.904831 0 0.425771
    outer loop
      vertex 7.69211 -105.122 6
      vertex 7.77968 -106.2 5.8139
      vertex 7.77968 -104.935 5.8139
    endloop
  endfacet
  facet normal 0.904829 0 0.425774
    outer loop
      vertex 7.69211 -107.278 6
      vertex 7.59254 -106.2 6.2116
      vertex 7.59254 -107.278 6.2116
    endloop
  endfacet
  facet normal 0.90483 3.48238e-07 0.425773
    outer loop
      vertex 7.59254 -106.2 6.2116
      vertex 7.69211 -107.278 6
      vertex 7.77968 -106.2 5.8139
    endloop
  endfacet
  facet normal 0.904831 0 0.425771
    outer loop
      vertex 7.77968 -106.2 5.8139
      vertex 7.69211 -107.278 6
      vertex 7.77968 -107.465 5.8139
    endloop
  endfacet
  facet normal 0.904829 0 0.425774
    outer loop
      vertex 7.59254 -128.722 6.2116
      vertex 7.59254 -129.8 6.2116
      vertex 7.69211 -128.722 6
    endloop
  endfacet
  facet normal 0.90483 -3.48238e-07 0.425773
    outer loop
      vertex 7.77968 -129.8 5.8139
      vertex 7.69211 -128.722 6
      vertex 7.59254 -129.8 6.2116
    endloop
  endfacet
  facet normal 0.904831 0 0.425771
    outer loop
      vertex 7.69211 -128.722 6
      vertex 7.77968 -129.8 5.8139
      vertex 7.77968 -128.535 5.8139
    endloop
  endfacet
  facet normal 0.904829 0 0.425774
    outer loop
      vertex 7.69211 -130.878 6
      vertex 7.59254 -129.8 6.2116
      vertex 7.59254 -130.878 6.2116
    endloop
  endfacet
  facet normal 0.90483 3.48238e-07 0.425773
    outer loop
      vertex 7.59254 -129.8 6.2116
      vertex 7.69211 -130.878 6
      vertex 7.77968 -129.8 5.8139
    endloop
  endfacet
  facet normal 0.904831 0 0.425771
    outer loop
      vertex 7.77968 -129.8 5.8139
      vertex 7.69211 -130.878 6
      vertex 7.77968 -131.065 5.8139
    endloop
  endfacet
  facet normal 0.904829 0 0.425774
    outer loop
      vertex 7.59254 -152.322 6.2116
      vertex 7.59254 -153.4 6.2116
      vertex 7.69211 -152.322 6
    endloop
  endfacet
  facet normal 0.90483 -3.48238e-07 0.425773
    outer loop
      vertex 7.77968 -153.4 5.8139
      vertex 7.69211 -152.322 6
      vertex 7.59254 -153.4 6.2116
    endloop
  endfacet
  facet normal 0.904831 0 0.425771
    outer loop
      vertex 7.69211 -152.322 6
      vertex 7.77968 -153.4 5.8139
      vertex 7.77968 -152.135 5.8139
    endloop
  endfacet
  facet normal 0.904829 0 0.425774
    outer loop
      vertex 7.69211 -60.0785 6
      vertex 7.59254 -59 6.2116
      vertex 7.59254 -60.0785 6.2116
    endloop
  endfacet
  facet normal 0.90483 3.48077e-07 0.425773
    outer loop
      vertex 7.59254 -59 6.2116
      vertex 7.69211 -60.0785 6
      vertex 7.77968 -59 5.8139
    endloop
  endfacet
  facet normal 0.904831 0 0.425771
    outer loop
      vertex 7.77968 -59 5.8139
      vertex 7.69211 -60.0785 6
      vertex 7.77968 -60.2646 5.8139
    endloop
  endfacet
  facet normal 0.904829 0 0.425774
    outer loop
      vertex 7.59254 -81.5215 6.2116
      vertex 7.59254 -82.6 6.2116
      vertex 7.69211 -81.5215 6
    endloop
  endfacet
  facet normal 0.90483 -3.48077e-07 0.425773
    outer loop
      vertex 7.77968 -82.6 5.8139
      vertex 7.69211 -81.5215 6
      vertex 7.59254 -82.6 6.2116
    endloop
  endfacet
  facet normal 0.904831 0 0.425771
    outer loop
      vertex 7.69211 -81.5215 6
      vertex 7.77968 -82.6 5.8139
      vertex 7.77968 -81.3354 5.8139
    endloop
  endfacet
  facet normal 0.904829 0 0.425774
    outer loop
      vertex 7.69211 -83.6785 6
      vertex 7.59254 -82.6 6.2116
      vertex 7.59254 -83.6785 6.2116
    endloop
  endfacet
  facet normal 0.90483 3.48077e-07 0.425773
    outer loop
      vertex 7.59254 -82.6 6.2116
      vertex 7.69211 -83.6785 6
      vertex 7.77968 -82.6 5.8139
    endloop
  endfacet
  facet normal 0.904831 0 0.425771
    outer loop
      vertex 7.77968 -82.6 5.8139
      vertex 7.69211 -83.6785 6
      vertex 7.77968 -83.8646 5.8139
    endloop
  endfacet
  facet normal 0.904829 0 0.425774
    outer loop
      vertex 7.69211 -36.4785 6
      vertex 7.59254 -35.4 6.2116
      vertex 7.59254 -36.4785 6.2116
    endloop
  endfacet
  facet normal 0.90483 3.48077e-07 0.425773
    outer loop
      vertex 7.59254 -35.4 6.2116
      vertex 7.69211 -36.4785 6
      vertex 7.77968 -35.4 5.8139
    endloop
  endfacet
  facet normal 0.904831 0 0.425771
    outer loop
      vertex 7.77968 -35.4 5.8139
      vertex 7.69211 -36.4785 6
      vertex 7.77968 -36.6646 5.8139
    endloop
  endfacet
  facet normal 0.904829 0 0.425774
    outer loop
      vertex 7.59254 -57.9215 6.2116
      vertex 7.59254 -59 6.2116
      vertex 7.69211 -57.9215 6
    endloop
  endfacet
  facet normal 0.90483 -3.48077e-07 0.425773
    outer loop
      vertex 7.77968 -59 5.8139
      vertex 7.69211 -57.9215 6
      vertex 7.59254 -59 6.2116
    endloop
  endfacet
  facet normal 0.904831 0 0.425771
    outer loop
      vertex 7.69211 -57.9215 6
      vertex 7.77968 -59 5.8139
      vertex 7.77968 -57.7354 5.8139
    endloop
  endfacet
  facet normal 0.904829 0 0.425774
    outer loop
      vertex 7.69211 -12.8785 6
      vertex 7.59254 -11.8 6.2116
      vertex 7.59254 -12.8785 6.2116
    endloop
  endfacet
  facet normal 0.90483 3.48077e-07 0.425773
    outer loop
      vertex 7.59254 -11.8 6.2116
      vertex 7.69211 -12.8785 6
      vertex 7.77968 -11.8 5.8139
    endloop
  endfacet
  facet normal 0.904831 0 0.425771
    outer loop
      vertex 7.77968 -11.8 5.8139
      vertex 7.69211 -12.8785 6
      vertex 7.77968 -13.0646 5.8139
    endloop
  endfacet
  facet normal 0.904829 0 0.425774
    outer loop
      vertex 7.59254 -34.3215 6.2116
      vertex 7.59254 -35.4 6.2116
      vertex 7.69211 -34.3215 6
    endloop
  endfacet
  facet normal 0.90483 -3.48077e-07 0.425773
    outer loop
      vertex 7.77968 -35.4 5.8139
      vertex 7.69211 -34.3215 6
      vertex 7.59254 -35.4 6.2116
    endloop
  endfacet
  facet normal 0.904831 0 0.425771
    outer loop
      vertex 7.69211 -34.3215 6
      vertex 7.77968 -35.4 5.8139
      vertex 7.77968 -34.1354 5.8139
    endloop
  endfacet
  facet normal 0.904829 0 0.425774
    outer loop
      vertex 7.59254 -10.7215 6.2116
      vertex 7.59254 -11.8 6.2116
      vertex 7.69211 -10.7215 6
    endloop
  endfacet
  facet normal 0.90483 -3.48077e-07 0.425773
    outer loop
      vertex 7.77968 -11.8 5.8139
      vertex 7.69211 -10.7215 6
      vertex 7.59254 -11.8 6.2116
    endloop
  endfacet
  facet normal 0.904831 0 0.425771
    outer loop
      vertex 7.69211 -10.7215 6
      vertex 7.77968 -11.8 5.8139
      vertex 7.77968 -10.5354 5.8139
    endloop
  endfacet
  facet normal 0.904829 0 0.425774
    outer loop
      vertex 7.69211 10.7215 6
      vertex 7.59254 11.8 6.2116
      vertex 7.59254 10.7215 6.2116
    endloop
  endfacet
  facet normal 0.90483 3.48077e-07 0.425773
    outer loop
      vertex 7.59254 11.8 6.2116
      vertex 7.69211 10.7215 6
      vertex 7.77968 11.8 5.8139
    endloop
  endfacet
  facet normal 0.904831 0 0.425771
    outer loop
      vertex 7.77968 11.8 5.8139
      vertex 7.69211 10.7215 6
      vertex 7.77968 10.5354 5.8139
    endloop
  endfacet
  facet normal 0.770516 -0 0.637421
    outer loop
      vertex 7.07686 -177 6.92138
      vertex 7.35703 -175.922 6.58271
      vertex 7.07686 -175.922 6.92138
    endloop
  endfacet
  facet normal 0.770516 0 0.637421
    outer loop
      vertex 7.35703 -175.922 6.58271
      vertex 7.07686 -177 6.92138
      vertex 7.35703 -177 6.58271
    endloop
  endfacet
  facet normal 0.770516 -0 0.637421
    outer loop
      vertex 7.07686 -153.4 6.92138
      vertex 7.35703 -152.322 6.58271
      vertex 7.07686 -152.322 6.92138
    endloop
  endfacet
  facet normal 0.770516 0 0.637421
    outer loop
      vertex 7.35703 -152.322 6.58271
      vertex 7.07686 -153.4 6.92138
      vertex 7.35703 -153.4 6.58271
    endloop
  endfacet
  facet normal 0.770516 -0 0.637421
    outer loop
      vertex 7.07686 -154.478 6.92138
      vertex 7.35703 -153.4 6.58271
      vertex 7.07686 -153.4 6.92138
    endloop
  endfacet
  facet normal 0.770516 0 0.637421
    outer loop
      vertex 7.35703 -153.4 6.58271
      vertex 7.07686 -154.478 6.92138
      vertex 7.35703 -154.478 6.58271
    endloop
  endfacet
  facet normal 0.770516 -0 0.637421
    outer loop
      vertex 7.07686 -130.878 6.92138
      vertex 7.35703 -129.8 6.58271
      vertex 7.07686 -129.8 6.92138
    endloop
  endfacet
  facet normal 0.770516 0 0.637421
    outer loop
      vertex 7.35703 -129.8 6.58271
      vertex 7.07686 -130.878 6.92138
      vertex 7.35703 -130.878 6.58271
    endloop
  endfacet
  facet normal 0.770516 -0 0.637421
    outer loop
      vertex 7.07686 -129.8 6.92138
      vertex 7.35703 -128.722 6.58271
      vertex 7.07686 -128.722 6.92138
    endloop
  endfacet
  facet normal 0.770516 0 0.637421
    outer loop
      vertex 7.35703 -128.722 6.58271
      vertex 7.07686 -129.8 6.92138
      vertex 7.35703 -129.8 6.58271
    endloop
  endfacet
  facet normal 0.770516 -0 0.637421
    outer loop
      vertex 7.07686 -36.4785 6.92138
      vertex 7.35703 -35.4 6.58271
      vertex 7.07686 -35.4 6.92138
    endloop
  endfacet
  facet normal 0.770516 0 0.637421
    outer loop
      vertex 7.35703 -35.4 6.58271
      vertex 7.07686 -36.4785 6.92138
      vertex 7.35703 -36.4785 6.58271
    endloop
  endfacet
  facet normal 0.770516 -0 0.637421
    outer loop
      vertex 7.07686 -59 6.92138
      vertex 7.35703 -57.9215 6.58271
      vertex 7.07686 -57.9215 6.92138
    endloop
  endfacet
  facet normal 0.770516 0 0.637421
    outer loop
      vertex 7.35703 -57.9215 6.58271
      vertex 7.07686 -59 6.92138
      vertex 7.35703 -59 6.58271
    endloop
  endfacet
  facet normal 0.770516 -0 0.637421
    outer loop
      vertex 7.07686 -60.0785 6.92138
      vertex 7.35703 -59 6.58271
      vertex 7.07686 -59 6.92138
    endloop
  endfacet
  facet normal 0.770516 0 0.637421
    outer loop
      vertex 7.35703 -59 6.58271
      vertex 7.07686 -60.0785 6.92138
      vertex 7.35703 -60.0785 6.58271
    endloop
  endfacet
  facet normal 0.770516 -0 0.637421
    outer loop
      vertex 7.07686 -82.6 6.92138
      vertex 7.35703 -81.5215 6.58271
      vertex 7.07686 -81.5215 6.92138
    endloop
  endfacet
  facet normal 0.770516 0 0.637421
    outer loop
      vertex 7.35703 -81.5215 6.58271
      vertex 7.07686 -82.6 6.92138
      vertex 7.35703 -82.6 6.58271
    endloop
  endfacet
  facet normal 0.770516 -0 0.637421
    outer loop
      vertex 7.07686 -83.6785 6.92138
      vertex 7.35703 -82.6 6.58271
      vertex 7.07686 -82.6 6.92138
    endloop
  endfacet
  facet normal 0.770516 0 0.637421
    outer loop
      vertex 7.35703 -82.6 6.58271
      vertex 7.07686 -83.6785 6.92138
      vertex 7.35703 -83.6785 6.58271
    endloop
  endfacet
  facet normal 0.770516 -0 0.637421
    outer loop
      vertex 7.07686 -106.2 6.92138
      vertex 7.35703 -105.122 6.58271
      vertex 7.07686 -105.122 6.92138
    endloop
  endfacet
  facet normal 0.770516 0 0.637421
    outer loop
      vertex 7.35703 -105.122 6.58271
      vertex 7.07686 -106.2 6.92138
      vertex 7.35703 -106.2 6.58271
    endloop
  endfacet
  facet normal 0.770516 -0 0.637421
    outer loop
      vertex 7.07686 -107.278 6.92138
      vertex 7.35703 -106.2 6.58271
      vertex 7.07686 -106.2 6.92138
    endloop
  endfacet
  facet normal 0.770516 0 0.637421
    outer loop
      vertex 7.35703 -106.2 6.58271
      vertex 7.07686 -107.278 6.92138
      vertex 7.35703 -107.278 6.58271
    endloop
  endfacet
  facet normal 0.770516 -0 0.637421
    outer loop
      vertex 7.07686 -35.4 6.92138
      vertex 7.35703 -34.3215 6.58271
      vertex 7.07686 -34.3215 6.92138
    endloop
  endfacet
  facet normal 0.770516 0 0.637421
    outer loop
      vertex 7.35703 -34.3215 6.58271
      vertex 7.07686 -35.4 6.92138
      vertex 7.35703 -35.4 6.58271
    endloop
  endfacet
  facet normal 0.770516 -0 0.637421
    outer loop
      vertex 7.07686 -11.8 6.92138
      vertex 7.35703 -10.7215 6.58271
      vertex 7.07686 -10.7215 6.92138
    endloop
  endfacet
  facet normal 0.770516 0 0.637421
    outer loop
      vertex 7.35703 -10.7215 6.58271
      vertex 7.07686 -11.8 6.92138
      vertex 7.35703 -11.8 6.58271
    endloop
  endfacet
  facet normal 0.770516 -0 0.637421
    outer loop
      vertex 7.07686 -12.8785 6.92138
      vertex 7.35703 -11.8 6.58271
      vertex 7.07686 -11.8 6.92138
    endloop
  endfacet
  facet normal 0.770516 0 0.637421
    outer loop
      vertex 7.35703 -11.8 6.58271
      vertex 7.07686 -12.8785 6.92138
      vertex 7.35703 -12.8785 6.58271
    endloop
  endfacet
  facet normal 0.770516 -0 0.637421
    outer loop
      vertex 7.07686 10.7215 6.92138
      vertex 7.35703 11.8 6.58271
      vertex 7.07686 11.8 6.92138
    endloop
  endfacet
  facet normal 0.770516 0 0.637421
    outer loop
      vertex 7.35703 11.8 6.58271
      vertex 7.07686 10.7215 6.92138
      vertex 7.35703 10.7215 6.58271
    endloop
  endfacet
endsolid OpenSCAD_Model
