solid OpenSCAD_Model
  facet normal -0.866016 0.500016 0
    outer loop
      vertex 11.383 9.78398 6
      vertex 11.9243 10.7215 8
      vertex 11.9243 10.7215 6
    endloop
  endfacet
  facet normal -0.866016 0.500016 0
    outer loop
      vertex 11.9243 10.7215 8
      vertex 11.383 9.78398 6
      vertex 11.383 9.78398 8
    endloop
  endfacet
  facet normal -0.866025 0.500001 0
    outer loop
      vertex 6.2735 0.933983 6
      vertex 7.43745 2.95 8
      vertex 7.43745 2.95 6
    endloop
  endfacet
  facet normal -0.866025 0.500001 0
    outer loop
      vertex 7.43745 2.95 8
      vertex 6.2735 0.933983 6
      vertex 6.2735 0.933983 8
    endloop
  endfacet
  facet normal -0.654641 0.377909 0.654699
    outer loop
      vertex 11.2903 9.94466 5.81447
      vertex 11.7353 10.6017 5.88017
      vertex 11.1318 10.2191 5.49757
    endloop
  endfacet
  facet normal -0.654653 0.377966 0.654653
    outer loop
      vertex 6.55245 2.95 5.115
      vertex 6.43745 2.95 5
      vertex 5.7735 1.80001 5
    endloop
  endfacet
  facet normal -0.654758 0.378006 0.654525
    outer loop
      vertex 11.383 9.78398 6
      vertex 11.7353 10.6017 5.88017
      vertex 11.2903 9.94466 5.81447
    endloop
  endfacet
  facet normal -0.654648 0.377977 0.654651
    outer loop
      vertex 11.7353 10.6017 5.88017
      vertex 11.383 9.78398 6
      vertex 11.9243 10.7215 6
    endloop
  endfacet
  facet normal -0.654653 0.377966 0.654653
    outer loop
      vertex 5.7735 1.80001 5
      vertex 7.43745 2.95 6
      vertex 6.55245 2.95 5.115
    endloop
  endfacet
  facet normal -0.654653 0.377965 0.654654
    outer loop
      vertex 7.43745 2.95 6
      vertex 5.7735 1.80001 5
      vertex 6.2735 0.933983 6
    endloop
  endfacet
  facet normal -0.866025 0.500001 0
    outer loop
      vertex 10.347 9.72153 0.5
      vertex 6.43745 2.95 2.5
      vertex 10.347 9.72153 2.5
    endloop
  endfacet
  facet normal -0.866025 0.500001 7.61945e-07
    outer loop
      vertex 5.7735 1.80001 0.5
      vertex 6.43745 2.95 2.5
      vertex 10.347 9.72153 0.5
    endloop
  endfacet
  facet normal -0.866024 0.500002 0
    outer loop
      vertex 5.7735 1.80001 5
      vertex 6.43745 2.95 2.5
      vertex 5.7735 1.80001 0.5
    endloop
  endfacet
  facet normal -0.866024 0.500002 0
    outer loop
      vertex 6.43745 2.95 2.5
      vertex 5.7735 1.80001 5
      vertex 6.43745 2.95 5
    endloop
  endfacet
  facet normal -0.654603 0.377939 -0.65472
    outer loop
      vertex 10.4969 9.81658 0.404945
      vertex 11.1357 10.2215 0
      vertex 6.0235 1.36699 0
    endloop
  endfacet
  facet normal -0.654746 0.378006 -0.654537
    outer loop
      vertex 6.0235 1.36699 0
      vertex 10.347 9.72153 0.5
      vertex 10.4969 9.81658 0.404945
    endloop
  endfacet
  facet normal -0.654651 0.377964 -0.654657
    outer loop
      vertex 10.347 9.72153 0.5
      vertex 6.0235 1.36699 0
      vertex 5.7735 1.80001 0.5
    endloop
  endfacet
  facet normal 0.866025 -0.5 0
    outer loop
      vertex 8.51591 2.95 8
      vertex 6.81273 7.43866e-06 8
      vertex 8.51591 2.95 2.5
    endloop
  endfacet
  facet normal 0.866026 -0.499998 0
    outer loop
      vertex 11.9223 8.85001 8
      vertex 13.0028 10.7215 6
      vertex 13.0028 10.7215 8
    endloop
  endfacet
  facet normal 0.866013 -0.500021 0
    outer loop
      vertex 11.9223 8.85001 2.5
      vertex 12.4255 9.72153 5
      vertex 11.9223 8.85001 8
    endloop
  endfacet
  facet normal 0.866032 -0.499988 1.26184e-05
    outer loop
      vertex 13.0028 10.7215 6
      vertex 11.9223 8.85001 8
      vertex 12.4255 9.72153 5
    endloop
  endfacet
  facet normal 0.866013 -0.500021 0
    outer loop
      vertex 12.4255 9.72153 5
      vertex 11.9223 8.85001 2.5
      vertex 12.4255 9.72153 0.5
    endloop
  endfacet
  facet normal 0.866024 -0.500002 1.08634e-05
    outer loop
      vertex 8.51591 2.95 2.5
      vertex 12.4255 9.72153 0.5
      vertex 11.9223 8.85001 2.5
    endloop
  endfacet
  facet normal 0.866024 -0.500003 4.81601e-06
    outer loop
      vertex 6.81273 7.43866e-06 0
      vertex 12.4255 9.72153 0.5
      vertex 8.51591 2.95 2.5
    endloop
  endfacet
  facet normal 0.866026 -0.499999 -9.91642e-05
    outer loop
      vertex 12.4255 9.72153 0.5
      vertex 6.81273 7.43866e-06 0
      vertex 12.7141 10.2215 0
    endloop
  endfacet
  facet normal 0.866025 -0.5 0
    outer loop
      vertex 6.81273 7.43866e-06 0
      vertex 8.51591 2.95 2.5
      vertex 6.81273 7.43866e-06 8
    endloop
  endfacet
  facet normal 0 1 -0
    outer loop
      vertex 6.2735 0.933983 6
      vertex 3.9456 0.933983 8
      vertex 6.2735 0.933983 8
    endloop
  endfacet
  facet normal 0 1 0
    outer loop
      vertex 3.9456 0.933983 8
      vertex 6.2735 0.933983 6
      vertex 3.9456 0.933983 6
    endloop
  endfacet
  facet normal 0 1 -0
    outer loop
      vertex -3.9456 0.933983 6
      vertex -6.2735 0.933983 8
      vertex -3.9456 0.933983 8
    endloop
  endfacet
  facet normal 0 1 0
    outer loop
      vertex -6.2735 0.933983 8
      vertex -3.9456 0.933983 6
      vertex -6.2735 0.933983 6
    endloop
  endfacet
  facet normal 0 0.755928 0.654654
    outer loop
      vertex 5.7735 1.80001 5
      vertex 3.9456 0.933983 6
      vertex 6.2735 0.933983 6
    endloop
  endfacet
  facet normal 0 0.755928 0.654654
    outer loop
      vertex 3.9456 0.933983 6
      vertex 5.7735 1.80001 5
      vertex 4.4456 1.80001 5
    endloop
  endfacet
  facet normal 0 0.755928 0.654654
    outer loop
      vertex -4.4456 1.80001 5
      vertex -6.2735 0.933983 6
      vertex -3.9456 0.933983 6
    endloop
  endfacet
  facet normal 0 0.755928 0.654654
    outer loop
      vertex -6.2735 0.933983 6
      vertex -4.4456 1.80001 5
      vertex -5.7735 1.80001 5
    endloop
  endfacet
  facet normal 0 1 0
    outer loop
      vertex 5.7735 1.80001 5
      vertex 4.4456 1.80001 2.5
      vertex 4.4456 1.80001 5
    endloop
  endfacet
  facet normal 0 1 0
    outer loop
      vertex 4.4456 1.80001 2.5
      vertex 5.7735 1.80001 0.5
      vertex -4.4456 1.80001 2.5
    endloop
  endfacet
  facet normal 0 1 -0
    outer loop
      vertex 5.7735 1.80001 0.5
      vertex 4.4456 1.80001 2.5
      vertex 5.7735 1.80001 5
    endloop
  endfacet
  facet normal 0 1 -0
    outer loop
      vertex -4.4456 1.80001 2.5
      vertex -5.7735 1.80001 5
      vertex -4.4456 1.80001 5
    endloop
  endfacet
  facet normal 0 1 0
    outer loop
      vertex -4.4456 1.80001 2.5
      vertex -5.7735 1.80001 0.5
      vertex -5.7735 1.80001 5
    endloop
  endfacet
  facet normal 0 1 0
    outer loop
      vertex -5.7735 1.80001 0.5
      vertex -4.4456 1.80001 2.5
      vertex 5.7735 1.80001 0.5
    endloop
  endfacet
  facet normal 0 0.755923 -0.65466
    outer loop
      vertex 6.0235 1.36699 0
      vertex -5.7735 1.80001 0.5
      vertex 5.7735 1.80001 0.5
    endloop
  endfacet
  facet normal 0 0.755923 -0.65466
    outer loop
      vertex -5.7735 1.80001 0.5
      vertex 6.0235 1.36699 0
      vertex -6.0235 1.36699 0
    endloop
  endfacet
  facet normal 0 -1 0
    outer loop
      vertex -6.81273 7.43866e-06 8
      vertex -3.40637 7.43866e-06 2.5
      vertex -3.40637 7.43866e-06 8
    endloop
  endfacet
  facet normal 0 -1 -0
    outer loop
      vertex -3.40637 7.43866e-06 2.5
      vertex -6.81273 7.43866e-06 0
      vertex 3.40637 7.43866e-06 2.5
    endloop
  endfacet
  facet normal 0 -1 0
    outer loop
      vertex -6.81273 7.43866e-06 0
      vertex -3.40637 7.43866e-06 2.5
      vertex -6.81273 7.43866e-06 8
    endloop
  endfacet
  facet normal 0 -1 0
    outer loop
      vertex 3.40637 7.43866e-06 2.5
      vertex 6.81273 7.43866e-06 8
      vertex 3.40637 7.43866e-06 8
    endloop
  endfacet
  facet normal 0 -1 0
    outer loop
      vertex 3.40637 7.43866e-06 2.5
      vertex 6.81273 7.43866e-06 0
      vertex 6.81273 7.43866e-06 8
    endloop
  endfacet
  facet normal 0 -1 0
    outer loop
      vertex 6.81273 7.43866e-06 0
      vertex 3.40637 7.43866e-06 2.5
      vertex -6.81273 7.43866e-06 0
    endloop
  endfacet
  facet normal 0 0 1
    outer loop
      vertex -136.255 11.8 8
      vertex -149.341 10.866 8
      vertex -136.794 10.866 8
    endloop
  endfacet
  facet normal -0 0 1
    outer loop
      vertex -149.88 11.8 8
      vertex -149.341 10.866 8
      vertex -136.255 11.8 8
    endloop
  endfacet
  facet normal 0 0 1
    outer loop
      vertex -149.88 11.8 8
      vertex -155.614 0 8
      vertex -149.341 10.866 8
    endloop
  endfacet
  facet normal 0 -0 1
    outer loop
      vertex -155.614 0 8
      vertex -149.88 11.8 8
      vertex -156.693 0 8
    endloop
  endfacet
  facet normal 0 0 1
    outer loop
      vertex -110.082 11.8 8
      vertex -134.554 10.7215 8
      vertex -110.705 10.7215 8
    endloop
  endfacet
  facet normal 0 -0 1
    outer loop
      vertex -134.554 10.7215 8
      vertex -110.082 11.8 8
      vertex -135.176 11.8 8
    endloop
  endfacet
  facet normal -0 0 1
    outer loop
      vertex -110.082 11.8 8
      vertex -109.626 10.7215 8
      vertex -109.004 11.8 8
    endloop
  endfacet
  facet normal 0 0 1
    outer loop
      vertex -110.705 10.7215 8
      vertex -109.626 10.7215 8
      vertex -110.082 11.8 8
    endloop
  endfacet
  facet normal -0 0 1
    outer loop
      vertex -110.705 10.7215 8
      vertex -110.707 8.85001 8
      vertex -109.626 10.7215 8
    endloop
  endfacet
  facet normal 0 0 1
    outer loop
      vertex -110.705 10.7215 8
      vertex -114.113 2.95 8
      vertex -110.707 8.85001 8
    endloop
  endfacet
  facet normal 0 0 1
    outer loop
      vertex -116.356 0.933983 8
      vertex -114.113 2.95 8
      vertex -110.705 10.7215 8
    endloop
  endfacet
  facet normal 0 0 1
    outer loop
      vertex -114.113 2.95 8
      vertex -116.356 0.933983 8
      vertex -115.816 7.43866e-06 8
    endloop
  endfacet
  facet normal -0 0 1
    outer loop
      vertex -118.684 0.933983 8
      vertex -115.816 7.43866e-06 8
      vertex -116.356 0.933983 8
    endloop
  endfacet
  facet normal 0 0 1
    outer loop
      vertex -115.816 7.43866e-06 8
      vertex -118.684 0.933983 8
      vertex -119.223 7.43866e-06 8
    endloop
  endfacet
  facet normal 0 0 1
    outer loop
      vertex -95.3783 11.8 8
      vertex -108.464 10.866 8
      vertex -95.9175 10.866 8
    endloop
  endfacet
  facet normal -0 0 1
    outer loop
      vertex -109.004 11.8 8
      vertex -108.464 10.866 8
      vertex -95.3783 11.8 8
    endloop
  endfacet
  facet normal 0 0 1
    outer loop
      vertex -109.004 11.8 8
      vertex -109.626 10.7215 8
      vertex -108.464 10.866 8
    endloop
  endfacet
  facet normal -0 0 1
    outer loop
      vertex -109.626 10.7215 8
      vertex -114.738 0 8
      vertex -108.464 10.866 8
    endloop
  endfacet
  facet normal 0 -0 1
    outer loop
      vertex -114.738 0 8
      vertex -109.626 10.7215 8
      vertex -115.816 0 8
    endloop
  endfacet
  facet normal 0 0 1
    outer loop
      vertex -69.2058 11.8 8
      vertex -93.6771 10.7215 8
      vertex -69.8285 10.7215 8
    endloop
  endfacet
  facet normal 0 -0 1
    outer loop
      vertex -93.6771 10.7215 8
      vertex -69.2058 11.8 8
      vertex -94.2998 11.8 8
    endloop
  endfacet
  facet normal 0 0 1
    outer loop
      vertex -68.1273 11.8 8
      vertex -69.2058 11.8 8
      vertex -68.75 10.7215 8
    endloop
  endfacet
  facet normal 0 0 1
    outer loop
      vertex -69.8285 10.7215 8
      vertex -68.75 10.7215 8
      vertex -69.2058 11.8 8
    endloop
  endfacet
  facet normal -0 0 1
    outer loop
      vertex -69.8285 10.7215 8
      vertex -69.8305 8.85001 8
      vertex -68.75 10.7215 8
    endloop
  endfacet
  facet normal 0 0 1
    outer loop
      vertex -69.8285 10.7215 8
      vertex -73.2369 2.95 8
      vertex -69.8305 8.85001 8
    endloop
  endfacet
  facet normal 0 0 1
    outer loop
      vertex -75.4793 0.933983 8
      vertex -73.2369 2.95 8
      vertex -69.8285 10.7215 8
    endloop
  endfacet
  facet normal 0 0 1
    outer loop
      vertex -73.2369 2.95 8
      vertex -75.4793 0.933983 8
      vertex -74.9401 7.43866e-06 8
    endloop
  endfacet
  facet normal -0 0 1
    outer loop
      vertex -77.8072 0.933983 8
      vertex -74.9401 7.43866e-06 8
      vertex -75.4793 0.933983 8
    endloop
  endfacet
  facet normal 0 0 1
    outer loop
      vertex -74.9401 7.43866e-06 8
      vertex -77.8072 0.933983 8
      vertex -78.3464 7.43866e-06 8
    endloop
  endfacet
  facet normal 0 0 1
    outer loop
      vertex -28.3294 11.8 8
      vertex -52.8007 10.7215 8
      vertex -28.9521 10.7215 8
    endloop
  endfacet
  facet normal 0 -0 1
    outer loop
      vertex -52.8007 10.7215 8
      vertex -28.3294 11.8 8
      vertex -53.4234 11.8 8
    endloop
  endfacet
  facet normal 0 0 1
    outer loop
      vertex -27.2509 11.8 8
      vertex -28.3294 11.8 8
      vertex -27.8736 10.7215 8
    endloop
  endfacet
  facet normal 0 0 1
    outer loop
      vertex -28.9521 10.7215 8
      vertex -27.8736 10.7215 8
      vertex -28.3294 11.8 8
    endloop
  endfacet
  facet normal -0 0 1
    outer loop
      vertex -28.9521 10.7215 8
      vertex -28.9541 8.85001 8
      vertex -27.8736 10.7215 8
    endloop
  endfacet
  facet normal 0 0 1
    outer loop
      vertex -32.3605 2.95 8
      vertex -28.9541 8.85001 8
      vertex -28.9521 10.7215 8
    endloop
  endfacet
  facet normal 0 0 1
    outer loop
      vertex -34.6029 0.933983 8
      vertex -32.3605 2.95 8
      vertex -28.9521 10.7215 8
    endloop
  endfacet
  facet normal 0 0 1
    outer loop
      vertex -32.3605 2.95 8
      vertex -34.6029 0.933983 8
      vertex -34.0637 7.43866e-06 8
    endloop
  endfacet
  facet normal -0 0 1
    outer loop
      vertex -36.9308 0.933983 8
      vertex -34.0637 7.43866e-06 8
      vertex -34.6029 0.933983 8
    endloop
  endfacet
  facet normal 0 0 1
    outer loop
      vertex -34.0637 7.43866e-06 8
      vertex -36.9308 0.933983 8
      vertex -37.47 7.43866e-06 8
    endloop
  endfacet
  facet normal 0 0 1
    outer loop
      vertex 12.547 11.8 8
      vertex -11.9243 10.7215 8
      vertex 11.9243 10.7215 8
    endloop
  endfacet
  facet normal 0 -0 1
    outer loop
      vertex -11.9243 10.7215 8
      vertex 12.547 11.8 8
      vertex -12.547 11.8 8
    endloop
  endfacet
  facet normal 0 0 1
    outer loop
      vertex 13.6255 11.8 8
      vertex 12.547 11.8 8
      vertex 13.0028 10.7215 8
    endloop
  endfacet
  facet normal 0 0 1
    outer loop
      vertex 11.9243 10.7215 8
      vertex 13.0028 10.7215 8
      vertex 12.547 11.8 8
    endloop
  endfacet
  facet normal -0 0 1
    outer loop
      vertex 11.9243 10.7215 8
      vertex 11.9223 8.85001 8
      vertex 13.0028 10.7215 8
    endloop
  endfacet
  facet normal 0 -0 1
    outer loop
      vertex 11.9223 8.85001 8
      vertex 11.9243 10.7215 8
      vertex 11.383 9.78398 8
    endloop
  endfacet
  facet normal 0 -0 1
    outer loop
      vertex 13.6255 10.7215 8
      vertex 13.6255 11.8 8
      vertex 13.0028 10.7215 8
    endloop
  endfacet
  facet normal -0 0 1
    outer loop
      vertex -6.2735 0.933983 8
      vertex -3.40637 7.43866e-06 8
      vertex -3.9456 0.933983 8
    endloop
  endfacet
  facet normal 0 0 1
    outer loop
      vertex -6.2735 0.933983 8
      vertex -6.81273 7.43866e-06 8
      vertex -3.40637 7.43866e-06 8
    endloop
  endfacet
  facet normal 0 0 1
    outer loop
      vertex -11.9243 10.7215 8
      vertex -6.81273 7.43866e-06 8
      vertex -6.2735 0.933983 8
    endloop
  endfacet
  facet normal 0 0 1
    outer loop
      vertex -13.0028 10.7215 8
      vertex -11.9243 10.7215 8
      vertex -12.547 11.8 8
    endloop
  endfacet
  facet normal 0 0 1
    outer loop
      vertex -11.9243 10.7215 8
      vertex -13.0028 10.7215 8
      vertex -6.81273 7.43866e-06 8
    endloop
  endfacet
  facet normal 0 0 1
    outer loop
      vertex -12.547 11.8 8
      vertex -13.6255 11.8 8
      vertex -13.0028 10.7215 8
    endloop
  endfacet
  facet normal 0 0 1
    outer loop
      vertex -13.0028 10.7215 8
      vertex -7.8912 0 8
      vertex -6.81274 0 8
    endloop
  endfacet
  facet normal 0 0 1
    outer loop
      vertex -13.0028 10.7215 8
      vertex -13.6255 11.8 8
      vertex -14.1647 10.866 8
    endloop
  endfacet
  facet normal 0 0 1
    outer loop
      vertex -13.0028 10.7215 8
      vertex -14.1647 10.866 8
      vertex -7.8912 0 8
    endloop
  endfacet
  facet normal 0 0 1
    outer loop
      vertex -13.6255 11.8 8
      vertex -26.7117 10.866 8
      vertex -14.1647 10.866 8
    endloop
  endfacet
  facet normal -0 0 1
    outer loop
      vertex -27.2509 11.8 8
      vertex -26.7117 10.866 8
      vertex -13.6255 11.8 8
    endloop
  endfacet
  facet normal 0 0 1
    outer loop
      vertex -27.2509 11.8 8
      vertex -27.8736 10.7215 8
      vertex -26.7117 10.866 8
    endloop
  endfacet
  facet normal -0 0 1
    outer loop
      vertex -27.8736 10.7215 8
      vertex -32.9852 0 8
      vertex -26.7117 10.866 8
    endloop
  endfacet
  facet normal 0 -0 1
    outer loop
      vertex -32.9852 0 8
      vertex -27.8736 10.7215 8
      vertex -34.0637 0 8
    endloop
  endfacet
  facet normal -0 0 1
    outer loop
      vertex -7.8912 0 8
      vertex -8.51592 -2.94999 8
      vertex -6.81274 0 8
    endloop
  endfacet
  facet normal 0 -0 1
    outer loop
      vertex -8.51592 -2.94999 8
      vertex -7.8912 0 8
      vertex -9.05515 -2.01602 8
    endloop
  endfacet
  facet normal 0 0 1
    outer loop
      vertex -32.9852 0 8
      vertex -32.3605 -2.94999 8
      vertex -31.8212 -2.01602 8
    endloop
  endfacet
  facet normal 0 0 1
    outer loop
      vertex -32.3605 -2.94999 8
      vertex -32.9852 0 8
      vertex -34.0637 0 8
    endloop
  endfacet
  facet normal -0 0 1
    outer loop
      vertex -47.1499 0.933983 8
      vertex -44.2828 7.43866e-06 8
      vertex -44.822 0.933983 8
    endloop
  endfacet
  facet normal 0 0 1
    outer loop
      vertex -47.1499 0.933983 8
      vertex -47.6891 7.43866e-06 8
      vertex -44.2828 7.43866e-06 8
    endloop
  endfacet
  facet normal 0 0 1
    outer loop
      vertex -52.8007 10.7215 8
      vertex -47.6891 7.43866e-06 8
      vertex -47.1499 0.933983 8
    endloop
  endfacet
  facet normal 0 0 1
    outer loop
      vertex -53.8792 10.7215 8
      vertex -52.8007 10.7215 8
      vertex -53.4234 11.8 8
    endloop
  endfacet
  facet normal 0 0 1
    outer loop
      vertex -52.8007 10.7215 8
      vertex -53.8792 10.7215 8
      vertex -47.6891 7.43866e-06 8
    endloop
  endfacet
  facet normal 0 0 1
    outer loop
      vertex -53.4234 11.8 8
      vertex -54.5019 11.8 8
      vertex -53.8792 10.7215 8
    endloop
  endfacet
  facet normal 0 0 1
    outer loop
      vertex -53.8792 10.7215 8
      vertex -48.7676 0 8
      vertex -47.6891 0 8
    endloop
  endfacet
  facet normal 0 0 1
    outer loop
      vertex -53.8792 10.7215 8
      vertex -54.5019 11.8 8
      vertex -55.0411 10.866 8
    endloop
  endfacet
  facet normal 0 0 1
    outer loop
      vertex -53.8792 10.7215 8
      vertex -55.0411 10.866 8
      vertex -48.7676 0 8
    endloop
  endfacet
  facet normal 0 0 1
    outer loop
      vertex -54.5019 11.8 8
      vertex -67.5881 10.866 8
      vertex -55.0411 10.866 8
    endloop
  endfacet
  facet normal -0 0 1
    outer loop
      vertex -68.1273 11.8 8
      vertex -67.5881 10.866 8
      vertex -54.5019 11.8 8
    endloop
  endfacet
  facet normal 0 0 1
    outer loop
      vertex -68.1273 11.8 8
      vertex -68.75 10.7215 8
      vertex -67.5881 10.866 8
    endloop
  endfacet
  facet normal -0 0 1
    outer loop
      vertex -68.75 10.7215 8
      vertex -73.8616 0 8
      vertex -67.5881 10.866 8
    endloop
  endfacet
  facet normal 0 -0 1
    outer loop
      vertex -73.8616 0 8
      vertex -68.75 10.7215 8
      vertex -74.9401 0 8
    endloop
  endfacet
  facet normal -0 0 1
    outer loop
      vertex -48.7676 0 8
      vertex -49.3923 -2.94999 8
      vertex -47.6891 0 8
    endloop
  endfacet
  facet normal 0 -0 1
    outer loop
      vertex -49.3923 -2.94999 8
      vertex -48.7676 0 8
      vertex -49.9315 -2.01602 8
    endloop
  endfacet
  facet normal 0 0 1
    outer loop
      vertex -73.8616 0 8
      vertex -73.2369 -2.94999 8
      vertex -72.6976 -2.01602 8
    endloop
  endfacet
  facet normal 0 0 1
    outer loop
      vertex -73.2369 -2.94999 8
      vertex -73.8616 0 8
      vertex -74.9401 0 8
    endloop
  endfacet
  facet normal -0 0 1
    outer loop
      vertex -88.0263 0.933983 8
      vertex -85.1592 7.43866e-06 8
      vertex -85.6984 0.933983 8
    endloop
  endfacet
  facet normal 0 0 1
    outer loop
      vertex -88.0263 0.933983 8
      vertex -88.5655 7.43866e-06 8
      vertex -85.1592 7.43866e-06 8
    endloop
  endfacet
  facet normal 0 0 1
    outer loop
      vertex -93.6771 10.7215 8
      vertex -88.5655 7.43866e-06 8
      vertex -88.0263 0.933983 8
    endloop
  endfacet
  facet normal 0 0 1
    outer loop
      vertex -94.7556 10.7215 8
      vertex -93.6771 10.7215 8
      vertex -94.2998 11.8 8
    endloop
  endfacet
  facet normal 0 0 1
    outer loop
      vertex -93.6771 10.7215 8
      vertex -94.7556 10.7215 8
      vertex -88.5655 7.43866e-06 8
    endloop
  endfacet
  facet normal 0 0 1
    outer loop
      vertex -94.2998 11.8 8
      vertex -95.3783 11.8 8
      vertex -94.7556 10.7215 8
    endloop
  endfacet
  facet normal 0 0 1
    outer loop
      vertex -94.7556 10.7215 8
      vertex -89.644 0 8
      vertex -88.5655 0 8
    endloop
  endfacet
  facet normal 0 0 1
    outer loop
      vertex -94.7556 10.7215 8
      vertex -95.3783 11.8 8
      vertex -95.9175 10.866 8
    endloop
  endfacet
  facet normal 0 0 1
    outer loop
      vertex -94.7556 10.7215 8
      vertex -95.9175 10.866 8
      vertex -89.644 0 8
    endloop
  endfacet
  facet normal -0 0 1
    outer loop
      vertex -89.644 0 8
      vertex -90.2687 -2.94999 8
      vertex -88.5655 0 8
    endloop
  endfacet
  facet normal 0 -0 1
    outer loop
      vertex -90.2687 -2.94999 8
      vertex -89.644 0 8
      vertex -90.808 -2.01602 8
    endloop
  endfacet
  facet normal 0 0 1
    outer loop
      vertex -114.738 0 8
      vertex -114.113 -2.94999 8
      vertex -113.574 -2.01602 8
    endloop
  endfacet
  facet normal 0 0 1
    outer loop
      vertex -114.113 -2.94999 8
      vertex -114.738 0 8
      vertex -115.816 0 8
    endloop
  endfacet
  facet normal -0 0 1
    outer loop
      vertex -128.903 0.933983 8
      vertex -126.036 7.43866e-06 8
      vertex -126.575 0.933983 8
    endloop
  endfacet
  facet normal 0 0 1
    outer loop
      vertex -128.903 0.933983 8
      vertex -129.442 7.43866e-06 8
      vertex -126.036 7.43866e-06 8
    endloop
  endfacet
  facet normal 0 0 1
    outer loop
      vertex -134.554 10.7215 8
      vertex -129.442 7.43866e-06 8
      vertex -128.903 0.933983 8
    endloop
  endfacet
  facet normal 0 0 1
    outer loop
      vertex -135.632 10.7215 8
      vertex -134.554 10.7215 8
      vertex -135.176 11.8 8
    endloop
  endfacet
  facet normal 0 0 1
    outer loop
      vertex -134.554 10.7215 8
      vertex -135.632 10.7215 8
      vertex -129.442 7.43866e-06 8
    endloop
  endfacet
  facet normal 0 0 1
    outer loop
      vertex -135.632 10.7215 8
      vertex -130.52 0 8
      vertex -129.442 0 8
    endloop
  endfacet
  facet normal 0 0 1
    outer loop
      vertex -135.176 11.8 8
      vertex -136.255 11.8 8
      vertex -135.632 10.7215 8
    endloop
  endfacet
  facet normal 0 0 1
    outer loop
      vertex -135.632 10.7215 8
      vertex -136.255 11.8 8
      vertex -136.794 10.866 8
    endloop
  endfacet
  facet normal 0 0 1
    outer loop
      vertex -135.632 10.7215 8
      vertex -136.794 10.866 8
      vertex -130.52 0 8
    endloop
  endfacet
  facet normal -0 0 1
    outer loop
      vertex -130.52 0 8
      vertex -131.145 -2.94999 8
      vertex -129.442 0 8
    endloop
  endfacet
  facet normal 0 -0 1
    outer loop
      vertex -131.145 -2.94999 8
      vertex -130.52 0 8
      vertex -131.684 -2.01602 8
    endloop
  endfacet
  facet normal 0 0 1
    outer loop
      vertex -155.614 0 8
      vertex -154.99 -2.94999 8
      vertex -154.45 -2.01602 8
    endloop
  endfacet
  facet normal 0 0 1
    outer loop
      vertex -154.99 -2.94999 8
      vertex -155.614 0 8
      vertex -156.693 0 8
    endloop
  endfacet
  facet normal -0 0 1
    outer loop
      vertex 7.43745 2.95 8
      vertex 6.81273 7.43866e-06 8
      vertex 8.51591 2.95 8
    endloop
  endfacet
  facet normal -0 0 1
    outer loop
      vertex 6.2735 0.933983 8
      vertex 6.81273 7.43866e-06 8
      vertex 7.43745 2.95 8
    endloop
  endfacet
  facet normal -0 0 1
    outer loop
      vertex 3.9456 0.933983 8
      vertex 6.81273 7.43866e-06 8
      vertex 6.2735 0.933983 8
    endloop
  endfacet
  facet normal 0 0 1
    outer loop
      vertex 6.81273 7.43866e-06 8
      vertex 3.9456 0.933983 8
      vertex 3.40637 7.43866e-06 8
    endloop
  endfacet
  facet normal 0.866026 0.499998 0
    outer loop
      vertex -6.2735 0.933983 8
      vertex -11.9243 10.7215 6
      vertex -11.9243 10.7215 8
    endloop
  endfacet
  facet normal 0.866026 0.499998 0
    outer loop
      vertex -11.9243 10.7215 6
      vertex -6.2735 0.933983 8
      vertex -6.2735 0.933983 6
    endloop
  endfacet
  facet normal 0.654636 0.377955 0.654677
    outer loop
      vertex -10.6233 9.89669 5.17516
      vertex -5.7735 1.80001 5
      vertex -10.347 9.72153 5
    endloop
  endfacet
  facet normal 0.654652 0.377965 0.654654
    outer loop
      vertex -5.7735 1.80001 5
      vertex -10.6233 9.89669 5.17516
      vertex -6.2735 0.933983 6
    endloop
  endfacet
  facet normal 0.654668 0.377971 0.654635
    outer loop
      vertex -6.2735 0.933983 6
      vertex -10.6233 9.89669 5.17516
      vertex -11.9243 10.7215 6
    endloop
  endfacet
  facet normal 0.866025 0.500001 0
    outer loop
      vertex -5.7735 1.80001 5
      vertex -10.347 9.72153 0.5
      vertex -10.347 9.72153 5
    endloop
  endfacet
  facet normal 0.866025 0.500001 0
    outer loop
      vertex -10.347 9.72153 0.5
      vertex -5.7735 1.80001 5
      vertex -5.7735 1.80001 0.5
    endloop
  endfacet
  facet normal 0.654654 0.37796 -0.654656
    outer loop
      vertex -6.0235 1.36699 0
      vertex -11.0046 10.1385 0.0830774
      vertex -5.7735 1.80001 0.5
    endloop
  endfacet
  facet normal 0.654308 0.377768 -0.655112
    outer loop
      vertex -11.0046 10.1385 0.0830774
      vertex -6.0235 1.36699 0
      vertex -11.1357 10.2215 0
    endloop
  endfacet
  facet normal 0 0 0
    outer loop
      vertex -12.047 11.8 4.67301e-07
      vertex -12.047 11.8 0
      vertex -12.047 11.8 3.8147e-08
    endloop
  endfacet
  facet normal 0.654694 0.377989 -0.654599
    outer loop
      vertex -10.347 9.72153 0.5
      vertex -5.7735 1.80001 0.5
      vertex -11.0046 10.1385 0.0830774
    endloop
  endfacet
  facet normal 0 -1 0
    outer loop
      vertex -11.547 11.8 0.5
      vertex -12.047 11.8 4.67301e-07
      vertex -12.047 11.8 3.8147e-08
    endloop
  endfacet
  facet normal 0 0 -1
    outer loop
      vertex -136.255 -11.8 0
      vertex -131.02 0 0
      vertex -129.442 0 0
    endloop
  endfacet
  facet normal 0 0 -1
    outer loop
      vertex -136.255 -11.8 0
      vertex -137.044 -10.433 0
      vertex -131.02 0 0
    endloop
  endfacet
  facet normal 0 0 -1
    outer loop
      vertex -136.255 -11.8 0
      vertex -149.091 -10.433 0
      vertex -137.044 -10.433 0
    endloop
  endfacet
  facet normal 0 0 -1
    outer loop
      vertex -149.88 -11.8 0
      vertex -149.091 -10.433 0
      vertex -136.255 -11.8 0
    endloop
  endfacet
  facet normal 0 0 -1
    outer loop
      vertex -149.88 -11.8 0
      vertex -155.114 0 0
      vertex -149.091 -10.433 0
    endloop
  endfacet
  facet normal -0 -0 -1
    outer loop
      vertex -155.114 0 0
      vertex -149.88 -11.8 0
      vertex -156.693 0 0
    endloop
  endfacet
  facet normal 0 0 -1
    outer loop
      vertex -131.02 0 0
      vertex -135.343 10.2215 0
      vertex -129.442 0 0
    endloop
  endfacet
  facet normal 0 0 -1
    outer loop
      vertex -137.044 10.433 0
      vertex -135.343 10.2215 0
      vertex -131.02 0 0
    endloop
  endfacet
  facet normal 0 -0 -1
    outer loop
      vertex -136.255 11.8 0
      vertex -135.343 10.2215 0
      vertex -137.044 10.433 0
    endloop
  endfacet
  facet normal 0 0 -1
    outer loop
      vertex -149.091 10.433 0
      vertex -136.255 11.8 0
      vertex -137.044 10.433 0
    endloop
  endfacet
  facet normal 0 0 -1
    outer loop
      vertex -149.091 10.433 0
      vertex -149.88 11.8 0
      vertex -136.255 11.8 0
    endloop
  endfacet
  facet normal 0 0 -1
    outer loop
      vertex -155.114 0 0
      vertex -149.88 11.8 0
      vertex -149.091 10.433 0
    endloop
  endfacet
  facet normal 0 0 -1
    outer loop
      vertex -149.88 11.8 0
      vertex -155.114 0 0
      vertex -156.693 0 0
    endloop
  endfacet
  facet normal 0 0 -1
    outer loop
      vertex -95.3783 -11.8 0
      vertex -90.144 0 0
      vertex -88.5655 0 0
    endloop
  endfacet
  facet normal 0 0 -1
    outer loop
      vertex -95.3783 -11.8 0
      vertex -96.1675 -10.433 0
      vertex -90.144 0 0
    endloop
  endfacet
  facet normal 0 0 -1
    outer loop
      vertex -95.3783 -11.8 0
      vertex -108.214 -10.433 0
      vertex -96.1675 -10.433 0
    endloop
  endfacet
  facet normal 0 0 -1
    outer loop
      vertex -109.004 -11.8 0
      vertex -108.214 -10.433 0
      vertex -95.3783 -11.8 0
    endloop
  endfacet
  facet normal 0 0 -1
    outer loop
      vertex -109.004 -11.8 0
      vertex -114.238 0 0
      vertex -108.214 -10.433 0
    endloop
  endfacet
  facet normal -0 -0 -1
    outer loop
      vertex -114.238 0 0
      vertex -109.004 -11.8 0
      vertex -115.816 0 0
    endloop
  endfacet
  facet normal 0 0 -1
    outer loop
      vertex -90.144 0 0
      vertex -94.4669 10.2215 0
      vertex -88.5655 0 0
    endloop
  endfacet
  facet normal 0 0 -1
    outer loop
      vertex -96.1675 10.433 0
      vertex -94.4669 10.2215 0
      vertex -90.144 0 0
    endloop
  endfacet
  facet normal 0 -0 -1
    outer loop
      vertex -95.3783 11.8 0
      vertex -94.4669 10.2215 0
      vertex -96.1675 10.433 0
    endloop
  endfacet
  facet normal 0 0 -1
    outer loop
      vertex -108.214 10.433 0
      vertex -95.3783 11.8 0
      vertex -96.1675 10.433 0
    endloop
  endfacet
  facet normal 0 0 -1
    outer loop
      vertex -108.214 10.433 0
      vertex -109.004 11.8 0
      vertex -95.3783 11.8 0
    endloop
  endfacet
  facet normal 0 0 -1
    outer loop
      vertex -109.915 10.2215 0
      vertex -109.004 11.8 0
      vertex -108.214 10.433 0
    endloop
  endfacet
  facet normal 0 0 -1
    outer loop
      vertex -114.238 0 0
      vertex -109.915 10.2215 0
      vertex -108.214 10.433 0
    endloop
  endfacet
  facet normal 0 0 -1
    outer loop
      vertex -109.915 10.2215 0
      vertex -114.238 0 0
      vertex -115.816 0 0
    endloop
  endfacet
  facet normal 0 -0 -1
    outer loop
      vertex 13.6255 11.8 0
      vertex 13.6255 10.2215 0
      vertex 12.7141 10.2215 0
    endloop
  endfacet
  facet normal 0 0 -1
    outer loop
      vertex 12.047 11.8 0
      vertex 13.6255 11.8 0
      vertex 12.7141 10.2215 0
    endloop
  endfacet
  facet normal 0 0 -1
    outer loop
      vertex 12.7141 10.2215 0
      vertex 11.1357 10.2215 0
      vertex 12.047 11.8 0
    endloop
  endfacet
  facet normal 0 0 -1
    outer loop
      vertex 6.81273 7.43866e-06 0
      vertex 11.1357 10.2215 0
      vertex 12.7141 10.2215 0
    endloop
  endfacet
  facet normal 0 0 -1
    outer loop
      vertex 6.81273 7.43866e-06 0
      vertex 6.0235 1.36699 0
      vertex 11.1357 10.2215 0
    endloop
  endfacet
  facet normal 0 0 -1
    outer loop
      vertex 6.81273 7.43866e-06 0
      vertex -6.0235 1.36699 0
      vertex 6.0235 1.36699 0
    endloop
  endfacet
  facet normal 0 0 -1
    outer loop
      vertex -6.81273 7.43866e-06 0
      vertex -6.0235 1.36699 0
      vertex 6.81273 7.43866e-06 0
    endloop
  endfacet
  facet normal 0 0 -1
    outer loop
      vertex -6.81273 7.43866e-06 0
      vertex -11.1357 10.2215 0
      vertex -6.0235 1.36699 0
    endloop
  endfacet
  facet normal 0 0 -1
    outer loop
      vertex -12.7141 10.2215 0
      vertex -11.1357 10.2215 0
      vertex -6.81273 7.43866e-06 0
    endloop
  endfacet
  facet normal 0 0 -1
    outer loop
      vertex -11.1357 10.2215 0
      vertex -12.7141 10.2215 0
      vertex -12.047 11.8 0
    endloop
  endfacet
  facet normal 0 0 -1
    outer loop
      vertex -13.6255 11.8 0
      vertex -12.047 11.8 0
      vertex -12.7141 10.2215 0
    endloop
  endfacet
  facet normal 0 0 -1
    outer loop
      vertex -109.915 10.2215 0
      vertex -110.582 11.8 0
      vertex -109.004 11.8 0
    endloop
  endfacet
  facet normal 0 0 -1
    outer loop
      vertex -109.915 10.2215 0
      vertex -111.494 10.2215 0
      vertex -110.582 11.8 0
    endloop
  endfacet
  facet normal 0 0 -1
    outer loop
      vertex -115.816 7.43866e-06 0
      vertex -111.494 10.2215 0
      vertex -109.915 10.2215 0
    endloop
  endfacet
  facet normal 0 0 -1
    outer loop
      vertex -115.816 7.43866e-06 0
      vertex -116.606 1.36699 0
      vertex -111.494 10.2215 0
    endloop
  endfacet
  facet normal 0 0 -1
    outer loop
      vertex -115.816 7.43866e-06 0
      vertex -128.653 1.36699 0
      vertex -116.606 1.36699 0
    endloop
  endfacet
  facet normal 0 0 -1
    outer loop
      vertex -129.442 7.43866e-06 0
      vertex -128.653 1.36699 0
      vertex -115.816 7.43866e-06 0
    endloop
  endfacet
  facet normal 0 0 -1
    outer loop
      vertex -129.442 7.43866e-06 0
      vertex -133.765 10.2215 0
      vertex -128.653 1.36699 0
    endloop
  endfacet
  facet normal 0 0 -1
    outer loop
      vertex -135.343 10.2215 0
      vertex -133.765 10.2215 0
      vertex -129.442 7.43866e-06 0
    endloop
  endfacet
  facet normal 0 0 -1
    outer loop
      vertex -133.765 10.2215 0
      vertex -135.343 10.2215 0
      vertex -134.676 11.8 0
    endloop
  endfacet
  facet normal 0 0 -1
    outer loop
      vertex -136.255 11.8 0
      vertex -134.676 11.8 0
      vertex -135.343 10.2215 0
    endloop
  endfacet
  facet normal 0 0 -1
    outer loop
      vertex -133.765 10.2215 0
      vertex -110.582 11.8 0
      vertex -111.494 10.2215 0
    endloop
  endfacet
  facet normal -0 0 -1
    outer loop
      vertex -110.582 11.8 0
      vertex -133.765 10.2215 0
      vertex -134.676 11.8 0
    endloop
  endfacet
  facet normal 0 0 -1
    outer loop
      vertex -69.0387 10.2215 0
      vertex -70.6171 10.2215 0
      vertex -69.7058 11.8 0
    endloop
  endfacet
  facet normal 0 0 -1
    outer loop
      vertex -74.9401 7.43866e-06 0
      vertex -70.6171 10.2215 0
      vertex -69.0387 10.2215 0
    endloop
  endfacet
  facet normal 0 0 -1
    outer loop
      vertex -74.9401 7.43866e-06 0
      vertex -75.7293 1.36699 0
      vertex -70.6171 10.2215 0
    endloop
  endfacet
  facet normal 0 0 -1
    outer loop
      vertex -74.9401 7.43866e-06 0
      vertex -87.7763 1.36699 0
      vertex -75.7293 1.36699 0
    endloop
  endfacet
  facet normal 0 0 -1
    outer loop
      vertex -88.5655 7.43866e-06 0
      vertex -87.7763 1.36699 0
      vertex -74.9401 7.43866e-06 0
    endloop
  endfacet
  facet normal 0 0 -1
    outer loop
      vertex -88.5655 7.43866e-06 0
      vertex -92.8885 10.2215 0
      vertex -87.7763 1.36699 0
    endloop
  endfacet
  facet normal 0 0 -1
    outer loop
      vertex -94.4669 10.2215 0
      vertex -92.8885 10.2215 0
      vertex -88.5655 7.43866e-06 0
    endloop
  endfacet
  facet normal 0 0 -1
    outer loop
      vertex -92.8885 10.2215 0
      vertex -94.4669 10.2215 0
      vertex -93.7998 11.8 0
    endloop
  endfacet
  facet normal 0 0 -1
    outer loop
      vertex -95.3783 11.8 0
      vertex -93.7998 11.8 0
      vertex -94.4669 10.2215 0
    endloop
  endfacet
  facet normal 0 0 -1
    outer loop
      vertex -54.5019 -11.8 0
      vertex -49.2676 0 0
      vertex -47.6891 0 0
    endloop
  endfacet
  facet normal 0 0 -1
    outer loop
      vertex -54.5019 -11.8 0
      vertex -55.2911 -10.433 0
      vertex -49.2676 0 0
    endloop
  endfacet
  facet normal 0 0 -1
    outer loop
      vertex -54.5019 -11.8 0
      vertex -67.3381 -10.433 0
      vertex -55.2911 -10.433 0
    endloop
  endfacet
  facet normal 0 0 -1
    outer loop
      vertex -68.1273 -11.8 0
      vertex -67.3381 -10.433 0
      vertex -54.5019 -11.8 0
    endloop
  endfacet
  facet normal 0 0 -1
    outer loop
      vertex -68.1273 -11.8 0
      vertex -73.3616 0 0
      vertex -67.3381 -10.433 0
    endloop
  endfacet
  facet normal -0 -0 -1
    outer loop
      vertex -73.3616 0 0
      vertex -68.1273 -11.8 0
      vertex -74.9401 0 0
    endloop
  endfacet
  facet normal 0 0 -1
    outer loop
      vertex -49.2676 0 0
      vertex -53.5905 10.2215 0
      vertex -47.6891 0 0
    endloop
  endfacet
  facet normal 0 0 -1
    outer loop
      vertex -55.2911 10.433 0
      vertex -53.5905 10.2215 0
      vertex -49.2676 0 0
    endloop
  endfacet
  facet normal 0 -0 -1
    outer loop
      vertex -54.5019 11.8 0
      vertex -53.5905 10.2215 0
      vertex -55.2911 10.433 0
    endloop
  endfacet
  facet normal 0 0 -1
    outer loop
      vertex -67.3381 10.433 0
      vertex -54.5019 11.8 0
      vertex -55.2911 10.433 0
    endloop
  endfacet
  facet normal 0 0 -1
    outer loop
      vertex -67.3381 10.433 0
      vertex -68.1273 11.8 0
      vertex -54.5019 11.8 0
    endloop
  endfacet
  facet normal 0 0 -1
    outer loop
      vertex -69.0387 10.2215 0
      vertex -68.1273 11.8 0
      vertex -67.3381 10.433 0
    endloop
  endfacet
  facet normal 0 0 -1
    outer loop
      vertex -69.7058 11.8 0
      vertex -68.1273 11.8 0
      vertex -69.0387 10.2215 0
    endloop
  endfacet
  facet normal 0 0 -1
    outer loop
      vertex -73.3616 0 0
      vertex -69.0387 10.2215 0
      vertex -67.3381 10.433 0
    endloop
  endfacet
  facet normal 0 0 -1
    outer loop
      vertex -69.0387 10.2215 0
      vertex -73.3616 0 0
      vertex -74.9401 0 0
    endloop
  endfacet
  facet normal 0 0 -1
    outer loop
      vertex -92.8885 10.2215 0
      vertex -69.7058 11.8 0
      vertex -70.6171 10.2215 0
    endloop
  endfacet
  facet normal -0 0 -1
    outer loop
      vertex -69.7058 11.8 0
      vertex -92.8885 10.2215 0
      vertex -93.7998 11.8 0
    endloop
  endfacet
  facet normal 0 0 -1
    outer loop
      vertex -13.6255 -11.8 0
      vertex -8.3912 0 0
      vertex -6.81274 0 0
    endloop
  endfacet
  facet normal 0 0 -1
    outer loop
      vertex -13.6255 -11.8 0
      vertex -14.4147 -10.433 0
      vertex -8.3912 0 0
    endloop
  endfacet
  facet normal 0 0 -1
    outer loop
      vertex -13.6255 -11.8 0
      vertex -26.4617 -10.433 0
      vertex -14.4147 -10.433 0
    endloop
  endfacet
  facet normal 0 0 -1
    outer loop
      vertex -27.2509 -11.8 0
      vertex -26.4617 -10.433 0
      vertex -13.6255 -11.8 0
    endloop
  endfacet
  facet normal 0 0 -1
    outer loop
      vertex -27.2509 -11.8 0
      vertex -32.4852 0 0
      vertex -26.4617 -10.433 0
    endloop
  endfacet
  facet normal -0 -0 -1
    outer loop
      vertex -32.4852 0 0
      vertex -27.2509 -11.8 0
      vertex -34.0637 0 0
    endloop
  endfacet
  facet normal 0 0 -1
    outer loop
      vertex -8.3912 0 0
      vertex -12.7141 10.2215 0
      vertex -6.81274 0 0
    endloop
  endfacet
  facet normal 0 0 -1
    outer loop
      vertex -14.4147 10.433 0
      vertex -12.7141 10.2215 0
      vertex -8.3912 0 0
    endloop
  endfacet
  facet normal 0 -0 -1
    outer loop
      vertex -13.6255 11.8 0
      vertex -12.7141 10.2215 0
      vertex -14.4147 10.433 0
    endloop
  endfacet
  facet normal 0 0 -1
    outer loop
      vertex -26.4617 10.433 0
      vertex -13.6255 11.8 0
      vertex -14.4147 10.433 0
    endloop
  endfacet
  facet normal 0 0 -1
    outer loop
      vertex -26.4617 10.433 0
      vertex -27.2509 11.8 0
      vertex -13.6255 11.8 0
    endloop
  endfacet
  facet normal 0 0 -1
    outer loop
      vertex -28.1623 10.2215 0
      vertex -27.2509 11.8 0
      vertex -26.4617 10.433 0
    endloop
  endfacet
  facet normal 0 0 -1
    outer loop
      vertex -32.4852 0 0
      vertex -28.1623 10.2215 0
      vertex -26.4617 10.433 0
    endloop
  endfacet
  facet normal 0 0 -1
    outer loop
      vertex -28.1623 10.2215 0
      vertex -32.4852 0 0
      vertex -34.0637 0 0
    endloop
  endfacet
  facet normal 0 0 -1
    outer loop
      vertex -11.1357 10.2215 0
      vertex 12.047 11.8 0
      vertex 11.1357 10.2215 0
    endloop
  endfacet
  facet normal -0 0 -1
    outer loop
      vertex 12.047 11.8 0
      vertex -11.1357 10.2215 0
      vertex -12.047 11.8 0
    endloop
  endfacet
  facet normal 0 0 -1
    outer loop
      vertex -28.8294 11.8 0
      vertex -27.2509 11.8 0
      vertex -28.1623 10.2215 0
    endloop
  endfacet
  facet normal 0 0 -1
    outer loop
      vertex -28.1623 10.2215 0
      vertex -29.7407 10.2215 0
      vertex -28.8294 11.8 0
    endloop
  endfacet
  facet normal 0 0 -1
    outer loop
      vertex -34.0637 7.43866e-06 0
      vertex -29.7407 10.2215 0
      vertex -28.1623 10.2215 0
    endloop
  endfacet
  facet normal 0 0 -1
    outer loop
      vertex -34.0637 7.43866e-06 0
      vertex -34.8529 1.36699 0
      vertex -29.7407 10.2215 0
    endloop
  endfacet
  facet normal 0 0 -1
    outer loop
      vertex -34.0637 7.43866e-06 0
      vertex -46.8999 1.36699 0
      vertex -34.8529 1.36699 0
    endloop
  endfacet
  facet normal 0 0 -1
    outer loop
      vertex -47.6891 7.43866e-06 0
      vertex -46.8999 1.36699 0
      vertex -34.0637 7.43866e-06 0
    endloop
  endfacet
  facet normal 0 0 -1
    outer loop
      vertex -47.6891 7.43866e-06 0
      vertex -52.0121 10.2215 0
      vertex -46.8999 1.36699 0
    endloop
  endfacet
  facet normal 0 0 -1
    outer loop
      vertex -53.5905 10.2215 0
      vertex -52.0121 10.2215 0
      vertex -47.6891 7.43866e-06 0
    endloop
  endfacet
  facet normal 0 0 -1
    outer loop
      vertex -52.0121 10.2215 0
      vertex -53.5905 10.2215 0
      vertex -52.9234 11.8 0
    endloop
  endfacet
  facet normal 0 0 -1
    outer loop
      vertex -54.5019 11.8 0
      vertex -52.9234 11.8 0
      vertex -53.5905 10.2215 0
    endloop
  endfacet
  facet normal 0 0 -1
    outer loop
      vertex -52.0121 10.2215 0
      vertex -28.8294 11.8 0
      vertex -29.7407 10.2215 0
    endloop
  endfacet
  facet normal -0 0 -1
    outer loop
      vertex -28.8294 11.8 0
      vertex -52.0121 10.2215 0
      vertex -52.9234 11.8 0
    endloop
  endfacet
  facet normal -0.866038 -0.499979 0
    outer loop
      vertex -12.4255 9.72153 5
      vertex -13.0028 10.7215 8
      vertex -13.0028 10.7215 6
    endloop
  endfacet
  facet normal -0.866024 -0.500003 -0
    outer loop
      vertex -6.81273 7.43866e-06 8
      vertex -12.4255 9.72153 5
      vertex -6.81273 7.43866e-06 0
    endloop
  endfacet
  facet normal -0.866025 -0.500001 9.8718e-06
    outer loop
      vertex -12.4255 9.72153 5
      vertex -6.81273 7.43866e-06 8
      vertex -13.0028 10.7215 8
    endloop
  endfacet
  facet normal -0.866024 -0.500003 0
    outer loop
      vertex -12.4255 9.72153 0.5
      vertex -6.81273 7.43866e-06 0
      vertex -12.4255 9.72153 5
    endloop
  endfacet
  facet normal -0.866026 -0.499999 -9.91642e-05
    outer loop
      vertex -6.81273 7.43866e-06 0
      vertex -12.4255 9.72153 0.5
      vertex -12.7141 10.2215 0
    endloop
  endfacet
  facet normal 0 0 1
    outer loop
      vertex 4.4456 1.80001 2.5
      vertex -3.40637 7.43866e-06 2.5
      vertex 3.40637 7.43866e-06 2.5
    endloop
  endfacet
  facet normal 0 -0 1
    outer loop
      vertex -3.40637 7.43866e-06 2.5
      vertex 4.4456 1.80001 2.5
      vertex -4.4456 1.80001 2.5
    endloop
  endfacet
  facet normal 0.866026 0.499999 0
    outer loop
      vertex -3.9456 0.933983 8
      vertex -3.40637 7.43866e-06 8
      vertex -3.9456 0.933983 6
    endloop
  endfacet
  facet normal 0.866026 0.499999 -9.05543e-09
    outer loop
      vertex -3.40637 7.43866e-06 2.5
      vertex -4.4456 1.80001 5
      vertex -3.9456 0.933983 6
    endloop
  endfacet
  facet normal 0.866026 0.499999 -0
    outer loop
      vertex -3.40637 7.43866e-06 2.5
      vertex -3.9456 0.933983 6
      vertex -3.40637 7.43866e-06 8
    endloop
  endfacet
  facet normal 0.866026 0.499999 0
    outer loop
      vertex -4.4456 1.80001 5
      vertex -3.40637 7.43866e-06 2.5
      vertex -4.4456 1.80001 2.5
    endloop
  endfacet
  facet normal -0.866026 0.499999 0
    outer loop
      vertex 3.40637 7.43866e-06 2.5
      vertex 4.4456 1.80001 5
      vertex 4.4456 1.80001 2.5
    endloop
  endfacet
  facet normal -0.866026 0.499999 -9.05543e-09
    outer loop
      vertex 4.4456 1.80001 5
      vertex 3.40637 7.43866e-06 2.5
      vertex 3.9456 0.933983 6
    endloop
  endfacet
  facet normal -0.866026 0.499999 0
    outer loop
      vertex 3.40637 7.43866e-06 8
      vertex 3.9456 0.933983 6
      vertex 3.40637 7.43866e-06 2.5
    endloop
  endfacet
  facet normal -0.866026 0.499999 0
    outer loop
      vertex 3.9456 0.933983 6
      vertex 3.40637 7.43866e-06 8
      vertex 3.9456 0.933983 8
    endloop
  endfacet
  facet normal -0 0 1
    outer loop
      vertex 10.347 9.72153 2.5
      vertex 11.9223 8.85001 2.5
      vertex 11.4191 9.72153 2.5
    endloop
  endfacet
  facet normal 0 0 1
    outer loop
      vertex 10.347 9.72153 2.5
      vertex 8.51591 2.95 2.5
      vertex 11.9223 8.85001 2.5
    endloop
  endfacet
  facet normal 0 -0 1
    outer loop
      vertex 8.51591 2.95 2.5
      vertex 10.347 9.72153 2.5
      vertex 6.43745 2.95 2.5
    endloop
  endfacet
  facet normal 0 1 0
    outer loop
      vertex 8.51591 2.95 8
      vertex 7.43745 2.95 6
      vertex 7.43745 2.95 8
    endloop
  endfacet
  facet normal 0 1 -0
    outer loop
      vertex 8.51591 2.95 2.5
      vertex 7.43745 2.95 6
      vertex 8.51591 2.95 8
    endloop
  endfacet
  facet normal 0 1 0
    outer loop
      vertex 8.51591 2.95 2.5
      vertex 6.55245 2.95 5.115
      vertex 7.43745 2.95 6
    endloop
  endfacet
  facet normal 0 1 0
    outer loop
      vertex 8.51591 2.95 2.5
      vertex 6.43745 2.95 5
      vertex 6.55245 2.95 5.115
    endloop
  endfacet
  facet normal 0 1 0
    outer loop
      vertex 6.43745 2.95 5
      vertex 8.51591 2.95 2.5
      vertex 6.43745 2.95 2.5
    endloop
  endfacet
  facet normal -0.865981 -0.500077 5.3663e-05
    outer loop
      vertex 11.4191 9.72153 5
      vertex 11.2903 9.94466 5.81447
      vertex 11.1318 10.2191 5.49757
    endloop
  endfacet
  facet normal -0.866157 -0.499772 -5.74852e-05
    outer loop
      vertex 11.2903 9.94466 5.81447
      vertex 11.4191 9.72153 5
      vertex 11.383 9.78398 6
    endloop
  endfacet
  facet normal -0.865968 -0.500099 -3.02856e-05
    outer loop
      vertex 11.9223 8.85001 8
      vertex 11.383 9.78398 6
      vertex 11.4191 9.72153 5
    endloop
  endfacet
  facet normal -0.866013 -0.500021 -0
    outer loop
      vertex 11.9223 8.85001 8
      vertex 11.4191 9.72153 5
      vertex 11.9223 8.85001 2.5
    endloop
  endfacet
  facet normal -0.865996 -0.50005 0
    outer loop
      vertex 11.383 9.78398 6
      vertex 11.9223 8.85001 8
      vertex 11.383 9.78398 8
    endloop
  endfacet
  facet normal -0.866013 -0.500021 0
    outer loop
      vertex 11.4191 9.72153 2.5
      vertex 11.9223 8.85001 2.5
      vertex 11.4191 9.72153 5
    endloop
  endfacet
  facet normal 0 1 -0
    outer loop
      vertex -12.547 11.8 6
      vertex -13.6255 11.8 8
      vertex -12.547 11.8 8
    endloop
  endfacet
  facet normal 0 1 0
    outer loop
      vertex -13.6255 11.8 0
      vertex -11.547 11.8 5
      vertex -11.547 11.8 0.5
    endloop
  endfacet
  facet normal 0 1 0
    outer loop
      vertex -11.547 11.8 5
      vertex -13.6255 11.8 0
      vertex -12.547 11.8 6
    endloop
  endfacet
  facet normal 0 -1 0
    outer loop
      vertex -12.047 11.8 0
      vertex -11.547 11.8 0.5
      vertex -12.047 11.8 3.8147e-08
    endloop
  endfacet
  facet normal 0 1 0
    outer loop
      vertex -13.6255 11.8 0
      vertex -11.547 11.8 0.5
      vertex -12.047 11.8 0
    endloop
  endfacet
  facet normal 0 1 0
    outer loop
      vertex -12.547 11.8 6
      vertex -13.6255 11.8 0
      vertex -13.6255 11.8 8
    endloop
  endfacet
  facet normal 0 1 0
    outer loop
      vertex 13.6255 11.8 8
      vertex 12.547 11.8 6
      vertex 12.547 11.8 8
    endloop
  endfacet
  facet normal 0 1 0
    outer loop
      vertex 13.6255 11.8 0
      vertex 11.547 11.8 5
      vertex 12.547 11.8 6
    endloop
  endfacet
  facet normal 0 1 -0
    outer loop
      vertex 13.6255 11.8 0
      vertex 12.547 11.8 6
      vertex 13.6255 11.8 8
    endloop
  endfacet
  facet normal 0 1 0
    outer loop
      vertex 11.547 11.8 5
      vertex 13.6255 11.8 0
      vertex 11.547 11.8 0.5
    endloop
  endfacet
  facet normal 0 1 -0
    outer loop
      vertex 12.047 11.8 0
      vertex 11.547 11.8 0.5
      vertex 13.6255 11.8 0
    endloop
  endfacet
  facet normal 0.866025 -0.500001 0
    outer loop
      vertex -32.9852 0 8
      vertex -26.7117 10.866 6
      vertex -26.7117 10.866 8
    endloop
  endfacet
  facet normal 0.866025 -0.500001 0
    outer loop
      vertex -26.7117 10.866 6
      vertex -32.9852 0 8
      vertex -32.9852 0 6
    endloop
  endfacet
  facet normal 0.654654 -0.377965 0.654654
    outer loop
      vertex -31.9852 0 5
      vertex -26.2117 9.99999 5
      vertex -32.9852 0 6
    endloop
  endfacet
  facet normal 0.654656 -0.377966 0.654651
    outer loop
      vertex -26.2117 9.99999 5
      vertex -26.7117 10.866 6
      vertex -32.9852 0 6
    endloop
  endfacet
  facet normal 0.866025 -0.5 0
    outer loop
      vertex -31.9852 0 5
      vertex -26.2117 9.99999 0.5
      vertex -26.2117 9.99999 5
    endloop
  endfacet
  facet normal 0.866025 -0.5 0
    outer loop
      vertex -26.2117 9.99999 0.5
      vertex -31.9852 0 5
      vertex -31.9852 0 0.5
    endloop
  endfacet
  facet normal 0.654654 -0.377965 -0.654654
    outer loop
      vertex -26.4617 10.433 0
      vertex -31.9852 0 0.5
      vertex -32.4852 0 0
    endloop
  endfacet
  facet normal 0.654654 -0.377965 -0.654653
    outer loop
      vertex -26.4617 10.433 0
      vertex -26.2117 9.99999 0.5
      vertex -31.9852 0 0.5
    endloop
  endfacet
  facet normal -0.866023 0.500005 0
    outer loop
      vertex -28.4509 9.72153 0.5
      vertex -34.0637 0 0
      vertex -28.4509 9.72153 5
    endloop
  endfacet
  facet normal -0.866025 0.500001 0.000101342
    outer loop
      vertex -34.0637 0 0
      vertex -28.4509 9.72153 0.5
      vertex -28.1623 10.2215 0
    endloop
  endfacet
  facet normal -0.866038 0.499979 0
    outer loop
      vertex -28.4509 9.72153 5
      vertex -27.8736 10.7215 8
      vertex -27.8736 10.7215 6
    endloop
  endfacet
  facet normal -0.866023 0.500005 0
    outer loop
      vertex -34.0637 0 8
      vertex -28.4509 9.72153 5
      vertex -34.0637 0 0
    endloop
  endfacet
  facet normal -0.866024 0.500002 -1.05639e-05
    outer loop
      vertex -28.4509 9.72153 5
      vertex -34.0637 0 8
      vertex -27.8736 10.7215 8
    endloop
  endfacet
  facet normal 0 -1 0
    outer loop
      vertex -26.7117 10.866 6
      vertex -14.1647 10.866 8
      vertex -26.7117 10.866 8
    endloop
  endfacet
  facet normal 0 -1 -0
    outer loop
      vertex -14.1647 10.866 8
      vertex -26.7117 10.866 6
      vertex -14.1647 10.866 6
    endloop
  endfacet
  facet normal 0 -0.755935 0.654647
    outer loop
      vertex -26.2117 9.99999 5
      vertex -14.1647 10.866 6
      vertex -26.7117 10.866 6
    endloop
  endfacet
  facet normal 0 -0.755935 0.654647
    outer loop
      vertex -14.1647 10.866 6
      vertex -26.2117 9.99999 5
      vertex -14.6647 9.99999 5
    endloop
  endfacet
  facet normal 0 -1 0
    outer loop
      vertex -26.2117 9.99999 0.5
      vertex -14.6647 9.99999 5
      vertex -26.2117 9.99999 5
    endloop
  endfacet
  facet normal 0 -1 -0
    outer loop
      vertex -14.6647 9.99999 5
      vertex -26.2117 9.99999 0.5
      vertex -14.6647 9.99999 0.5
    endloop
  endfacet
  facet normal 0 -0.755931 -0.654651
    outer loop
      vertex -26.4617 10.433 0
      vertex -14.6647 9.99999 0.5
      vertex -26.2117 9.99999 0.5
    endloop
  endfacet
  facet normal 0 -0.755931 -0.654651
    outer loop
      vertex -14.6647 9.99999 0.5
      vertex -26.4617 10.433 0
      vertex -14.4147 10.433 0
    endloop
  endfacet
  facet normal 0 1 -0
    outer loop
      vertex -13.6255 11.8 0
      vertex -27.2509 11.8 8
      vertex -13.6255 11.8 8
    endloop
  endfacet
  facet normal 0 1 0
    outer loop
      vertex -27.2509 11.8 8
      vertex -13.6255 11.8 0
      vertex -27.2509 11.8 0
    endloop
  endfacet
  facet normal -0.866025 -0.500001 0
    outer loop
      vertex -7.8912 0 6
      vertex -14.1647 10.866 8
      vertex -14.1647 10.866 6
    endloop
  endfacet
  facet normal -0.866025 -0.500001 0
    outer loop
      vertex -14.1647 10.866 8
      vertex -7.8912 0 6
      vertex -7.8912 0 8
    endloop
  endfacet
  facet normal -0.654656 -0.377966 0.65465
    outer loop
      vertex -8.8912 0 5
      vertex -14.1647 10.866 6
      vertex -14.6647 9.99999 5
    endloop
  endfacet
  facet normal -0.654653 -0.377965 0.654653
    outer loop
      vertex -8.8912 0 5
      vertex -7.8912 0 6
      vertex -14.1647 10.866 6
    endloop
  endfacet
  facet normal -0.866025 -0.5 0
    outer loop
      vertex -8.8912 0 0.5
      vertex -14.6647 9.99999 5
      vertex -14.6647 9.99999 0.5
    endloop
  endfacet
  facet normal -0.866025 -0.5 0
    outer loop
      vertex -14.6647 9.99999 5
      vertex -8.8912 0 0.5
      vertex -8.8912 0 5
    endloop
  endfacet
  facet normal -0.654654 -0.377965 -0.654653
    outer loop
      vertex -14.4147 10.433 0
      vertex -8.3912 0 0
      vertex -14.6647 9.99999 0.5
    endloop
  endfacet
  facet normal -0.654654 -0.377965 -0.654654
    outer loop
      vertex -8.3912 0 0
      vertex -8.8912 0 0.5
      vertex -14.6647 9.99999 0.5
    endloop
  endfacet
  facet normal 0.866038 0.499979 0
    outer loop
      vertex -13.0028 10.7215 8
      vertex -12.4255 9.72153 5
      vertex -13.0028 10.7215 6
    endloop
  endfacet
  facet normal 0.866024 0.500002 -0
    outer loop
      vertex -6.81274 0 0
      vertex -12.4255 9.72153 5
      vertex -6.81274 0 8
    endloop
  endfacet
  facet normal 0.866025 0.5 -9.48693e-06
    outer loop
      vertex -6.81274 0 8
      vertex -12.4255 9.72153 5
      vertex -13.0028 10.7215 8
    endloop
  endfacet
  facet normal 0.866024 0.500002 0
    outer loop
      vertex -12.4255 9.72153 5
      vertex -6.81274 0 0
      vertex -12.4255 9.72153 0.5
    endloop
  endfacet
  facet normal 0.866026 0.499998 9.79532e-05
    outer loop
      vertex -12.4255 9.72153 0.5
      vertex -6.81274 0 0
      vertex -12.7141 10.2215 0
    endloop
  endfacet
  facet normal -0.866025 0.5 0
    outer loop
      vertex -9.05515 -2.01602 6
      vertex -7.8912 0 8
      vertex -7.8912 0 6
    endloop
  endfacet
  facet normal -0.866025 0.5 0
    outer loop
      vertex -7.8912 0 8
      vertex -9.05515 -2.01602 6
      vertex -9.05515 -2.01602 8
    endloop
  endfacet
  facet normal -0.866032 0.499988 0
    outer loop
      vertex -14.1647 -10.866 6
      vertex -13.0008 -8.85 8
      vertex -13.0008 -8.85 6
    endloop
  endfacet
  facet normal -0.866032 0.499988 0
    outer loop
      vertex -13.0008 -8.85 8
      vertex -14.1647 -10.866 6
      vertex -14.1647 -10.866 8
    endloop
  endfacet
  facet normal -0.654653 0.377967 0.654653
    outer loop
      vertex -8.8912 0 5
      vertex -9.14792 -1.85534 5.81447
      vertex -7.8912 0 6
    endloop
  endfacet
  facet normal -0.654655 0.377967 0.654651
    outer loop
      vertex -9.14792 -1.85534 5.81447
      vertex -8.8912 0 5
      vertex -9.55515 -1.14999 5
    endloop
  endfacet
  facet normal -0.65466 0.377942 0.65466
    outer loop
      vertex -13.8858 -8.85 5.115
      vertex -14.0008 -8.85 5
      vertex -14.6647 -9.99999 5
    endloop
  endfacet
  facet normal -0.654641 0.377957 0.654671
    outer loop
      vertex -9.05515 -2.01602 6
      vertex -7.8912 0 6
      vertex -9.14792 -1.85534 5.81447
    endloop
  endfacet
  facet normal -0.65466 0.377942 0.65466
    outer loop
      vertex -14.6647 -9.99999 5
      vertex -13.0008 -8.85 6
      vertex -13.8858 -8.85 5.115
    endloop
  endfacet
  facet normal -0.654664 0.377958 0.654647
    outer loop
      vertex -13.0008 -8.85 6
      vertex -14.6647 -9.99999 5
      vertex -14.1647 -10.866 6
    endloop
  endfacet
  facet normal -0.866024 0.500002 0
    outer loop
      vertex -8.8912 0 0.5
      vertex -9.55515 -1.14999 2.5
      vertex -8.8912 0 5
    endloop
  endfacet
  facet normal -0.866023 0.500004 1.76601e-06
    outer loop
      vertex -8.8912 0 0.5
      vertex -14.0008 -8.85 2.5
      vertex -9.55515 -1.14999 2.5
    endloop
  endfacet
  facet normal -0.866025 0.5 -2.05207e-05
    outer loop
      vertex -14.6647 -9.99999 0.5
      vertex -14.0008 -8.85 2.5
      vertex -8.8912 0 0.5
    endloop
  endfacet
  facet normal -0.866041 0.499973 0
    outer loop
      vertex -14.6647 -9.99999 5
      vertex -14.0008 -8.85 2.5
      vertex -14.6647 -9.99999 0.5
    endloop
  endfacet
  facet normal -0.866041 0.499973 0
    outer loop
      vertex -14.0008 -8.85 2.5
      vertex -14.6647 -9.99999 5
      vertex -14.0008 -8.85 5
    endloop
  endfacet
  facet normal -0.866024 0.500002 0
    outer loop
      vertex -8.8912 0 5
      vertex -9.55515 -1.14999 2.5
      vertex -9.55515 -1.14999 5
    endloop
  endfacet
  facet normal -0.654654 0.377965 -0.654654
    outer loop
      vertex -8.8912 0 0.5
      vertex -8.3912 0 0
      vertex -14.4147 -10.433 0
    endloop
  endfacet
  facet normal -0.654654 0.377965 -0.654653
    outer loop
      vertex -8.8912 0 0.5
      vertex -14.4147 -10.433 0
      vertex -14.6647 -9.99999 0.5
    endloop
  endfacet
  facet normal 0.866023 -0.500004 0
    outer loop
      vertex -11.9223 -8.85 8
      vertex -13.6255 -11.8 8
      vertex -11.9223 -8.85 2.5
    endloop
  endfacet
  facet normal 0.866025 -0.500001 0
    outer loop
      vertex -8.51592 -2.94999 2.5
      vertex -6.81274 0 8
      vertex -8.51592 -2.94999 8
    endloop
  endfacet
  facet normal 0.866025 -0.500001 0
    outer loop
      vertex -6.81274 0 8
      vertex -8.51592 -2.94999 2.5
      vertex -6.81274 0 0
    endloop
  endfacet
  facet normal 0.866025 -0.500001 -4.64095e-07
    outer loop
      vertex -11.9223 -8.85 2.5
      vertex -6.81274 0 0
      vertex -8.51592 -2.94999 2.5
    endloop
  endfacet
  facet normal 0.866025 -0.500001 -3.4641e-06
    outer loop
      vertex -11.9223 -8.85 2.5
      vertex -13.6255 -11.8 0
      vertex -6.81274 0 0
    endloop
  endfacet
  facet normal 0.866023 -0.500004 0
    outer loop
      vertex -13.6255 -11.8 0
      vertex -11.9223 -8.85 2.5
      vertex -13.6255 -11.8 8
    endloop
  endfacet
  facet normal 0 1 -0
    outer loop
      vertex -14.1647 -10.866 6
      vertex -16.4926 -10.866 8
      vertex -14.1647 -10.866 8
    endloop
  endfacet
  facet normal 0 1 0
    outer loop
      vertex -16.4926 -10.866 8
      vertex -14.1647 -10.866 6
      vertex -16.4926 -10.866 6
    endloop
  endfacet
  facet normal 0 1 -0
    outer loop
      vertex -24.3838 -10.866 6
      vertex -26.7117 -10.866 8
      vertex -24.3838 -10.866 8
    endloop
  endfacet
  facet normal 0 1 0
    outer loop
      vertex -26.7117 -10.866 8
      vertex -24.3838 -10.866 6
      vertex -26.7117 -10.866 6
    endloop
  endfacet
  facet normal 0 0.755935 0.654647
    outer loop
      vertex -14.6647 -9.99999 5
      vertex -16.4926 -10.866 6
      vertex -14.1647 -10.866 6
    endloop
  endfacet
  facet normal 0 0.755935 0.654647
    outer loop
      vertex -16.4926 -10.866 6
      vertex -14.6647 -9.99999 5
      vertex -15.9926 -9.99999 5
    endloop
  endfacet
  facet normal 0 0.755935 0.654647
    outer loop
      vertex -24.8838 -9.99999 5
      vertex -26.7117 -10.866 6
      vertex -24.3838 -10.866 6
    endloop
  endfacet
  facet normal 0 0.755935 0.654647
    outer loop
      vertex -26.7117 -10.866 6
      vertex -24.8838 -9.99999 5
      vertex -26.2117 -9.99999 5
    endloop
  endfacet
  facet normal 0 1 0
    outer loop
      vertex -14.6647 -9.99999 5
      vertex -15.9926 -9.99999 2.5
      vertex -15.9926 -9.99999 5
    endloop
  endfacet
  facet normal 0 1 0
    outer loop
      vertex -15.9926 -9.99999 2.5
      vertex -14.6647 -9.99999 0.5
      vertex -24.8838 -9.99999 2.5
    endloop
  endfacet
  facet normal 0 1 -0
    outer loop
      vertex -14.6647 -9.99999 0.5
      vertex -15.9926 -9.99999 2.5
      vertex -14.6647 -9.99999 5
    endloop
  endfacet
  facet normal 0 1 -0
    outer loop
      vertex -24.8838 -9.99999 2.5
      vertex -26.2117 -9.99999 5
      vertex -24.8838 -9.99999 5
    endloop
  endfacet
  facet normal 0 1 0
    outer loop
      vertex -24.8838 -9.99999 2.5
      vertex -26.2117 -9.99999 0.5
      vertex -26.2117 -9.99999 5
    endloop
  endfacet
  facet normal 0 1 0
    outer loop
      vertex -26.2117 -9.99999 0.5
      vertex -24.8838 -9.99999 2.5
      vertex -14.6647 -9.99999 0.5
    endloop
  endfacet
  facet normal 0 0.755931 -0.654651
    outer loop
      vertex -14.4147 -10.433 0
      vertex -26.2117 -9.99999 0.5
      vertex -14.6647 -9.99999 0.5
    endloop
  endfacet
  facet normal 0 0.755931 -0.654651
    outer loop
      vertex -26.2117 -9.99999 0.5
      vertex -14.4147 -10.433 0
      vertex -26.4617 -10.433 0
    endloop
  endfacet
  facet normal 0 -1 0
    outer loop
      vertex -27.2509 -11.8 8
      vertex -23.8446 -11.8 2.5
      vertex -23.8446 -11.8 8
    endloop
  endfacet
  facet normal 0 -1 -0
    outer loop
      vertex -23.8446 -11.8 2.5
      vertex -27.2509 -11.8 0
      vertex -17.0318 -11.8 2.5
    endloop
  endfacet
  facet normal 0 -1 0
    outer loop
      vertex -27.2509 -11.8 0
      vertex -23.8446 -11.8 2.5
      vertex -27.2509 -11.8 8
    endloop
  endfacet
  facet normal 0 -1 0
    outer loop
      vertex -17.0318 -11.8 2.5
      vertex -13.6255 -11.8 8
      vertex -17.0318 -11.8 8
    endloop
  endfacet
  facet normal 0 -1 0
    outer loop
      vertex -17.0318 -11.8 2.5
      vertex -13.6255 -11.8 0
      vertex -13.6255 -11.8 8
    endloop
  endfacet
  facet normal 0 -1 0
    outer loop
      vertex -13.6255 -11.8 0
      vertex -17.0318 -11.8 2.5
      vertex -27.2509 -11.8 0
    endloop
  endfacet
  facet normal -0 0 1
    outer loop
      vertex -13.0008 -8.85 8
      vertex -13.6255 -11.8 8
      vertex -11.9223 -8.85 8
    endloop
  endfacet
  facet normal -0 0 1
    outer loop
      vertex -14.1647 -10.866 8
      vertex -13.6255 -11.8 8
      vertex -13.0008 -8.85 8
    endloop
  endfacet
  facet normal -0 0 1
    outer loop
      vertex -16.4926 -10.866 8
      vertex -13.6255 -11.8 8
      vertex -14.1647 -10.866 8
    endloop
  endfacet
  facet normal 0 0 1
    outer loop
      vertex -13.6255 -11.8 8
      vertex -16.4926 -10.866 8
      vertex -17.0318 -11.8 8
    endloop
  endfacet
  facet normal -0 0 1
    outer loop
      vertex -26.7117 -10.866 8
      vertex -23.8446 -11.8 8
      vertex -24.3838 -10.866 8
    endloop
  endfacet
  facet normal 0 0 1
    outer loop
      vertex -26.7117 -10.866 8
      vertex -27.2509 -11.8 8
      vertex -23.8446 -11.8 8
    endloop
  endfacet
  facet normal 0 0 1
    outer loop
      vertex -27.8756 -8.85 8
      vertex -27.2509 -11.8 8
      vertex -26.7117 -10.866 8
    endloop
  endfacet
  facet normal 0 0 1
    outer loop
      vertex -27.2509 -11.8 8
      vertex -27.8756 -8.85 8
      vertex -28.9541 -8.85 8
    endloop
  endfacet
  facet normal 0.866016 0.500016 0
    outer loop
      vertex -31.8212 -2.01602 8
      vertex -32.9852 0 6
      vertex -32.9852 0 8
    endloop
  endfacet
  facet normal 0.866016 0.500016 0
    outer loop
      vertex -32.9852 0 6
      vertex -31.8212 -2.01602 8
      vertex -31.8212 -2.01602 6
    endloop
  endfacet
  facet normal 0.866032 0.499988 0
    outer loop
      vertex -26.7117 -10.866 8
      vertex -27.8756 -8.85 6
      vertex -27.8756 -8.85 8
    endloop
  endfacet
  facet normal 0.866032 0.499988 0
    outer loop
      vertex -27.8756 -8.85 6
      vertex -26.7117 -10.866 8
      vertex -26.7117 -10.866 6
    endloop
  endfacet
  facet normal 0.654625 0.377978 0.654674
    outer loop
      vertex -31.3787 -1.24959 5.115
      vertex -31.3212 -1.14999 5
      vertex -31.9852 0 5
    endloop
  endfacet
  facet normal 0.65465 0.377936 0.654674
    outer loop
      vertex -27.6901 -8.85 5.81447
      vertex -26.2117 -9.99999 5
      vertex -26.8756 -8.85 5
    endloop
  endfacet
  facet normal 0.654658 0.377964 0.654649
    outer loop
      vertex -26.2117 -9.99999 5
      vertex -27.6901 -8.85 5.81447
      vertex -26.7117 -10.866 6
    endloop
  endfacet
  facet normal 0.654647 0.377986 0.654647
    outer loop
      vertex -32.9852 0 6
      vertex -31.3787 -1.24959 5.115
      vertex -31.9852 0 5
    endloop
  endfacet
  facet normal 0.654644 0.377975 0.654657
    outer loop
      vertex -31.3787 -1.24959 5.115
      vertex -32.9852 0 6
      vertex -31.8212 -2.01602 6
    endloop
  endfacet
  facet normal 0.654702 0.37798 0.654596
    outer loop
      vertex -26.7117 -10.866 6
      vertex -27.6901 -8.85 5.81447
      vertex -27.8756 -8.85 6
    endloop
  endfacet
  facet normal 0.866041 0.499973 0
    outer loop
      vertex -26.8756 -8.85 5
      vertex -26.2117 -9.99999 5
      vertex -26.8756 -8.85 2.5
    endloop
  endfacet
  facet normal 0.866008 0.50003 -0
    outer loop
      vertex -31.3212 -1.14999 2.5
      vertex -31.9852 0 5
      vertex -31.3212 -1.14999 5
    endloop
  endfacet
  facet normal 0.866008 0.50003 0
    outer loop
      vertex -31.9852 0 5
      vertex -31.3212 -1.14999 2.5
      vertex -31.9852 0 0.5
    endloop
  endfacet
  facet normal 0.866026 0.5 -2.31181e-05
    outer loop
      vertex -26.8756 -8.85 2.5
      vertex -31.9852 0 0.5
      vertex -31.3212 -1.14999 2.5
    endloop
  endfacet
  facet normal 0.866025 0.5 -2.05207e-05
    outer loop
      vertex -26.8756 -8.85 2.5
      vertex -26.2117 -9.99999 0.5
      vertex -31.9852 0 0.5
    endloop
  endfacet
  facet normal 0.866041 0.499973 -0
    outer loop
      vertex -26.2117 -9.99999 0.5
      vertex -26.8756 -8.85 2.5
      vertex -26.2117 -9.99999 5
    endloop
  endfacet
  facet normal 0.654654 0.377965 -0.654653
    outer loop
      vertex -26.2117 -9.99999 0.5
      vertex -26.4617 -10.433 0
      vertex -32.4852 0 0
    endloop
  endfacet
  facet normal 0.654654 0.377965 -0.654654
    outer loop
      vertex -31.9852 0 0.5
      vertex -26.2117 -9.99999 0.5
      vertex -32.4852 0 0
    endloop
  endfacet
  facet normal -0.866023 -0.500005 0
    outer loop
      vertex -34.0637 0 0
      vertex -32.3605 -2.94999 2.5
      vertex -34.0637 0 8
    endloop
  endfacet
  facet normal -0.866024 -0.500003 3.00002e-06
    outer loop
      vertex -34.0637 0 0
      vertex -28.9541 -8.85 2.5
      vertex -32.3605 -2.94999 2.5
    endloop
  endfacet
  facet normal -0.866023 -0.500004 1.04296e-16
    outer loop
      vertex -27.2509 -11.8 0
      vertex -28.9541 -8.85 2.5
      vertex -34.0637 0 0
    endloop
  endfacet
  facet normal -0.866023 -0.500004 -0
    outer loop
      vertex -27.2509 -11.8 8
      vertex -28.9541 -8.85 2.5
      vertex -27.2509 -11.8 0
    endloop
  endfacet
  facet normal -0.866023 -0.500004 0
    outer loop
      vertex -28.9541 -8.85 2.5
      vertex -27.2509 -11.8 8
      vertex -28.9541 -8.85 8
    endloop
  endfacet
  facet normal -0.866023 -0.500005 0
    outer loop
      vertex -34.0637 0 8
      vertex -32.3605 -2.94999 2.5
      vertex -32.3605 -2.94999 8
    endloop
  endfacet
  facet normal 0 0 1
    outer loop
      vertex -15.9926 -9.99999 2.5
      vertex -23.8446 -11.8 2.5
      vertex -17.0318 -11.8 2.5
    endloop
  endfacet
  facet normal 0 -0 1
    outer loop
      vertex -23.8446 -11.8 2.5
      vertex -15.9926 -9.99999 2.5
      vertex -24.8838 -9.99999 2.5
    endloop
  endfacet
  facet normal 0.866044 0.499969 0
    outer loop
      vertex -24.3838 -10.866 8
      vertex -23.8446 -11.8 8
      vertex -24.3838 -10.866 6
    endloop
  endfacet
  facet normal 0.866027 0.499998 -1.03547e-05
    outer loop
      vertex -23.8446 -11.8 2.5
      vertex -24.8838 -9.99999 5
      vertex -24.3838 -10.866 6
    endloop
  endfacet
  facet normal 0.866044 0.499969 -0
    outer loop
      vertex -23.8446 -11.8 2.5
      vertex -24.3838 -10.866 6
      vertex -23.8446 -11.8 8
    endloop
  endfacet
  facet normal 0.866033 0.499987 0
    outer loop
      vertex -24.8838 -9.99999 5
      vertex -23.8446 -11.8 2.5
      vertex -24.8838 -9.99999 2.5
    endloop
  endfacet
  facet normal -0.866033 0.499987 0
    outer loop
      vertex -17.0318 -11.8 2.5
      vertex -15.9926 -9.99999 5
      vertex -15.9926 -9.99999 2.5
    endloop
  endfacet
  facet normal -0.866027 0.499998 -1.03547e-05
    outer loop
      vertex -15.9926 -9.99999 5
      vertex -17.0318 -11.8 2.5
      vertex -16.4926 -10.866 6
    endloop
  endfacet
  facet normal -0.866044 0.499969 0
    outer loop
      vertex -17.0318 -11.8 8
      vertex -16.4926 -10.866 6
      vertex -17.0318 -11.8 2.5
    endloop
  endfacet
  facet normal -0.866044 0.499969 0
    outer loop
      vertex -16.4926 -10.866 6
      vertex -17.0318 -11.8 8
      vertex -16.4926 -10.866 8
    endloop
  endfacet
  facet normal 0 0 1
    outer loop
      vertex -9.55515 -1.14999 2.5
      vertex -11.9223 -8.85 2.5
      vertex -8.51592 -2.94999 2.5
    endloop
  endfacet
  facet normal 0 -0 1
    outer loop
      vertex -11.9223 -8.85 2.5
      vertex -9.55515 -1.14999 2.5
      vertex -14.0008 -8.85 2.5
    endloop
  endfacet
  facet normal 0 1 0
    outer loop
      vertex -11.9223 -8.85 8
      vertex -13.0008 -8.85 6
      vertex -13.0008 -8.85 8
    endloop
  endfacet
  facet normal 0 1 -0
    outer loop
      vertex -11.9223 -8.85 2.5
      vertex -13.0008 -8.85 6
      vertex -11.9223 -8.85 8
    endloop
  endfacet
  facet normal 0 1 0
    outer loop
      vertex -11.9223 -8.85 2.5
      vertex -13.8858 -8.85 5.115
      vertex -13.0008 -8.85 6
    endloop
  endfacet
  facet normal 0 1 0
    outer loop
      vertex -11.9223 -8.85 2.5
      vertex -14.0008 -8.85 5
      vertex -13.8858 -8.85 5.115
    endloop
  endfacet
  facet normal 0 1 0
    outer loop
      vertex -14.0008 -8.85 5
      vertex -11.9223 -8.85 2.5
      vertex -14.0008 -8.85 2.5
    endloop
  endfacet
  facet normal -0.866026 -0.5 0
    outer loop
      vertex -8.51592 -2.94999 2.5
      vertex -9.55515 -1.14999 5
      vertex -9.55515 -1.14999 2.5
    endloop
  endfacet
  facet normal -0.866027 -0.499998 -1.84513e-06
    outer loop
      vertex -9.55515 -1.14999 5
      vertex -8.51592 -2.94999 2.5
      vertex -9.14792 -1.85534 5.81447
    endloop
  endfacet
  facet normal -0.866023 -0.500005 1.08362e-06
    outer loop
      vertex -9.14792 -1.85534 5.81447
      vertex -8.51592 -2.94999 2.5
      vertex -9.05515 -2.01602 6
    endloop
  endfacet
  facet normal -0.866025 -0.500002 -0
    outer loop
      vertex -8.51592 -2.94999 8
      vertex -9.05515 -2.01602 6
      vertex -8.51592 -2.94999 2.5
    endloop
  endfacet
  facet normal -0.866025 -0.500002 0
    outer loop
      vertex -9.05515 -2.01602 6
      vertex -8.51592 -2.94999 8
      vertex -9.05515 -2.01602 8
    endloop
  endfacet
  facet normal 0 0 1
    outer loop
      vertex -31.3212 -1.14999 2.5
      vertex -28.9541 -8.85 2.5
      vertex -26.8756 -8.85 2.5
    endloop
  endfacet
  facet normal 0 0 1
    outer loop
      vertex -28.9541 -8.85 2.5
      vertex -31.3212 -1.14999 2.5
      vertex -32.3605 -2.94999 2.5
    endloop
  endfacet
  facet normal 0.865996 -0.50005 0
    outer loop
      vertex -31.8212 -2.01602 8
      vertex -32.3605 -2.94999 8
      vertex -31.8212 -2.01602 6
    endloop
  endfacet
  facet normal 0.866027 -0.499997 -2.71203e-05
    outer loop
      vertex -32.3605 -2.94999 2.5
      vertex -31.3212 -1.14999 5
      vertex -31.3787 -1.24959 5.115
    endloop
  endfacet
  facet normal 0.866018 -0.500013 -1.33205e-05
    outer loop
      vertex -32.3605 -2.94999 2.5
      vertex -31.3787 -1.24959 5.115
      vertex -31.8212 -2.01602 6
    endloop
  endfacet
  facet normal 0.865996 -0.50005 0
    outer loop
      vertex -32.3605 -2.94999 2.5
      vertex -31.8212 -2.01602 6
      vertex -32.3605 -2.94999 8
    endloop
  endfacet
  facet normal 0.866011 -0.500025 0
    outer loop
      vertex -31.3212 -1.14999 5
      vertex -32.3605 -2.94999 2.5
      vertex -31.3212 -1.14999 2.5
    endloop
  endfacet
  facet normal 0 1 -0
    outer loop
      vertex -27.8756 -8.85 6
      vertex -28.9541 -8.85 8
      vertex -27.8756 -8.85 8
    endloop
  endfacet
  facet normal 0 1 0
    outer loop
      vertex -28.9541 -8.85 2.5
      vertex -26.8756 -8.85 5
      vertex -26.8756 -8.85 2.5
    endloop
  endfacet
  facet normal 0 1 0
    outer loop
      vertex -26.8756 -8.85 5
      vertex -28.9541 -8.85 2.5
      vertex -27.6901 -8.85 5.81447
    endloop
  endfacet
  facet normal 0 1 0
    outer loop
      vertex -27.6901 -8.85 5.81447
      vertex -28.9541 -8.85 2.5
      vertex -27.8756 -8.85 6
    endloop
  endfacet
  facet normal 0 1 0
    outer loop
      vertex -27.8756 -8.85 6
      vertex -28.9541 -8.85 2.5
      vertex -28.9541 -8.85 8
    endloop
  endfacet
  facet normal 0.866024 -0.500003 0
    outer loop
      vertex -32.3605 2.95 8
      vertex -28.9541 8.85001 3
      vertex -28.9541 8.85001 8
    endloop
  endfacet
  facet normal 0.866024 -0.500003 0
    outer loop
      vertex -28.9541 8.85001 3
      vertex -32.3605 2.95 8
      vertex -32.3605 2.95 3
    endloop
  endfacet
  facet normal 1 0 0
    outer loop
      vertex 13.6255 10.7215 6
      vertex 13.6255 11.8 8
      vertex 13.6255 10.7215 8
    endloop
  endfacet
  facet normal 1 0 0
    outer loop
      vertex 13.6255 11.8 8
      vertex 13.6255 10.7215 6
      vertex 13.6255 11.8 0
    endloop
  endfacet
  facet normal 1 -0 0
    outer loop
      vertex 13.6255 9.72153 5
      vertex 13.6255 11.8 0
      vertex 13.6255 10.7215 6
    endloop
  endfacet
  facet normal 1 -0 0
    outer loop
      vertex 13.6255 9.72153 0.5
      vertex 13.6255 11.8 0
      vertex 13.6255 9.72153 5
    endloop
  endfacet
  facet normal 1 0 0
    outer loop
      vertex 13.6255 11.8 0
      vertex 13.6255 9.72153 0.5
      vertex 13.6255 10.2215 0
    endloop
  endfacet
  facet normal 0 -1 0
    outer loop
      vertex 13.0028 10.7215 6
      vertex 13.6255 10.7215 8
      vertex 13.0028 10.7215 8
    endloop
  endfacet
  facet normal 0 -1 -0
    outer loop
      vertex 13.6255 10.7215 8
      vertex 13.0028 10.7215 6
      vertex 13.6255 10.7215 6
    endloop
  endfacet
  facet normal 0 -1 0
    outer loop
      vertex -11.9243 10.7215 6
      vertex 11.9243 10.7215 8
      vertex -11.9243 10.7215 8
    endloop
  endfacet
  facet normal 0 -1 -0
    outer loop
      vertex 11.9243 10.7215 8
      vertex -11.9243 10.7215 6
      vertex 11.9243 10.7215 6
    endloop
  endfacet
  facet normal 0 -0.707117 0.707096
    outer loop
      vertex 13.6255 9.72153 5
      vertex 13.0028 10.7215 6
      vertex 12.4255 9.72153 5
    endloop
  endfacet
  facet normal 0 -0.707117 0.707096
    outer loop
      vertex 13.0028 10.7215 6
      vertex 13.6255 9.72153 5
      vertex 13.6255 10.7215 6
    endloop
  endfacet
  facet normal 0 -0.707195 0.707018
    outer loop
      vertex -11.9243 10.7215 6
      vertex 11.7353 10.6017 5.88017
      vertex 11.9243 10.7215 6
    endloop
  endfacet
  facet normal 8.89495e-07 -0.707107 0.707106
    outer loop
      vertex -11.9243 10.7215 6
      vertex 11.1318 10.2191 5.49757
      vertex 11.7353 10.6017 5.88017
    endloop
  endfacet
  facet normal 3.7244e-07 -0.707119 0.707094
    outer loop
      vertex -10.6233 9.89669 5.17516
      vertex 11.1318 10.2191 5.49757
      vertex -11.9243 10.7215 6
    endloop
  endfacet
  facet normal 0 -0.707107 0.707107
    outer loop
      vertex -10.347 9.72153 5
      vertex 11.1318 10.2191 5.49757
      vertex -10.6233 9.89669 5.17516
    endloop
  endfacet
  facet normal 0 -0.707107 0.707107
    outer loop
      vertex 11.1318 10.2191 5.49757
      vertex -10.347 9.72153 5
      vertex 11.4191 9.72153 5
    endloop
  endfacet
  facet normal 0 -1 0
    outer loop
      vertex 12.4255 9.72153 0.5
      vertex 13.6255 9.72153 5
      vertex 12.4255 9.72153 5
    endloop
  endfacet
  facet normal 0 -1 -0
    outer loop
      vertex 13.6255 9.72153 5
      vertex 12.4255 9.72153 0.5
      vertex 13.6255 9.72153 0.5
    endloop
  endfacet
  facet normal 0 -1 0
    outer loop
      vertex -10.347 9.72153 5
      vertex 10.347 9.72153 2.5
      vertex 11.4191 9.72153 5
    endloop
  endfacet
  facet normal 0 -1 0
    outer loop
      vertex -10.347 9.72153 0.5
      vertex 10.347 9.72153 2.5
      vertex -10.347 9.72153 5
    endloop
  endfacet
  facet normal 0 -1 -0
    outer loop
      vertex 10.347 9.72153 2.5
      vertex -10.347 9.72153 0.5
      vertex 10.347 9.72153 0.5
    endloop
  endfacet
  facet normal 0 -1 -0
    outer loop
      vertex 11.4191 9.72153 5
      vertex 10.347 9.72153 2.5
      vertex 11.4191 9.72153 2.5
    endloop
  endfacet
  facet normal 0 -0.707128 -0.707086
    outer loop
      vertex 12.7141 10.2215 0
      vertex 13.6255 9.72153 0.5
      vertex 12.4255 9.72153 0.5
    endloop
  endfacet
  facet normal 0 -0.707128 -0.707086
    outer loop
      vertex 13.6255 9.72153 0.5
      vertex 12.7141 10.2215 0
      vertex 13.6255 10.2215 0
    endloop
  endfacet
  facet normal 0 -0.707125 -0.707088
    outer loop
      vertex -10.347 9.72153 0.5
      vertex 10.4969 9.81658 0.404945
      vertex 10.347 9.72153 0.5
    endloop
  endfacet
  facet normal -5.3237e-07 -0.707067 -0.707147
    outer loop
      vertex -11.0046 10.1385 0.0830774
      vertex 10.4969 9.81658 0.404945
      vertex -10.347 9.72153 0.5
    endloop
  endfacet
  facet normal -0 -0.707436 -0.706777
    outer loop
      vertex 11.1357 10.2215 0
      vertex -11.0046 10.1385 0.0830774
      vertex -11.1357 10.2215 0
    endloop
  endfacet
  facet normal -2.32197e-06 -0.707127 -0.707087
    outer loop
      vertex -11.0046 10.1385 0.0830774
      vertex 11.1357 10.2215 0
      vertex 10.4969 9.81658 0.404945
    endloop
  endfacet
  facet normal 0 1 0
    outer loop
      vertex 11.547 11.8 5
      vertex 12.547 11.8 8
      vertex 12.547 11.8 6
    endloop
  endfacet
  facet normal 0 1 0
    outer loop
      vertex 12.547 11.8 8
      vertex 11.547 11.8 5
      vertex -12.547 11.8 8
    endloop
  endfacet
  facet normal 0 1 0
    outer loop
      vertex -12.547 11.8 8
      vertex -11.547 11.8 5
      vertex -12.547 11.8 6
    endloop
  endfacet
  facet normal 0 1 -0
    outer loop
      vertex -11.547 11.8 5
      vertex -12.547 11.8 8
      vertex 11.547 11.8 5
    endloop
  endfacet
  facet normal 0 1 -0
    outer loop
      vertex 11.547 11.8 0.5
      vertex -11.547 11.8 5
      vertex 11.547 11.8 5
    endloop
  endfacet
  facet normal 0 1 0
    outer loop
      vertex 11.547 11.8 0.5
      vertex -11.547 11.8 0.5
      vertex -11.547 11.8 5
    endloop
  endfacet
  facet normal 0 1 0
    outer loop
      vertex 11.547 11.8 0.5
      vertex -12.047 11.8 0
      vertex -11.547 11.8 0.5
    endloop
  endfacet
  facet normal 0 1 0
    outer loop
      vertex 11.547 11.8 0.5
      vertex 12.047 11.8 0
      vertex -12.047 11.8 0
    endloop
  endfacet
  facet normal 0 1 0
    outer loop
      vertex -11.547 11.8 0.5
      vertex -12.047 11.8 0
      vertex -12.047 11.8 4.67301e-07
    endloop
  endfacet
  facet normal 0.866025 -0.500001 0
    outer loop
      vertex -73.8616 0 8
      vertex -67.5881 10.866 6
      vertex -67.5881 10.866 8
    endloop
  endfacet
  facet normal 0.866025 -0.500001 0
    outer loop
      vertex -67.5881 10.866 6
      vertex -73.8616 0 8
      vertex -73.8616 0 6
    endloop
  endfacet
  facet normal 0.654654 -0.377965 0.654654
    outer loop
      vertex -72.8616 0 5
      vertex -67.0881 9.99999 5
      vertex -73.8616 0 6
    endloop
  endfacet
  facet normal 0.654656 -0.377966 0.654651
    outer loop
      vertex -67.0881 9.99999 5
      vertex -67.5881 10.866 6
      vertex -73.8616 0 6
    endloop
  endfacet
  facet normal 0.866025 -0.5 0
    outer loop
      vertex -72.8616 0 5
      vertex -67.0881 9.99999 0.5
      vertex -67.0881 9.99999 5
    endloop
  endfacet
  facet normal 0.866025 -0.5 0
    outer loop
      vertex -67.0881 9.99999 0.5
      vertex -72.8616 0 5
      vertex -72.8616 0 0.5
    endloop
  endfacet
  facet normal 0.654654 -0.377965 -0.654654
    outer loop
      vertex -67.3381 10.433 0
      vertex -72.8616 0 0.5
      vertex -73.3616 0 0
    endloop
  endfacet
  facet normal 0.654654 -0.377965 -0.654653
    outer loop
      vertex -67.3381 10.433 0
      vertex -67.0881 9.99999 0.5
      vertex -72.8616 0 0.5
    endloop
  endfacet
  facet normal -0.866023 0.500005 0
    outer loop
      vertex -69.3273 9.72153 0.5
      vertex -74.9401 0 0
      vertex -69.3273 9.72153 5
    endloop
  endfacet
  facet normal -0.866025 0.500001 0.000101342
    outer loop
      vertex -74.9401 0 0
      vertex -69.3273 9.72153 0.5
      vertex -69.0387 10.2215 0
    endloop
  endfacet
  facet normal -0.866038 0.499979 0
    outer loop
      vertex -69.3273 9.72153 5
      vertex -68.75 10.7215 8
      vertex -68.75 10.7215 6
    endloop
  endfacet
  facet normal -0.866023 0.500005 0
    outer loop
      vertex -74.9401 0 8
      vertex -69.3273 9.72153 5
      vertex -74.9401 0 0
    endloop
  endfacet
  facet normal -0.866024 0.500002 -1.05639e-05
    outer loop
      vertex -69.3273 9.72153 5
      vertex -74.9401 0 8
      vertex -68.75 10.7215 8
    endloop
  endfacet
  facet normal 0 -1 0
    outer loop
      vertex -67.5881 10.866 6
      vertex -55.0411 10.866 8
      vertex -67.5881 10.866 8
    endloop
  endfacet
  facet normal 0 -1 -0
    outer loop
      vertex -55.0411 10.866 8
      vertex -67.5881 10.866 6
      vertex -55.0411 10.866 6
    endloop
  endfacet
  facet normal 0 -0.755935 0.654647
    outer loop
      vertex -67.0881 9.99999 5
      vertex -55.0411 10.866 6
      vertex -67.5881 10.866 6
    endloop
  endfacet
  facet normal 0 -0.755935 0.654647
    outer loop
      vertex -55.0411 10.866 6
      vertex -67.0881 9.99999 5
      vertex -55.5411 9.99999 5
    endloop
  endfacet
  facet normal 0 -1 0
    outer loop
      vertex -67.0881 9.99999 0.5
      vertex -55.5411 9.99999 5
      vertex -67.0881 9.99999 5
    endloop
  endfacet
  facet normal 0 -1 -0
    outer loop
      vertex -55.5411 9.99999 5
      vertex -67.0881 9.99999 0.5
      vertex -55.5411 9.99999 0.5
    endloop
  endfacet
  facet normal 0 -0.755931 -0.654651
    outer loop
      vertex -67.3381 10.433 0
      vertex -55.5411 9.99999 0.5
      vertex -67.0881 9.99999 0.5
    endloop
  endfacet
  facet normal 0 -0.755931 -0.654651
    outer loop
      vertex -55.5411 9.99999 0.5
      vertex -67.3381 10.433 0
      vertex -55.2911 10.433 0
    endloop
  endfacet
  facet normal 0 1 -0
    outer loop
      vertex -54.5019 11.8 0
      vertex -68.1273 11.8 8
      vertex -54.5019 11.8 8
    endloop
  endfacet
  facet normal 0 1 0
    outer loop
      vertex -68.1273 11.8 8
      vertex -54.5019 11.8 0
      vertex -68.1273 11.8 0
    endloop
  endfacet
  facet normal -0.866025 -0.500001 0
    outer loop
      vertex -48.7676 0 6
      vertex -55.0411 10.866 8
      vertex -55.0411 10.866 6
    endloop
  endfacet
  facet normal -0.866025 -0.500001 0
    outer loop
      vertex -55.0411 10.866 8
      vertex -48.7676 0 6
      vertex -48.7676 0 8
    endloop
  endfacet
  facet normal -0.654656 -0.377966 0.65465
    outer loop
      vertex -49.7676 0 5
      vertex -55.0411 10.866 6
      vertex -55.5411 9.99999 5
    endloop
  endfacet
  facet normal -0.654653 -0.377965 0.654653
    outer loop
      vertex -49.7676 0 5
      vertex -48.7676 0 6
      vertex -55.0411 10.866 6
    endloop
  endfacet
  facet normal -0.866025 -0.5 0
    outer loop
      vertex -49.7676 0 0.5
      vertex -55.5411 9.99999 5
      vertex -55.5411 9.99999 0.5
    endloop
  endfacet
  facet normal -0.866025 -0.5 0
    outer loop
      vertex -55.5411 9.99999 5
      vertex -49.7676 0 0.5
      vertex -49.7676 0 5
    endloop
  endfacet
  facet normal -0.654654 -0.377965 -0.654653
    outer loop
      vertex -55.2911 10.433 0
      vertex -49.2676 0 0
      vertex -55.5411 9.99999 0.5
    endloop
  endfacet
  facet normal -0.654654 -0.377965 -0.654654
    outer loop
      vertex -49.2676 0 0
      vertex -49.7676 0 0.5
      vertex -55.5411 9.99999 0.5
    endloop
  endfacet
  facet normal 0.866038 0.499979 0
    outer loop
      vertex -53.8792 10.7215 8
      vertex -53.3019 9.72153 5
      vertex -53.8792 10.7215 6
    endloop
  endfacet
  facet normal 0.866023 0.500005 -0
    outer loop
      vertex -47.6891 0 0
      vertex -53.3019 9.72153 5
      vertex -47.6891 0 8
    endloop
  endfacet
  facet normal 0.866024 0.500002 -1.05639e-05
    outer loop
      vertex -47.6891 0 8
      vertex -53.3019 9.72153 5
      vertex -53.8792 10.7215 8
    endloop
  endfacet
  facet normal 0.866023 0.500005 0
    outer loop
      vertex -53.3019 9.72153 5
      vertex -47.6891 0 0
      vertex -53.3019 9.72153 0.5
    endloop
  endfacet
  facet normal 0.866025 0.500001 0.000101342
    outer loop
      vertex -53.3019 9.72153 0.5
      vertex -47.6891 0 0
      vertex -53.5905 10.2215 0
    endloop
  endfacet
  facet normal -0.866035 0.499984 0
    outer loop
      vertex -49.9315 -2.01602 6
      vertex -48.7676 0 8
      vertex -48.7676 0 6
    endloop
  endfacet
  facet normal -0.866035 0.499984 0
    outer loop
      vertex -48.7676 0 8
      vertex -49.9315 -2.01602 6
      vertex -49.9315 -2.01602 8
    endloop
  endfacet
  facet normal -0.866032 0.499988 0
    outer loop
      vertex -55.0411 -10.866 6
      vertex -53.8772 -8.85 8
      vertex -53.8772 -8.85 6
    endloop
  endfacet
  facet normal -0.866032 0.499988 0
    outer loop
      vertex -53.8772 -8.85 8
      vertex -55.0411 -10.866 6
      vertex -55.0411 -10.866 8
    endloop
  endfacet
  facet normal -0.65466 0.377942 0.65466
    outer loop
      vertex -50.4315 -1.14999 5
      vertex -48.7676 0 6
      vertex -49.7676 0 5
    endloop
  endfacet
  facet normal -0.654667 0.377971 0.654637
    outer loop
      vertex -48.7676 0 6
      vertex -50.4315 -1.14999 5
      vertex -50.0243 -1.85534 5.81447
    endloop
  endfacet
  facet normal -0.65466 0.377942 0.65466
    outer loop
      vertex -54.7622 -8.85 5.115
      vertex -54.8772 -8.85 5
      vertex -55.5411 -9.99999 5
    endloop
  endfacet
  facet normal -0.654605 0.37792 0.654728
    outer loop
      vertex -49.9315 -2.01602 6
      vertex -48.7676 0 6
      vertex -50.0243 -1.85534 5.81447
    endloop
  endfacet
  facet normal -0.65466 0.377942 0.65466
    outer loop
      vertex -55.5411 -9.99999 5
      vertex -53.8772 -8.85 6
      vertex -54.7622 -8.85 5.115
    endloop
  endfacet
  facet normal -0.654664 0.377958 0.654647
    outer loop
      vertex -53.8772 -8.85 6
      vertex -55.5411 -9.99999 5
      vertex -55.0411 -10.866 6
    endloop
  endfacet
  facet normal -0.866041 0.499973 0
    outer loop
      vertex -49.7676 0 0.5
      vertex -50.4315 -1.14999 2.5
      vertex -49.7676 0 5
    endloop
  endfacet
  facet normal -0.866021 0.500008 2.665e-05
    outer loop
      vertex -49.7676 0 0.5
      vertex -54.8772 -8.85 2.5
      vertex -50.4315 -1.14999 2.5
    endloop
  endfacet
  facet normal -0.866025 0.5 -2.05207e-05
    outer loop
      vertex -55.5411 -9.99999 0.5
      vertex -54.8772 -8.85 2.5
      vertex -49.7676 0 0.5
    endloop
  endfacet
  facet normal -0.866041 0.499973 0
    outer loop
      vertex -55.5411 -9.99999 5
      vertex -54.8772 -8.85 2.5
      vertex -55.5411 -9.99999 0.5
    endloop
  endfacet
  facet normal -0.866041 0.499973 0
    outer loop
      vertex -54.8772 -8.85 2.5
      vertex -55.5411 -9.99999 5
      vertex -54.8772 -8.85 5
    endloop
  endfacet
  facet normal -0.866041 0.499973 0
    outer loop
      vertex -49.7676 0 5
      vertex -50.4315 -1.14999 2.5
      vertex -50.4315 -1.14999 5
    endloop
  endfacet
  facet normal -0.654654 0.377965 -0.654654
    outer loop
      vertex -49.7676 0 0.5
      vertex -49.2676 0 0
      vertex -55.2911 -10.433 0
    endloop
  endfacet
  facet normal -0.654654 0.377965 -0.654653
    outer loop
      vertex -49.7676 0 0.5
      vertex -55.2911 -10.433 0
      vertex -55.5411 -9.99999 0.5
    endloop
  endfacet
  facet normal 0.866023 -0.500004 0
    outer loop
      vertex -52.7987 -8.85 8
      vertex -54.5019 -11.8 8
      vertex -52.7987 -8.85 2.5
    endloop
  endfacet
  facet normal 0.866023 -0.500005 0
    outer loop
      vertex -49.3923 -2.94999 2.5
      vertex -47.6891 0 8
      vertex -49.3923 -2.94999 8
    endloop
  endfacet
  facet normal 0.866023 -0.500005 0
    outer loop
      vertex -47.6891 0 8
      vertex -49.3923 -2.94999 2.5
      vertex -47.6891 0 0
    endloop
  endfacet
  facet normal 0.866024 -0.500003 3.00002e-06
    outer loop
      vertex -52.7987 -8.85 2.5
      vertex -47.6891 0 0
      vertex -49.3923 -2.94999 2.5
    endloop
  endfacet
  facet normal 0.866023 -0.500004 -1.09511e-15
    outer loop
      vertex -52.7987 -8.85 2.5
      vertex -54.5019 -11.8 0
      vertex -47.6891 0 0
    endloop
  endfacet
  facet normal 0.866023 -0.500004 0
    outer loop
      vertex -54.5019 -11.8 0
      vertex -52.7987 -8.85 2.5
      vertex -54.5019 -11.8 8
    endloop
  endfacet
  facet normal 0 1 -0
    outer loop
      vertex -55.0411 -10.866 6
      vertex -57.369 -10.866 8
      vertex -55.0411 -10.866 8
    endloop
  endfacet
  facet normal 0 1 0
    outer loop
      vertex -57.369 -10.866 8
      vertex -55.0411 -10.866 6
      vertex -57.369 -10.866 6
    endloop
  endfacet
  facet normal 0 1 -0
    outer loop
      vertex -65.2602 -10.866 6
      vertex -67.5881 -10.866 8
      vertex -65.2602 -10.866 8
    endloop
  endfacet
  facet normal 0 1 0
    outer loop
      vertex -67.5881 -10.866 8
      vertex -65.2602 -10.866 6
      vertex -67.5881 -10.866 6
    endloop
  endfacet
  facet normal 0 0.755935 0.654647
    outer loop
      vertex -55.5411 -9.99999 5
      vertex -57.369 -10.866 6
      vertex -55.0411 -10.866 6
    endloop
  endfacet
  facet normal 0 0.755935 0.654647
    outer loop
      vertex -57.369 -10.866 6
      vertex -55.5411 -9.99999 5
      vertex -56.869 -9.99999 5
    endloop
  endfacet
  facet normal 0 0.755935 0.654647
    outer loop
      vertex -65.7602 -9.99999 5
      vertex -67.5881 -10.866 6
      vertex -65.2602 -10.866 6
    endloop
  endfacet
  facet normal 0 0.755935 0.654647
    outer loop
      vertex -67.5881 -10.866 6
      vertex -65.7602 -9.99999 5
      vertex -67.0881 -9.99999 5
    endloop
  endfacet
  facet normal 0 1 0
    outer loop
      vertex -55.5411 -9.99999 5
      vertex -56.869 -9.99999 2.5
      vertex -56.869 -9.99999 5
    endloop
  endfacet
  facet normal 0 1 0
    outer loop
      vertex -56.869 -9.99999 2.5
      vertex -55.5411 -9.99999 0.5
      vertex -65.7602 -9.99999 2.5
    endloop
  endfacet
  facet normal 0 1 -0
    outer loop
      vertex -55.5411 -9.99999 0.5
      vertex -56.869 -9.99999 2.5
      vertex -55.5411 -9.99999 5
    endloop
  endfacet
  facet normal 0 1 -0
    outer loop
      vertex -65.7602 -9.99999 2.5
      vertex -67.0881 -9.99999 5
      vertex -65.7602 -9.99999 5
    endloop
  endfacet
  facet normal 0 1 0
    outer loop
      vertex -65.7602 -9.99999 2.5
      vertex -67.0881 -9.99999 0.5
      vertex -67.0881 -9.99999 5
    endloop
  endfacet
  facet normal 0 1 0
    outer loop
      vertex -67.0881 -9.99999 0.5
      vertex -65.7602 -9.99999 2.5
      vertex -55.5411 -9.99999 0.5
    endloop
  endfacet
  facet normal 0 0.755931 -0.654651
    outer loop
      vertex -55.2911 -10.433 0
      vertex -67.0881 -9.99999 0.5
      vertex -55.5411 -9.99999 0.5
    endloop
  endfacet
  facet normal 0 0.755931 -0.654651
    outer loop
      vertex -67.0881 -9.99999 0.5
      vertex -55.2911 -10.433 0
      vertex -67.3381 -10.433 0
    endloop
  endfacet
  facet normal 0 -1 0
    outer loop
      vertex -68.1273 -11.8 8
      vertex -64.721 -11.8 2.5
      vertex -64.721 -11.8 8
    endloop
  endfacet
  facet normal 0 -1 -0
    outer loop
      vertex -64.721 -11.8 2.5
      vertex -68.1273 -11.8 0
      vertex -57.9082 -11.8 2.5
    endloop
  endfacet
  facet normal 0 -1 0
    outer loop
      vertex -68.1273 -11.8 0
      vertex -64.721 -11.8 2.5
      vertex -68.1273 -11.8 8
    endloop
  endfacet
  facet normal 0 -1 0
    outer loop
      vertex -57.9082 -11.8 2.5
      vertex -54.5019 -11.8 8
      vertex -57.9082 -11.8 8
    endloop
  endfacet
  facet normal 0 -1 0
    outer loop
      vertex -57.9082 -11.8 2.5
      vertex -54.5019 -11.8 0
      vertex -54.5019 -11.8 8
    endloop
  endfacet
  facet normal 0 -1 0
    outer loop
      vertex -54.5019 -11.8 0
      vertex -57.9082 -11.8 2.5
      vertex -68.1273 -11.8 0
    endloop
  endfacet
  facet normal -0 0 1
    outer loop
      vertex -53.8772 -8.85 8
      vertex -54.5019 -11.8 8
      vertex -52.7987 -8.85 8
    endloop
  endfacet
  facet normal -0 0 1
    outer loop
      vertex -55.0411 -10.866 8
      vertex -54.5019 -11.8 8
      vertex -53.8772 -8.85 8
    endloop
  endfacet
  facet normal -0 0 1
    outer loop
      vertex -57.369 -10.866 8
      vertex -54.5019 -11.8 8
      vertex -55.0411 -10.866 8
    endloop
  endfacet
  facet normal 0 0 1
    outer loop
      vertex -54.5019 -11.8 8
      vertex -57.369 -10.866 8
      vertex -57.9082 -11.8 8
    endloop
  endfacet
  facet normal -0 0 1
    outer loop
      vertex -67.5881 -10.866 8
      vertex -64.721 -11.8 8
      vertex -65.2602 -10.866 8
    endloop
  endfacet
  facet normal 0 0 1
    outer loop
      vertex -67.5881 -10.866 8
      vertex -68.1273 -11.8 8
      vertex -64.721 -11.8 8
    endloop
  endfacet
  facet normal 0 0 1
    outer loop
      vertex -68.752 -8.85 8
      vertex -68.1273 -11.8 8
      vertex -67.5881 -10.866 8
    endloop
  endfacet
  facet normal 0 0 1
    outer loop
      vertex -68.1273 -11.8 8
      vertex -68.752 -8.85 8
      vertex -69.8305 -8.85 8
    endloop
  endfacet
  facet normal 0.866016 0.500016 0
    outer loop
      vertex -72.6976 -2.01602 8
      vertex -73.8616 0 6
      vertex -73.8616 0 8
    endloop
  endfacet
  facet normal 0.866016 0.500016 0
    outer loop
      vertex -73.8616 0 6
      vertex -72.6976 -2.01602 8
      vertex -72.6976 -2.01602 6
    endloop
  endfacet
  facet normal 0.866032 0.499988 0
    outer loop
      vertex -67.5881 -10.866 8
      vertex -68.752 -8.85 6
      vertex -68.752 -8.85 8
    endloop
  endfacet
  facet normal 0.866032 0.499988 0
    outer loop
      vertex -68.752 -8.85 6
      vertex -67.5881 -10.866 8
      vertex -67.5881 -10.866 6
    endloop
  endfacet
  facet normal 0.654625 0.377978 0.654674
    outer loop
      vertex -72.2551 -1.24959 5.115
      vertex -72.1976 -1.14999 5
      vertex -72.8616 0 5
    endloop
  endfacet
  facet normal 0.65465 0.377936 0.654674
    outer loop
      vertex -68.5665 -8.85 5.81447
      vertex -67.0881 -9.99999 5
      vertex -67.752 -8.85 5
    endloop
  endfacet
  facet normal 0.654658 0.377964 0.654649
    outer loop
      vertex -67.0881 -9.99999 5
      vertex -68.5665 -8.85 5.81447
      vertex -67.5881 -10.866 6
    endloop
  endfacet
  facet normal 0.654647 0.377986 0.654647
    outer loop
      vertex -73.8616 0 6
      vertex -72.2551 -1.24959 5.115
      vertex -72.8616 0 5
    endloop
  endfacet
  facet normal 0.654644 0.377975 0.654657
    outer loop
      vertex -72.2551 -1.24959 5.115
      vertex -73.8616 0 6
      vertex -72.6976 -2.01602 6
    endloop
  endfacet
  facet normal 0.654702 0.37798 0.654596
    outer loop
      vertex -67.5881 -10.866 6
      vertex -68.5665 -8.85 5.81447
      vertex -68.752 -8.85 6
    endloop
  endfacet
  facet normal 0.866041 0.499973 0
    outer loop
      vertex -67.752 -8.85 5
      vertex -67.0881 -9.99999 5
      vertex -67.752 -8.85 2.5
    endloop
  endfacet
  facet normal 0.866008 0.50003 -0
    outer loop
      vertex -72.1976 -1.14999 2.5
      vertex -72.8616 0 5
      vertex -72.1976 -1.14999 5
    endloop
  endfacet
  facet normal 0.866008 0.50003 0
    outer loop
      vertex -72.8616 0 5
      vertex -72.1976 -1.14999 2.5
      vertex -72.8616 0 0.5
    endloop
  endfacet
  facet normal 0.866026 0.5 -2.31181e-05
    outer loop
      vertex -67.752 -8.85 2.5
      vertex -72.8616 0 0.5
      vertex -72.1976 -1.14999 2.5
    endloop
  endfacet
  facet normal 0.866025 0.5 -2.05207e-05
    outer loop
      vertex -67.752 -8.85 2.5
      vertex -67.0881 -9.99999 0.5
      vertex -72.8616 0 0.5
    endloop
  endfacet
  facet normal 0.866041 0.499973 -0
    outer loop
      vertex -67.0881 -9.99999 0.5
      vertex -67.752 -8.85 2.5
      vertex -67.0881 -9.99999 5
    endloop
  endfacet
  facet normal 0.654654 0.377965 -0.654653
    outer loop
      vertex -67.0881 -9.99999 0.5
      vertex -67.3381 -10.433 0
      vertex -73.3616 0 0
    endloop
  endfacet
  facet normal 0.654654 0.377965 -0.654654
    outer loop
      vertex -72.8616 0 0.5
      vertex -67.0881 -9.99999 0.5
      vertex -73.3616 0 0
    endloop
  endfacet
  facet normal -0.866023 -0.500005 0
    outer loop
      vertex -74.9401 0 0
      vertex -73.2369 -2.94999 2.5
      vertex -74.9401 0 8
    endloop
  endfacet
  facet normal -0.866024 -0.500003 3.00002e-06
    outer loop
      vertex -74.9401 0 0
      vertex -69.8305 -8.85 2.5
      vertex -73.2369 -2.94999 2.5
    endloop
  endfacet
  facet normal -0.866023 -0.500004 1.35585e-15
    outer loop
      vertex -68.1273 -11.8 0
      vertex -69.8305 -8.85 2.5
      vertex -74.9401 0 0
    endloop
  endfacet
  facet normal -0.866023 -0.500004 -0
    outer loop
      vertex -68.1273 -11.8 8
      vertex -69.8305 -8.85 2.5
      vertex -68.1273 -11.8 0
    endloop
  endfacet
  facet normal -0.866023 -0.500004 0
    outer loop
      vertex -69.8305 -8.85 2.5
      vertex -68.1273 -11.8 8
      vertex -69.8305 -8.85 8
    endloop
  endfacet
  facet normal -0.866023 -0.500005 0
    outer loop
      vertex -74.9401 0 8
      vertex -73.2369 -2.94999 2.5
      vertex -73.2369 -2.94999 8
    endloop
  endfacet
  facet normal 0 0 1
    outer loop
      vertex -56.869 -9.99999 2.5
      vertex -64.721 -11.8 2.5
      vertex -57.9082 -11.8 2.5
    endloop
  endfacet
  facet normal 0 -0 1
    outer loop
      vertex -64.721 -11.8 2.5
      vertex -56.869 -9.99999 2.5
      vertex -65.7602 -9.99999 2.5
    endloop
  endfacet
  facet normal 0.866044 0.499969 0
    outer loop
      vertex -65.2602 -10.866 8
      vertex -64.721 -11.8 8
      vertex -65.2602 -10.866 6
    endloop
  endfacet
  facet normal 0.866027 0.499998 -1.03547e-05
    outer loop
      vertex -64.721 -11.8 2.5
      vertex -65.7602 -9.99999 5
      vertex -65.2602 -10.866 6
    endloop
  endfacet
  facet normal 0.866044 0.499969 -0
    outer loop
      vertex -64.721 -11.8 2.5
      vertex -65.2602 -10.866 6
      vertex -64.721 -11.8 8
    endloop
  endfacet
  facet normal 0.866033 0.499987 0
    outer loop
      vertex -65.7602 -9.99999 5
      vertex -64.721 -11.8 2.5
      vertex -65.7602 -9.99999 2.5
    endloop
  endfacet
  facet normal -0.866033 0.499987 0
    outer loop
      vertex -57.9082 -11.8 2.5
      vertex -56.869 -9.99999 5
      vertex -56.869 -9.99999 2.5
    endloop
  endfacet
  facet normal -0.866027 0.499998 -1.03547e-05
    outer loop
      vertex -56.869 -9.99999 5
      vertex -57.9082 -11.8 2.5
      vertex -57.369 -10.866 6
    endloop
  endfacet
  facet normal -0.866044 0.499969 0
    outer loop
      vertex -57.9082 -11.8 8
      vertex -57.369 -10.866 6
      vertex -57.9082 -11.8 2.5
    endloop
  endfacet
  facet normal -0.866044 0.499969 0
    outer loop
      vertex -57.369 -10.866 6
      vertex -57.9082 -11.8 8
      vertex -57.369 -10.866 8
    endloop
  endfacet
  facet normal 0 0 1
    outer loop
      vertex -50.4315 -1.14999 2.5
      vertex -52.7987 -8.85 2.5
      vertex -49.3923 -2.94999 2.5
    endloop
  endfacet
  facet normal 0 -0 1
    outer loop
      vertex -52.7987 -8.85 2.5
      vertex -50.4315 -1.14999 2.5
      vertex -54.8772 -8.85 2.5
    endloop
  endfacet
  facet normal 0 1 0
    outer loop
      vertex -52.7987 -8.85 8
      vertex -53.8772 -8.85 6
      vertex -53.8772 -8.85 8
    endloop
  endfacet
  facet normal 0 1 0
    outer loop
      vertex -52.7987 -8.85 2.5
      vertex -54.7622 -8.85 5.115
      vertex -53.8772 -8.85 6
    endloop
  endfacet
  facet normal 0 1 -0
    outer loop
      vertex -52.7987 -8.85 2.5
      vertex -53.8772 -8.85 6
      vertex -52.7987 -8.85 8
    endloop
  endfacet
  facet normal 0 1 0
    outer loop
      vertex -54.7622 -8.85 5.115
      vertex -52.7987 -8.85 2.5
      vertex -54.8772 -8.85 5
    endloop
  endfacet
  facet normal 0 1 0
    outer loop
      vertex -54.8772 -8.85 5
      vertex -52.7987 -8.85 2.5
      vertex -54.8772 -8.85 2.5
    endloop
  endfacet
  facet normal -0.866032 -0.499989 0
    outer loop
      vertex -49.3923 -2.94999 2.5
      vertex -50.4315 -1.14999 5
      vertex -50.4315 -1.14999 2.5
    endloop
  endfacet
  facet normal -0.866038 -0.499978 -1.06518e-05
    outer loop
      vertex -50.4315 -1.14999 5
      vertex -49.3923 -2.94999 2.5
      vertex -50.0243 -1.85534 5.81447
    endloop
  endfacet
  facet normal -0.865972 -0.500092 3.97402e-05
    outer loop
      vertex -50.0243 -1.85534 5.81447
      vertex -49.3923 -2.94999 2.5
      vertex -49.9315 -2.01602 6
    endloop
  endfacet
  facet normal -0.866037 -0.499981 -0
    outer loop
      vertex -49.3923 -2.94999 8
      vertex -49.9315 -2.01602 6
      vertex -49.3923 -2.94999 2.5
    endloop
  endfacet
  facet normal -0.866037 -0.499981 0
    outer loop
      vertex -49.9315 -2.01602 6
      vertex -49.3923 -2.94999 8
      vertex -49.9315 -2.01602 8
    endloop
  endfacet
  facet normal 0 0 1
    outer loop
      vertex -72.1976 -1.14999 2.5
      vertex -69.8305 -8.85 2.5
      vertex -67.752 -8.85 2.5
    endloop
  endfacet
  facet normal 0 0 1
    outer loop
      vertex -69.8305 -8.85 2.5
      vertex -72.1976 -1.14999 2.5
      vertex -73.2369 -2.94999 2.5
    endloop
  endfacet
  facet normal 0.865996 -0.50005 0
    outer loop
      vertex -72.6976 -2.01602 8
      vertex -73.2369 -2.94999 8
      vertex -72.6976 -2.01602 6
    endloop
  endfacet
  facet normal 0.866027 -0.499997 -2.71203e-05
    outer loop
      vertex -73.2369 -2.94999 2.5
      vertex -72.1976 -1.14999 5
      vertex -72.2551 -1.24959 5.115
    endloop
  endfacet
  facet normal 0.866018 -0.500013 -1.33205e-05
    outer loop
      vertex -73.2369 -2.94999 2.5
      vertex -72.2551 -1.24959 5.115
      vertex -72.6976 -2.01602 6
    endloop
  endfacet
  facet normal 0.865996 -0.50005 0
    outer loop
      vertex -73.2369 -2.94999 2.5
      vertex -72.6976 -2.01602 6
      vertex -73.2369 -2.94999 8
    endloop
  endfacet
  facet normal 0.866011 -0.500025 0
    outer loop
      vertex -72.1976 -1.14999 5
      vertex -73.2369 -2.94999 2.5
      vertex -72.1976 -1.14999 2.5
    endloop
  endfacet
  facet normal 0 1 -0
    outer loop
      vertex -68.752 -8.85 6
      vertex -69.8305 -8.85 8
      vertex -68.752 -8.85 8
    endloop
  endfacet
  facet normal 0 1 0
    outer loop
      vertex -69.8305 -8.85 2.5
      vertex -67.752 -8.85 5
      vertex -67.752 -8.85 2.5
    endloop
  endfacet
  facet normal 0 1 0
    outer loop
      vertex -67.752 -8.85 5
      vertex -69.8305 -8.85 2.5
      vertex -68.5665 -8.85 5.81447
    endloop
  endfacet
  facet normal 0 1 0
    outer loop
      vertex -68.5665 -8.85 5.81447
      vertex -69.8305 -8.85 2.5
      vertex -68.752 -8.85 6
    endloop
  endfacet
  facet normal 0 1 0
    outer loop
      vertex -68.752 -8.85 6
      vertex -69.8305 -8.85 2.5
      vertex -69.8305 -8.85 8
    endloop
  endfacet
  facet normal 0.866024 -0.500003 0
    outer loop
      vertex -73.2369 2.95 8
      vertex -69.8305 8.85001 3
      vertex -69.8305 8.85001 8
    endloop
  endfacet
  facet normal 0.866024 -0.500003 0
    outer loop
      vertex -69.8305 8.85001 3
      vertex -73.2369 2.95 8
      vertex -73.2369 2.95 3
    endloop
  endfacet
  facet normal -0.866026 0.499998 0
    outer loop
      vertex -34.6029 0.933983 6
      vertex -28.9521 10.7215 8
      vertex -28.9521 10.7215 6
    endloop
  endfacet
  facet normal -0.866026 0.499998 0
    outer loop
      vertex -28.9521 10.7215 8
      vertex -34.6029 0.933983 6
      vertex -34.6029 0.933983 8
    endloop
  endfacet
  facet normal -0.654665 0.377972 0.654638
    outer loop
      vertex -29.1411 10.6017 5.88017
      vertex -30.5294 9.72153 5
      vertex -35.1029 1.80001 5
    endloop
  endfacet
  facet normal -0.654655 0.377963 0.654654
    outer loop
      vertex -34.6029 0.933983 6
      vertex -29.1411 10.6017 5.88017
      vertex -35.1029 1.80001 5
    endloop
  endfacet
  facet normal -0.654645 0.377958 0.654666
    outer loop
      vertex -29.1411 10.6017 5.88017
      vertex -34.6029 0.933983 6
      vertex -28.9521 10.7215 6
    endloop
  endfacet
  facet normal -0.866025 0.500001 0
    outer loop
      vertex -35.1029 1.80001 0.5
      vertex -30.5294 9.72153 5
      vertex -30.5294 9.72153 0.5
    endloop
  endfacet
  facet normal -0.866025 0.500001 0
    outer loop
      vertex -30.5294 9.72153 5
      vertex -35.1029 1.80001 0.5
      vertex -35.1029 1.80001 5
    endloop
  endfacet
  facet normal -0.654603 0.377939 -0.65472
    outer loop
      vertex -30.3795 9.81658 0.404945
      vertex -29.7407 10.2215 0
      vertex -34.8529 1.36699 0
    endloop
  endfacet
  facet normal -0.654746 0.378006 -0.654537
    outer loop
      vertex -34.8529 1.36699 0
      vertex -30.5294 9.72153 0.5
      vertex -30.3795 9.81658 0.404945
    endloop
  endfacet
  facet normal -0.654651 0.377964 -0.654657
    outer loop
      vertex -30.5294 9.72153 0.5
      vertex -34.8529 1.36699 0
      vertex -35.1029 1.80001 0.5
    endloop
  endfacet
  facet normal 0.866023 -0.500005 0
    outer loop
      vertex -32.3605 2.95 8
      vertex -34.0637 7.43866e-06 8
      vertex -32.3605 2.95 3
    endloop
  endfacet
  facet normal 0.866026 -0.499998 0
    outer loop
      vertex -28.9541 8.85001 8
      vertex -27.8736 10.7215 6
      vertex -27.8736 10.7215 8
    endloop
  endfacet
  facet normal 0.866013 -0.500021 0
    outer loop
      vertex -28.9541 8.85001 3
      vertex -28.4509 9.72153 5
      vertex -28.9541 8.85001 8
    endloop
  endfacet
  facet normal 0.866032 -0.499988 1.26184e-05
    outer loop
      vertex -27.8736 10.7215 6
      vertex -28.9541 8.85001 8
      vertex -28.4509 9.72153 5
    endloop
  endfacet
  facet normal 0.866013 -0.500021 0
    outer loop
      vertex -28.4509 9.72153 5
      vertex -28.9541 8.85001 3
      vertex -28.4509 9.72153 0.5
    endloop
  endfacet
  facet normal 0.866024 -0.500003 8.17901e-06
    outer loop
      vertex -32.3605 2.95 3
      vertex -28.4509 9.72153 0.5
      vertex -28.9541 8.85001 3
    endloop
  endfacet
  facet normal 0.866022 -0.500005 6.57481e-07
    outer loop
      vertex -34.0637 7.43866e-06 0
      vertex -28.4509 9.72153 0.5
      vertex -32.3605 2.95 3
    endloop
  endfacet
  facet normal 0.866025 -0.500001 -0.000101706
    outer loop
      vertex -28.4509 9.72153 0.5
      vertex -34.0637 7.43866e-06 0
      vertex -28.1623 10.2215 0
    endloop
  endfacet
  facet normal 0.866023 -0.500005 0
    outer loop
      vertex -34.0637 7.43866e-06 0
      vertex -32.3605 2.95 3
      vertex -34.0637 7.43866e-06 8
    endloop
  endfacet
  facet normal 0 1 -0
    outer loop
      vertex -34.6029 0.933983 6
      vertex -36.9308 0.933983 8
      vertex -34.6029 0.933983 8
    endloop
  endfacet
  facet normal 0 1 0
    outer loop
      vertex -36.9308 0.933983 8
      vertex -34.6029 0.933983 6
      vertex -36.9308 0.933983 6
    endloop
  endfacet
  facet normal 0 1 -0
    outer loop
      vertex -44.822 0.933983 6
      vertex -47.1499 0.933983 8
      vertex -44.822 0.933983 8
    endloop
  endfacet
  facet normal 0 1 0
    outer loop
      vertex -47.1499 0.933983 8
      vertex -44.822 0.933983 6
      vertex -47.1499 0.933983 6
    endloop
  endfacet
  facet normal 0 0.755928 0.654654
    outer loop
      vertex -35.1029 1.80001 5
      vertex -36.9308 0.933983 6
      vertex -34.6029 0.933983 6
    endloop
  endfacet
  facet normal 0 0.755928 0.654654
    outer loop
      vertex -36.9308 0.933983 6
      vertex -35.1029 1.80001 5
      vertex -36.4308 1.80001 5
    endloop
  endfacet
  facet normal 0 0.755928 0.654654
    outer loop
      vertex -45.322 1.80001 5
      vertex -47.1499 0.933983 6
      vertex -44.822 0.933983 6
    endloop
  endfacet
  facet normal 0 0.755928 0.654654
    outer loop
      vertex -47.1499 0.933983 6
      vertex -45.322 1.80001 5
      vertex -46.6499 1.80001 5
    endloop
  endfacet
  facet normal 0 1 0
    outer loop
      vertex -35.1029 1.80001 5
      vertex -36.4308 1.80001 2.5
      vertex -36.4308 1.80001 5
    endloop
  endfacet
  facet normal 0 1 0
    outer loop
      vertex -36.4308 1.80001 2.5
      vertex -35.1029 1.80001 0.5
      vertex -45.322 1.80001 2.5
    endloop
  endfacet
  facet normal 0 1 -0
    outer loop
      vertex -35.1029 1.80001 0.5
      vertex -36.4308 1.80001 2.5
      vertex -35.1029 1.80001 5
    endloop
  endfacet
  facet normal 0 1 -0
    outer loop
      vertex -45.322 1.80001 2.5
      vertex -46.6499 1.80001 5
      vertex -45.322 1.80001 5
    endloop
  endfacet
  facet normal 0 1 0
    outer loop
      vertex -45.322 1.80001 2.5
      vertex -46.6499 1.80001 0.5
      vertex -46.6499 1.80001 5
    endloop
  endfacet
  facet normal 0 1 0
    outer loop
      vertex -46.6499 1.80001 0.5
      vertex -45.322 1.80001 2.5
      vertex -35.1029 1.80001 0.5
    endloop
  endfacet
  facet normal 0 0.755923 -0.65466
    outer loop
      vertex -34.8529 1.36699 0
      vertex -46.6499 1.80001 0.5
      vertex -35.1029 1.80001 0.5
    endloop
  endfacet
  facet normal 0 0.755923 -0.65466
    outer loop
      vertex -46.6499 1.80001 0.5
      vertex -34.8529 1.36699 0
      vertex -46.8999 1.36699 0
    endloop
  endfacet
  facet normal 0 -1 0
    outer loop
      vertex -47.6891 7.43866e-06 8
      vertex -44.2828 7.43866e-06 2.5
      vertex -44.2828 7.43866e-06 8
    endloop
  endfacet
  facet normal 0 -1 -0
    outer loop
      vertex -44.2828 7.43866e-06 2.5
      vertex -47.6891 7.43866e-06 0
      vertex -37.47 7.43866e-06 2.5
    endloop
  endfacet
  facet normal 0 -1 0
    outer loop
      vertex -47.6891 7.43866e-06 0
      vertex -44.2828 7.43866e-06 2.5
      vertex -47.6891 7.43866e-06 8
    endloop
  endfacet
  facet normal 0 -1 0
    outer loop
      vertex -37.47 7.43866e-06 2.5
      vertex -34.0637 7.43866e-06 8
      vertex -37.47 7.43866e-06 8
    endloop
  endfacet
  facet normal 0 -1 0
    outer loop
      vertex -37.47 7.43866e-06 2.5
      vertex -34.0637 7.43866e-06 0
      vertex -34.0637 7.43866e-06 8
    endloop
  endfacet
  facet normal 0 -1 0
    outer loop
      vertex -34.0637 7.43866e-06 0
      vertex -37.47 7.43866e-06 2.5
      vertex -47.6891 7.43866e-06 0
    endloop
  endfacet
  facet normal 0.866026 0.499998 0
    outer loop
      vertex -47.1499 0.933983 8
      vertex -52.8007 10.7215 6
      vertex -52.8007 10.7215 8
    endloop
  endfacet
  facet normal 0.866026 0.499998 0
    outer loop
      vertex -52.8007 10.7215 6
      vertex -47.1499 0.933983 8
      vertex -47.1499 0.933983 6
    endloop
  endfacet
  facet normal 0.654653 0.377965 0.654654
    outer loop
      vertex -51.2234 9.72153 5
      vertex -47.1499 0.933983 6
      vertex -46.6499 1.80001 5
    endloop
  endfacet
  facet normal 0.654636 0.377959 0.654674
    outer loop
      vertex -47.1499 0.933983 6
      vertex -51.2234 9.72153 5
      vertex -51.4997 9.89669 5.17516
    endloop
  endfacet
  facet normal 0.654668 0.377971 0.654635
    outer loop
      vertex -47.1499 0.933983 6
      vertex -51.4997 9.89669 5.17516
      vertex -52.8007 10.7215 6
    endloop
  endfacet
  facet normal 0.866025 0.500001 0
    outer loop
      vertex -46.6499 1.80001 5
      vertex -51.2234 9.72153 0.5
      vertex -51.2234 9.72153 5
    endloop
  endfacet
  facet normal 0.866025 0.500001 0
    outer loop
      vertex -51.2234 9.72153 0.5
      vertex -46.6499 1.80001 5
      vertex -46.6499 1.80001 0.5
    endloop
  endfacet
  facet normal 0.654654 0.37796 -0.654656
    outer loop
      vertex -46.8999 1.36699 0
      vertex -51.881 10.1385 0.0830774
      vertex -46.6499 1.80001 0.5
    endloop
  endfacet
  facet normal 0.654308 0.377768 -0.655112
    outer loop
      vertex -51.881 10.1385 0.0830774
      vertex -46.8999 1.36699 0
      vertex -52.0121 10.2215 0
    endloop
  endfacet
  facet normal 0 0 0
    outer loop
      vertex -52.9234 11.8 0
      vertex -52.9234 11.8 3.8147e-08
      vertex -52.9234 11.8 4.67301e-07
    endloop
  endfacet
  facet normal 0.654694 0.377989 -0.654599
    outer loop
      vertex -51.2234 9.72153 0.5
      vertex -46.6499 1.80001 0.5
      vertex -51.881 10.1385 0.0830774
    endloop
  endfacet
  facet normal 0 -1 0
    outer loop
      vertex -52.4234 11.8 0.5
      vertex -52.9234 11.8 4.67301e-07
      vertex -52.9234 11.8 3.8147e-08
    endloop
  endfacet
  facet normal -0.866038 -0.499979 0
    outer loop
      vertex -53.3019 9.72153 5
      vertex -53.8792 10.7215 8
      vertex -53.8792 10.7215 6
    endloop
  endfacet
  facet normal -0.866022 -0.500005 -0
    outer loop
      vertex -47.6891 7.43866e-06 8
      vertex -53.3019 9.72153 5
      vertex -47.6891 7.43866e-06 0
    endloop
  endfacet
  facet normal -0.866024 -0.500003 1.06795e-05
    outer loop
      vertex -53.3019 9.72153 5
      vertex -47.6891 7.43866e-06 8
      vertex -53.8792 10.7215 8
    endloop
  endfacet
  facet normal -0.866022 -0.500005 0
    outer loop
      vertex -53.3019 9.72153 0.5
      vertex -47.6891 7.43866e-06 0
      vertex -53.3019 9.72153 5
    endloop
  endfacet
  facet normal -0.866025 -0.500001 -0.000101706
    outer loop
      vertex -47.6891 7.43866e-06 0
      vertex -53.3019 9.72153 0.5
      vertex -53.5905 10.2215 0
    endloop
  endfacet
  facet normal 0 0 1
    outer loop
      vertex -36.4308 1.80001 2.5
      vertex -44.2828 7.43866e-06 2.5
      vertex -37.47 7.43866e-06 2.5
    endloop
  endfacet
  facet normal 0 -0 1
    outer loop
      vertex -44.2828 7.43866e-06 2.5
      vertex -36.4308 1.80001 2.5
      vertex -45.322 1.80001 2.5
    endloop
  endfacet
  facet normal 0.866038 0.499978 0
    outer loop
      vertex -44.822 0.933983 8
      vertex -44.2828 7.43866e-06 8
      vertex -44.822 0.933983 6
    endloop
  endfacet
  facet normal 0.866029 0.499994 -5.68364e-06
    outer loop
      vertex -44.2828 7.43866e-06 2.5
      vertex -45.322 1.80001 5
      vertex -44.822 0.933983 6
    endloop
  endfacet
  facet normal 0.866038 0.499978 -0
    outer loop
      vertex -44.2828 7.43866e-06 2.5
      vertex -44.822 0.933983 6
      vertex -44.2828 7.43866e-06 8
    endloop
  endfacet
  facet normal 0.866032 0.499988 0
    outer loop
      vertex -45.322 1.80001 5
      vertex -44.2828 7.43866e-06 2.5
      vertex -45.322 1.80001 2.5
    endloop
  endfacet
  facet normal -0.866032 0.499988 0
    outer loop
      vertex -37.47 7.43866e-06 2.5
      vertex -36.4308 1.80001 5
      vertex -36.4308 1.80001 2.5
    endloop
  endfacet
  facet normal -0.866029 0.499994 -5.68364e-06
    outer loop
      vertex -36.4308 1.80001 5
      vertex -37.47 7.43866e-06 2.5
      vertex -36.9308 0.933983 6
    endloop
  endfacet
  facet normal -0.866038 0.499978 0
    outer loop
      vertex -37.47 7.43866e-06 8
      vertex -36.9308 0.933983 6
      vertex -37.47 7.43866e-06 2.5
    endloop
  endfacet
  facet normal -0.866038 0.499978 0
    outer loop
      vertex -36.9308 0.933983 6
      vertex -37.47 7.43866e-06 8
      vertex -36.9308 0.933983 8
    endloop
  endfacet
  facet normal 0 1 -0
    outer loop
      vertex -53.4234 11.8 6
      vertex -54.5019 11.8 8
      vertex -53.4234 11.8 8
    endloop
  endfacet
  facet normal 0 1 0
    outer loop
      vertex -54.5019 11.8 0
      vertex -52.4234 11.8 5
      vertex -52.4234 11.8 0.5
    endloop
  endfacet
  facet normal 0 1 0
    outer loop
      vertex -52.4234 11.8 5
      vertex -54.5019 11.8 0
      vertex -53.4234 11.8 6
    endloop
  endfacet
  facet normal 0 1 0
    outer loop
      vertex -54.5019 11.8 0
      vertex -52.4234 11.8 0.5
      vertex -52.9234 11.8 3.8147e-08
    endloop
  endfacet
  facet normal 0 1 0
    outer loop
      vertex -54.5019 11.8 0
      vertex -52.9234 11.8 3.8147e-08
      vertex -52.9234 11.8 0
    endloop
  endfacet
  facet normal 0 1 0
    outer loop
      vertex -53.4234 11.8 6
      vertex -54.5019 11.8 0
      vertex -54.5019 11.8 8
    endloop
  endfacet
  facet normal 0 1 0
    outer loop
      vertex -27.2509 11.8 8
      vertex -28.3294 11.8 6
      vertex -28.3294 11.8 8
    endloop
  endfacet
  facet normal 0 1 0
    outer loop
      vertex -27.2509 11.8 0
      vertex -29.3294 11.8 5
      vertex -28.3294 11.8 6
    endloop
  endfacet
  facet normal 0 1 -0
    outer loop
      vertex -27.2509 11.8 0
      vertex -28.3294 11.8 6
      vertex -27.2509 11.8 8
    endloop
  endfacet
  facet normal 0 1 0
    outer loop
      vertex -29.3294 11.8 5
      vertex -27.2509 11.8 0
      vertex -29.3294 11.8 0.5
    endloop
  endfacet
  facet normal 0 1 -0
    outer loop
      vertex -28.8294 11.8 0
      vertex -29.3294 11.8 0.5
      vertex -27.2509 11.8 0
    endloop
  endfacet
  facet normal 0 -1 0
    outer loop
      vertex -52.8007 10.7215 6
      vertex -28.9521 10.7215 8
      vertex -52.8007 10.7215 8
    endloop
  endfacet
  facet normal 0 -1 -0
    outer loop
      vertex -28.9521 10.7215 8
      vertex -52.8007 10.7215 6
      vertex -28.9521 10.7215 6
    endloop
  endfacet
  facet normal 0 -0.707195 0.707018
    outer loop
      vertex -52.8007 10.7215 6
      vertex -29.1411 10.6017 5.88017
      vertex -28.9521 10.7215 6
    endloop
  endfacet
  facet normal 7.7253e-07 -0.707119 0.707095
    outer loop
      vertex -51.4997 9.89669 5.17516
      vertex -29.1411 10.6017 5.88017
      vertex -52.8007 10.7215 6
    endloop
  endfacet
  facet normal 0 -0.707107 0.707107
    outer loop
      vertex -30.5294 9.72153 5
      vertex -51.4997 9.89669 5.17516
      vertex -51.2234 9.72153 5
    endloop
  endfacet
  facet normal 0 -0.707107 0.707107
    outer loop
      vertex -51.4997 9.89669 5.17516
      vertex -30.5294 9.72153 5
      vertex -29.1411 10.6017 5.88017
    endloop
  endfacet
  facet normal 0 -1 0
    outer loop
      vertex -51.2234 9.72153 0.5
      vertex -30.5294 9.72153 5
      vertex -51.2234 9.72153 5
    endloop
  endfacet
  facet normal 0 -1 -0
    outer loop
      vertex -30.5294 9.72153 5
      vertex -51.2234 9.72153 0.5
      vertex -30.5294 9.72153 0.5
    endloop
  endfacet
  facet normal 0 -0.707125 -0.707088
    outer loop
      vertex -51.2234 9.72153 0.5
      vertex -30.3795 9.81658 0.404945
      vertex -30.5294 9.72153 0.5
    endloop
  endfacet
  facet normal -5.3237e-07 -0.707067 -0.707147
    outer loop
      vertex -51.881 10.1385 0.0830774
      vertex -30.3795 9.81658 0.404945
      vertex -51.2234 9.72153 0.5
    endloop
  endfacet
  facet normal -0 -0.707436 -0.706777
    outer loop
      vertex -29.7407 10.2215 0
      vertex -51.881 10.1385 0.0830774
      vertex -52.0121 10.2215 0
    endloop
  endfacet
  facet normal -2.32197e-06 -0.707127 -0.707087
    outer loop
      vertex -51.881 10.1385 0.0830774
      vertex -29.7407 10.2215 0
      vertex -30.3795 9.81658 0.404945
    endloop
  endfacet
  facet normal 0 1 0
    outer loop
      vertex -29.3294 11.8 5
      vertex -28.3294 11.8 8
      vertex -28.3294 11.8 6
    endloop
  endfacet
  facet normal 0 1 0
    outer loop
      vertex -28.3294 11.8 8
      vertex -29.3294 11.8 5
      vertex -53.4234 11.8 8
    endloop
  endfacet
  facet normal 0 1 0
    outer loop
      vertex -53.4234 11.8 8
      vertex -52.4234 11.8 5
      vertex -53.4234 11.8 6
    endloop
  endfacet
  facet normal 0 1 0
    outer loop
      vertex -53.4234 11.8 8
      vertex -29.3294 11.8 5
      vertex -52.4234 11.8 5
    endloop
  endfacet
  facet normal 0 1 -0
    outer loop
      vertex -29.3294 11.8 0.5
      vertex -52.4234 11.8 5
      vertex -29.3294 11.8 5
    endloop
  endfacet
  facet normal 0 1 0
    outer loop
      vertex -29.3294 11.8 0.5
      vertex -52.4234 11.8 0.5
      vertex -52.4234 11.8 5
    endloop
  endfacet
  facet normal 0 1 0
    outer loop
      vertex -52.9234 11.8 0
      vertex -52.4234 11.8 0.5
      vertex -29.3294 11.8 0.5
    endloop
  endfacet
  facet normal 0 1 0
    outer loop
      vertex -52.9234 11.8 0
      vertex -29.3294 11.8 0.5
      vertex -28.8294 11.8 0
    endloop
  endfacet
  facet normal 0 1 0
    outer loop
      vertex -52.4234 11.8 0.5
      vertex -52.9234 11.8 0
      vertex -52.9234 11.8 4.67301e-07
    endloop
  endfacet
  facet normal 0.866008 -0.500031 0
    outer loop
      vertex -114.738 0 8
      vertex -108.464 10.866 6
      vertex -108.464 10.866 8
    endloop
  endfacet
  facet normal 0.866008 -0.500031 0
    outer loop
      vertex -108.464 10.866 6
      vertex -114.738 0 8
      vertex -114.738 0 6
    endloop
  endfacet
  facet normal 0.654646 -0.377993 0.654646
    outer loop
      vertex -113.738 0 5
      vertex -107.964 9.99999 5
      vertex -114.738 0 6
    endloop
  endfacet
  facet normal 0.654637 -0.377986 0.654658
    outer loop
      vertex -107.964 9.99999 5
      vertex -108.464 10.866 6
      vertex -114.738 0 6
    endloop
  endfacet
  facet normal 0.866007 -0.500033 0
    outer loop
      vertex -113.738 0 5
      vertex -107.964 9.99999 0.5
      vertex -107.964 9.99999 5
    endloop
  endfacet
  facet normal 0.866007 -0.500033 0
    outer loop
      vertex -107.964 9.99999 0.5
      vertex -113.738 0 5
      vertex -113.738 0 0.5
    endloop
  endfacet
  facet normal 0.654646 -0.377992 -0.654646
    outer loop
      vertex -108.214 10.433 0
      vertex -113.738 0 0.5
      vertex -114.238 0 0
    endloop
  endfacet
  facet normal 0.654634 -0.377986 -0.654661
    outer loop
      vertex -108.214 10.433 0
      vertex -107.964 9.99999 0.5
      vertex -113.738 0 0.5
    endloop
  endfacet
  facet normal -0.866053 0.499951 0
    outer loop
      vertex -110.204 9.72153 0.5
      vertex -115.816 0 0
      vertex -110.204 9.72153 5
    endloop
  endfacet
  facet normal -0.866039 0.499975 -0.000625377
    outer loop
      vertex -115.816 0 0
      vertex -110.204 9.72153 0.5
      vertex -109.915 10.2215 0
    endloop
  endfacet
  facet normal -0.865775 0.500433 0
    outer loop
      vertex -110.204 9.72153 5
      vertex -109.626 10.7215 8
      vertex -109.626 10.7215 6
    endloop
  endfacet
  facet normal -0.866053 0.499951 0
    outer loop
      vertex -115.816 0 8
      vertex -110.204 9.72153 5
      vertex -115.816 0 0
    endloop
  endfacet
  facet normal -0.866028 0.499996 0.000194202
    outer loop
      vertex -110.204 9.72153 5
      vertex -115.816 0 8
      vertex -109.626 10.7215 8
    endloop
  endfacet
  facet normal 0 -1 0
    outer loop
      vertex -108.464 10.866 6
      vertex -95.9175 10.866 8
      vertex -108.464 10.866 8
    endloop
  endfacet
  facet normal 0 -1 -0
    outer loop
      vertex -95.9175 10.866 8
      vertex -108.464 10.866 6
      vertex -95.9175 10.866 6
    endloop
  endfacet
  facet normal 0 -0.755935 0.654647
    outer loop
      vertex -107.964 9.99999 5
      vertex -95.9175 10.866 6
      vertex -108.464 10.866 6
    endloop
  endfacet
  facet normal 0 -0.755935 0.654647
    outer loop
      vertex -95.9175 10.866 6
      vertex -107.964 9.99999 5
      vertex -96.4175 9.99999 5
    endloop
  endfacet
  facet normal 0 -1 0
    outer loop
      vertex -107.964 9.99999 0.5
      vertex -96.4175 9.99999 5
      vertex -107.964 9.99999 5
    endloop
  endfacet
  facet normal 0 -1 -0
    outer loop
      vertex -96.4175 9.99999 5
      vertex -107.964 9.99999 0.5
      vertex -96.4175 9.99999 0.5
    endloop
  endfacet
  facet normal 0 -0.755931 -0.654651
    outer loop
      vertex -108.214 10.433 0
      vertex -96.4175 9.99999 0.5
      vertex -107.964 9.99999 0.5
    endloop
  endfacet
  facet normal 0 -0.755931 -0.654651
    outer loop
      vertex -96.4175 9.99999 0.5
      vertex -108.214 10.433 0
      vertex -96.1675 10.433 0
    endloop
  endfacet
  facet normal 0 1 -0
    outer loop
      vertex -95.3783 11.8 0
      vertex -109.004 11.8 8
      vertex -95.3783 11.8 8
    endloop
  endfacet
  facet normal 0 1 0
    outer loop
      vertex -109.004 11.8 8
      vertex -95.3783 11.8 0
      vertex -109.004 11.8 0
    endloop
  endfacet
  facet normal -0.866025 -0.500001 0
    outer loop
      vertex -89.644 0 6
      vertex -95.9175 10.866 8
      vertex -95.9175 10.866 6
    endloop
  endfacet
  facet normal -0.866025 -0.500001 0
    outer loop
      vertex -95.9175 10.866 8
      vertex -89.644 0 6
      vertex -89.644 0 8
    endloop
  endfacet
  facet normal -0.654656 -0.377966 0.65465
    outer loop
      vertex -90.644 0 5
      vertex -95.9175 10.866 6
      vertex -96.4175 9.99999 5
    endloop
  endfacet
  facet normal -0.654653 -0.377965 0.654653
    outer loop
      vertex -90.644 0 5
      vertex -89.644 0 6
      vertex -95.9175 10.866 6
    endloop
  endfacet
  facet normal -0.866025 -0.5 0
    outer loop
      vertex -90.644 0 0.5
      vertex -96.4175 9.99999 5
      vertex -96.4175 9.99999 0.5
    endloop
  endfacet
  facet normal -0.866025 -0.5 0
    outer loop
      vertex -96.4175 9.99999 5
      vertex -90.644 0 0.5
      vertex -90.644 0 5
    endloop
  endfacet
  facet normal -0.654654 -0.377965 -0.654653
    outer loop
      vertex -96.1675 10.433 0
      vertex -90.144 0 0
      vertex -96.4175 9.99999 0.5
    endloop
  endfacet
  facet normal -0.654654 -0.377965 -0.654654
    outer loop
      vertex -90.144 0 0
      vertex -90.644 0 0.5
      vertex -96.4175 9.99999 0.5
    endloop
  endfacet
  facet normal 0.866038 0.499979 0
    outer loop
      vertex -94.7556 10.7215 8
      vertex -94.1783 9.72153 5
      vertex -94.7556 10.7215 6
    endloop
  endfacet
  facet normal 0.866023 0.500005 -0
    outer loop
      vertex -88.5655 0 0
      vertex -94.1783 9.72153 5
      vertex -88.5655 0 8
    endloop
  endfacet
  facet normal 0.866024 0.500002 -1.05639e-05
    outer loop
      vertex -88.5655 0 8
      vertex -94.1783 9.72153 5
      vertex -94.7556 10.7215 8
    endloop
  endfacet
  facet normal 0.866023 0.500005 0
    outer loop
      vertex -94.1783 9.72153 5
      vertex -88.5655 0 0
      vertex -94.1783 9.72153 0.5
    endloop
  endfacet
  facet normal 0.866025 0.500001 0.000101342
    outer loop
      vertex -94.1783 9.72153 0.5
      vertex -88.5655 0 0
      vertex -94.4669 10.2215 0
    endloop
  endfacet
  facet normal -0.866016 0.500016 0
    outer loop
      vertex -90.808 -2.01602 6
      vertex -89.644 0 8
      vertex -89.644 0 6
    endloop
  endfacet
  facet normal -0.866016 0.500016 0
    outer loop
      vertex -89.644 0 8
      vertex -90.808 -2.01602 6
      vertex -90.808 -2.01602 8
    endloop
  endfacet
  facet normal -0.866014 0.50002 0
    outer loop
      vertex -95.9175 -10.866 6
      vertex -94.7535 -8.85 8
      vertex -94.7535 -8.85 6
    endloop
  endfacet
  facet normal -0.866014 0.50002 0
    outer loop
      vertex -94.7535 -8.85 8
      vertex -95.9175 -10.866 6
      vertex -95.9175 -10.866 8
    endloop
  endfacet
  facet normal -0.654646 0.37799 0.654646
    outer loop
      vertex -91.308 -1.14999 5
      vertex -89.644 0 6
      vertex -90.644 0 5
    endloop
  endfacet
  facet normal -0.654637 0.377946 0.654681
    outer loop
      vertex -89.644 0 6
      vertex -91.308 -1.14999 5
      vertex -90.9007 -1.85534 5.81447
    endloop
  endfacet
  facet normal -0.654646 0.37799 0.654646
    outer loop
      vertex -95.6385 -8.85 5.115
      vertex -95.7535 -8.85 5
      vertex -96.4175 -9.99999 5
    endloop
  endfacet
  facet normal -0.654736 0.378029 0.654534
    outer loop
      vertex -90.808 -2.01602 6
      vertex -89.644 0 6
      vertex -90.9007 -1.85534 5.81447
    endloop
  endfacet
  facet normal -0.654646 0.37799 0.654646
    outer loop
      vertex -96.4175 -9.99999 5
      vertex -94.7535 -8.85 6
      vertex -95.6385 -8.85 5.115
    endloop
  endfacet
  facet normal -0.654644 0.377979 0.654655
    outer loop
      vertex -94.7535 -8.85 6
      vertex -96.4175 -9.99999 5
      vertex -95.9175 -10.866 6
    endloop
  endfacet
  facet normal -0.866008 0.50003 0
    outer loop
      vertex -90.644 0 0.5
      vertex -91.308 -1.14999 2.5
      vertex -90.644 0 5
    endloop
  endfacet
  facet normal -0.86603 0.499991 -2.95853e-05
    outer loop
      vertex -90.644 0 0.5
      vertex -95.7535 -8.85 2.5
      vertex -91.308 -1.14999 2.5
    endloop
  endfacet
  facet normal -0.866025 0.5 2.27806e-05
    outer loop
      vertex -96.4175 -9.99999 0.5
      vertex -95.7535 -8.85 2.5
      vertex -90.644 0 0.5
    endloop
  endfacet
  facet normal -0.866008 0.50003 0
    outer loop
      vertex -96.4175 -9.99999 5
      vertex -95.7535 -8.85 2.5
      vertex -96.4175 -9.99999 0.5
    endloop
  endfacet
  facet normal -0.866008 0.50003 0
    outer loop
      vertex -95.7535 -8.85 2.5
      vertex -96.4175 -9.99999 5
      vertex -95.7535 -8.85 5
    endloop
  endfacet
  facet normal -0.866008 0.50003 0
    outer loop
      vertex -90.644 0 5
      vertex -91.308 -1.14999 2.5
      vertex -91.308 -1.14999 5
    endloop
  endfacet
  facet normal -0.654654 0.377965 -0.654654
    outer loop
      vertex -90.644 0 0.5
      vertex -90.144 0 0
      vertex -96.1675 -10.433 0
    endloop
  endfacet
  facet normal -0.654654 0.377965 -0.654653
    outer loop
      vertex -90.644 0 0.5
      vertex -96.1675 -10.433 0
      vertex -96.4175 -9.99999 0.5
    endloop
  endfacet
  facet normal 0.866023 -0.500004 0
    outer loop
      vertex -93.6751 -8.85 8
      vertex -95.3783 -11.8 8
      vertex -93.6751 -8.85 2.5
    endloop
  endfacet
  facet normal 0.866023 -0.500005 0
    outer loop
      vertex -90.2687 -2.94999 2.5
      vertex -88.5655 0 8
      vertex -90.2687 -2.94999 8
    endloop
  endfacet
  facet normal 0.866023 -0.500005 0
    outer loop
      vertex -88.5655 0 8
      vertex -90.2687 -2.94999 2.5
      vertex -88.5655 0 0
    endloop
  endfacet
  facet normal 0.866024 -0.500003 3.00002e-06
    outer loop
      vertex -93.6751 -8.85 2.5
      vertex -88.5655 0 0
      vertex -90.2687 -2.94999 2.5
    endloop
  endfacet
  facet normal 0.866023 -0.500004 1.408e-15
    outer loop
      vertex -93.6751 -8.85 2.5
      vertex -95.3783 -11.8 0
      vertex -88.5655 0 0
    endloop
  endfacet
  facet normal 0.866023 -0.500004 0
    outer loop
      vertex -95.3783 -11.8 0
      vertex -93.6751 -8.85 2.5
      vertex -95.3783 -11.8 8
    endloop
  endfacet
  facet normal 0 1 -0
    outer loop
      vertex -95.9175 -10.866 6
      vertex -98.2454 -10.866 8
      vertex -95.9175 -10.866 8
    endloop
  endfacet
  facet normal 0 1 0
    outer loop
      vertex -98.2454 -10.866 8
      vertex -95.9175 -10.866 6
      vertex -98.2454 -10.866 6
    endloop
  endfacet
  facet normal 0 1 -0
    outer loop
      vertex -106.137 -10.866 6
      vertex -108.464 -10.866 8
      vertex -106.137 -10.866 8
    endloop
  endfacet
  facet normal 0 1 0
    outer loop
      vertex -108.464 -10.866 8
      vertex -106.137 -10.866 6
      vertex -108.464 -10.866 6
    endloop
  endfacet
  facet normal 0 0.755935 0.654647
    outer loop
      vertex -96.4175 -9.99999 5
      vertex -98.2454 -10.866 6
      vertex -95.9175 -10.866 6
    endloop
  endfacet
  facet normal 0 0.755935 0.654647
    outer loop
      vertex -98.2454 -10.866 6
      vertex -96.4175 -9.99999 5
      vertex -97.7454 -9.99999 5
    endloop
  endfacet
  facet normal 0 0.755935 0.654647
    outer loop
      vertex -106.637 -9.99999 5
      vertex -108.464 -10.866 6
      vertex -106.137 -10.866 6
    endloop
  endfacet
  facet normal 0 0.755935 0.654647
    outer loop
      vertex -108.464 -10.866 6
      vertex -106.637 -9.99999 5
      vertex -107.964 -9.99999 5
    endloop
  endfacet
  facet normal 0 1 0
    outer loop
      vertex -96.4175 -9.99999 5
      vertex -97.7454 -9.99999 2.5
      vertex -97.7454 -9.99999 5
    endloop
  endfacet
  facet normal 0 1 0
    outer loop
      vertex -97.7454 -9.99999 2.5
      vertex -96.4175 -9.99999 0.5
      vertex -106.637 -9.99999 2.5
    endloop
  endfacet
  facet normal 0 1 -0
    outer loop
      vertex -96.4175 -9.99999 0.5
      vertex -97.7454 -9.99999 2.5
      vertex -96.4175 -9.99999 5
    endloop
  endfacet
  facet normal 0 1 -0
    outer loop
      vertex -106.637 -9.99999 2.5
      vertex -107.964 -9.99999 5
      vertex -106.637 -9.99999 5
    endloop
  endfacet
  facet normal 0 1 0
    outer loop
      vertex -106.637 -9.99999 2.5
      vertex -107.964 -9.99999 0.5
      vertex -107.964 -9.99999 5
    endloop
  endfacet
  facet normal 0 1 0
    outer loop
      vertex -107.964 -9.99999 0.5
      vertex -106.637 -9.99999 2.5
      vertex -96.4175 -9.99999 0.5
    endloop
  endfacet
  facet normal 0 0.755931 -0.654651
    outer loop
      vertex -96.1675 -10.433 0
      vertex -107.964 -9.99999 0.5
      vertex -96.4175 -9.99999 0.5
    endloop
  endfacet
  facet normal 0 0.755931 -0.654651
    outer loop
      vertex -107.964 -9.99999 0.5
      vertex -96.1675 -10.433 0
      vertex -108.214 -10.433 0
    endloop
  endfacet
  facet normal 0 -1 0
    outer loop
      vertex -109.004 -11.8 8
      vertex -105.597 -11.8 2.5
      vertex -105.597 -11.8 8
    endloop
  endfacet
  facet normal 0 -1 -0
    outer loop
      vertex -105.597 -11.8 2.5
      vertex -109.004 -11.8 0
      vertex -98.7846 -11.8 2.5
    endloop
  endfacet
  facet normal 0 -1 0
    outer loop
      vertex -109.004 -11.8 0
      vertex -105.597 -11.8 2.5
      vertex -109.004 -11.8 8
    endloop
  endfacet
  facet normal 0 -1 0
    outer loop
      vertex -98.7846 -11.8 2.5
      vertex -95.3783 -11.8 8
      vertex -98.7846 -11.8 8
    endloop
  endfacet
  facet normal 0 -1 0
    outer loop
      vertex -98.7846 -11.8 2.5
      vertex -95.3783 -11.8 0
      vertex -95.3783 -11.8 8
    endloop
  endfacet
  facet normal 0 -1 0
    outer loop
      vertex -95.3783 -11.8 0
      vertex -98.7846 -11.8 2.5
      vertex -109.004 -11.8 0
    endloop
  endfacet
  facet normal -0 0 1
    outer loop
      vertex -94.7535 -8.85 8
      vertex -95.3783 -11.8 8
      vertex -93.6751 -8.85 8
    endloop
  endfacet
  facet normal -0 0 1
    outer loop
      vertex -95.9175 -10.866 8
      vertex -95.3783 -11.8 8
      vertex -94.7535 -8.85 8
    endloop
  endfacet
  facet normal -0 0 1
    outer loop
      vertex -98.2454 -10.866 8
      vertex -95.3783 -11.8 8
      vertex -95.9175 -10.866 8
    endloop
  endfacet
  facet normal 0 0 1
    outer loop
      vertex -95.3783 -11.8 8
      vertex -98.2454 -10.866 8
      vertex -98.7846 -11.8 8
    endloop
  endfacet
  facet normal -0 0 1
    outer loop
      vertex -108.464 -10.866 8
      vertex -105.597 -11.8 8
      vertex -106.137 -10.866 8
    endloop
  endfacet
  facet normal 0 0 1
    outer loop
      vertex -108.464 -10.866 8
      vertex -109.004 -11.8 8
      vertex -105.597 -11.8 8
    endloop
  endfacet
  facet normal 0 0 1
    outer loop
      vertex -109.628 -8.85 8
      vertex -109.004 -11.8 8
      vertex -108.464 -10.866 8
    endloop
  endfacet
  facet normal 0 0 1
    outer loop
      vertex -109.004 -11.8 8
      vertex -109.628 -8.85 8
      vertex -110.707 -8.85 8
    endloop
  endfacet
  facet normal 0.866016 0.500016 0
    outer loop
      vertex -113.574 -2.01602 8
      vertex -114.738 0 6
      vertex -114.738 0 8
    endloop
  endfacet
  facet normal 0.866016 0.500016 0
    outer loop
      vertex -114.738 0 6
      vertex -113.574 -2.01602 8
      vertex -113.574 -2.01602 6
    endloop
  endfacet
  facet normal 0.866014 0.50002 0
    outer loop
      vertex -108.464 -10.866 8
      vertex -109.628 -8.85 6
      vertex -109.628 -8.85 8
    endloop
  endfacet
  facet normal 0.866014 0.50002 0
    outer loop
      vertex -109.628 -8.85 6
      vertex -108.464 -10.866 8
      vertex -108.464 -10.866 6
    endloop
  endfacet
  facet normal 0.653406 0.377274 0.656296
    outer loop
      vertex -113.132 -1.24959 5.115
      vertex -113.074 -1.14999 5
      vertex -113.738 0 5
    endloop
  endfacet
  facet normal 0.654464 0.377885 0.65489
    outer loop
      vertex -109.443 -8.85 5.81447
      vertex -107.964 -9.99999 5
      vertex -108.628 -8.85 5
    endloop
  endfacet
  facet normal 0.654527 0.3781 0.654702
    outer loop
      vertex -107.964 -9.99999 5
      vertex -109.443 -8.85 5.81447
      vertex -108.464 -10.866 6
    endloop
  endfacet
  facet normal 0.654712 0.377762 0.654712
    outer loop
      vertex -114.738 0 6
      vertex -113.132 -1.24959 5.115
      vertex -113.738 0 5
    endloop
  endfacet
  facet normal 0.654803 0.378067 0.654446
    outer loop
      vertex -113.132 -1.24959 5.115
      vertex -114.738 0 6
      vertex -113.574 -2.01602 6
    endloop
  endfacet
  facet normal 0.65545 0.378445 0.653578
    outer loop
      vertex -108.464 -10.866 6
      vertex -109.443 -8.85 5.81447
      vertex -109.628 -8.85 6
    endloop
  endfacet
  facet normal 0.866008 0.50003 0
    outer loop
      vertex -108.628 -8.85 5
      vertex -107.964 -9.99999 5
      vertex -108.628 -8.85 2.5
    endloop
  endfacet
  facet normal 0.866008 0.50003 -0
    outer loop
      vertex -113.074 -1.14999 2.5
      vertex -113.738 0 5
      vertex -113.074 -1.14999 5
    endloop
  endfacet
  facet normal 0.866008 0.50003 0
    outer loop
      vertex -113.738 0 5
      vertex -113.074 -1.14999 2.5
      vertex -113.738 0 0.5
    endloop
  endfacet
  facet normal 0.866006 0.500033 2.74985e-06
    outer loop
      vertex -108.628 -8.85 2.5
      vertex -113.738 0 0.5
      vertex -113.074 -1.14999 2.5
    endloop
  endfacet
  facet normal 0.866007 0.500033 -2.11739e-06
    outer loop
      vertex -108.628 -8.85 2.5
      vertex -107.964 -9.99999 0.5
      vertex -113.738 0 0.5
    endloop
  endfacet
  facet normal 0.866008 0.50003 -0
    outer loop
      vertex -107.964 -9.99999 0.5
      vertex -108.628 -8.85 2.5
      vertex -107.964 -9.99999 5
    endloop
  endfacet
  facet normal 0.654635 0.377985 -0.65466
    outer loop
      vertex -107.964 -9.99999 0.5
      vertex -108.214 -10.433 0
      vertex -114.238 0 0
    endloop
  endfacet
  facet normal 0.654646 0.377993 -0.654646
    outer loop
      vertex -113.738 0 0.5
      vertex -107.964 -9.99999 0.5
      vertex -114.238 0 0
    endloop
  endfacet
  facet normal -0.866048 -0.499961 0
    outer loop
      vertex -115.816 0 0
      vertex -114.113 -2.94999 2.5
      vertex -115.816 0 8
    endloop
  endfacet
  facet normal -0.866049 -0.499959 2.99975e-06
    outer loop
      vertex -115.816 0 0
      vertex -110.707 -8.85 2.5
      vertex -114.113 -2.94999 2.5
    endloop
  endfacet
  facet normal -0.866049 -0.49996 3.85907e-15
    outer loop
      vertex -109.004 -11.8 0
      vertex -110.707 -8.85 2.5
      vertex -115.816 0 0
    endloop
  endfacet
  facet normal -0.866049 -0.49996 -0
    outer loop
      vertex -109.004 -11.8 8
      vertex -110.707 -8.85 2.5
      vertex -109.004 -11.8 0
    endloop
  endfacet
  facet normal -0.866049 -0.49996 0
    outer loop
      vertex -110.707 -8.85 2.5
      vertex -109.004 -11.8 8
      vertex -110.707 -8.85 8
    endloop
  endfacet
  facet normal -0.866048 -0.499961 0
    outer loop
      vertex -115.816 0 8
      vertex -114.113 -2.94999 2.5
      vertex -114.113 -2.94999 8
    endloop
  endfacet
  facet normal 0 0 1
    outer loop
      vertex -97.7454 -9.99999 2.5
      vertex -105.597 -11.8 2.5
      vertex -98.7846 -11.8 2.5
    endloop
  endfacet
  facet normal 0 -0 1
    outer loop
      vertex -105.597 -11.8 2.5
      vertex -97.7454 -9.99999 2.5
      vertex -106.637 -9.99999 2.5
    endloop
  endfacet
  facet normal 0.865722 0.500525 0
    outer loop
      vertex -106.137 -10.866 8
      vertex -105.597 -11.8 8
      vertex -106.137 -10.866 6
    endloop
  endfacet
  facet normal 0.865951 0.500129 0.000140953
    outer loop
      vertex -105.597 -11.8 2.5
      vertex -106.637 -9.99999 5
      vertex -106.137 -10.866 6
    endloop
  endfacet
  facet normal 0.865722 0.500525 -0
    outer loop
      vertex -105.597 -11.8 2.5
      vertex -106.137 -10.866 6
      vertex -105.597 -11.8 8
    endloop
  endfacet
  facet normal 0.865866 0.500276 0
    outer loop
      vertex -106.637 -9.99999 5
      vertex -105.597 -11.8 2.5
      vertex -106.637 -9.99999 2.5
    endloop
  endfacet
  facet normal -0.866033 0.499987 0
    outer loop
      vertex -98.7846 -11.8 2.5
      vertex -97.7454 -9.99999 5
      vertex -97.7454 -9.99999 2.5
    endloop
  endfacet
  facet normal -0.866027 0.499998 -1.03547e-05
    outer loop
      vertex -97.7454 -9.99999 5
      vertex -98.7846 -11.8 2.5
      vertex -98.2454 -10.866 6
    endloop
  endfacet
  facet normal -0.866044 0.499969 0
    outer loop
      vertex -98.7846 -11.8 8
      vertex -98.2454 -10.866 6
      vertex -98.7846 -11.8 2.5
    endloop
  endfacet
  facet normal -0.866044 0.499969 0
    outer loop
      vertex -98.2454 -10.866 6
      vertex -98.7846 -11.8 8
      vertex -98.2454 -10.866 8
    endloop
  endfacet
  facet normal 0 0 1
    outer loop
      vertex -91.308 -1.14999 2.5
      vertex -93.6751 -8.85 2.5
      vertex -90.2687 -2.94999 2.5
    endloop
  endfacet
  facet normal 0 -0 1
    outer loop
      vertex -93.6751 -8.85 2.5
      vertex -91.308 -1.14999 2.5
      vertex -95.7535 -8.85 2.5
    endloop
  endfacet
  facet normal 0 1 0
    outer loop
      vertex -93.6751 -8.85 8
      vertex -94.7535 -8.85 6
      vertex -94.7535 -8.85 8
    endloop
  endfacet
  facet normal 0 1 0
    outer loop
      vertex -93.6751 -8.85 2.5
      vertex -95.6385 -8.85 5.115
      vertex -94.7535 -8.85 6
    endloop
  endfacet
  facet normal 0 1 -0
    outer loop
      vertex -93.6751 -8.85 2.5
      vertex -94.7535 -8.85 6
      vertex -93.6751 -8.85 8
    endloop
  endfacet
  facet normal 0 1 0
    outer loop
      vertex -95.6385 -8.85 5.115
      vertex -93.6751 -8.85 2.5
      vertex -95.7535 -8.85 5
    endloop
  endfacet
  facet normal 0 1 0
    outer loop
      vertex -95.7535 -8.85 5
      vertex -93.6751 -8.85 2.5
      vertex -95.7535 -8.85 2.5
    endloop
  endfacet
  facet normal -0.866011 -0.500025 0
    outer loop
      vertex -90.2687 -2.94999 2.5
      vertex -91.308 -1.14999 5
      vertex -91.308 -1.14999 2.5
    endloop
  endfacet
  facet normal -0.866 -0.500045 1.87028e-05
    outer loop
      vertex -91.308 -1.14999 5
      vertex -90.2687 -2.94999 2.5
      vertex -90.9007 -1.85534 5.81447
    endloop
  endfacet
  facet normal -0.866141 -0.4998 -8.91326e-05
    outer loop
      vertex -90.9007 -1.85534 5.81447
      vertex -90.2687 -2.94999 2.5
      vertex -90.808 -2.01602 6
    endloop
  endfacet
  facet normal -0.865996 -0.50005 -0
    outer loop
      vertex -90.2687 -2.94999 8
      vertex -90.808 -2.01602 6
      vertex -90.2687 -2.94999 2.5
    endloop
  endfacet
  facet normal -0.865996 -0.50005 0
    outer loop
      vertex -90.808 -2.01602 6
      vertex -90.2687 -2.94999 8
      vertex -90.808 -2.01602 8
    endloop
  endfacet
  facet normal 0 0 1
    outer loop
      vertex -113.074 -1.14999 2.5
      vertex -110.707 -8.85 2.5
      vertex -108.628 -8.85 2.5
    endloop
  endfacet
  facet normal 0 0 1
    outer loop
      vertex -110.707 -8.85 2.5
      vertex -113.074 -1.14999 2.5
      vertex -114.113 -2.94999 2.5
    endloop
  endfacet
  facet normal 0.866117 -0.499842 0
    outer loop
      vertex -113.574 -2.01602 8
      vertex -114.113 -2.94999 8
      vertex -113.574 -2.01602 6
    endloop
  endfacet
  facet normal 0.865026 -0.501724 0.00173688
    outer loop
      vertex -114.113 -2.94999 2.5
      vertex -113.074 -1.14999 5
      vertex -113.132 -1.24959 5.115
    endloop
  endfacet
  facet normal 0.866233 -0.49964 -7.18424e-05
    outer loop
      vertex -114.113 -2.94999 2.5
      vertex -113.132 -1.24959 5.115
      vertex -113.574 -2.01602 6
    endloop
  endfacet
  facet normal 0.866117 -0.499842 0
    outer loop
      vertex -114.113 -2.94999 2.5
      vertex -113.574 -2.01602 6
      vertex -114.113 -2.94999 8
    endloop
  endfacet
  facet normal 0.866073 -0.499917 0
    outer loop
      vertex -113.074 -1.14999 5
      vertex -114.113 -2.94999 2.5
      vertex -113.074 -1.14999 2.5
    endloop
  endfacet
  facet normal 0 1 -0
    outer loop
      vertex -109.628 -8.85 6
      vertex -110.707 -8.85 8
      vertex -109.628 -8.85 8
    endloop
  endfacet
  facet normal 0 1 0
    outer loop
      vertex -110.707 -8.85 2.5
      vertex -109.443 -8.85 5.81447
      vertex -108.628 -8.85 5
    endloop
  endfacet
  facet normal 0 1 0
    outer loop
      vertex -110.707 -8.85 2.5
      vertex -108.628 -8.85 5
      vertex -108.628 -8.85 2.5
    endloop
  endfacet
  facet normal 0 1 0
    outer loop
      vertex -109.443 -8.85 5.81447
      vertex -110.707 -8.85 2.5
      vertex -109.628 -8.85 6
    endloop
  endfacet
  facet normal 0 1 0
    outer loop
      vertex -109.628 -8.85 6
      vertex -110.707 -8.85 2.5
      vertex -110.707 -8.85 8
    endloop
  endfacet
  facet normal 0.866049 -0.499959 0
    outer loop
      vertex -114.113 2.95 8
      vertex -110.707 8.85001 3
      vertex -110.707 8.85001 8
    endloop
  endfacet
  facet normal 0.866049 -0.499959 0
    outer loop
      vertex -110.707 8.85001 3
      vertex -114.113 2.95 8
      vertex -114.113 2.95 3
    endloop
  endfacet
  facet normal -0.866026 0.499998 0
    outer loop
      vertex -75.4793 0.933983 6
      vertex -69.8285 10.7215 8
      vertex -69.8285 10.7215 6
    endloop
  endfacet
  facet normal -0.866026 0.499998 0
    outer loop
      vertex -69.8285 10.7215 8
      vertex -75.4793 0.933983 6
      vertex -75.4793 0.933983 8
    endloop
  endfacet
  facet normal -0.654665 0.377972 0.654638
    outer loop
      vertex -70.0175 10.6017 5.88017
      vertex -71.4058 9.72153 5
      vertex -75.9793 1.80001 5
    endloop
  endfacet
  facet normal -0.654645 0.377958 0.654666
    outer loop
      vertex -70.0175 10.6017 5.88017
      vertex -75.4793 0.933983 6
      vertex -69.8285 10.7215 6
    endloop
  endfacet
  facet normal -0.654655 0.377963 0.654654
    outer loop
      vertex -75.4793 0.933983 6
      vertex -70.0175 10.6017 5.88017
      vertex -75.9793 1.80001 5
    endloop
  endfacet
  facet normal -0.866025 0.500001 0
    outer loop
      vertex -75.9793 1.80001 0.5
      vertex -71.4058 9.72153 5
      vertex -71.4058 9.72153 0.5
    endloop
  endfacet
  facet normal -0.866025 0.500001 0
    outer loop
      vertex -71.4058 9.72153 5
      vertex -75.9793 1.80001 0.5
      vertex -75.9793 1.80001 5
    endloop
  endfacet
  facet normal -0.654603 0.377939 -0.65472
    outer loop
      vertex -71.2559 9.81658 0.404945
      vertex -70.6171 10.2215 0
      vertex -75.7293 1.36699 0
    endloop
  endfacet
  facet normal -0.654746 0.378006 -0.654537
    outer loop
      vertex -75.7293 1.36699 0
      vertex -71.4058 9.72153 0.5
      vertex -71.2559 9.81658 0.404945
    endloop
  endfacet
  facet normal -0.654651 0.377964 -0.654657
    outer loop
      vertex -71.4058 9.72153 0.5
      vertex -75.7293 1.36699 0
      vertex -75.9793 1.80001 0.5
    endloop
  endfacet
  facet normal 0.866023 -0.500005 0
    outer loop
      vertex -73.2369 2.95 8
      vertex -74.9401 7.43866e-06 8
      vertex -73.2369 2.95 3
    endloop
  endfacet
  facet normal 0.866026 -0.499998 0
    outer loop
      vertex -69.8305 8.85001 8
      vertex -68.75 10.7215 6
      vertex -68.75 10.7215 8
    endloop
  endfacet
  facet normal 0.866013 -0.500021 0
    outer loop
      vertex -69.8305 8.85001 3
      vertex -69.3273 9.72153 5
      vertex -69.8305 8.85001 8
    endloop
  endfacet
  facet normal 0.866032 -0.499988 1.26184e-05
    outer loop
      vertex -68.75 10.7215 6
      vertex -69.8305 8.85001 8
      vertex -69.3273 9.72153 5
    endloop
  endfacet
  facet normal 0.866013 -0.500021 0
    outer loop
      vertex -69.3273 9.72153 5
      vertex -69.8305 8.85001 3
      vertex -69.3273 9.72153 0.5
    endloop
  endfacet
  facet normal 0.866024 -0.500003 8.17901e-06
    outer loop
      vertex -73.2369 2.95 3
      vertex -69.3273 9.72153 0.5
      vertex -69.8305 8.85001 3
    endloop
  endfacet
  facet normal 0.866022 -0.500005 6.57481e-07
    outer loop
      vertex -74.9401 7.43866e-06 0
      vertex -69.3273 9.72153 0.5
      vertex -73.2369 2.95 3
    endloop
  endfacet
  facet normal 0.866025 -0.500001 -0.000101706
    outer loop
      vertex -69.3273 9.72153 0.5
      vertex -74.9401 7.43866e-06 0
      vertex -69.0387 10.2215 0
    endloop
  endfacet
  facet normal 0.866023 -0.500005 0
    outer loop
      vertex -74.9401 7.43866e-06 0
      vertex -73.2369 2.95 3
      vertex -74.9401 7.43866e-06 8
    endloop
  endfacet
  facet normal 0 1 -0
    outer loop
      vertex -75.4793 0.933983 6
      vertex -77.8072 0.933983 8
      vertex -75.4793 0.933983 8
    endloop
  endfacet
  facet normal 0 1 0
    outer loop
      vertex -77.8072 0.933983 8
      vertex -75.4793 0.933983 6
      vertex -77.8072 0.933983 6
    endloop
  endfacet
  facet normal 0 1 -0
    outer loop
      vertex -85.6984 0.933983 6
      vertex -88.0263 0.933983 8
      vertex -85.6984 0.933983 8
    endloop
  endfacet
  facet normal 0 1 0
    outer loop
      vertex -88.0263 0.933983 8
      vertex -85.6984 0.933983 6
      vertex -88.0263 0.933983 6
    endloop
  endfacet
  facet normal 0 0.755928 0.654654
    outer loop
      vertex -75.9793 1.80001 5
      vertex -77.8072 0.933983 6
      vertex -75.4793 0.933983 6
    endloop
  endfacet
  facet normal 0 0.755928 0.654654
    outer loop
      vertex -77.8072 0.933983 6
      vertex -75.9793 1.80001 5
      vertex -77.3072 1.80001 5
    endloop
  endfacet
  facet normal 0 0.755928 0.654654
    outer loop
      vertex -86.1984 1.80001 5
      vertex -88.0263 0.933983 6
      vertex -85.6984 0.933983 6
    endloop
  endfacet
  facet normal 0 0.755928 0.654654
    outer loop
      vertex -88.0263 0.933983 6
      vertex -86.1984 1.80001 5
      vertex -87.5263 1.80001 5
    endloop
  endfacet
  facet normal 0 1 0
    outer loop
      vertex -75.9793 1.80001 5
      vertex -77.3072 1.80001 2.5
      vertex -77.3072 1.80001 5
    endloop
  endfacet
  facet normal 0 1 0
    outer loop
      vertex -77.3072 1.80001 2.5
      vertex -75.9793 1.80001 0.5
      vertex -86.1984 1.80001 2.5
    endloop
  endfacet
  facet normal 0 1 -0
    outer loop
      vertex -75.9793 1.80001 0.5
      vertex -77.3072 1.80001 2.5
      vertex -75.9793 1.80001 5
    endloop
  endfacet
  facet normal 0 1 -0
    outer loop
      vertex -86.1984 1.80001 2.5
      vertex -87.5263 1.80001 5
      vertex -86.1984 1.80001 5
    endloop
  endfacet
  facet normal 0 1 0
    outer loop
      vertex -86.1984 1.80001 2.5
      vertex -87.5263 1.80001 0.5
      vertex -87.5263 1.80001 5
    endloop
  endfacet
  facet normal 0 1 0
    outer loop
      vertex -87.5263 1.80001 0.5
      vertex -86.1984 1.80001 2.5
      vertex -75.9793 1.80001 0.5
    endloop
  endfacet
  facet normal 0 0.755923 -0.65466
    outer loop
      vertex -75.7293 1.36699 0
      vertex -87.5263 1.80001 0.5
      vertex -75.9793 1.80001 0.5
    endloop
  endfacet
  facet normal 0 0.755923 -0.65466
    outer loop
      vertex -87.5263 1.80001 0.5
      vertex -75.7293 1.36699 0
      vertex -87.7763 1.36699 0
    endloop
  endfacet
  facet normal 0 -1 0
    outer loop
      vertex -88.5655 7.43866e-06 8
      vertex -85.1592 7.43866e-06 2.5
      vertex -85.1592 7.43866e-06 8
    endloop
  endfacet
  facet normal 0 -1 -0
    outer loop
      vertex -85.1592 7.43866e-06 2.5
      vertex -88.5655 7.43866e-06 0
      vertex -78.3464 7.43866e-06 2.5
    endloop
  endfacet
  facet normal 0 -1 0
    outer loop
      vertex -88.5655 7.43866e-06 0
      vertex -85.1592 7.43866e-06 2.5
      vertex -88.5655 7.43866e-06 8
    endloop
  endfacet
  facet normal 0 -1 0
    outer loop
      vertex -78.3464 7.43866e-06 2.5
      vertex -74.9401 7.43866e-06 8
      vertex -78.3464 7.43866e-06 8
    endloop
  endfacet
  facet normal 0 -1 0
    outer loop
      vertex -78.3464 7.43866e-06 2.5
      vertex -74.9401 7.43866e-06 0
      vertex -74.9401 7.43866e-06 8
    endloop
  endfacet
  facet normal 0 -1 0
    outer loop
      vertex -74.9401 7.43866e-06 0
      vertex -78.3464 7.43866e-06 2.5
      vertex -88.5655 7.43866e-06 0
    endloop
  endfacet
  facet normal 0.866026 0.499998 0
    outer loop
      vertex -88.0263 0.933983 8
      vertex -93.6771 10.7215 6
      vertex -93.6771 10.7215 8
    endloop
  endfacet
  facet normal 0.866026 0.499998 0
    outer loop
      vertex -93.6771 10.7215 6
      vertex -88.0263 0.933983 8
      vertex -88.0263 0.933983 6
    endloop
  endfacet
  facet normal 0.654653 0.377965 0.654654
    outer loop
      vertex -92.0998 9.72153 5
      vertex -88.0263 0.933983 6
      vertex -87.5263 1.80001 5
    endloop
  endfacet
  facet normal 0.654636 0.377959 0.654674
    outer loop
      vertex -88.0263 0.933983 6
      vertex -92.0998 9.72153 5
      vertex -92.3761 9.89669 5.17516
    endloop
  endfacet
  facet normal 0.654668 0.377971 0.654635
    outer loop
      vertex -88.0263 0.933983 6
      vertex -92.3761 9.89669 5.17516
      vertex -93.6771 10.7215 6
    endloop
  endfacet
  facet normal 0.866025 0.500001 0
    outer loop
      vertex -87.5263 1.80001 5
      vertex -92.0998 9.72153 0.5
      vertex -92.0998 9.72153 5
    endloop
  endfacet
  facet normal 0.866025 0.500001 0
    outer loop
      vertex -92.0998 9.72153 0.5
      vertex -87.5263 1.80001 5
      vertex -87.5263 1.80001 0.5
    endloop
  endfacet
  facet normal 0.654654 0.37796 -0.654656
    outer loop
      vertex -87.7763 1.36699 0
      vertex -92.7574 10.1385 0.0830774
      vertex -87.5263 1.80001 0.5
    endloop
  endfacet
  facet normal 0.654308 0.377768 -0.655112
    outer loop
      vertex -92.7574 10.1385 0.0830774
      vertex -87.7763 1.36699 0
      vertex -92.8885 10.2215 0
    endloop
  endfacet
  facet normal 0 0 0
    outer loop
      vertex -93.7998 11.8 0
      vertex -93.7998 11.8 3.8147e-08
      vertex -93.7998 11.8 4.67301e-07
    endloop
  endfacet
  facet normal 0.654694 0.377989 -0.654599
    outer loop
      vertex -92.0998 9.72153 0.5
      vertex -87.5263 1.80001 0.5
      vertex -92.7574 10.1385 0.0830774
    endloop
  endfacet
  facet normal 0 -1 0
    outer loop
      vertex -93.2998 11.8 0.5
      vertex -93.7998 11.8 4.67301e-07
      vertex -93.7998 11.8 3.8147e-08
    endloop
  endfacet
  facet normal -0.866038 -0.499979 0
    outer loop
      vertex -94.1783 9.72153 5
      vertex -94.7556 10.7215 8
      vertex -94.7556 10.7215 6
    endloop
  endfacet
  facet normal -0.866022 -0.500005 -0
    outer loop
      vertex -88.5655 7.43866e-06 8
      vertex -94.1783 9.72153 5
      vertex -88.5655 7.43866e-06 0
    endloop
  endfacet
  facet normal -0.866024 -0.500003 1.06795e-05
    outer loop
      vertex -94.1783 9.72153 5
      vertex -88.5655 7.43866e-06 8
      vertex -94.7556 10.7215 8
    endloop
  endfacet
  facet normal -0.866022 -0.500005 0
    outer loop
      vertex -94.1783 9.72153 0.5
      vertex -88.5655 7.43866e-06 0
      vertex -94.1783 9.72153 5
    endloop
  endfacet
  facet normal -0.866025 -0.500001 -0.000101706
    outer loop
      vertex -88.5655 7.43866e-06 0
      vertex -94.1783 9.72153 0.5
      vertex -94.4669 10.2215 0
    endloop
  endfacet
  facet normal 0 0 1
    outer loop
      vertex -77.3072 1.80001 2.5
      vertex -85.1592 7.43866e-06 2.5
      vertex -78.3464 7.43866e-06 2.5
    endloop
  endfacet
  facet normal 0 -0 1
    outer loop
      vertex -85.1592 7.43866e-06 2.5
      vertex -77.3072 1.80001 2.5
      vertex -86.1984 1.80001 2.5
    endloop
  endfacet
  facet normal 0.866038 0.499978 0
    outer loop
      vertex -85.6984 0.933983 8
      vertex -85.1592 7.43866e-06 8
      vertex -85.6984 0.933983 6
    endloop
  endfacet
  facet normal 0.866029 0.499994 -5.68364e-06
    outer loop
      vertex -85.1592 7.43866e-06 2.5
      vertex -86.1984 1.80001 5
      vertex -85.6984 0.933983 6
    endloop
  endfacet
  facet normal 0.866038 0.499978 -0
    outer loop
      vertex -85.1592 7.43866e-06 2.5
      vertex -85.6984 0.933983 6
      vertex -85.1592 7.43866e-06 8
    endloop
  endfacet
  facet normal 0.866032 0.499988 0
    outer loop
      vertex -86.1984 1.80001 5
      vertex -85.1592 7.43866e-06 2.5
      vertex -86.1984 1.80001 2.5
    endloop
  endfacet
  facet normal -0.866032 0.499988 0
    outer loop
      vertex -78.3464 7.43866e-06 2.5
      vertex -77.3072 1.80001 5
      vertex -77.3072 1.80001 2.5
    endloop
  endfacet
  facet normal -0.866029 0.499994 -5.68364e-06
    outer loop
      vertex -77.3072 1.80001 5
      vertex -78.3464 7.43866e-06 2.5
      vertex -77.8072 0.933983 6
    endloop
  endfacet
  facet normal -0.866038 0.499978 0
    outer loop
      vertex -78.3464 7.43866e-06 8
      vertex -77.8072 0.933983 6
      vertex -78.3464 7.43866e-06 2.5
    endloop
  endfacet
  facet normal -0.866038 0.499978 0
    outer loop
      vertex -77.8072 0.933983 6
      vertex -78.3464 7.43866e-06 8
      vertex -77.8072 0.933983 8
    endloop
  endfacet
  facet normal 0 1 -0
    outer loop
      vertex -94.2998 11.8 6
      vertex -95.3783 11.8 8
      vertex -94.2998 11.8 8
    endloop
  endfacet
  facet normal 0 1 0
    outer loop
      vertex -95.3783 11.8 0
      vertex -93.2998 11.8 5
      vertex -93.2998 11.8 0.5
    endloop
  endfacet
  facet normal 0 1 0
    outer loop
      vertex -93.2998 11.8 5
      vertex -95.3783 11.8 0
      vertex -94.2998 11.8 6
    endloop
  endfacet
  facet normal 0 1 0
    outer loop
      vertex -95.3783 11.8 0
      vertex -93.2998 11.8 0.5
      vertex -93.7998 11.8 3.8147e-08
    endloop
  endfacet
  facet normal 0 1 0
    outer loop
      vertex -95.3783 11.8 0
      vertex -93.7998 11.8 3.8147e-08
      vertex -93.7998 11.8 0
    endloop
  endfacet
  facet normal 0 1 0
    outer loop
      vertex -94.2998 11.8 6
      vertex -95.3783 11.8 0
      vertex -95.3783 11.8 8
    endloop
  endfacet
  facet normal 0 1 0
    outer loop
      vertex -68.1273 11.8 8
      vertex -69.2058 11.8 6
      vertex -69.2058 11.8 8
    endloop
  endfacet
  facet normal 0 1 0
    outer loop
      vertex -68.1273 11.8 0
      vertex -70.2058 11.8 5
      vertex -69.2058 11.8 6
    endloop
  endfacet
  facet normal 0 1 -0
    outer loop
      vertex -68.1273 11.8 0
      vertex -69.2058 11.8 6
      vertex -68.1273 11.8 8
    endloop
  endfacet
  facet normal 0 1 0
    outer loop
      vertex -70.2058 11.8 5
      vertex -68.1273 11.8 0
      vertex -70.2058 11.8 0.5
    endloop
  endfacet
  facet normal 0 1 -0
    outer loop
      vertex -69.7058 11.8 0
      vertex -70.2058 11.8 0.5
      vertex -68.1273 11.8 0
    endloop
  endfacet
  facet normal 0 -1 0
    outer loop
      vertex -93.6771 10.7215 6
      vertex -69.8285 10.7215 8
      vertex -93.6771 10.7215 8
    endloop
  endfacet
  facet normal 0 -1 -0
    outer loop
      vertex -69.8285 10.7215 8
      vertex -93.6771 10.7215 6
      vertex -69.8285 10.7215 6
    endloop
  endfacet
  facet normal 0 -0.707195 0.707018
    outer loop
      vertex -93.6771 10.7215 6
      vertex -70.0175 10.6017 5.88017
      vertex -69.8285 10.7215 6
    endloop
  endfacet
  facet normal 7.7253e-07 -0.707119 0.707095
    outer loop
      vertex -92.3761 9.89669 5.17516
      vertex -70.0175 10.6017 5.88017
      vertex -93.6771 10.7215 6
    endloop
  endfacet
  facet normal 0 -0.707107 0.707107
    outer loop
      vertex -71.4058 9.72153 5
      vertex -92.3761 9.89669 5.17516
      vertex -92.0998 9.72153 5
    endloop
  endfacet
  facet normal 0 -0.707107 0.707107
    outer loop
      vertex -92.3761 9.89669 5.17516
      vertex -71.4058 9.72153 5
      vertex -70.0175 10.6017 5.88017
    endloop
  endfacet
  facet normal 0 -1 0
    outer loop
      vertex -92.0998 9.72153 0.5
      vertex -71.4058 9.72153 5
      vertex -92.0998 9.72153 5
    endloop
  endfacet
  facet normal 0 -1 -0
    outer loop
      vertex -71.4058 9.72153 5
      vertex -92.0998 9.72153 0.5
      vertex -71.4058 9.72153 0.5
    endloop
  endfacet
  facet normal 0 -0.707125 -0.707088
    outer loop
      vertex -92.0998 9.72153 0.5
      vertex -71.2559 9.81658 0.404945
      vertex -71.4058 9.72153 0.5
    endloop
  endfacet
  facet normal -5.3237e-07 -0.707067 -0.707147
    outer loop
      vertex -92.7574 10.1385 0.0830774
      vertex -71.2559 9.81658 0.404945
      vertex -92.0998 9.72153 0.5
    endloop
  endfacet
  facet normal -0 -0.707436 -0.706777
    outer loop
      vertex -70.6171 10.2215 0
      vertex -92.7574 10.1385 0.0830774
      vertex -92.8885 10.2215 0
    endloop
  endfacet
  facet normal -2.32197e-06 -0.707127 -0.707087
    outer loop
      vertex -92.7574 10.1385 0.0830774
      vertex -70.6171 10.2215 0
      vertex -71.2559 9.81658 0.404945
    endloop
  endfacet
  facet normal 0 1 0
    outer loop
      vertex -70.2058 11.8 5
      vertex -69.2058 11.8 8
      vertex -69.2058 11.8 6
    endloop
  endfacet
  facet normal 0 1 0
    outer loop
      vertex -69.2058 11.8 8
      vertex -70.2058 11.8 5
      vertex -94.2998 11.8 8
    endloop
  endfacet
  facet normal 0 1 0
    outer loop
      vertex -94.2998 11.8 8
      vertex -93.2998 11.8 5
      vertex -94.2998 11.8 6
    endloop
  endfacet
  facet normal 0 1 0
    outer loop
      vertex -94.2998 11.8 8
      vertex -70.2058 11.8 5
      vertex -93.2998 11.8 5
    endloop
  endfacet
  facet normal 0 1 -0
    outer loop
      vertex -70.2058 11.8 0.5
      vertex -93.2998 11.8 5
      vertex -70.2058 11.8 5
    endloop
  endfacet
  facet normal 0 1 0
    outer loop
      vertex -70.2058 11.8 0.5
      vertex -93.2998 11.8 0.5
      vertex -93.2998 11.8 5
    endloop
  endfacet
  facet normal 0 1 0
    outer loop
      vertex -93.7998 11.8 0
      vertex -93.2998 11.8 0.5
      vertex -70.2058 11.8 0.5
    endloop
  endfacet
  facet normal 0 1 0
    outer loop
      vertex -93.7998 11.8 0
      vertex -70.2058 11.8 0.5
      vertex -69.7058 11.8 0
    endloop
  endfacet
  facet normal 0 1 0
    outer loop
      vertex -93.2998 11.8 0.5
      vertex -93.7998 11.8 0
      vertex -93.7998 11.8 4.67301e-07
    endloop
  endfacet
  facet normal 0.866042 -0.499971 0
    outer loop
      vertex -155.614 0 8
      vertex -149.341 10.866 6
      vertex -149.341 10.866 8
    endloop
  endfacet
  facet normal 0.866042 -0.499971 0
    outer loop
      vertex -149.341 10.866 6
      vertex -155.614 0 8
      vertex -155.614 0 6
    endloop
  endfacet
  facet normal 0.654662 -0.377937 0.654662
    outer loop
      vertex -154.614 0 5
      vertex -148.841 9.99999 5
      vertex -155.614 0 6
    endloop
  endfacet
  facet normal 0.654674 -0.377947 0.654643
    outer loop
      vertex -148.841 9.99999 5
      vertex -149.341 10.866 6
      vertex -155.614 0 6
    endloop
  endfacet
  facet normal 0.866044 -0.499968 0
    outer loop
      vertex -154.614 0 5
      vertex -148.841 9.99999 0.5
      vertex -148.841 9.99999 5
    endloop
  endfacet
  facet normal 0.866044 -0.499968 0
    outer loop
      vertex -148.841 9.99999 0.5
      vertex -154.614 0 5
      vertex -154.614 0 0.5
    endloop
  endfacet
  facet normal 0.654661 -0.377938 -0.654661
    outer loop
      vertex -149.091 10.433 0
      vertex -154.614 0 0.5
      vertex -155.114 0 0
    endloop
  endfacet
  facet normal 0.654675 -0.377944 -0.654644
    outer loop
      vertex -149.091 10.433 0
      vertex -148.841 9.99999 0.5
      vertex -154.614 0 0.5
    endloop
  endfacet
  facet normal -0.866017 0.500015 0
    outer loop
      vertex -156.693 0 0
      vertex -149.88 11.8 8
      vertex -149.88 11.8 0
    endloop
  endfacet
  facet normal -0.866017 0.500015 0
    outer loop
      vertex -149.88 11.8 8
      vertex -156.693 0 0
      vertex -156.693 0 8
    endloop
  endfacet
  facet normal 0 -1 0
    outer loop
      vertex -149.341 10.866 6
      vertex -136.794 10.866 8
      vertex -149.341 10.866 8
    endloop
  endfacet
  facet normal 0 -1 -0
    outer loop
      vertex -136.794 10.866 8
      vertex -149.341 10.866 6
      vertex -136.794 10.866 6
    endloop
  endfacet
  facet normal 0 -0.755935 0.654647
    outer loop
      vertex -148.841 9.99999 5
      vertex -136.794 10.866 6
      vertex -149.341 10.866 6
    endloop
  endfacet
  facet normal 0 -0.755935 0.654647
    outer loop
      vertex -136.794 10.866 6
      vertex -148.841 9.99999 5
      vertex -137.294 9.99999 5
    endloop
  endfacet
  facet normal 0 -1 0
    outer loop
      vertex -148.841 9.99999 0.5
      vertex -137.294 9.99999 5
      vertex -148.841 9.99999 5
    endloop
  endfacet
  facet normal 0 -1 -0
    outer loop
      vertex -137.294 9.99999 5
      vertex -148.841 9.99999 0.5
      vertex -137.294 9.99999 0.5
    endloop
  endfacet
  facet normal 0 -0.755931 -0.654651
    outer loop
      vertex -149.091 10.433 0
      vertex -137.294 9.99999 0.5
      vertex -148.841 9.99999 0.5
    endloop
  endfacet
  facet normal 0 -0.755931 -0.654651
    outer loop
      vertex -137.294 9.99999 0.5
      vertex -149.091 10.433 0
      vertex -137.044 10.433 0
    endloop
  endfacet
  facet normal 0 1 -0
    outer loop
      vertex -136.255 11.8 0
      vertex -149.88 11.8 8
      vertex -136.255 11.8 8
    endloop
  endfacet
  facet normal 0 1 0
    outer loop
      vertex -149.88 11.8 8
      vertex -136.255 11.8 0
      vertex -149.88 11.8 0
    endloop
  endfacet
  facet normal -0.866008 -0.500031 0
    outer loop
      vertex -130.52 0 6
      vertex -136.794 10.866 8
      vertex -136.794 10.866 6
    endloop
  endfacet
  facet normal -0.866008 -0.500031 0
    outer loop
      vertex -136.794 10.866 8
      vertex -130.52 0 6
      vertex -130.52 0 8
    endloop
  endfacet
  facet normal -0.654636 -0.377987 0.654658
    outer loop
      vertex -131.52 0 5
      vertex -136.794 10.866 6
      vertex -137.294 9.99999 5
    endloop
  endfacet
  facet normal -0.654646 -0.377991 0.654646
    outer loop
      vertex -131.52 0 5
      vertex -130.52 0 6
      vertex -136.794 10.866 6
    endloop
  endfacet
  facet normal -0.866007 -0.500033 0
    outer loop
      vertex -131.52 0 0.5
      vertex -137.294 9.99999 5
      vertex -137.294 9.99999 0.5
    endloop
  endfacet
  facet normal -0.866007 -0.500033 0
    outer loop
      vertex -137.294 9.99999 5
      vertex -131.52 0 0.5
      vertex -131.52 0 5
    endloop
  endfacet
  facet normal -0.654635 -0.377985 -0.65466
    outer loop
      vertex -137.044 10.433 0
      vertex -131.02 0 0
      vertex -137.294 9.99999 0.5
    endloop
  endfacet
  facet normal -0.654646 -0.377993 -0.654646
    outer loop
      vertex -131.02 0 0
      vertex -131.52 0 0.5
      vertex -137.294 9.99999 0.5
    endloop
  endfacet
  facet normal 0.86615 0.499784 0
    outer loop
      vertex -135.632 10.7215 8
      vertex -135.055 9.72153 5
      vertex -135.632 10.7215 6
    endloop
  endfacet
  facet normal 0.866015 0.500018 -0
    outer loop
      vertex -129.442 0 0
      vertex -135.055 9.72153 5
      vertex -129.442 0 8
    endloop
  endfacet
  facet normal 0.866028 0.499996 -9.44743e-05
    outer loop
      vertex -129.442 0 8
      vertex -135.055 9.72153 5
      vertex -135.632 10.7215 8
    endloop
  endfacet
  facet normal 0.866015 0.500018 0
    outer loop
      vertex -135.055 9.72153 5
      vertex -129.442 0 0
      vertex -135.055 9.72153 0.5
    endloop
  endfacet
  facet normal 0.866039 0.499975 0.0011067
    outer loop
      vertex -135.055 9.72153 0.5
      vertex -129.442 0 0
      vertex -135.343 10.2215 0
    endloop
  endfacet
  facet normal -0.866016 0.500016 0
    outer loop
      vertex -131.684 -2.01602 6
      vertex -130.52 0 8
      vertex -130.52 0 6
    endloop
  endfacet
  facet normal -0.866016 0.500016 0
    outer loop
      vertex -130.52 0 8
      vertex -131.684 -2.01602 6
      vertex -131.684 -2.01602 8
    endloop
  endfacet
  facet normal -0.866014 0.50002 0
    outer loop
      vertex -136.794 -10.866 6
      vertex -135.63 -8.85 8
      vertex -135.63 -8.85 6
    endloop
  endfacet
  facet normal -0.866014 0.50002 0
    outer loop
      vertex -135.63 -8.85 8
      vertex -136.794 -10.866 6
      vertex -136.794 -10.866 8
    endloop
  endfacet
  facet normal -0.654646 0.37799 0.654646
    outer loop
      vertex -132.184 -1.14999 5
      vertex -130.52 0 6
      vertex -131.52 0 5
    endloop
  endfacet
  facet normal -0.654666 0.378083 0.654573
    outer loop
      vertex -130.52 0 6
      vertex -132.184 -1.14999 5
      vertex -131.777 -1.85534 5.81447
    endloop
  endfacet
  facet normal -0.654646 0.37799 0.654646
    outer loop
      vertex -136.515 -8.85 5.115
      vertex -136.63 -8.85 5
      vertex -137.294 -9.99999 5
    endloop
  endfacet
  facet normal -0.654283 0.377767 0.655138
    outer loop
      vertex -131.684 -2.01602 6
      vertex -130.52 0 6
      vertex -131.777 -1.85534 5.81447
    endloop
  endfacet
  facet normal -0.654649 0.377982 0.654649
    outer loop
      vertex -136.515 -8.85 5.115
      vertex -136.794 -10.866 6
      vertex -135.63 -8.85 6
    endloop
  endfacet
  facet normal -0.654639 0.377984 0.654657
    outer loop
      vertex -136.794 -10.866 6
      vertex -136.515 -8.85 5.115
      vertex -137.294 -9.99999 5
    endloop
  endfacet
  facet normal -0.866008 0.50003 0
    outer loop
      vertex -131.52 0 0.5
      vertex -132.184 -1.14999 2.5
      vertex -131.52 0 5
    endloop
  endfacet
  facet normal -0.866006 0.500033 2.74985e-06
    outer loop
      vertex -131.52 0 0.5
      vertex -136.63 -8.85 2.5
      vertex -132.184 -1.14999 2.5
    endloop
  endfacet
  facet normal -0.866007 0.500033 -2.11739e-06
    outer loop
      vertex -137.294 -9.99999 0.5
      vertex -136.63 -8.85 2.5
      vertex -131.52 0 0.5
    endloop
  endfacet
  facet normal -0.866008 0.50003 0
    outer loop
      vertex -137.294 -9.99999 5
      vertex -136.63 -8.85 2.5
      vertex -137.294 -9.99999 0.5
    endloop
  endfacet
  facet normal -0.866008 0.50003 0
    outer loop
      vertex -136.63 -8.85 2.5
      vertex -137.294 -9.99999 5
      vertex -136.63 -8.85 5
    endloop
  endfacet
  facet normal -0.866008 0.50003 0
    outer loop
      vertex -131.52 0 5
      vertex -132.184 -1.14999 2.5
      vertex -132.184 -1.14999 5
    endloop
  endfacet
  facet normal -0.654646 0.377992 -0.654646
    outer loop
      vertex -131.52 0 0.5
      vertex -131.02 0 0
      vertex -137.044 -10.433 0
    endloop
  endfacet
  facet normal -0.654634 0.377986 -0.654661
    outer loop
      vertex -131.52 0 0.5
      vertex -137.044 -10.433 0
      vertex -137.294 -9.99999 0.5
    endloop
  endfacet
  facet normal 0.865922 -0.50018 0
    outer loop
      vertex -134.551 -8.85 8
      vertex -136.255 -11.8 8
      vertex -134.551 -8.85 2.5
    endloop
  endfacet
  facet normal 0.866048 -0.499961 0
    outer loop
      vertex -131.145 -2.94999 2.5
      vertex -129.442 0 8
      vertex -131.145 -2.94999 8
    endloop
  endfacet
  facet normal 0.866048 -0.499961 0
    outer loop
      vertex -129.442 0 8
      vertex -131.145 -2.94999 2.5
      vertex -129.442 0 0
    endloop
  endfacet
  facet normal 0.866049 -0.499959 2.99975e-06
    outer loop
      vertex -134.551 -8.85 2.5
      vertex -129.442 0 0
      vertex -131.145 -2.94999 2.5
    endloop
  endfacet
  facet normal 0.866017 -0.500015 -0.000259805
    outer loop
      vertex -134.551 -8.85 2.5
      vertex -136.255 -11.8 0
      vertex -129.442 0 0
    endloop
  endfacet
  facet normal 0.865922 -0.50018 0
    outer loop
      vertex -136.255 -11.8 0
      vertex -134.551 -8.85 2.5
      vertex -136.255 -11.8 8
    endloop
  endfacet
  facet normal 0 1 -0
    outer loop
      vertex -136.794 -10.866 6
      vertex -139.122 -10.866 8
      vertex -136.794 -10.866 8
    endloop
  endfacet
  facet normal 0 1 0
    outer loop
      vertex -139.122 -10.866 8
      vertex -136.794 -10.866 6
      vertex -139.122 -10.866 6
    endloop
  endfacet
  facet normal 0 1 -0
    outer loop
      vertex -147.013 -10.866 6
      vertex -149.341 -10.866 8
      vertex -147.013 -10.866 8
    endloop
  endfacet
  facet normal 0 1 0
    outer loop
      vertex -149.341 -10.866 8
      vertex -147.013 -10.866 6
      vertex -149.341 -10.866 6
    endloop
  endfacet
  facet normal 0 0.755935 0.654647
    outer loop
      vertex -137.294 -9.99999 5
      vertex -139.122 -10.866 6
      vertex -136.794 -10.866 6
    endloop
  endfacet
  facet normal 0 0.755935 0.654647
    outer loop
      vertex -139.122 -10.866 6
      vertex -137.294 -9.99999 5
      vertex -138.622 -9.99999 5
    endloop
  endfacet
  facet normal 0 0.755935 0.654647
    outer loop
      vertex -147.513 -9.99999 5
      vertex -149.341 -10.866 6
      vertex -147.013 -10.866 6
    endloop
  endfacet
  facet normal 0 0.755935 0.654647
    outer loop
      vertex -149.341 -10.866 6
      vertex -147.513 -9.99999 5
      vertex -148.841 -9.99999 5
    endloop
  endfacet
  facet normal 0 1 0
    outer loop
      vertex -137.294 -9.99999 5
      vertex -138.622 -9.99999 2.5
      vertex -138.622 -9.99999 5
    endloop
  endfacet
  facet normal 0 1 0
    outer loop
      vertex -138.622 -9.99999 2.5
      vertex -137.294 -9.99999 0.5
      vertex -147.513 -9.99999 2.5
    endloop
  endfacet
  facet normal 0 1 -0
    outer loop
      vertex -137.294 -9.99999 0.5
      vertex -138.622 -9.99999 2.5
      vertex -137.294 -9.99999 5
    endloop
  endfacet
  facet normal 0 1 -0
    outer loop
      vertex -147.513 -9.99999 2.5
      vertex -148.841 -9.99999 5
      vertex -147.513 -9.99999 5
    endloop
  endfacet
  facet normal 0 1 0
    outer loop
      vertex -147.513 -9.99999 2.5
      vertex -148.841 -9.99999 0.5
      vertex -148.841 -9.99999 5
    endloop
  endfacet
  facet normal 0 1 0
    outer loop
      vertex -148.841 -9.99999 0.5
      vertex -147.513 -9.99999 2.5
      vertex -137.294 -9.99999 0.5
    endloop
  endfacet
  facet normal 0 0.755931 -0.654651
    outer loop
      vertex -137.044 -10.433 0
      vertex -148.841 -9.99999 0.5
      vertex -137.294 -9.99999 0.5
    endloop
  endfacet
  facet normal 0 0.755931 -0.654651
    outer loop
      vertex -148.841 -9.99999 0.5
      vertex -137.044 -10.433 0
      vertex -149.091 -10.433 0
    endloop
  endfacet
  facet normal 0 -1 0
    outer loop
      vertex -149.88 -11.8 8
      vertex -146.474 -11.8 2.5
      vertex -146.474 -11.8 8
    endloop
  endfacet
  facet normal 0 -1 -0
    outer loop
      vertex -146.474 -11.8 2.5
      vertex -149.88 -11.8 0
      vertex -139.661 -11.8 2.5
    endloop
  endfacet
  facet normal 0 -1 0
    outer loop
      vertex -149.88 -11.8 0
      vertex -146.474 -11.8 2.5
      vertex -149.88 -11.8 8
    endloop
  endfacet
  facet normal 0 -1 0
    outer loop
      vertex -139.661 -11.8 2.5
      vertex -136.255 -11.8 8
      vertex -139.661 -11.8 8
    endloop
  endfacet
  facet normal 0 -1 0
    outer loop
      vertex -139.661 -11.8 2.5
      vertex -136.255 -11.8 0
      vertex -136.255 -11.8 8
    endloop
  endfacet
  facet normal 0 -1 0
    outer loop
      vertex -136.255 -11.8 0
      vertex -139.661 -11.8 2.5
      vertex -149.88 -11.8 0
    endloop
  endfacet
  facet normal -0 0 1
    outer loop
      vertex -135.63 -8.85 8
      vertex -136.255 -11.8 8
      vertex -134.551 -8.85 8
    endloop
  endfacet
  facet normal -0 0 1
    outer loop
      vertex -136.794 -10.866 8
      vertex -136.255 -11.8 8
      vertex -135.63 -8.85 8
    endloop
  endfacet
  facet normal -0 0 1
    outer loop
      vertex -139.122 -10.866 8
      vertex -136.255 -11.8 8
      vertex -136.794 -10.866 8
    endloop
  endfacet
  facet normal 0 0 1
    outer loop
      vertex -136.255 -11.8 8
      vertex -139.122 -10.866 8
      vertex -139.661 -11.8 8
    endloop
  endfacet
  facet normal -0 0 1
    outer loop
      vertex -149.341 -10.866 8
      vertex -146.474 -11.8 8
      vertex -147.013 -10.866 8
    endloop
  endfacet
  facet normal 0 0 1
    outer loop
      vertex -149.341 -10.866 8
      vertex -149.88 -11.8 8
      vertex -146.474 -11.8 8
    endloop
  endfacet
  facet normal 0 0 1
    outer loop
      vertex -150.505 -8.85 8
      vertex -149.88 -11.8 8
      vertex -149.341 -10.866 8
    endloop
  endfacet
  facet normal 0 0 1
    outer loop
      vertex -149.88 -11.8 8
      vertex -150.505 -8.85 8
      vertex -151.583 -8.85 8
    endloop
  endfacet
  facet normal 0.866016 0.500016 0
    outer loop
      vertex -154.45 -2.01602 8
      vertex -155.614 0 6
      vertex -155.614 0 8
    endloop
  endfacet
  facet normal 0.866016 0.500016 0
    outer loop
      vertex -155.614 0 6
      vertex -154.45 -2.01602 8
      vertex -154.45 -2.01602 6
    endloop
  endfacet
  facet normal 0.866014 0.50002 0
    outer loop
      vertex -149.341 -10.866 8
      vertex -150.505 -8.85 6
      vertex -150.505 -8.85 8
    endloop
  endfacet
  facet normal 0.866014 0.50002 0
    outer loop
      vertex -150.505 -8.85 6
      vertex -149.341 -10.866 8
      vertex -149.341 -10.866 6
    endloop
  endfacet
  facet normal 0.653406 0.377274 0.656296
    outer loop
      vertex -154.008 -1.24959 5.115
      vertex -153.95 -1.14999 5
      vertex -154.614 0 5
    endloop
  endfacet
  facet normal 0.654808 0.378084 0.65443
    outer loop
      vertex -150.319 -8.85 5.81447
      vertex -148.841 -9.99999 5
      vertex -149.505 -8.85 5
    endloop
  endfacet
  facet normal 0.654746 0.377873 0.654615
    outer loop
      vertex -148.841 -9.99999 5
      vertex -150.319 -8.85 5.81447
      vertex -149.341 -10.866 6
    endloop
  endfacet
  facet normal 0.654712 0.377762 0.654712
    outer loop
      vertex -155.614 0 6
      vertex -154.008 -1.24959 5.115
      vertex -154.614 0 5
    endloop
  endfacet
  facet normal 0.654803 0.378067 0.654446
    outer loop
      vertex -154.008 -1.24959 5.115
      vertex -155.614 0 6
      vertex -154.45 -2.01602 6
    endloop
  endfacet
  facet normal 0.653938 0.377571 0.655595
    outer loop
      vertex -149.341 -10.866 6
      vertex -150.319 -8.85 5.81447
      vertex -150.505 -8.85 6
    endloop
  endfacet
  facet normal 0.866008 0.50003 0
    outer loop
      vertex -149.505 -8.85 5
      vertex -148.841 -9.99999 5
      vertex -149.505 -8.85 2.5
    endloop
  endfacet
  facet normal 0.866008 0.50003 -0
    outer loop
      vertex -153.95 -1.14999 2.5
      vertex -154.614 0 5
      vertex -153.95 -1.14999 5
    endloop
  endfacet
  facet normal 0.866008 0.50003 0
    outer loop
      vertex -154.614 0 5
      vertex -153.95 -1.14999 2.5
      vertex -154.614 0 0.5
    endloop
  endfacet
  facet normal 0.866055 0.499949 -6.19223e-05
    outer loop
      vertex -149.505 -8.85 2.5
      vertex -154.614 0 0.5
      vertex -153.95 -1.14999 2.5
    endloop
  endfacet
  facet normal 0.866044 0.499968 4.76797e-05
    outer loop
      vertex -149.505 -8.85 2.5
      vertex -148.841 -9.99999 0.5
      vertex -154.614 0 0.5
    endloop
  endfacet
  facet normal 0.866008 0.50003 -0
    outer loop
      vertex -148.841 -9.99999 0.5
      vertex -149.505 -8.85 2.5
      vertex -148.841 -9.99999 5
    endloop
  endfacet
  facet normal 0.654674 0.377945 -0.654645
    outer loop
      vertex -148.841 -9.99999 0.5
      vertex -149.091 -10.433 0
      vertex -155.114 0 0
    endloop
  endfacet
  facet normal 0.654662 0.377937 -0.654662
    outer loop
      vertex -154.614 0 0.5
      vertex -148.841 -9.99999 0.5
      vertex -155.114 0 0
    endloop
  endfacet
  facet normal -0.866048 -0.499961 0
    outer loop
      vertex -156.693 0 0
      vertex -154.99 -2.94999 2.5
      vertex -156.693 0 8
    endloop
  endfacet
  facet normal -0.865985 -0.500069 -0.000170197
    outer loop
      vertex -156.693 0 0
      vertex -151.583 -8.85 2.5
      vertex -154.99 -2.94999 2.5
    endloop
  endfacet
  facet normal -0.866017 -0.500015 8.66017e-05
    outer loop
      vertex -149.88 -11.8 0
      vertex -151.583 -8.85 2.5
      vertex -156.693 0 0
    endloop
  endfacet
  facet normal -0.866049 -0.49996 -0
    outer loop
      vertex -149.88 -11.8 8
      vertex -151.583 -8.85 2.5
      vertex -149.88 -11.8 0
    endloop
  endfacet
  facet normal -0.866049 -0.49996 0
    outer loop
      vertex -151.583 -8.85 2.5
      vertex -149.88 -11.8 8
      vertex -151.583 -8.85 8
    endloop
  endfacet
  facet normal -0.866048 -0.499961 0
    outer loop
      vertex -156.693 0 8
      vertex -154.99 -2.94999 2.5
      vertex -154.99 -2.94999 8
    endloop
  endfacet
  facet normal 0 0 1
    outer loop
      vertex -138.622 -9.99999 2.5
      vertex -146.474 -11.8 2.5
      vertex -139.661 -11.8 2.5
    endloop
  endfacet
  facet normal 0 -0 1
    outer loop
      vertex -146.474 -11.8 2.5
      vertex -138.622 -9.99999 2.5
      vertex -147.513 -9.99999 2.5
    endloop
  endfacet
  facet normal 0.866124 0.499829 0
    outer loop
      vertex -147.013 -10.866 8
      vertex -146.474 -11.8 8
      vertex -147.013 -10.866 6
    endloop
  endfacet
  facet normal 0.866046 0.499965 -4.81858e-05
    outer loop
      vertex -146.474 -11.8 2.5
      vertex -147.513 -9.99999 5
      vertex -147.013 -10.866 6
    endloop
  endfacet
  facet normal 0.866124 0.499829 -0
    outer loop
      vertex -146.474 -11.8 2.5
      vertex -147.013 -10.866 6
      vertex -146.474 -11.8 8
    endloop
  endfacet
  facet normal 0.866075 0.499915 0
    outer loop
      vertex -147.513 -9.99999 5
      vertex -146.474 -11.8 2.5
      vertex -147.513 -9.99999 2.5
    endloop
  endfacet
  facet normal -0.866075 0.499915 0
    outer loop
      vertex -139.661 -11.8 2.5
      vertex -138.622 -9.99999 5
      vertex -138.622 -9.99999 2.5
    endloop
  endfacet
  facet normal -0.866046 0.499965 -4.81858e-05
    outer loop
      vertex -138.622 -9.99999 5
      vertex -139.661 -11.8 2.5
      vertex -139.122 -10.866 6
    endloop
  endfacet
  facet normal -0.866124 0.499829 0
    outer loop
      vertex -139.661 -11.8 8
      vertex -139.122 -10.866 6
      vertex -139.661 -11.8 2.5
    endloop
  endfacet
  facet normal -0.866124 0.499829 0
    outer loop
      vertex -139.122 -10.866 6
      vertex -139.661 -11.8 8
      vertex -139.122 -10.866 8
    endloop
  endfacet
  facet normal 0 0 1
    outer loop
      vertex -132.184 -1.14999 2.5
      vertex -134.551 -8.85 2.5
      vertex -131.145 -2.94999 2.5
    endloop
  endfacet
  facet normal 0 -0 1
    outer loop
      vertex -134.551 -8.85 2.5
      vertex -132.184 -1.14999 2.5
      vertex -136.63 -8.85 2.5
    endloop
  endfacet
  facet normal 0 1 0
    outer loop
      vertex -134.551 -8.85 8
      vertex -135.63 -8.85 6
      vertex -135.63 -8.85 8
    endloop
  endfacet
  facet normal 0 1 0
    outer loop
      vertex -134.551 -8.85 2.5
      vertex -136.515 -8.85 5.115
      vertex -135.63 -8.85 6
    endloop
  endfacet
  facet normal 0 1 -0
    outer loop
      vertex -134.551 -8.85 2.5
      vertex -135.63 -8.85 6
      vertex -134.551 -8.85 8
    endloop
  endfacet
  facet normal 0 1 0
    outer loop
      vertex -136.515 -8.85 5.115
      vertex -134.551 -8.85 2.5
      vertex -136.63 -8.85 5
    endloop
  endfacet
  facet normal 0 1 0
    outer loop
      vertex -136.63 -8.85 5
      vertex -134.551 -8.85 2.5
      vertex -136.63 -8.85 2.5
    endloop
  endfacet
  facet normal -0.866073 -0.499917 0
    outer loop
      vertex -131.145 -2.94999 2.5
      vertex -132.184 -1.14999 5
      vertex -132.184 -1.14999 2.5
    endloop
  endfacet
  facet normal -0.866115 -0.499845 -6.93687e-05
    outer loop
      vertex -132.184 -1.14999 5
      vertex -131.145 -2.94999 2.5
      vertex -131.777 -1.85534 5.81447
    endloop
  endfacet
  facet normal -0.865634 -0.500677 0.000297335
    outer loop
      vertex -131.777 -1.85534 5.81447
      vertex -131.145 -2.94999 2.5
      vertex -131.684 -2.01602 6
    endloop
  endfacet
  facet normal -0.866117 -0.499842 -0
    outer loop
      vertex -131.145 -2.94999 8
      vertex -131.684 -2.01602 6
      vertex -131.145 -2.94999 2.5
    endloop
  endfacet
  facet normal -0.866117 -0.499842 0
    outer loop
      vertex -131.684 -2.01602 6
      vertex -131.145 -2.94999 8
      vertex -131.684 -2.01602 8
    endloop
  endfacet
  facet normal 0 0 1
    outer loop
      vertex -153.95 -1.14999 2.5
      vertex -151.583 -8.85 2.5
      vertex -149.505 -8.85 2.5
    endloop
  endfacet
  facet normal 0 0 1
    outer loop
      vertex -151.583 -8.85 2.5
      vertex -153.95 -1.14999 2.5
      vertex -154.99 -2.94999 2.5
    endloop
  endfacet
  facet normal 0.865715 -0.500537 0
    outer loop
      vertex -154.45 -2.01602 8
      vertex -154.99 -2.94999 8
      vertex -154.45 -2.01602 6
    endloop
  endfacet
  facet normal 0.864931 -0.501888 0.00154777
    outer loop
      vertex -154.99 -2.94999 2.5
      vertex -153.95 -1.14999 5
      vertex -154.008 -1.24959 5.115
    endloop
  endfacet
  facet normal 0.866139 -0.499803 -0.000261011
    outer loop
      vertex -154.99 -2.94999 2.5
      vertex -154.008 -1.24959 5.115
      vertex -154.45 -2.01602 6
    endloop
  endfacet
  facet normal 0.865715 -0.500537 0
    outer loop
      vertex -154.99 -2.94999 2.5
      vertex -154.45 -2.01602 6
      vertex -154.99 -2.94999 8
    endloop
  endfacet
  facet normal 0.865865 -0.500278 0
    outer loop
      vertex -153.95 -1.14999 5
      vertex -154.99 -2.94999 2.5
      vertex -153.95 -1.14999 2.5
    endloop
  endfacet
  facet normal 0 1 -0
    outer loop
      vertex -150.505 -8.85 6
      vertex -151.583 -8.85 8
      vertex -150.505 -8.85 8
    endloop
  endfacet
  facet normal 0 1 0
    outer loop
      vertex -151.583 -8.85 2.5
      vertex -149.505 -8.85 5
      vertex -149.505 -8.85 2.5
    endloop
  endfacet
  facet normal 0 1 0
    outer loop
      vertex -149.505 -8.85 5
      vertex -151.583 -8.85 2.5
      vertex -150.319 -8.85 5.81447
    endloop
  endfacet
  facet normal 0 1 0
    outer loop
      vertex -150.319 -8.85 5.81447
      vertex -151.583 -8.85 2.5
      vertex -150.505 -8.85 6
    endloop
  endfacet
  facet normal 0 1 0
    outer loop
      vertex -150.505 -8.85 6
      vertex -151.583 -8.85 2.5
      vertex -151.583 -8.85 8
    endloop
  endfacet
  facet normal -0.866058 0.499943 0
    outer loop
      vertex -156.068 2.95 6
      vertex -152.123 9.78398 8
      vertex -152.123 9.78398 6
    endloop
  endfacet
  facet normal -0.866058 0.499943 0
    outer loop
      vertex -152.123 9.78398 8
      vertex -156.068 2.95 6
      vertex -156.068 2.95 8
    endloop
  endfacet
  facet normal -0.654424 0.377781 0.654989
    outer loop
      vertex -157.068 2.95 5
      vertex -152.215 9.94466 5.81447
      vertex -152.623 10.65 5
    endloop
  endfacet
  facet normal -0.65465 0.377977 0.65465
    outer loop
      vertex -152.215 9.94466 5.81447
      vertex -157.068 2.95 5
      vertex -156.953 2.95 5.115
    endloop
  endfacet
  facet normal -0.655841 0.378593 0.6531
    outer loop
      vertex -152.215 9.94466 5.81447
      vertex -156.068 2.95 6
      vertex -152.123 9.78398 6
    endloop
  endfacet
  facet normal -0.65465 0.377977 0.65465
    outer loop
      vertex -156.068 2.95 6
      vertex -152.215 9.94466 5.81447
      vertex -156.953 2.95 5.115
    endloop
  endfacet
  facet normal -0.866054 0.49995 0
    outer loop
      vertex -157.068 2.95 3
      vertex -152.623 10.65 5
      vertex -152.623 10.65 3
    endloop
  endfacet
  facet normal -0.866054 0.49995 0
    outer loop
      vertex -152.623 10.65 5
      vertex -157.068 2.95 3
      vertex -157.068 2.95 5
    endloop
  endfacet
  facet normal 0.865986 -0.500069 0
    outer loop
      vertex -154.99 2.95 8
      vertex -151.583 8.85001 3
      vertex -151.583 8.85001 8
    endloop
  endfacet
  facet normal 0.865986 -0.500069 0
    outer loop
      vertex -151.583 8.85001 3
      vertex -154.99 2.95 8
      vertex -154.99 2.95 3
    endloop
  endfacet
  facet normal 0 0 1
    outer loop
      vertex -152.123 9.78398 8
      vertex -154.99 2.95 8
      vertex -151.583 8.85001 8
    endloop
  endfacet
  facet normal 0 -0 1
    outer loop
      vertex -154.99 2.95 8
      vertex -152.123 9.78398 8
      vertex -156.068 2.95 8
    endloop
  endfacet
  facet normal 0 0 -1
    outer loop
      vertex -154.99 2.95 3
      vertex -152.623 10.65 3
      vertex -151.583 8.85001 3
    endloop
  endfacet
  facet normal 0 0 -1
    outer loop
      vertex -152.623 10.65 3
      vertex -154.99 2.95 3
      vertex -157.068 2.95 3
    endloop
  endfacet
  facet normal 0 -1 0
    outer loop
      vertex -156.068 2.95 6
      vertex -154.99 2.95 8
      vertex -156.068 2.95 8
    endloop
  endfacet
  facet normal 0 -1 0
    outer loop
      vertex -154.99 2.95 3
      vertex -156.953 2.95 5.115
      vertex -157.068 2.95 5
    endloop
  endfacet
  facet normal 0 -1 0
    outer loop
      vertex -154.99 2.95 3
      vertex -157.068 2.95 5
      vertex -157.068 2.95 3
    endloop
  endfacet
  facet normal 0 -1 0
    outer loop
      vertex -156.953 2.95 5.115
      vertex -154.99 2.95 3
      vertex -156.068 2.95 6
    endloop
  endfacet
  facet normal 0 -1 0
    outer loop
      vertex -156.068 2.95 6
      vertex -154.99 2.95 3
      vertex -154.99 2.95 8
    endloop
  endfacet
  facet normal 0.865715 0.500537 0
    outer loop
      vertex -152.123 9.78398 8
      vertex -151.583 8.85001 8
      vertex -152.123 9.78398 6
    endloop
  endfacet
  facet normal 0.865742 0.500491 -0.000253494
    outer loop
      vertex -151.583 8.85001 3
      vertex -152.623 10.65 5
      vertex -152.215 9.94466 5.81447
    endloop
  endfacet
  facet normal 0.867262 0.497852 0.00111426
    outer loop
      vertex -151.583 8.85001 3
      vertex -152.215 9.94466 5.81447
      vertex -152.123 9.78398 6
    endloop
  endfacet
  facet normal 0.865715 0.500537 -0
    outer loop
      vertex -151.583 8.85001 3
      vertex -152.123 9.78398 6
      vertex -151.583 8.85001 8
    endloop
  endfacet
  facet normal 0.865864 0.50028 0
    outer loop
      vertex -152.623 10.65 5
      vertex -151.583 8.85001 3
      vertex -152.623 10.65 3
    endloop
  endfacet
  facet normal -0.866019 0.500012 0
    outer loop
      vertex -116.356 0.933983 6
      vertex -110.705 10.7215 8
      vertex -110.705 10.7215 6
    endloop
  endfacet
  facet normal -0.866019 0.500012 0
    outer loop
      vertex -110.705 10.7215 8
      vertex -116.356 0.933983 6
      vertex -116.356 0.933983 8
    endloop
  endfacet
  facet normal -0.654769 0.378073 0.654476
    outer loop
      vertex -110.894 10.6017 5.88017
      vertex -112.282 9.72153 5
      vertex -116.856 1.80001 5
    endloop
  endfacet
  facet normal -0.654646 0.377972 0.654657
    outer loop
      vertex -116.356 0.933983 6
      vertex -110.894 10.6017 5.88017
      vertex -116.856 1.80001 5
    endloop
  endfacet
  facet normal -0.654648 0.377973 0.654655
    outer loop
      vertex -110.894 10.6017 5.88017
      vertex -116.356 0.933983 6
      vertex -110.705 10.7215 6
    endloop
  endfacet
  facet normal -0.866001 0.500042 0
    outer loop
      vertex -116.856 1.80001 0.5
      vertex -112.282 9.72153 5
      vertex -112.282 9.72153 0.5
    endloop
  endfacet
  facet normal -0.866001 0.500042 0
    outer loop
      vertex -112.282 9.72153 5
      vertex -116.856 1.80001 0.5
      vertex -116.856 1.80001 5
    endloop
  endfacet
  facet normal -0.655155 0.378242 -0.653992
    outer loop
      vertex -112.132 9.81658 0.404945
      vertex -111.494 10.2215 0
      vertex -116.606 1.36699 0
    endloop
  endfacet
  facet normal -0.654465 0.377919 -0.654869
    outer loop
      vertex -116.606 1.36699 0
      vertex -112.282 9.72153 0.5
      vertex -112.132 9.81658 0.404945
    endloop
  endfacet
  facet normal -0.654625 0.37799 -0.654667
    outer loop
      vertex -112.282 9.72153 0.5
      vertex -116.606 1.36699 0
      vertex -116.856 1.80001 0.5
    endloop
  endfacet
  facet normal 0.866048 -0.499961 0
    outer loop
      vertex -114.113 2.95 8
      vertex -115.816 7.43866e-06 8
      vertex -114.113 2.95 3
    endloop
  endfacet
  facet normal 0.865926 -0.500172 0
    outer loop
      vertex -110.707 8.85001 8
      vertex -109.626 10.7215 6
      vertex -109.626 10.7215 8
    endloop
  endfacet
  facet normal 0.8661 -0.499872 0
    outer loop
      vertex -110.707 8.85001 3
      vertex -110.204 9.72153 5
      vertex -110.707 8.85001 8
    endloop
  endfacet
  facet normal 0.865848 -0.500307 -0.000168554
    outer loop
      vertex -109.626 10.7215 6
      vertex -110.707 8.85001 8
      vertex -110.204 9.72153 5
    endloop
  endfacet
  facet normal 0.8661 -0.499872 0
    outer loop
      vertex -110.204 9.72153 5
      vertex -110.707 8.85001 3
      vertex -110.204 9.72153 0.5
    endloop
  endfacet
  facet normal 0.866049 -0.499959 -4.06361e-05
    outer loop
      vertex -114.113 2.95 3
      vertex -110.204 9.72153 0.5
      vertex -110.707 8.85001 3
    endloop
  endfacet
  facet normal 0.866054 -0.499951 -1.23441e-05
    outer loop
      vertex -115.816 7.43866e-06 0
      vertex -110.204 9.72153 0.5
      vertex -114.113 2.95 3
    endloop
  endfacet
  facet normal 0.866039 -0.499976 0.000625013
    outer loop
      vertex -110.204 9.72153 0.5
      vertex -115.816 7.43866e-06 0
      vertex -109.915 10.2215 0
    endloop
  endfacet
  facet normal 0.866048 -0.499961 0
    outer loop
      vertex -115.816 7.43866e-06 0
      vertex -114.113 2.95 3
      vertex -115.816 7.43866e-06 8
    endloop
  endfacet
  facet normal 0 1 -0
    outer loop
      vertex -116.356 0.933983 6
      vertex -118.684 0.933983 8
      vertex -116.356 0.933983 8
    endloop
  endfacet
  facet normal 0 1 0
    outer loop
      vertex -118.684 0.933983 8
      vertex -116.356 0.933983 6
      vertex -118.684 0.933983 6
    endloop
  endfacet
  facet normal 0 1 -0
    outer loop
      vertex -126.575 0.933983 6
      vertex -128.903 0.933983 8
      vertex -126.575 0.933983 8
    endloop
  endfacet
  facet normal 0 1 0
    outer loop
      vertex -128.903 0.933983 8
      vertex -126.575 0.933983 6
      vertex -128.903 0.933983 6
    endloop
  endfacet
  facet normal 0 0.755928 0.654654
    outer loop
      vertex -116.856 1.80001 5
      vertex -118.684 0.933983 6
      vertex -116.356 0.933983 6
    endloop
  endfacet
  facet normal 0 0.755928 0.654654
    outer loop
      vertex -118.684 0.933983 6
      vertex -116.856 1.80001 5
      vertex -118.184 1.80001 5
    endloop
  endfacet
  facet normal 0 0.755928 0.654654
    outer loop
      vertex -127.075 1.80001 5
      vertex -128.903 0.933983 6
      vertex -126.575 0.933983 6
    endloop
  endfacet
  facet normal 0 0.755928 0.654654
    outer loop
      vertex -128.903 0.933983 6
      vertex -127.075 1.80001 5
      vertex -128.403 1.80001 5
    endloop
  endfacet
  facet normal 0 1 0
    outer loop
      vertex -116.856 1.80001 5
      vertex -118.184 1.80001 2.5
      vertex -118.184 1.80001 5
    endloop
  endfacet
  facet normal 0 1 0
    outer loop
      vertex -118.184 1.80001 2.5
      vertex -116.856 1.80001 0.5
      vertex -127.075 1.80001 2.5
    endloop
  endfacet
  facet normal 0 1 -0
    outer loop
      vertex -116.856 1.80001 0.5
      vertex -118.184 1.80001 2.5
      vertex -116.856 1.80001 5
    endloop
  endfacet
  facet normal 0 1 -0
    outer loop
      vertex -127.075 1.80001 2.5
      vertex -128.403 1.80001 5
      vertex -127.075 1.80001 5
    endloop
  endfacet
  facet normal 0 1 0
    outer loop
      vertex -127.075 1.80001 2.5
      vertex -128.403 1.80001 0.5
      vertex -128.403 1.80001 5
    endloop
  endfacet
  facet normal 0 1 0
    outer loop
      vertex -128.403 1.80001 0.5
      vertex -127.075 1.80001 2.5
      vertex -116.856 1.80001 0.5
    endloop
  endfacet
  facet normal 0 0.755923 -0.65466
    outer loop
      vertex -116.606 1.36699 0
      vertex -128.403 1.80001 0.5
      vertex -116.856 1.80001 0.5
    endloop
  endfacet
  facet normal 0 0.755923 -0.65466
    outer loop
      vertex -128.403 1.80001 0.5
      vertex -116.606 1.36699 0
      vertex -128.653 1.36699 0
    endloop
  endfacet
  facet normal 0 -1 0
    outer loop
      vertex -129.442 7.43866e-06 8
      vertex -126.036 7.43866e-06 2.5
      vertex -126.036 7.43866e-06 8
    endloop
  endfacet
  facet normal 0 -1 -0
    outer loop
      vertex -126.036 7.43866e-06 2.5
      vertex -129.442 7.43866e-06 0
      vertex -119.223 7.43866e-06 2.5
    endloop
  endfacet
  facet normal 0 -1 0
    outer loop
      vertex -129.442 7.43866e-06 0
      vertex -126.036 7.43866e-06 2.5
      vertex -129.442 7.43866e-06 8
    endloop
  endfacet
  facet normal 0 -1 0
    outer loop
      vertex -119.223 7.43866e-06 2.5
      vertex -115.816 7.43866e-06 8
      vertex -119.223 7.43866e-06 8
    endloop
  endfacet
  facet normal 0 -1 0
    outer loop
      vertex -119.223 7.43866e-06 2.5
      vertex -115.816 7.43866e-06 0
      vertex -115.816 7.43866e-06 8
    endloop
  endfacet
  facet normal 0 -1 0
    outer loop
      vertex -115.816 7.43866e-06 0
      vertex -119.223 7.43866e-06 2.5
      vertex -129.442 7.43866e-06 0
    endloop
  endfacet
  facet normal 0.866019 0.500012 0
    outer loop
      vertex -128.903 0.933983 8
      vertex -134.554 10.7215 6
      vertex -134.554 10.7215 8
    endloop
  endfacet
  facet normal 0.866019 0.500012 0
    outer loop
      vertex -134.554 10.7215 6
      vertex -128.903 0.933983 8
      vertex -128.903 0.933983 6
    endloop
  endfacet
  facet normal 0.654679 0.377938 0.654644
    outer loop
      vertex -132.976 9.72153 5
      vertex -128.903 0.933983 6
      vertex -128.403 1.80001 5
    endloop
  endfacet
  facet normal 0.65509 0.378073 0.654154
    outer loop
      vertex -128.903 0.933983 6
      vertex -132.976 9.72153 5
      vertex -133.252 9.89669 5.17516
    endloop
  endfacet
  facet normal 0.654331 0.37779 0.655077
    outer loop
      vertex -128.903 0.933983 6
      vertex -133.252 9.89669 5.17516
      vertex -134.554 10.7215 6
    endloop
  endfacet
  facet normal 0.866049 0.49996 0
    outer loop
      vertex -128.403 1.80001 5
      vertex -132.976 9.72153 0.5
      vertex -132.976 9.72153 5
    endloop
  endfacet
  facet normal 0.866049 0.49996 0
    outer loop
      vertex -132.976 9.72153 0.5
      vertex -128.403 1.80001 5
      vertex -128.403 1.80001 0.5
    endloop
  endfacet
  facet normal 0.654659 0.377956 -0.654654
    outer loop
      vertex -128.653 1.36699 0
      vertex -133.634 10.1385 0.0830774
      vertex -128.403 1.80001 0.5
    endloop
  endfacet
  facet normal 0.654643 0.377947 -0.654674
    outer loop
      vertex -133.634 10.1385 0.0830774
      vertex -128.653 1.36699 0
      vertex -133.765 10.2215 0
    endloop
  endfacet
  facet normal 0 0 0
    outer loop
      vertex -134.676 11.8 0
      vertex -134.676 11.8 3.8147e-08
      vertex -134.676 11.8 4.67301e-07
    endloop
  endfacet
  facet normal 0.654418 0.377788 -0.654992
    outer loop
      vertex -132.976 9.72153 0.5
      vertex -128.403 1.80001 0.5
      vertex -133.634 10.1385 0.0830774
    endloop
  endfacet
  facet normal 0 -1 0
    outer loop
      vertex -134.176 11.8 0.5
      vertex -134.676 11.8 4.67301e-07
      vertex -134.676 11.8 3.8147e-08
    endloop
  endfacet
  facet normal -0.86615 -0.499784 0
    outer loop
      vertex -135.055 9.72153 5
      vertex -135.632 10.7215 8
      vertex -135.632 10.7215 6
    endloop
  endfacet
  facet normal -0.866015 -0.500018 -0
    outer loop
      vertex -129.442 7.43866e-06 8
      vertex -135.055 9.72153 5
      vertex -129.442 7.43866e-06 0
    endloop
  endfacet
  facet normal -0.866027 -0.499997 9.45899e-05
    outer loop
      vertex -135.055 9.72153 5
      vertex -129.442 7.43866e-06 8
      vertex -135.632 10.7215 8
    endloop
  endfacet
  facet normal -0.866015 -0.500018 0
    outer loop
      vertex -135.055 9.72153 0.5
      vertex -129.442 7.43866e-06 0
      vertex -135.055 9.72153 5
    endloop
  endfacet
  facet normal -0.866039 -0.499975 -0.00110707
    outer loop
      vertex -129.442 7.43866e-06 0
      vertex -135.055 9.72153 0.5
      vertex -135.343 10.2215 0
    endloop
  endfacet
  facet normal 0 0 1
    outer loop
      vertex -118.184 1.80001 2.5
      vertex -126.036 7.43866e-06 2.5
      vertex -119.223 7.43866e-06 2.5
    endloop
  endfacet
  facet normal 0 -0 1
    outer loop
      vertex -126.036 7.43866e-06 2.5
      vertex -118.184 1.80001 2.5
      vertex -127.075 1.80001 2.5
    endloop
  endfacet
  facet normal 0.866118 0.499839 0
    outer loop
      vertex -126.575 0.933983 8
      vertex -126.036 7.43866e-06 8
      vertex -126.575 0.933983 6
    endloop
  endfacet
  facet normal 0.866048 0.499962 -4.35152e-05
    outer loop
      vertex -126.036 7.43866e-06 2.5
      vertex -127.075 1.80001 5
      vertex -126.575 0.933983 6
    endloop
  endfacet
  facet normal 0.866118 0.499839 -0
    outer loop
      vertex -126.036 7.43866e-06 2.5
      vertex -126.575 0.933983 6
      vertex -126.036 7.43866e-06 8
    endloop
  endfacet
  facet normal 0.866074 0.499916 0
    outer loop
      vertex -127.075 1.80001 5
      vertex -126.036 7.43866e-06 2.5
      vertex -127.075 1.80001 2.5
    endloop
  endfacet
  facet normal -0.866074 0.499916 0
    outer loop
      vertex -119.223 7.43866e-06 2.5
      vertex -118.184 1.80001 5
      vertex -118.184 1.80001 2.5
    endloop
  endfacet
  facet normal -0.866048 0.499962 -4.35152e-05
    outer loop
      vertex -118.184 1.80001 5
      vertex -119.223 7.43866e-06 2.5
      vertex -118.684 0.933983 6
    endloop
  endfacet
  facet normal -0.866118 0.499839 0
    outer loop
      vertex -119.223 7.43866e-06 8
      vertex -118.684 0.933983 6
      vertex -119.223 7.43866e-06 2.5
    endloop
  endfacet
  facet normal -0.866118 0.499839 0
    outer loop
      vertex -118.684 0.933983 6
      vertex -119.223 7.43866e-06 8
      vertex -118.684 0.933983 8
    endloop
  endfacet
  facet normal 0 1 -0
    outer loop
      vertex -135.176 11.8 6
      vertex -136.255 11.8 8
      vertex -135.176 11.8 8
    endloop
  endfacet
  facet normal 0 1 0
    outer loop
      vertex -136.255 11.8 0
      vertex -134.176 11.8 5
      vertex -134.176 11.8 0.5
    endloop
  endfacet
  facet normal 0 1 0
    outer loop
      vertex -134.176 11.8 5
      vertex -136.255 11.8 0
      vertex -135.176 11.8 6
    endloop
  endfacet
  facet normal 0 1 0
    outer loop
      vertex -136.255 11.8 0
      vertex -134.176 11.8 0.5
      vertex -134.676 11.8 3.8147e-08
    endloop
  endfacet
  facet normal 0 1 0
    outer loop
      vertex -136.255 11.8 0
      vertex -134.676 11.8 3.8147e-08
      vertex -134.676 11.8 0
    endloop
  endfacet
  facet normal 0 1 0
    outer loop
      vertex -135.176 11.8 6
      vertex -136.255 11.8 0
      vertex -136.255 11.8 8
    endloop
  endfacet
  facet normal 0 1 0
    outer loop
      vertex -109.004 11.8 8
      vertex -110.082 11.8 6
      vertex -110.082 11.8 8
    endloop
  endfacet
  facet normal 0 1 0
    outer loop
      vertex -109.004 11.8 0
      vertex -111.082 11.8 5
      vertex -110.082 11.8 6
    endloop
  endfacet
  facet normal 0 1 -0
    outer loop
      vertex -109.004 11.8 0
      vertex -110.082 11.8 6
      vertex -109.004 11.8 8
    endloop
  endfacet
  facet normal 0 1 0
    outer loop
      vertex -111.082 11.8 5
      vertex -109.004 11.8 0
      vertex -111.082 11.8 0.5
    endloop
  endfacet
  facet normal 0 1 -0
    outer loop
      vertex -110.582 11.8 0
      vertex -111.082 11.8 0.5
      vertex -109.004 11.8 0
    endloop
  endfacet
  facet normal 0 -1 0
    outer loop
      vertex -134.554 10.7215 6
      vertex -110.705 10.7215 8
      vertex -134.554 10.7215 8
    endloop
  endfacet
  facet normal 0 -1 -0
    outer loop
      vertex -110.705 10.7215 8
      vertex -134.554 10.7215 6
      vertex -110.705 10.7215 6
    endloop
  endfacet
  facet normal 0 -0.707195 0.707018
    outer loop
      vertex -134.554 10.7215 6
      vertex -110.894 10.6017 5.88017
      vertex -110.705 10.7215 6
    endloop
  endfacet
  facet normal 7.72521e-07 -0.707119 0.707095
    outer loop
      vertex -133.252 9.89669 5.17516
      vertex -110.894 10.6017 5.88017
      vertex -134.554 10.7215 6
    endloop
  endfacet
  facet normal 0 -0.707107 0.707107
    outer loop
      vertex -112.282 9.72153 5
      vertex -133.252 9.89669 5.17516
      vertex -132.976 9.72153 5
    endloop
  endfacet
  facet normal 0 -0.707107 0.707107
    outer loop
      vertex -133.252 9.89669 5.17516
      vertex -112.282 9.72153 5
      vertex -110.894 10.6017 5.88017
    endloop
  endfacet
  facet normal 0 -1 0
    outer loop
      vertex -132.976 9.72153 0.5
      vertex -112.282 9.72153 5
      vertex -132.976 9.72153 5
    endloop
  endfacet
  facet normal 0 -1 -0
    outer loop
      vertex -112.282 9.72153 5
      vertex -132.976 9.72153 0.5
      vertex -112.282 9.72153 0.5
    endloop
  endfacet
  facet normal 0 -0.707125 -0.707088
    outer loop
      vertex -132.976 9.72153 0.5
      vertex -112.132 9.81658 0.404945
      vertex -112.282 9.72153 0.5
    endloop
  endfacet
  facet normal -5.32365e-07 -0.707067 -0.707147
    outer loop
      vertex -133.634 10.1385 0.0830774
      vertex -112.132 9.81658 0.404945
      vertex -132.976 9.72153 0.5
    endloop
  endfacet
  facet normal -0 -0.707436 -0.706777
    outer loop
      vertex -111.494 10.2215 0
      vertex -133.634 10.1385 0.0830774
      vertex -133.765 10.2215 0
    endloop
  endfacet
  facet normal -2.32198e-06 -0.707127 -0.707087
    outer loop
      vertex -133.634 10.1385 0.0830774
      vertex -111.494 10.2215 0
      vertex -112.132 9.81658 0.404945
    endloop
  endfacet
  facet normal 0 1 0
    outer loop
      vertex -111.082 11.8 5
      vertex -110.082 11.8 8
      vertex -110.082 11.8 6
    endloop
  endfacet
  facet normal 0 1 0
    outer loop
      vertex -110.082 11.8 8
      vertex -111.082 11.8 5
      vertex -135.176 11.8 8
    endloop
  endfacet
  facet normal 0 1 0
    outer loop
      vertex -135.176 11.8 8
      vertex -134.176 11.8 5
      vertex -135.176 11.8 6
    endloop
  endfacet
  facet normal 0 1 0
    outer loop
      vertex -135.176 11.8 8
      vertex -111.082 11.8 5
      vertex -134.176 11.8 5
    endloop
  endfacet
  facet normal 0 1 -0
    outer loop
      vertex -111.082 11.8 0.5
      vertex -134.176 11.8 5
      vertex -111.082 11.8 5
    endloop
  endfacet
  facet normal 0 1 0
    outer loop
      vertex -111.082 11.8 0.5
      vertex -134.176 11.8 0.5
      vertex -134.176 11.8 5
    endloop
  endfacet
  facet normal 0 1 0
    outer loop
      vertex -134.676 11.8 0
      vertex -134.176 11.8 0.5
      vertex -111.082 11.8 0.5
    endloop
  endfacet
  facet normal 0 1 0
    outer loop
      vertex -134.676 11.8 0
      vertex -111.082 11.8 0.5
      vertex -110.582 11.8 0
    endloop
  endfacet
  facet normal 0 1 0
    outer loop
      vertex -134.176 11.8 0.5
      vertex -134.676 11.8 0
      vertex -134.676 11.8 4.67301e-07
    endloop
  endfacet
endsolid OpenSCAD_Model
