solid OpenSCAD_Model
  facet normal -0.982284 -0.187397 0
    outer loop
      vertex -38.7172 -73.0382 0
      vertex -38.929 -71.928 2
      vertex -38.929 -71.928 0
    endloop
  endfacet
  facet normal -0.982284 -0.187397 0
    outer loop
      vertex -38.929 -71.928 2
      vertex -38.7172 -73.0382 0
      vertex -38.7172 -73.0382 2
    endloop
  endfacet
  facet normal -0.982284 0.187397 0
    outer loop
      vertex -38.929 71.928 0
      vertex -38.7172 73.0382 2
      vertex -38.7172 73.0382 0
    endloop
  endfacet
  facet normal -0.982284 0.187397 0
    outer loop
      vertex -38.7172 73.0382 2
      vertex -38.929 71.928 0
      vertex -38.929 71.928 2
    endloop
  endfacet
  facet normal -0.368139 -0.929771 0
    outer loop
      vertex -33.832 -78.9434 0
      vertex -32.7811 -79.3595 2
      vertex -33.832 -78.9434 2
    endloop
  endfacet
  facet normal -0.368139 -0.929771 -0
    outer loop
      vertex -32.7811 -79.3595 2
      vertex -33.832 -78.9434 0
      vertex -32.7811 -79.3595 0
    endloop
  endfacet
  facet normal -0.998025 -0.0628189 0
    outer loop
      vertex -38.929 -71.928 0
      vertex -39 -70.8 2
      vertex -39 -70.8 0
    endloop
  endfacet
  facet normal -0.998025 -0.0628189 0
    outer loop
      vertex -39 -70.8 2
      vertex -38.929 -71.928 0
      vertex -38.929 -71.928 2
    endloop
  endfacet
  facet normal 0.982284 -0.187397 0
    outer loop
      vertex 38.7172 -73.0382 2
      vertex 38.929 -71.928 0
      vertex 38.929 -71.928 2
    endloop
  endfacet
  facet normal 0.982284 -0.187397 0
    outer loop
      vertex 38.929 -71.928 0
      vertex 38.7172 -73.0382 2
      vertex 38.7172 -73.0382 0
    endloop
  endfacet
  facet normal 0.68455 -0.728966 0
    outer loop
      vertex 35.7368 -77.7346 0
      vertex 36.5607 -76.9609 2
      vertex 35.7368 -77.7346 2
    endloop
  endfacet
  facet normal 0.68455 -0.728966 0
    outer loop
      vertex 36.5607 -76.9609 2
      vertex 35.7368 -77.7346 0
      vertex 36.5607 -76.9609 0
    endloop
  endfacet
  facet normal 1 -0 0
    outer loop
      vertex 39 -70.8 2
      vertex 39 70.8 0.5
      vertex 39 70.8 2
    endloop
  endfacet
  facet normal 1 0 0
    outer loop
      vertex 39 70.8 0.5
      vertex 39 -70.8 2
      vertex 39 -70.8 0.5
    endloop
  endfacet
  facet normal 0 1 0
    outer loop
      vertex 30.5651 79.7822 2
      vertex -4 79.7822 0.5
      vertex -4 79.7822 2
    endloop
  endfacet
  facet normal 0 1 0
    outer loop
      vertex -4 79.7822 0.5
      vertex 30.5651 79.7822 0
      vertex -6 79.7822 0.5
    endloop
  endfacet
  facet normal 0 1 -0
    outer loop
      vertex 30.5651 79.7822 0
      vertex -4 79.7822 0.5
      vertex 30.5651 79.7822 2
    endloop
  endfacet
  facet normal 0 1 -0
    outer loop
      vertex -6 79.7822 0.5
      vertex -30.5651 79.7822 2
      vertex -6 79.7822 2
    endloop
  endfacet
  facet normal 0 1 0
    outer loop
      vertex -6 79.7822 0.5
      vertex -30.5651 79.7822 0
      vertex -30.5651 79.7822 2
    endloop
  endfacet
  facet normal 0 1 0
    outer loop
      vertex -30.5651 79.7822 0
      vertex -6 79.7822 0.5
      vertex 30.5651 79.7822 0
    endloop
  endfacet
  facet normal -0.587756 -0.809038 0
    outer loop
      vertex -35.7368 -77.7346 0
      vertex -34.8224 -78.3989 2
      vertex -35.7368 -77.7346 2
    endloop
  endfacet
  facet normal -0.587756 -0.809038 -0
    outer loop
      vertex -34.8224 -78.3989 2
      vertex -35.7368 -77.7346 0
      vertex -34.8224 -78.3989 0
    endloop
  endfacet
  facet normal -0.904809 0.425818 0
    outer loop
      vertex -38.368 74.1131 0
      vertex -37.8867 75.1358 2
      vertex -37.8867 75.1358 0
    endloop
  endfacet
  facet normal -0.904809 0.425818 0
    outer loop
      vertex -37.8867 75.1358 2
      vertex -38.368 74.1131 0
      vertex -38.368 74.1131 2
    endloop
  endfacet
  facet normal -1 0 0
    outer loop
      vertex -39 -9.98027 0
      vertex -39 -70.8 0
      vertex -39 -9.98027 0.5
    endloop
  endfacet
  facet normal -1 0 0
    outer loop
      vertex -39 9.98027 0.5
      vertex -39 70.8 0
      vertex -39 9.98027 0
    endloop
  endfacet
  facet normal -1 0 0
    outer loop
      vertex -39 70.8 0
      vertex -39 9.98027 0.5
      vertex -39 70.8 2
    endloop
  endfacet
  facet normal -1 0 0
    outer loop
      vertex -39 -9.98027 0.5
      vertex -39 70.8 2
      vertex -39 9.98027 0.5
    endloop
  endfacet
  facet normal -1 0 0
    outer loop
      vertex -39 -70.8 2
      vertex -39 -9.98027 0.5
      vertex -39 -70.8 0
    endloop
  endfacet
  facet normal -1 0 0
    outer loop
      vertex -39 -9.98027 0.5
      vertex -39 -70.8 2
      vertex -39 70.8 2
    endloop
  endfacet
  facet normal 0 -1 0
    outer loop
      vertex -30.5651 -79.7822 2
      vertex -6 -79.7822 0.5
      vertex -6 -79.7822 2
    endloop
  endfacet
  facet normal 0 -1 -0
    outer loop
      vertex -6 -79.7822 0.5
      vertex -30.5651 -79.7822 0
      vertex -4 -79.7822 0.5
    endloop
  endfacet
  facet normal 0 -1 0
    outer loop
      vertex -30.5651 -79.7822 0
      vertex -6 -79.7822 0.5
      vertex -30.5651 -79.7822 2
    endloop
  endfacet
  facet normal 0 -1 0
    outer loop
      vertex -4 -79.7822 0.5
      vertex 30.5651 -79.7822 2
      vertex -4 -79.7822 2
    endloop
  endfacet
  facet normal 0 -1 0
    outer loop
      vertex -4 -79.7822 0.5
      vertex 30.5651 -79.7822 0
      vertex 30.5651 -79.7822 2
    endloop
  endfacet
  facet normal 0 -1 0
    outer loop
      vertex 30.5651 -79.7822 0
      vertex -4 -79.7822 0.5
      vertex -30.5651 -79.7822 0
    endloop
  endfacet
  facet normal 0.587756 0.809038 -0
    outer loop
      vertex 35.7368 77.7346 0
      vertex 34.8224 78.3989 2
      vertex 35.7368 77.7346 2
    endloop
  endfacet
  facet normal 0.587756 0.809038 0
    outer loop
      vertex 34.8224 78.3989 2
      vertex 35.7368 77.7346 0
      vertex 34.8224 78.3989 0
    endloop
  endfacet
  facet normal -0.68455 0.728966 0
    outer loop
      vertex -35.7368 77.7346 0
      vertex -36.5607 76.9609 2
      vertex -35.7368 77.7346 2
    endloop
  endfacet
  facet normal -0.68455 0.728966 0
    outer loop
      vertex -36.5607 76.9609 2
      vertex -35.7368 77.7346 0
      vertex -36.5607 76.9609 0
    endloop
  endfacet
  facet normal 0.587756 -0.809038 0
    outer loop
      vertex 34.8224 -78.3989 0
      vertex 35.7368 -77.7346 2
      vertex 34.8224 -78.3989 2
    endloop
  endfacet
  facet normal 0.587756 -0.809038 0
    outer loop
      vertex 35.7368 -77.7346 2
      vertex 34.8224 -78.3989 0
      vertex 35.7368 -77.7346 0
    endloop
  endfacet
  facet normal -0.951071 0.308972 0
    outer loop
      vertex -38.7172 73.0382 0
      vertex -38.368 74.1131 2
      vertex -38.368 74.1131 0
    endloop
  endfacet
  facet normal -0.951071 0.308972 0
    outer loop
      vertex -38.368 74.1131 2
      vertex -38.7172 73.0382 0
      vertex -38.7172 73.0382 2
    endloop
  endfacet
  facet normal 0.904809 0.425818 0
    outer loop
      vertex 38.368 74.1131 2
      vertex 37.8867 75.1358 0
      vertex 37.8867 75.1358 2
    endloop
  endfacet
  facet normal 0.904809 0.425818 0
    outer loop
      vertex 37.8867 75.1358 0
      vertex 38.368 74.1131 2
      vertex 38.368 74.1131 0
    endloop
  endfacet
  facet normal -0.998025 0.0628189 0
    outer loop
      vertex -39 70.8 0
      vertex -38.929 71.928 2
      vertex -38.929 71.928 0
    endloop
  endfacet
  facet normal -0.998025 0.0628189 0
    outer loop
      vertex -38.929 71.928 2
      vertex -39 70.8 0
      vertex -39 70.8 2
    endloop
  endfacet
  facet normal 0.951071 0.308972 0
    outer loop
      vertex 38.7172 73.0382 2
      vertex 38.368 74.1131 0
      vertex 38.368 74.1131 2
    endloop
  endfacet
  facet normal 0.951071 0.308972 0
    outer loop
      vertex 38.368 74.1131 0
      vertex 38.7172 73.0382 2
      vertex 38.7172 73.0382 0
    endloop
  endfacet
  facet normal 0.770508 -0.63743 0
    outer loop
      vertex 36.5607 -76.9609 2
      vertex 37.2811 -76.0901 0
      vertex 37.2811 -76.0901 2
    endloop
  endfacet
  facet normal 0.770508 -0.63743 0
    outer loop
      vertex 37.2811 -76.0901 0
      vertex 36.5607 -76.9609 2
      vertex 36.5607 -76.9609 0
    endloop
  endfacet
  facet normal 0 0 -1
    outer loop
      vertex -70.6279 -9.98027 0
      vertex -39 9.98027 0
      vertex -39 -9.98027 0
    endloop
  endfacet
  facet normal 0 0 -1
    outer loop
      vertex -70.6279 -9.98027 0
      vertex -70.6279 9.98027 0
      vertex -39 9.98027 0
    endloop
  endfacet
  facet normal 0 0 -1
    outer loop
      vertex -71.8738 -9.82287 0
      vertex -70.6279 9.98027 0
      vertex -70.6279 -9.98027 0
    endloop
  endfacet
  facet normal 0 0 -1
    outer loop
      vertex -71.8738 -9.82287 0
      vertex -71.8738 9.82287 0
      vertex -70.6279 9.98027 0
    endloop
  endfacet
  facet normal 0 0 -1
    outer loop
      vertex -73.0902 -9.51056 0
      vertex -71.8738 9.82287 0
      vertex -71.8738 -9.82287 0
    endloop
  endfacet
  facet normal 0 0 -1
    outer loop
      vertex -73.0902 -9.51056 0
      vertex -73.0902 9.51056 0
      vertex -71.8738 9.82287 0
    endloop
  endfacet
  facet normal 0 0 -1
    outer loop
      vertex -74.2578 -9.04827 0
      vertex -73.0902 9.51056 0
      vertex -73.0902 -9.51056 0
    endloop
  endfacet
  facet normal 0 0 -1
    outer loop
      vertex -74.2578 -9.04827 0
      vertex -74.2578 9.04827 0
      vertex -73.0902 9.51056 0
    endloop
  endfacet
  facet normal 0 0 -1
    outer loop
      vertex -75.3583 -8.44328 0
      vertex -74.2578 9.04827 0
      vertex -74.2578 -9.04827 0
    endloop
  endfacet
  facet normal 0 0 -1
    outer loop
      vertex -75.3583 -8.44328 0
      vertex -75.3583 8.44328 0
      vertex -74.2578 9.04827 0
    endloop
  endfacet
  facet normal 0 0 -1
    outer loop
      vertex -76.3742 -7.70513 0
      vertex -75.3583 8.44328 0
      vertex -75.3583 -8.44328 0
    endloop
  endfacet
  facet normal 0 0 -1
    outer loop
      vertex -76.3742 -7.70513 0
      vertex -76.3742 7.70513 0
      vertex -75.3583 8.44328 0
    endloop
  endfacet
  facet normal 0 0 -1
    outer loop
      vertex -77.2897 -6.84547 0
      vertex -76.3742 7.70513 0
      vertex -76.3742 -7.70513 0
    endloop
  endfacet
  facet normal 0 0 -1
    outer loop
      vertex -77.2897 -6.84547 0
      vertex -77.2897 6.84547 0
      vertex -76.3742 7.70513 0
    endloop
  endfacet
  facet normal 0 0 -1
    outer loop
      vertex -78.0902 -5.87785 0
      vertex -77.2897 6.84547 0
      vertex -77.2897 -6.84547 0
    endloop
  endfacet
  facet normal 0 0 -1
    outer loop
      vertex -78.0902 -5.87785 0
      vertex -78.0902 5.87785 0
      vertex -77.2897 6.84547 0
    endloop
  endfacet
  facet normal 0 0 -1
    outer loop
      vertex -78.7631 -4.81754 0
      vertex -78.0902 5.87785 0
      vertex -78.0902 -5.87785 0
    endloop
  endfacet
  facet normal 0 0 -1
    outer loop
      vertex -78.7631 -4.81754 0
      vertex -78.7631 4.81754 0
      vertex -78.0902 5.87785 0
    endloop
  endfacet
  facet normal 0 0 -1
    outer loop
      vertex -79.2978 -3.68124 0
      vertex -78.7631 4.81754 0
      vertex -78.7631 -4.81754 0
    endloop
  endfacet
  facet normal 0 0 -1
    outer loop
      vertex -79.2978 -3.68124 0
      vertex -79.2978 3.68124 0
      vertex -78.7631 4.81754 0
    endloop
  endfacet
  facet normal 0 0 -1
    outer loop
      vertex -79.6858 -2.4869 0
      vertex -79.2978 3.68124 0
      vertex -79.2978 -3.68124 0
    endloop
  endfacet
  facet normal 0 0 -1
    outer loop
      vertex -79.6858 -2.4869 0
      vertex -79.6858 2.4869 0
      vertex -79.2978 3.68124 0
    endloop
  endfacet
  facet normal 0 0 -1
    outer loop
      vertex -79.9211 -1.25333 0
      vertex -79.6858 2.4869 0
      vertex -79.6858 -2.4869 0
    endloop
  endfacet
  facet normal 0 0 -1
    outer loop
      vertex -79.9211 -1.25333 0
      vertex -79.9211 1.25333 0
      vertex -79.6858 2.4869 0
    endloop
  endfacet
  facet normal 0 -0 -1
    outer loop
      vertex -79.9211 1.25333 0
      vertex -79.9211 -1.25333 0
      vertex -80 0 0
    endloop
  endfacet
  facet normal 0 0 -1
    outer loop
      vertex -17.6213 -35.7913 0
      vertex 39 -70.8 0
      vertex -17.3885 -36.5079 0
    endloop
  endfacet
  facet normal 0 0 -1
    outer loop
      vertex -17.9422 -35.1095 0
      vertex 39 -70.8 0
      vertex -17.6213 -35.7913 0
    endloop
  endfacet
  facet normal 0 0 -1
    outer loop
      vertex 39 -70.8 0
      vertex -17.9422 -35.1095 0
      vertex 111.8 0 0
    endloop
  endfacet
  facet normal -0 0 -1
    outer loop
      vertex 111.8 0 0
      vertex -17.9422 -35.1095 0
      vertex 39 70.8 0
    endloop
  endfacet
  facet normal 0 0 -1
    outer loop
      vertex -18.3459 -34.4733 0
      vertex 39 70.8 0
      vertex -17.9422 -35.1095 0
    endloop
  endfacet
  facet normal 0 0 -1
    outer loop
      vertex -18.8262 -33.8927 0
      vertex 39 70.8 0
      vertex -18.3459 -34.4733 0
    endloop
  endfacet
  facet normal 0 0 -1
    outer loop
      vertex -19.3755 -33.3769 0
      vertex 39 70.8 0
      vertex -18.8262 -33.8927 0
    endloop
  endfacet
  facet normal 0 0 -1
    outer loop
      vertex 39 70.8 0
      vertex -19.3755 -33.3769 0
      vertex -39 9.98027 0
    endloop
  endfacet
  facet normal 0 0 -1
    outer loop
      vertex -39 9.98027 0
      vertex -19.3755 -33.3769 0
      vertex -19.985 -32.934 0
    endloop
  endfacet
  facet normal 0 0 -1
    outer loop
      vertex -39 9.98027 0
      vertex -19.985 -32.934 0
      vertex -20.6453 -32.571 0
    endloop
  endfacet
  facet normal 0 0 -1
    outer loop
      vertex -39 -9.98027 0
      vertex -20.6453 -32.571 0
      vertex -21.3459 -32.2937 0
    endloop
  endfacet
  facet normal 0 0 -1
    outer loop
      vertex -39 -9.98027 0
      vertex -21.3459 -32.2937 0
      vertex -22.0757 -32.1063 0
    endloop
  endfacet
  facet normal 0 0 -1
    outer loop
      vertex -39 -9.98027 0
      vertex -22.0757 -32.1063 0
      vertex -22.8233 -32.0118 0
    endloop
  endfacet
  facet normal 0 0 -1
    outer loop
      vertex -39 -9.98027 0
      vertex -22.8233 -32.0118 0
      vertex -23.5767 -32.0118 0
    endloop
  endfacet
  facet normal 0 0 -1
    outer loop
      vertex -39 -9.98027 0
      vertex -23.5767 -32.0118 0
      vertex -24.3243 -32.1063 0
    endloop
  endfacet
  facet normal 0 0 -1
    outer loop
      vertex -39 -9.98027 0
      vertex -24.3243 -32.1063 0
      vertex -25.0541 -32.2937 0
    endloop
  endfacet
  facet normal 0 0 -1
    outer loop
      vertex -39 -9.98027 0
      vertex -25.0541 -32.2937 0
      vertex -25.7547 -32.571 0
    endloop
  endfacet
  facet normal 0 0 -1
    outer loop
      vertex -39 -9.98027 0
      vertex -25.7547 -32.571 0
      vertex -26.415 -32.934 0
    endloop
  endfacet
  facet normal 0 0 -1
    outer loop
      vertex -39 -9.98027 0
      vertex -26.415 -32.934 0
      vertex -27.0245 -33.3769 0
    endloop
  endfacet
  facet normal 0 0 -1
    outer loop
      vertex -39 -9.98027 0
      vertex -27.0245 -33.3769 0
      vertex -27.5738 -33.8927 0
    endloop
  endfacet
  facet normal 0 0 -1
    outer loop
      vertex -39 -9.98027 0
      vertex -27.5738 -33.8927 0
      vertex -28.0541 -34.4733 0
    endloop
  endfacet
  facet normal 0 0 -1
    outer loop
      vertex -39 -9.98027 0
      vertex -28.0541 -34.4733 0
      vertex -28.4578 -35.1095 0
    endloop
  endfacet
  facet normal 0 0 -1
    outer loop
      vertex -39 70.8 0
      vertex 39 70.8 0
      vertex -39 9.98027 0
    endloop
  endfacet
  facet normal 0 0 -1
    outer loop
      vertex -39 -9.98027 0
      vertex -28.4578 -35.1095 0
      vertex -28.7787 -35.7913 0
    endloop
  endfacet
  facet normal 0 0 -1
    outer loop
      vertex -39 -9.98027 0
      vertex -28.7787 -35.7913 0
      vertex -29.0115 -36.5079 0
    endloop
  endfacet
  facet normal 0 0 -1
    outer loop
      vertex -39 -9.98027 0
      vertex -29.0115 -36.5079 0
      vertex -29.1527 -37.248 0
    endloop
  endfacet
  facet normal 0 0 -1
    outer loop
      vertex -39 -9.98027 0
      vertex -29.1527 -37.248 0
      vertex -29.2 -38 0
    endloop
  endfacet
  facet normal -0 0 -1
    outer loop
      vertex -29.2 -66 0
      vertex -39 -70.8 0
      vertex -29.2 -38 0
    endloop
  endfacet
  facet normal 0 0 -1
    outer loop
      vertex -39 -70.8 0
      vertex -30.5651 -79.7822 0
      vertex -31.6864 -79.6406 0
    endloop
  endfacet
  facet normal 0 0 -1
    outer loop
      vertex -20.6453 -32.571 0
      vertex -39 -9.98027 0
      vertex -39 9.98027 0
    endloop
  endfacet
  facet normal 0 0 -1
    outer loop
      vertex -39 -70.8 0
      vertex -31.6864 -79.6406 0
      vertex -32.7811 -79.3595 0
    endloop
  endfacet
  facet normal 0 0 -1
    outer loop
      vertex 39 70.8 0
      vertex -39 70.8 0
      vertex 30.5651 79.7822 0
    endloop
  endfacet
  facet normal 0 0 -1
    outer loop
      vertex -39 -70.8 0
      vertex -32.7811 -79.3595 0
      vertex -33.832 -78.9434 0
    endloop
  endfacet
  facet normal -0 0 -1
    outer loop
      vertex 30.5651 79.7822 0
      vertex -39 70.8 0
      vertex -30.5651 79.7822 0
    endloop
  endfacet
  facet normal 0 0 -1
    outer loop
      vertex -39 -70.8 0
      vertex -33.832 -78.9434 0
      vertex -34.8224 -78.3989 0
    endloop
  endfacet
  facet normal 0 0 -1
    outer loop
      vertex -30.5651 79.7822 0
      vertex -39 70.8 0
      vertex -31.6864 79.6406 0
    endloop
  endfacet
  facet normal 0 0 -1
    outer loop
      vertex -39 -70.8 0
      vertex -34.8224 -78.3989 0
      vertex -35.7368 -77.7346 0
    endloop
  endfacet
  facet normal 0 0 -1
    outer loop
      vertex -31.6864 79.6406 0
      vertex -39 70.8 0
      vertex -32.7811 79.3595 0
    endloop
  endfacet
  facet normal 0 0 -1
    outer loop
      vertex -39 -70.8 0
      vertex -35.7368 -77.7346 0
      vertex -36.5607 -76.9609 0
    endloop
  endfacet
  facet normal 0 0 -1
    outer loop
      vertex -32.7811 79.3595 0
      vertex -39 70.8 0
      vertex -33.832 78.9434 0
    endloop
  endfacet
  facet normal 0 0 -1
    outer loop
      vertex -39 -70.8 0
      vertex -36.5607 -76.9609 0
      vertex -37.2811 -76.0901 0
    endloop
  endfacet
  facet normal 0 0 -1
    outer loop
      vertex -33.832 78.9434 0
      vertex -39 70.8 0
      vertex -34.8224 78.3989 0
    endloop
  endfacet
  facet normal 0 0 -1
    outer loop
      vertex -39 -70.8 0
      vertex -37.2811 -76.0901 0
      vertex -37.8867 -75.1358 0
    endloop
  endfacet
  facet normal 0 0 -1
    outer loop
      vertex -34.8224 78.3989 0
      vertex -39 70.8 0
      vertex -35.7368 77.7346 0
    endloop
  endfacet
  facet normal 0 0 -1
    outer loop
      vertex -39 -70.8 0
      vertex -37.8867 -75.1358 0
      vertex -38.368 -74.1131 0
    endloop
  endfacet
  facet normal 0 0 -1
    outer loop
      vertex -35.7368 77.7346 0
      vertex -39 70.8 0
      vertex -36.5607 76.9609 0
    endloop
  endfacet
  facet normal 0 0 -1
    outer loop
      vertex -39 -70.8 0
      vertex -38.368 -74.1131 0
      vertex -38.7172 -73.0382 0
    endloop
  endfacet
  facet normal 0 0 -1
    outer loop
      vertex -36.5607 76.9609 0
      vertex -39 70.8 0
      vertex -37.2811 76.0901 0
    endloop
  endfacet
  facet normal 0 0 -1
    outer loop
      vertex -39 -70.8 0
      vertex -38.7172 -73.0382 0
      vertex -38.929 -71.928 0
    endloop
  endfacet
  facet normal 0 0 -1
    outer loop
      vertex -37.2811 76.0901 0
      vertex -39 70.8 0
      vertex -37.8867 75.1358 0
    endloop
  endfacet
  facet normal -0 0 -1
    outer loop
      vertex -29.2 -38 0
      vertex -39 -70.8 0
      vertex -39 -9.98027 0
    endloop
  endfacet
  facet normal 0 0 -1
    outer loop
      vertex -37.8867 75.1358 0
      vertex -39 70.8 0
      vertex -38.368 74.1131 0
    endloop
  endfacet
  facet normal 0 0 -1
    outer loop
      vertex -38.368 74.1131 0
      vertex -39 70.8 0
      vertex -38.7172 73.0382 0
    endloop
  endfacet
  facet normal 0 0 -1
    outer loop
      vertex -38.7172 73.0382 0
      vertex -39 70.8 0
      vertex -38.929 71.928 0
    endloop
  endfacet
  facet normal 0 0 -1
    outer loop
      vertex 125.565 -79.7822 0
      vertex 134 -70.8 0
      vertex 133.929 -71.928 0
    endloop
  endfacet
  facet normal 0 0 -1
    outer loop
      vertex 134 -70.8 0
      vertex 128.2 0 0
      vertex 134 70.8 0
    endloop
  endfacet
  facet normal 0 0 -1
    outer loop
      vertex 125.565 -79.7822 0
      vertex 133.929 -71.928 0
      vertex 133.717 -73.0382 0
    endloop
  endfacet
  facet normal 0 0 -1
    outer loop
      vertex 128.135 1.02773 0
      vertex 134 70.8 0
      vertex 128.2 0 0
    endloop
  endfacet
  facet normal 0 0 -1
    outer loop
      vertex 125.565 -79.7822 0
      vertex 133.717 -73.0382 0
      vertex 133.368 -74.1131 0
    endloop
  endfacet
  facet normal 0 0 -1
    outer loop
      vertex 127.942 2.03926 0
      vertex 134 70.8 0
      vertex 128.135 1.02773 0
    endloop
  endfacet
  facet normal 0 0 -1
    outer loop
      vertex 125.565 -79.7822 0
      vertex 133.368 -74.1131 0
      vertex 132.887 -75.1358 0
    endloop
  endfacet
  facet normal 0 0 -1
    outer loop
      vertex 127.624 3.01862 0
      vertex 134 70.8 0
      vertex 127.942 2.03926 0
    endloop
  endfacet
  facet normal 0 0 -1
    outer loop
      vertex 125.565 -79.7822 0
      vertex 132.887 -75.1358 0
      vertex 132.281 -76.0901 0
    endloop
  endfacet
  facet normal 0 0 -1
    outer loop
      vertex 127.186 3.95038 0
      vertex 134 70.8 0
      vertex 127.624 3.01862 0
    endloop
  endfacet
  facet normal 0 0 -1
    outer loop
      vertex 125.565 -79.7822 0
      vertex 132.281 -76.0901 0
      vertex 131.561 -76.9609 0
    endloop
  endfacet
  facet normal 0 0 -1
    outer loop
      vertex 126.634 4.81984 0
      vertex 134 70.8 0
      vertex 127.186 3.95038 0
    endloop
  endfacet
  facet normal 0 0 -1
    outer loop
      vertex 125.565 -79.7822 0
      vertex 131.561 -76.9609 0
      vertex 130.737 -77.7346 0
    endloop
  endfacet
  facet normal 0 0 -1
    outer loop
      vertex 125.978 5.61329 0
      vertex 134 70.8 0
      vertex 126.634 4.81984 0
    endloop
  endfacet
  facet normal 0 0 -1
    outer loop
      vertex 125.565 -79.7822 0
      vertex 130.737 -77.7346 0
      vertex 129.822 -78.3989 0
    endloop
  endfacet
  facet normal 0 0 -1
    outer loop
      vertex 125.227 6.31821 0
      vertex 134 70.8 0
      vertex 125.978 5.61329 0
    endloop
  endfacet
  facet normal 0 0 -1
    outer loop
      vertex 125.565 -79.7822 0
      vertex 129.822 -78.3989 0
      vertex 128.832 -78.9434 0
    endloop
  endfacet
  facet normal 0 0 -1
    outer loop
      vertex 124.394 6.92349 0
      vertex 134 70.8 0
      vertex 125.227 6.31821 0
    endloop
  endfacet
  facet normal 0 0 -1
    outer loop
      vertex 123.491 7.41958 0
      vertex 134 70.8 0
      vertex 124.394 6.92349 0
    endloop
  endfacet
  facet normal 0 0 -1
    outer loop
      vertex 134 -70.8 0
      vertex 128.135 -1.02773 0
      vertex 128.2 0 0
    endloop
  endfacet
  facet normal 0 0 -1
    outer loop
      vertex 134 -70.8 0
      vertex 127.942 -2.03926 0
      vertex 128.135 -1.02773 0
    endloop
  endfacet
  facet normal 0 0 -1
    outer loop
      vertex 125.565 -79.7822 0
      vertex 128.832 -78.9434 0
      vertex 127.781 -79.3595 0
    endloop
  endfacet
  facet normal 0 0 -1
    outer loop
      vertex 134 -70.8 0
      vertex 127.624 -3.01862 0
      vertex 127.942 -2.03926 0
    endloop
  endfacet
  facet normal 0 0 -1
    outer loop
      vertex 134 -70.8 0
      vertex 127.186 -3.95038 0
      vertex 127.624 -3.01862 0
    endloop
  endfacet
  facet normal 0 0 -1
    outer loop
      vertex 125.565 -79.7822 0
      vertex 127.781 -79.3595 0
      vertex 126.686 -79.6406 0
    endloop
  endfacet
  facet normal 0 0 -1
    outer loop
      vertex 134 -70.8 0
      vertex 126.634 -4.81984 0
      vertex 127.186 -3.95038 0
    endloop
  endfacet
  facet normal 0 0 -1
    outer loop
      vertex 134 -70.8 0
      vertex 125.978 -5.61329 0
      vertex 126.634 -4.81984 0
    endloop
  endfacet
  facet normal 0 0 -1
    outer loop
      vertex 116.509 -7.41958 0
      vertex 134 -70.8 0
      vertex 125.565 -79.7822 0
    endloop
  endfacet
  facet normal 0 0 -1
    outer loop
      vertex 134 -70.8 0
      vertex 125.227 -6.31821 0
      vertex 125.978 -5.61329 0
    endloop
  endfacet
  facet normal 0 0 -1
    outer loop
      vertex 134 -70.8 0
      vertex 124.394 -6.92349 0
      vertex 125.227 -6.31821 0
    endloop
  endfacet
  facet normal 0 0 -1
    outer loop
      vertex 134 -70.8 0
      vertex 123.491 -7.41958 0
      vertex 124.394 -6.92349 0
    endloop
  endfacet
  facet normal 0 0 -1
    outer loop
      vertex 134 -70.8 0
      vertex 122.534 -7.79866 0
      vertex 123.491 -7.41958 0
    endloop
  endfacet
  facet normal 0 0 -1
    outer loop
      vertex 134 -70.8 0
      vertex 121.537 -8.05476 0
      vertex 122.534 -7.79866 0
    endloop
  endfacet
  facet normal 0 0 -1
    outer loop
      vertex 134 -70.8 0
      vertex 120.515 -8.18382 0
      vertex 121.537 -8.05476 0
    endloop
  endfacet
  facet normal 0 0 -1
    outer loop
      vertex 134 -70.8 0
      vertex 119.485 -8.18382 0
      vertex 120.515 -8.18382 0
    endloop
  endfacet
  facet normal 0 0 -1
    outer loop
      vertex 134 -70.8 0
      vertex 118.463 -8.05476 0
      vertex 119.485 -8.18382 0
    endloop
  endfacet
  facet normal 0 0 -1
    outer loop
      vertex 134 -70.8 0
      vertex 117.466 -7.79866 0
      vertex 118.463 -8.05476 0
    endloop
  endfacet
  facet normal 0 0 -1
    outer loop
      vertex 134 -70.8 0
      vertex 116.509 -7.41958 0
      vertex 117.466 -7.79866 0
    endloop
  endfacet
  facet normal 0 0 -1
    outer loop
      vertex 64.4349 -79.7822 0
      vertex 116.509 -7.41958 0
      vertex 125.565 -79.7822 0
    endloop
  endfacet
  facet normal -0 0 -1
    outer loop
      vertex 116.509 -7.41958 0
      vertex 64.4349 -79.7822 0
      vertex 115.606 -6.92349 0
    endloop
  endfacet
  facet normal 0 0 -1
    outer loop
      vertex 56 -70.8 0
      vertex 115.606 -6.92349 0
      vertex 64.4349 -79.7822 0
    endloop
  endfacet
  facet normal -0 0 -1
    outer loop
      vertex 115.606 -6.92349 0
      vertex 56 -70.8 0
      vertex 114.773 -6.31821 0
    endloop
  endfacet
  facet normal -0 0 -1
    outer loop
      vertex 114.773 -6.31821 0
      vertex 56 -70.8 0
      vertex 114.022 -5.61329 0
    endloop
  endfacet
  facet normal -0 0 -1
    outer loop
      vertex 114.022 -5.61329 0
      vertex 56 -70.8 0
      vertex 113.366 -4.81984 0
    endloop
  endfacet
  facet normal -0 0 -1
    outer loop
      vertex 113.366 -4.81984 0
      vertex 56 -70.8 0
      vertex 112.814 -3.95038 0
    endloop
  endfacet
  facet normal -0 0 -1
    outer loop
      vertex 112.814 -3.95038 0
      vertex 56 -70.8 0
      vertex 112.376 -3.01862 0
    endloop
  endfacet
  facet normal -0 0 -1
    outer loop
      vertex 112.058 -2.03926 0
      vertex 56 -70.8 0
      vertex 111.865 -1.02773 0
    endloop
  endfacet
  facet normal -0 0 -1
    outer loop
      vertex 112.376 -3.01862 0
      vertex 56 -70.8 0
      vertex 112.058 -2.03926 0
    endloop
  endfacet
  facet normal 0 0 -1
    outer loop
      vertex 122.534 7.79866 0
      vertex 134 70.8 0
      vertex 123.491 7.41958 0
    endloop
  endfacet
  facet normal 0 0 -1
    outer loop
      vertex 121.537 8.05476 0
      vertex 134 70.8 0
      vertex 122.534 7.79866 0
    endloop
  endfacet
  facet normal 0 0 -1
    outer loop
      vertex 120.515 8.18382 0
      vertex 134 70.8 0
      vertex 121.537 8.05476 0
    endloop
  endfacet
  facet normal 0 0 -1
    outer loop
      vertex 119.485 8.18382 0
      vertex 134 70.8 0
      vertex 120.515 8.18382 0
    endloop
  endfacet
  facet normal 0 0 -1
    outer loop
      vertex 118.463 8.05476 0
      vertex 134 70.8 0
      vertex 119.485 8.18382 0
    endloop
  endfacet
  facet normal 0 0 -1
    outer loop
      vertex 117.466 7.79866 0
      vertex 134 70.8 0
      vertex 118.463 8.05476 0
    endloop
  endfacet
  facet normal 0 0 -1
    outer loop
      vertex 116.509 7.41958 0
      vertex 134 70.8 0
      vertex 117.466 7.79866 0
    endloop
  endfacet
  facet normal 0 0 -1
    outer loop
      vertex 134 70.8 0
      vertex 125.565 79.7822 0
      vertex 133.929 71.928 0
    endloop
  endfacet
  facet normal 0 0 -1
    outer loop
      vertex 133.929 71.928 0
      vertex 125.565 79.7822 0
      vertex 133.717 73.0382 0
    endloop
  endfacet
  facet normal 0 0 -1
    outer loop
      vertex 133.368 74.1131 0
      vertex 125.565 79.7822 0
      vertex 132.887 75.1358 0
    endloop
  endfacet
  facet normal 0 0 -1
    outer loop
      vertex 132.887 75.1358 0
      vertex 125.565 79.7822 0
      vertex 132.281 76.0901 0
    endloop
  endfacet
  facet normal 0 0 -1
    outer loop
      vertex 131.561 76.9609 0
      vertex 125.565 79.7822 0
      vertex 130.737 77.7346 0
    endloop
  endfacet
  facet normal 0 0 -1
    outer loop
      vertex 130.737 77.7346 0
      vertex 125.565 79.7822 0
      vertex 129.822 78.3989 0
    endloop
  endfacet
  facet normal 0 0 -1
    outer loop
      vertex 128.832 78.9434 0
      vertex 125.565 79.7822 0
      vertex 127.781 79.3595 0
    endloop
  endfacet
  facet normal 0 0 -1
    outer loop
      vertex 127.781 79.3595 0
      vertex 125.565 79.7822 0
      vertex 126.686 79.6406 0
    endloop
  endfacet
  facet normal 0 0 -1
    outer loop
      vertex 129.822 78.3989 0
      vertex 125.565 79.7822 0
      vertex 128.832 78.9434 0
    endloop
  endfacet
  facet normal 0 0 -1
    outer loop
      vertex 132.281 76.0901 0
      vertex 125.565 79.7822 0
      vertex 131.561 76.9609 0
    endloop
  endfacet
  facet normal 0 0 -1
    outer loop
      vertex 133.717 73.0382 0
      vertex 125.565 79.7822 0
      vertex 133.368 74.1131 0
    endloop
  endfacet
  facet normal -0 0 -1
    outer loop
      vertex 134 70.8 0
      vertex 116.509 7.41958 0
      vertex 125.565 79.7822 0
    endloop
  endfacet
  facet normal 0 0 -1
    outer loop
      vertex 64.4349 79.7822 0
      vertex 116.509 7.41958 0
      vertex 115.606 6.92349 0
    endloop
  endfacet
  facet normal 0 0 -1
    outer loop
      vertex 56 70.8 0
      vertex 115.606 6.92349 0
      vertex 114.773 6.31821 0
    endloop
  endfacet
  facet normal 0 0 -1
    outer loop
      vertex 56 70.8 0
      vertex 114.773 6.31821 0
      vertex 114.022 5.61329 0
    endloop
  endfacet
  facet normal 0 0 -1
    outer loop
      vertex 56 70.8 0
      vertex 114.022 5.61329 0
      vertex 113.366 4.81984 0
    endloop
  endfacet
  facet normal 0 0 -1
    outer loop
      vertex 56 70.8 0
      vertex 113.366 4.81984 0
      vertex 112.814 3.95038 0
    endloop
  endfacet
  facet normal 0 0 -1
    outer loop
      vertex 56 70.8 0
      vertex 112.814 3.95038 0
      vertex 112.376 3.01862 0
    endloop
  endfacet
  facet normal 0 0 -1
    outer loop
      vertex 56 70.8 0
      vertex 112.376 3.01862 0
      vertex 112.058 2.03926 0
    endloop
  endfacet
  facet normal 0 0 -1
    outer loop
      vertex 56 70.8 0
      vertex 112.058 2.03926 0
      vertex 111.865 1.02773 0
    endloop
  endfacet
  facet normal 0 0 -1
    outer loop
      vertex 39 -70.8 0
      vertex 111.865 -1.02773 0
      vertex 56 -70.8 0
    endloop
  endfacet
  facet normal -0 0 -1
    outer loop
      vertex 111.865 -1.02773 0
      vertex 39 -70.8 0
      vertex 111.8 0 0
    endloop
  endfacet
  facet normal 0 0 -1
    outer loop
      vertex -17.2473 -37.248 0
      vertex 39 -70.8 0
      vertex -17.2 -38 0
    endloop
  endfacet
  facet normal 0 0 -1
    outer loop
      vertex 56 -70.8 0
      vertex 64.4349 -79.7822 0
      vertex 63.3136 -79.6406 0
    endloop
  endfacet
  facet normal 0 0 -1
    outer loop
      vertex 115.606 6.92349 0
      vertex 56 70.8 0
      vertex 64.4349 79.7822 0
    endloop
  endfacet
  facet normal 0 0 -1
    outer loop
      vertex 56 -70.8 0
      vertex 63.3136 -79.6406 0
      vertex 62.2189 -79.3595 0
    endloop
  endfacet
  facet normal 0 0 -1
    outer loop
      vertex 116.509 7.41958 0
      vertex 64.4349 79.7822 0
      vertex 125.565 79.7822 0
    endloop
  endfacet
  facet normal 0 0 -1
    outer loop
      vertex 56 -70.8 0
      vertex 62.2189 -79.3595 0
      vertex 61.168 -78.9434 0
    endloop
  endfacet
  facet normal 0 0 -1
    outer loop
      vertex 64.4349 79.7822 0
      vertex 56 70.8 0
      vertex 63.3136 79.6406 0
    endloop
  endfacet
  facet normal 0 0 -1
    outer loop
      vertex 56 -70.8 0
      vertex 61.168 -78.9434 0
      vertex 60.1776 -78.3989 0
    endloop
  endfacet
  facet normal 0 0 -1
    outer loop
      vertex 63.3136 79.6406 0
      vertex 56 70.8 0
      vertex 62.2189 79.3595 0
    endloop
  endfacet
  facet normal 0 0 -1
    outer loop
      vertex 56 -70.8 0
      vertex 60.1776 -78.3989 0
      vertex 59.2632 -77.7346 0
    endloop
  endfacet
  facet normal 0 0 -1
    outer loop
      vertex 62.2189 79.3595 0
      vertex 56 70.8 0
      vertex 61.168 78.9434 0
    endloop
  endfacet
  facet normal 0 0 -1
    outer loop
      vertex 56 -70.8 0
      vertex 59.2632 -77.7346 0
      vertex 58.4393 -76.9609 0
    endloop
  endfacet
  facet normal 0 0 -1
    outer loop
      vertex 61.168 78.9434 0
      vertex 56 70.8 0
      vertex 60.1776 78.3989 0
    endloop
  endfacet
  facet normal 0 0 -1
    outer loop
      vertex 56 -70.8 0
      vertex 58.4393 -76.9609 0
      vertex 57.7189 -76.0901 0
    endloop
  endfacet
  facet normal 0 0 -1
    outer loop
      vertex 60.1776 78.3989 0
      vertex 56 70.8 0
      vertex 59.2632 77.7346 0
    endloop
  endfacet
  facet normal 0 0 -1
    outer loop
      vertex 56 -70.8 0
      vertex 57.7189 -76.0901 0
      vertex 57.1133 -75.1358 0
    endloop
  endfacet
  facet normal 0 0 -1
    outer loop
      vertex 59.2632 77.7346 0
      vertex 56 70.8 0
      vertex 58.4393 76.9609 0
    endloop
  endfacet
  facet normal 0 0 -1
    outer loop
      vertex 56 -70.8 0
      vertex 57.1133 -75.1358 0
      vertex 56.632 -74.1131 0
    endloop
  endfacet
  facet normal 0 0 -1
    outer loop
      vertex 58.4393 76.9609 0
      vertex 56 70.8 0
      vertex 57.7189 76.0901 0
    endloop
  endfacet
  facet normal 0 0 -1
    outer loop
      vertex 56 -70.8 0
      vertex 56.632 -74.1131 0
      vertex 56.2828 -73.0382 0
    endloop
  endfacet
  facet normal 0 0 -1
    outer loop
      vertex 57.7189 76.0901 0
      vertex 56 70.8 0
      vertex 57.1133 75.1358 0
    endloop
  endfacet
  facet normal 0 0 -1
    outer loop
      vertex 56 -70.8 0
      vertex 56.2828 -73.0382 0
      vertex 56.071 -71.928 0
    endloop
  endfacet
  facet normal 0 0 -1
    outer loop
      vertex 57.1133 75.1358 0
      vertex 56 70.8 0
      vertex 56.632 74.1131 0
    endloop
  endfacet
  facet normal 0 0 -1
    outer loop
      vertex 56.632 74.1131 0
      vertex 56 70.8 0
      vertex 56.2828 73.0382 0
    endloop
  endfacet
  facet normal 0 0 -1
    outer loop
      vertex 56.2828 73.0382 0
      vertex 56 70.8 0
      vertex 56.071 71.928 0
    endloop
  endfacet
  facet normal 0 0 -1
    outer loop
      vertex 111.8 0 0
      vertex 39 70.8 0
      vertex 111.865 1.02773 0
    endloop
  endfacet
  facet normal 0 0 -1
    outer loop
      vertex 111.865 1.02773 0
      vertex 39 70.8 0
      vertex 56 70.8 0
    endloop
  endfacet
  facet normal 0 0 -1
    outer loop
      vertex 30.5651 -79.7822 0
      vertex 39 -70.8 0
      vertex 38.929 -71.928 0
    endloop
  endfacet
  facet normal 0 0 -1
    outer loop
      vertex -17.2 -38 0
      vertex 39 -70.8 0
      vertex -17.2 -66 0
    endloop
  endfacet
  facet normal 0 0 -1
    outer loop
      vertex 30.5651 -79.7822 0
      vertex 38.929 -71.928 0
      vertex 38.7172 -73.0382 0
    endloop
  endfacet
  facet normal 0 0 -1
    outer loop
      vertex -17.3885 -36.5079 0
      vertex 39 -70.8 0
      vertex -17.2473 -37.248 0
    endloop
  endfacet
  facet normal 0 0 -1
    outer loop
      vertex 30.5651 -79.7822 0
      vertex 38.7172 -73.0382 0
      vertex 38.368 -74.1131 0
    endloop
  endfacet
  facet normal 0 0 -1
    outer loop
      vertex 39 70.8 0
      vertex 30.5651 79.7822 0
      vertex 38.929 71.928 0
    endloop
  endfacet
  facet normal 0 0 -1
    outer loop
      vertex 30.5651 -79.7822 0
      vertex 38.368 -74.1131 0
      vertex 37.8867 -75.1358 0
    endloop
  endfacet
  facet normal 0 0 -1
    outer loop
      vertex 38.929 71.928 0
      vertex 30.5651 79.7822 0
      vertex 38.7172 73.0382 0
    endloop
  endfacet
  facet normal 0 0 -1
    outer loop
      vertex 30.5651 -79.7822 0
      vertex 37.8867 -75.1358 0
      vertex 37.2811 -76.0901 0
    endloop
  endfacet
  facet normal 0 0 -1
    outer loop
      vertex 38.7172 73.0382 0
      vertex 30.5651 79.7822 0
      vertex 38.368 74.1131 0
    endloop
  endfacet
  facet normal 0 0 -1
    outer loop
      vertex 30.5651 -79.7822 0
      vertex 37.2811 -76.0901 0
      vertex 36.5607 -76.9609 0
    endloop
  endfacet
  facet normal 0 0 -1
    outer loop
      vertex 38.368 74.1131 0
      vertex 30.5651 79.7822 0
      vertex 37.8867 75.1358 0
    endloop
  endfacet
  facet normal 0 0 -1
    outer loop
      vertex 30.5651 -79.7822 0
      vertex 36.5607 -76.9609 0
      vertex 35.7368 -77.7346 0
    endloop
  endfacet
  facet normal 0 0 -1
    outer loop
      vertex 37.8867 75.1358 0
      vertex 30.5651 79.7822 0
      vertex 37.2811 76.0901 0
    endloop
  endfacet
  facet normal 0 0 -1
    outer loop
      vertex 30.5651 -79.7822 0
      vertex 35.7368 -77.7346 0
      vertex 34.8224 -78.3989 0
    endloop
  endfacet
  facet normal 0 0 -1
    outer loop
      vertex 37.2811 76.0901 0
      vertex 30.5651 79.7822 0
      vertex 36.5607 76.9609 0
    endloop
  endfacet
  facet normal 0 0 -1
    outer loop
      vertex 30.5651 -79.7822 0
      vertex 34.8224 -78.3989 0
      vertex 33.832 -78.9434 0
    endloop
  endfacet
  facet normal 0 0 -1
    outer loop
      vertex 36.5607 76.9609 0
      vertex 30.5651 79.7822 0
      vertex 35.7368 77.7346 0
    endloop
  endfacet
  facet normal 0 0 -1
    outer loop
      vertex 30.5651 -79.7822 0
      vertex 33.832 -78.9434 0
      vertex 32.7811 -79.3595 0
    endloop
  endfacet
  facet normal 0 0 -1
    outer loop
      vertex 35.7368 77.7346 0
      vertex 30.5651 79.7822 0
      vertex 34.8224 78.3989 0
    endloop
  endfacet
  facet normal 0 0 -1
    outer loop
      vertex 30.5651 -79.7822 0
      vertex 32.7811 -79.3595 0
      vertex 31.6864 -79.6406 0
    endloop
  endfacet
  facet normal 0 0 -1
    outer loop
      vertex 34.8224 78.3989 0
      vertex 30.5651 79.7822 0
      vertex 33.832 78.9434 0
    endloop
  endfacet
  facet normal -0 0 -1
    outer loop
      vertex 39 -70.8 0
      vertex 30.5651 -79.7822 0
      vertex -17.2 -66 0
    endloop
  endfacet
  facet normal 0 0 -1
    outer loop
      vertex 33.832 78.9434 0
      vertex 30.5651 79.7822 0
      vertex 32.7811 79.3595 0
    endloop
  endfacet
  facet normal 0 0 -1
    outer loop
      vertex 32.7811 79.3595 0
      vertex 30.5651 79.7822 0
      vertex 31.6864 79.6406 0
    endloop
  endfacet
  facet normal 0 0 -1
    outer loop
      vertex 30.5651 -79.7822 0
      vertex -17.2473 -66.752 0
      vertex -17.2 -66 0
    endloop
  endfacet
  facet normal 0 0 -1
    outer loop
      vertex 30.5651 -79.7822 0
      vertex -17.3885 -67.4921 0
      vertex -17.2473 -66.752 0
    endloop
  endfacet
  facet normal 0 0 -1
    outer loop
      vertex 30.5651 -79.7822 0
      vertex -17.6213 -68.2087 0
      vertex -17.3885 -67.4921 0
    endloop
  endfacet
  facet normal 0 0 -1
    outer loop
      vertex 30.5651 -79.7822 0
      vertex -17.9422 -68.8905 0
      vertex -17.6213 -68.2087 0
    endloop
  endfacet
  facet normal 0 0 -1
    outer loop
      vertex 30.5651 -79.7822 0
      vertex -18.3459 -69.5267 0
      vertex -17.9422 -68.8905 0
    endloop
  endfacet
  facet normal 0 0 -1
    outer loop
      vertex 30.5651 -79.7822 0
      vertex -18.8262 -70.1073 0
      vertex -18.3459 -69.5267 0
    endloop
  endfacet
  facet normal 0 0 -1
    outer loop
      vertex 30.5651 -79.7822 0
      vertex -19.3755 -70.6231 0
      vertex -18.8262 -70.1073 0
    endloop
  endfacet
  facet normal 0 0 -1
    outer loop
      vertex 30.5651 -79.7822 0
      vertex -19.985 -71.066 0
      vertex -19.3755 -70.6231 0
    endloop
  endfacet
  facet normal 0 0 -1
    outer loop
      vertex -30.5651 -79.7822 0
      vertex -19.985 -71.066 0
      vertex 30.5651 -79.7822 0
    endloop
  endfacet
  facet normal 0 0 -1
    outer loop
      vertex -19.985 -71.066 0
      vertex -30.5651 -79.7822 0
      vertex -20.6453 -71.429 0
    endloop
  endfacet
  facet normal 0 0 -1
    outer loop
      vertex -20.6453 -71.429 0
      vertex -30.5651 -79.7822 0
      vertex -21.3459 -71.7063 0
    endloop
  endfacet
  facet normal 0 0 -1
    outer loop
      vertex -21.3459 -71.7063 0
      vertex -30.5651 -79.7822 0
      vertex -22.0757 -71.8937 0
    endloop
  endfacet
  facet normal 0 0 -1
    outer loop
      vertex -22.0757 -71.8937 0
      vertex -30.5651 -79.7822 0
      vertex -22.8233 -71.9882 0
    endloop
  endfacet
  facet normal -0 0 -1
    outer loop
      vertex -22.8233 -71.9882 0
      vertex -30.5651 -79.7822 0
      vertex -23.5767 -71.9882 0
    endloop
  endfacet
  facet normal -0 0 -1
    outer loop
      vertex -29.1527 -66.752 0
      vertex -39 -70.8 0
      vertex -29.2 -66 0
    endloop
  endfacet
  facet normal -0 0 -1
    outer loop
      vertex -29.0115 -67.4921 0
      vertex -39 -70.8 0
      vertex -29.1527 -66.752 0
    endloop
  endfacet
  facet normal -0 0 -1
    outer loop
      vertex -28.7787 -68.2087 0
      vertex -39 -70.8 0
      vertex -29.0115 -67.4921 0
    endloop
  endfacet
  facet normal -0 0 -1
    outer loop
      vertex -28.4578 -68.8905 0
      vertex -39 -70.8 0
      vertex -28.7787 -68.2087 0
    endloop
  endfacet
  facet normal -0 0 -1
    outer loop
      vertex -28.0541 -69.5267 0
      vertex -39 -70.8 0
      vertex -28.4578 -68.8905 0
    endloop
  endfacet
  facet normal 0 0 -1
    outer loop
      vertex -39 -70.8 0
      vertex -28.0541 -69.5267 0
      vertex -30.5651 -79.7822 0
    endloop
  endfacet
  facet normal -0 0 -1
    outer loop
      vertex -27.5738 -70.1073 0
      vertex -30.5651 -79.7822 0
      vertex -28.0541 -69.5267 0
    endloop
  endfacet
  facet normal -0 0 -1
    outer loop
      vertex -27.0245 -70.6231 0
      vertex -30.5651 -79.7822 0
      vertex -27.5738 -70.1073 0
    endloop
  endfacet
  facet normal -0 0 -1
    outer loop
      vertex -26.415 -71.066 0
      vertex -30.5651 -79.7822 0
      vertex -27.0245 -70.6231 0
    endloop
  endfacet
  facet normal -0 0 -1
    outer loop
      vertex -25.7547 -71.429 0
      vertex -30.5651 -79.7822 0
      vertex -26.415 -71.066 0
    endloop
  endfacet
  facet normal -0 0 -1
    outer loop
      vertex -25.0541 -71.7063 0
      vertex -30.5651 -79.7822 0
      vertex -25.7547 -71.429 0
    endloop
  endfacet
  facet normal -0 0 -1
    outer loop
      vertex -24.3243 -71.8937 0
      vertex -30.5651 -79.7822 0
      vertex -25.0541 -71.7063 0
    endloop
  endfacet
  facet normal -0 0 -1
    outer loop
      vertex -23.5767 -71.9882 0
      vertex -30.5651 -79.7822 0
      vertex -24.3243 -71.8937 0
    endloop
  endfacet
  facet normal 0.998025 0.0628189 0
    outer loop
      vertex 38.929 71.928 2
      vertex 39 70.8 0.5
      vertex 38.929 71.928 0
    endloop
  endfacet
  facet normal 0.998025 0.0628189 0
    outer loop
      vertex 39 70.8 2
      vertex 39 70.8 0.5
      vertex 38.929 71.928 2
    endloop
  endfacet
  facet normal 0.998025 0.0628189 0
    outer loop
      vertex 38.929 71.928 0
      vertex 39 70.8 0.5
      vertex 39 70.8 0
    endloop
  endfacet
  facet normal 0.998025 -0.0628189 0
    outer loop
      vertex 38.929 -71.928 2
      vertex 39 -70.8 0.5
      vertex 39 -70.8 2
    endloop
  endfacet
  facet normal 0.998025 -0.0628189 0
    outer loop
      vertex 38.929 -71.928 0
      vertex 39 -70.8 0.5
      vertex 38.929 -71.928 2
    endloop
  endfacet
  facet normal 0.998025 -0.0628189 0
    outer loop
      vertex 39 -70.8 0.5
      vertex 38.929 -71.928 0
      vertex 39 -70.8 0
    endloop
  endfacet
  facet normal 0.982284 0.187397 0
    outer loop
      vertex 38.929 71.928 2
      vertex 38.7172 73.0382 0
      vertex 38.7172 73.0382 2
    endloop
  endfacet
  facet normal 0.982284 0.187397 0
    outer loop
      vertex 38.7172 73.0382 0
      vertex 38.929 71.928 2
      vertex 38.929 71.928 0
    endloop
  endfacet
  facet normal 0.125287 0.992121 -0
    outer loop
      vertex 31.6864 79.6406 0
      vertex 30.5651 79.7822 2
      vertex 31.6864 79.6406 2
    endloop
  endfacet
  facet normal 0.125287 0.992121 0
    outer loop
      vertex 30.5651 79.7822 2
      vertex 31.6864 79.6406 0
      vertex 30.5651 79.7822 0
    endloop
  endfacet
  facet normal 0.951071 -0.308972 0
    outer loop
      vertex 38.368 -74.1131 2
      vertex 38.7172 -73.0382 0
      vertex 38.7172 -73.0382 2
    endloop
  endfacet
  facet normal 0.951071 -0.308972 0
    outer loop
      vertex 38.7172 -73.0382 0
      vertex 38.368 -74.1131 2
      vertex 38.368 -74.1131 0
    endloop
  endfacet
  facet normal -0.844335 -0.535816 0
    outer loop
      vertex -37.2811 -76.0901 0
      vertex -37.8867 -75.1358 2
      vertex -37.8867 -75.1358 0
    endloop
  endfacet
  facet normal -0.844335 -0.535816 0
    outer loop
      vertex -37.8867 -75.1358 2
      vertex -37.2811 -76.0901 0
      vertex -37.2811 -76.0901 2
    endloop
  endfacet
  facet normal 0.481769 -0.876298 0
    outer loop
      vertex 33.832 -78.9434 0
      vertex 34.8224 -78.3989 2
      vertex 33.832 -78.9434 2
    endloop
  endfacet
  facet normal 0.481769 -0.876298 0
    outer loop
      vertex 34.8224 -78.3989 2
      vertex 33.832 -78.9434 0
      vertex 34.8224 -78.3989 0
    endloop
  endfacet
  facet normal -0.68455 -0.728966 0
    outer loop
      vertex -36.5607 -76.9609 0
      vertex -35.7368 -77.7346 2
      vertex -36.5607 -76.9609 2
    endloop
  endfacet
  facet normal -0.68455 -0.728966 -0
    outer loop
      vertex -35.7368 -77.7346 2
      vertex -36.5607 -76.9609 0
      vertex -35.7368 -77.7346 0
    endloop
  endfacet
  facet normal 0.68455 0.728966 -0
    outer loop
      vertex 36.5607 76.9609 0
      vertex 35.7368 77.7346 2
      vertex 36.5607 76.9609 2
    endloop
  endfacet
  facet normal 0.68455 0.728966 0
    outer loop
      vertex 35.7368 77.7346 2
      vertex 36.5607 76.9609 0
      vertex 35.7368 77.7346 0
    endloop
  endfacet
  facet normal 0.904809 -0.425818 0
    outer loop
      vertex 37.8867 -75.1358 2
      vertex 38.368 -74.1131 0
      vertex 38.368 -74.1131 2
    endloop
  endfacet
  facet normal 0.904809 -0.425818 0
    outer loop
      vertex 38.368 -74.1131 0
      vertex 37.8867 -75.1358 2
      vertex 37.8867 -75.1358 0
    endloop
  endfacet
  facet normal 0.368139 -0.929771 0
    outer loop
      vertex 32.7811 -79.3595 0
      vertex 33.832 -78.9434 2
      vertex 32.7811 -79.3595 2
    endloop
  endfacet
  facet normal 0.368139 -0.929771 0
    outer loop
      vertex 33.832 -78.9434 2
      vertex 32.7811 -79.3595 0
      vertex 33.832 -78.9434 0
    endloop
  endfacet
  facet normal 0.481769 0.876298 -0
    outer loop
      vertex 34.8224 78.3989 0
      vertex 33.832 78.9434 2
      vertex 34.8224 78.3989 2
    endloop
  endfacet
  facet normal 0.481769 0.876298 0
    outer loop
      vertex 33.832 78.9434 2
      vertex 34.8224 78.3989 0
      vertex 33.832 78.9434 0
    endloop
  endfacet
  facet normal -0.770508 -0.63743 0
    outer loop
      vertex -36.5607 -76.9609 0
      vertex -37.2811 -76.0901 2
      vertex -37.2811 -76.0901 0
    endloop
  endfacet
  facet normal -0.770508 -0.63743 0
    outer loop
      vertex -37.2811 -76.0901 2
      vertex -36.5607 -76.9609 0
      vertex -36.5607 -76.9609 2
    endloop
  endfacet
  facet normal -0.368139 0.929771 0
    outer loop
      vertex -32.7811 79.3595 0
      vertex -33.832 78.9434 2
      vertex -32.7811 79.3595 2
    endloop
  endfacet
  facet normal -0.368139 0.929771 0
    outer loop
      vertex -33.832 78.9434 2
      vertex -32.7811 79.3595 0
      vertex -33.832 78.9434 0
    endloop
  endfacet
  facet normal -0.844335 0.535816 0
    outer loop
      vertex -37.8867 75.1358 0
      vertex -37.2811 76.0901 2
      vertex -37.2811 76.0901 0
    endloop
  endfacet
  facet normal -0.844335 0.535816 0
    outer loop
      vertex -37.2811 76.0901 2
      vertex -37.8867 75.1358 0
      vertex -37.8867 75.1358 2
    endloop
  endfacet
  facet normal 0.770508 0.63743 0
    outer loop
      vertex 37.2811 76.0901 2
      vertex 36.5607 76.9609 0
      vertex 36.5607 76.9609 2
    endloop
  endfacet
  facet normal 0.770508 0.63743 0
    outer loop
      vertex 36.5607 76.9609 0
      vertex 37.2811 76.0901 2
      vertex 37.2811 76.0901 0
    endloop
  endfacet
  facet normal -0.587756 0.809038 0
    outer loop
      vertex -34.8224 78.3989 0
      vertex -35.7368 77.7346 2
      vertex -34.8224 78.3989 2
    endloop
  endfacet
  facet normal -0.587756 0.809038 0
    outer loop
      vertex -35.7368 77.7346 2
      vertex -34.8224 78.3989 0
      vertex -35.7368 77.7346 0
    endloop
  endfacet
  facet normal 0.248714 0.968577 -0
    outer loop
      vertex 32.7811 79.3595 0
      vertex 31.6864 79.6406 2
      vertex 32.7811 79.3595 2
    endloop
  endfacet
  facet normal 0.248714 0.968577 0
    outer loop
      vertex 31.6864 79.6406 2
      vertex 32.7811 79.3595 0
      vertex 31.6864 79.6406 0
    endloop
  endfacet
  facet normal 0.844335 0.535816 0
    outer loop
      vertex 37.8867 75.1358 2
      vertex 37.2811 76.0901 0
      vertex 37.2811 76.0901 2
    endloop
  endfacet
  facet normal 0.844335 0.535816 0
    outer loop
      vertex 37.2811 76.0901 0
      vertex 37.8867 75.1358 2
      vertex 37.8867 75.1358 0
    endloop
  endfacet
  facet normal -0.125287 0.992121 0
    outer loop
      vertex -30.5651 79.7822 0
      vertex -31.6864 79.6406 2
      vertex -30.5651 79.7822 2
    endloop
  endfacet
  facet normal -0.125287 0.992121 0
    outer loop
      vertex -31.6864 79.6406 2
      vertex -30.5651 79.7822 0
      vertex -31.6864 79.6406 0
    endloop
  endfacet
  facet normal 0.125287 -0.992121 0
    outer loop
      vertex 30.5651 -79.7822 0
      vertex 31.6864 -79.6406 2
      vertex 30.5651 -79.7822 2
    endloop
  endfacet
  facet normal 0.125287 -0.992121 0
    outer loop
      vertex 31.6864 -79.6406 2
      vertex 30.5651 -79.7822 0
      vertex 31.6864 -79.6406 0
    endloop
  endfacet
  facet normal 0.248714 -0.968577 0
    outer loop
      vertex 31.6864 -79.6406 0
      vertex 32.7811 -79.3595 2
      vertex 31.6864 -79.6406 2
    endloop
  endfacet
  facet normal 0.248714 -0.968577 0
    outer loop
      vertex 32.7811 -79.3595 2
      vertex 31.6864 -79.6406 0
      vertex 32.7811 -79.3595 0
    endloop
  endfacet
  facet normal 0.368139 0.929771 -0
    outer loop
      vertex 33.832 78.9434 0
      vertex 32.7811 79.3595 2
      vertex 33.832 78.9434 2
    endloop
  endfacet
  facet normal 0.368139 0.929771 0
    outer loop
      vertex 32.7811 79.3595 2
      vertex 33.832 78.9434 0
      vertex 32.7811 79.3595 0
    endloop
  endfacet
  facet normal 0.844335 -0.535816 0
    outer loop
      vertex 37.2811 -76.0901 2
      vertex 37.8867 -75.1358 0
      vertex 37.8867 -75.1358 2
    endloop
  endfacet
  facet normal 0.844335 -0.535816 0
    outer loop
      vertex 37.8867 -75.1358 0
      vertex 37.2811 -76.0901 2
      vertex 37.2811 -76.0901 0
    endloop
  endfacet
  facet normal -0.481769 0.876298 0
    outer loop
      vertex -33.832 78.9434 0
      vertex -34.8224 78.3989 2
      vertex -33.832 78.9434 2
    endloop
  endfacet
  facet normal -0.481769 0.876298 0
    outer loop
      vertex -34.8224 78.3989 2
      vertex -33.832 78.9434 0
      vertex -34.8224 78.3989 0
    endloop
  endfacet
  facet normal -0.770508 0.63743 0
    outer loop
      vertex -37.2811 76.0901 0
      vertex -36.5607 76.9609 2
      vertex -36.5607 76.9609 0
    endloop
  endfacet
  facet normal -0.770508 0.63743 0
    outer loop
      vertex -36.5607 76.9609 2
      vertex -37.2811 76.0901 0
      vertex -37.2811 76.0901 2
    endloop
  endfacet
  facet normal 0 0 1
    outer loop
      vertex -6 79.7822 2
      vertex -30.5441 79.4489 2
      vertex -6 79.4489 2
    endloop
  endfacet
  facet normal -0 0 1
    outer loop
      vertex -30.5651 79.7822 2
      vertex -30.5441 79.4489 2
      vertex -6 79.7822 2
    endloop
  endfacet
  facet normal 0 0 1
    outer loop
      vertex -30.5651 79.7822 2
      vertex -30.6739 79.4325 2
      vertex -30.5441 79.4489 2
    endloop
  endfacet
  facet normal 0 0 1
    outer loop
      vertex -30.5651 79.7822 2
      vertex -30.7517 79.4227 2
      vertex -30.6739 79.4325 2
    endloop
  endfacet
  facet normal -0 0 1
    outer loop
      vertex -31.6864 79.6406 2
      vertex -30.7517 79.4227 2
      vertex -30.5651 79.7822 2
    endloop
  endfacet
  facet normal 0 0 1
    outer loop
      vertex -30.7517 79.4227 2
      vertex -31.6864 79.6406 2
      vertex -31.6238 79.3125 2
    endloop
  endfacet
  facet normal 0 0 1
    outer loop
      vertex -31.6864 79.6406 2
      vertex -31.6998 79.293 2
      vertex -31.6238 79.3125 2
    endloop
  endfacet
  facet normal 0 0 1
    outer loop
      vertex -31.6864 79.6406 2
      vertex -32.5513 79.0744 2
      vertex -31.6998 79.293 2
    endloop
  endfacet
  facet normal -0 0 1
    outer loop
      vertex -32.7811 79.3595 2
      vertex -32.5513 79.0744 2
      vertex -31.6864 79.6406 2
    endloop
  endfacet
  facet normal 0 0 1
    outer loop
      vertex -32.5513 79.0744 2
      vertex -32.7811 79.3595 2
      vertex -32.6779 79.0418 2
    endloop
  endfacet
  facet normal 0 0 1
    outer loop
      vertex -32.7811 79.3595 2
      vertex -32.7995 78.9937 2
      vertex -32.6779 79.0418 2
    endloop
  endfacet
  facet normal 0 0 1
    outer loop
      vertex -32.7811 79.3595 2
      vertex -32.8725 78.9648 2
      vertex -32.7995 78.9937 2
    endloop
  endfacet
  facet normal 0 0 1
    outer loop
      vertex -33.832 78.9434 2
      vertex -32.8725 78.9648 2
      vertex -32.7811 79.3595 2
    endloop
  endfacet
  facet normal 0 0 1
    outer loop
      vertex -32.8725 78.9648 2
      vertex -33.832 78.9434 2
      vertex -33.6898 78.6412 2
    endloop
  endfacet
  facet normal 0 0 1
    outer loop
      vertex -33.832 78.9434 2
      vertex -34.4601 78.2177 2
      vertex -33.6898 78.6412 2
    endloop
  endfacet
  facet normal -0 0 1
    outer loop
      vertex -34.8224 78.3989 2
      vertex -34.4601 78.2177 2
      vertex -33.832 78.9434 2
    endloop
  endfacet
  facet normal 0 0 1
    outer loop
      vertex -34.4601 78.2177 2
      vertex -34.8224 78.3989 2
      vertex -34.5289 78.1799 2
    endloop
  endfacet
  facet normal 0 0 1
    outer loop
      vertex -34.5289 78.1799 2
      vertex -34.8224 78.3989 2
      vertex -34.6435 78.1169 2
    endloop
  endfacet
  facet normal 0 0 1
    outer loop
      vertex -34.6435 78.1169 2
      vertex -34.8224 78.3989 2
      vertex -34.7493 78.0401 2
    endloop
  endfacet
  facet normal 0 0 1
    outer loop
      vertex -35.7368 77.7346 2
      vertex -34.7493 78.0401 2
      vertex -34.8224 78.3989 2
    endloop
  endfacet
  facet normal 0 0 1
    outer loop
      vertex -34.7493 78.0401 2
      vertex -35.7368 77.7346 2
      vertex -35.4605 77.5234 2
    endloop
  endfacet
  facet normal 0 0 1
    outer loop
      vertex -35.4605 77.5234 2
      vertex -35.7368 77.7346 2
      vertex -35.5239 77.4773 2
    endloop
  endfacet
  facet normal 0 0 1
    outer loop
      vertex -35.5239 77.4773 2
      vertex -35.7368 77.7346 2
      vertex -35.6192 77.3877 2
    endloop
  endfacet
  facet normal 0 0 1
    outer loop
      vertex -36.5607 76.9609 2
      vertex -35.6192 77.3877 2
      vertex -35.7368 77.7346 2
    endloop
  endfacet
  facet normal 0 0 1
    outer loop
      vertex -35.6192 77.3877 2
      vertex -36.5607 76.9609 2
      vertex -36.2601 76.786 2
    endloop
  endfacet
  facet normal 0 0 1
    outer loop
      vertex -36.2601 76.786 2
      vertex -36.5607 76.9609 2
      vertex -36.3172 76.7323 2
    endloop
  endfacet
  facet normal 0 0 1
    outer loop
      vertex -36.3172 76.7323 2
      vertex -36.5607 76.9609 2
      vertex -36.3672 76.6718 2
    endloop
  endfacet
  facet normal 0 0 1
    outer loop
      vertex -36.5607 76.9609 2
      vertex -36.9276 75.9945 2
      vertex -36.3672 76.6718 2
    endloop
  endfacet
  facet normal -0 0 1
    outer loop
      vertex -37.2811 76.0901 2
      vertex -36.9276 75.9945 2
      vertex -36.5607 76.9609 2
    endloop
  endfacet
  facet normal 0 0 1
    outer loop
      vertex -36.9276 75.9945 2
      vertex -37.2811 76.0901 2
      vertex -37.0109 75.8937 2
    endloop
  endfacet
  facet normal 0 0 1
    outer loop
      vertex -37.2811 76.0901 2
      vertex -37.482 75.1515 2
      vertex -37.0109 75.8937 2
    endloop
  endfacet
  facet normal 0 0 1
    outer loop
      vertex -37.8867 75.1358 2
      vertex -37.482 75.1515 2
      vertex -37.2811 76.0901 2
    endloop
  endfacet
  facet normal 0 0 1
    outer loop
      vertex -37.482 75.1515 2
      vertex -37.8867 75.1358 2
      vertex -37.524 75.0853 2
    endloop
  endfacet
  facet normal 0 0 1
    outer loop
      vertex -37.524 75.0853 2
      vertex -37.8867 75.1358 2
      vertex -37.5941 74.9749 2
    endloop
  endfacet
  facet normal 0 0 1
    outer loop
      vertex -37.5941 74.9749 2
      vertex -37.8867 75.1358 2
      vertex -37.6498 74.8565 2
    endloop
  endfacet
  facet normal 0 0 1
    outer loop
      vertex -37.6498 74.8565 2
      vertex -37.8867 75.1358 2
      vertex -37.6831 74.7856 2
    endloop
  endfacet
  facet normal 0 0 1
    outer loop
      vertex -38.368 74.1131 2
      vertex -37.6831 74.7856 2
      vertex -37.8867 75.1358 2
    endloop
  endfacet
  facet normal 0 0 1
    outer loop
      vertex -37.6831 74.7856 2
      vertex -38.368 74.1131 2
      vertex -38.0574 73.9902 2
    endloop
  endfacet
  facet normal 0 0 1
    outer loop
      vertex -38.0574 73.9902 2
      vertex -38.368 74.1131 2
      vertex -38.0817 73.9156 2
    endloop
  endfacet
  facet normal 0 0 1
    outer loop
      vertex -38.0817 73.9156 2
      vertex -38.368 74.1131 2
      vertex -38.3533 73.0795 2
    endloop
  endfacet
  facet normal 0 0 1
    outer loop
      vertex -38.7172 73.0382 2
      vertex -38.3533 73.0795 2
      vertex -38.368 74.1131 2
    endloop
  endfacet
  facet normal 0 0 1
    outer loop
      vertex -38.3533 73.0795 2
      vertex -38.7172 73.0382 2
      vertex -38.3937 72.9551 2
    endloop
  endfacet
  facet normal 0 0 1
    outer loop
      vertex -38.3937 72.9551 2
      vertex -38.7172 73.0382 2
      vertex -38.4182 72.8267 2
    endloop
  endfacet
  facet normal 0 0 1
    outer loop
      vertex -38.929 71.928 2
      vertex -38.4182 72.8267 2
      vertex -38.7172 73.0382 2
    endloop
  endfacet
  facet normal 0 0 1
    outer loop
      vertex -39 70.8 2
      vertex -38.6578 70.9305 2
      vertex -38.6529 71.0088 2
    endloop
  endfacet
  facet normal 0 0 1
    outer loop
      vertex -38.929 71.928 2
      vertex -38.6529 71.0088 2
      vertex -38.5977 71.8861 2
    endloop
  endfacet
  facet normal 0 0 1
    outer loop
      vertex -39 70.8 2
      vertex -38.6529 71.0088 2
      vertex -38.929 71.928 2
    endloop
  endfacet
  facet normal 0 0 1
    outer loop
      vertex -38.583 71.9632 2
      vertex -38.929 71.928 2
      vertex -38.5977 71.8861 2
    endloop
  endfacet
  facet normal 0 0 1
    outer loop
      vertex -38.4182 72.8267 2
      vertex -38.929 71.928 2
      vertex -38.583 71.9632 2
    endloop
  endfacet
  facet normal -0 0 1
    outer loop
      vertex -30.5441 -79.4489 2
      vertex -6 -79.7822 2
      vertex -6 -79.4489 2
    endloop
  endfacet
  facet normal 0 0 1
    outer loop
      vertex -30.5441 -79.4489 2
      vertex -30.5651 -79.7822 2
      vertex -6 -79.7822 2
    endloop
  endfacet
  facet normal 0 0 1
    outer loop
      vertex -30.6739 -79.4325 2
      vertex -30.5651 -79.7822 2
      vertex -30.5441 -79.4489 2
    endloop
  endfacet
  facet normal 0 0 1
    outer loop
      vertex -30.7517 -79.4227 2
      vertex -30.5651 -79.7822 2
      vertex -30.6739 -79.4325 2
    endloop
  endfacet
  facet normal 0 0 1
    outer loop
      vertex -31.6864 -79.6406 2
      vertex -30.7517 -79.4227 2
      vertex -31.6238 -79.3125 2
    endloop
  endfacet
  facet normal 0 0 1
    outer loop
      vertex -30.7517 -79.4227 2
      vertex -31.6864 -79.6406 2
      vertex -30.5651 -79.7822 2
    endloop
  endfacet
  facet normal 0 0 1
    outer loop
      vertex -31.6998 -79.293 2
      vertex -31.6864 -79.6406 2
      vertex -31.6238 -79.3125 2
    endloop
  endfacet
  facet normal 0 0 1
    outer loop
      vertex -32.5513 -79.0744 2
      vertex -31.6864 -79.6406 2
      vertex -31.6998 -79.293 2
    endloop
  endfacet
  facet normal 0 0 1
    outer loop
      vertex -32.7811 -79.3595 2
      vertex -32.5513 -79.0744 2
      vertex -32.6779 -79.0418 2
    endloop
  endfacet
  facet normal 0 0 1
    outer loop
      vertex -32.5513 -79.0744 2
      vertex -32.7811 -79.3595 2
      vertex -31.6864 -79.6406 2
    endloop
  endfacet
  facet normal 0 0 1
    outer loop
      vertex -32.7995 -78.9937 2
      vertex -32.7811 -79.3595 2
      vertex -32.6779 -79.0418 2
    endloop
  endfacet
  facet normal 0 0 1
    outer loop
      vertex -32.8725 -78.9648 2
      vertex -32.7811 -79.3595 2
      vertex -32.7995 -78.9937 2
    endloop
  endfacet
  facet normal -0 0 1
    outer loop
      vertex -33.832 -78.9434 2
      vertex -32.8725 -78.9648 2
      vertex -33.6898 -78.6412 2
    endloop
  endfacet
  facet normal 0 0 1
    outer loop
      vertex -32.8725 -78.9648 2
      vertex -33.832 -78.9434 2
      vertex -32.7811 -79.3595 2
    endloop
  endfacet
  facet normal 0 0 1
    outer loop
      vertex -34.4601 -78.2177 2
      vertex -33.832 -78.9434 2
      vertex -33.6898 -78.6412 2
    endloop
  endfacet
  facet normal 0 0 1
    outer loop
      vertex -34.8224 -78.3989 2
      vertex -34.4601 -78.2177 2
      vertex -34.5289 -78.1799 2
    endloop
  endfacet
  facet normal 0 0 1
    outer loop
      vertex -34.8224 -78.3989 2
      vertex -34.5289 -78.1799 2
      vertex -34.6435 -78.1169 2
    endloop
  endfacet
  facet normal 0 0 1
    outer loop
      vertex -34.8224 -78.3989 2
      vertex -34.6435 -78.1169 2
      vertex -34.7493 -78.0401 2
    endloop
  endfacet
  facet normal 0 0 1
    outer loop
      vertex -34.4601 -78.2177 2
      vertex -34.8224 -78.3989 2
      vertex -33.832 -78.9434 2
    endloop
  endfacet
  facet normal -0 0 1
    outer loop
      vertex -35.7368 -77.7346 2
      vertex -34.7493 -78.0401 2
      vertex -35.4605 -77.5234 2
    endloop
  endfacet
  facet normal 0 0 1
    outer loop
      vertex -35.7368 -77.7346 2
      vertex -35.4605 -77.5234 2
      vertex -35.5239 -77.4773 2
    endloop
  endfacet
  facet normal 0 0 1
    outer loop
      vertex -35.7368 -77.7346 2
      vertex -35.5239 -77.4773 2
      vertex -35.6192 -77.3877 2
    endloop
  endfacet
  facet normal 0 0 1
    outer loop
      vertex -34.7493 -78.0401 2
      vertex -35.7368 -77.7346 2
      vertex -34.8224 -78.3989 2
    endloop
  endfacet
  facet normal -0 0 1
    outer loop
      vertex -36.5607 -76.9609 2
      vertex -35.6192 -77.3877 2
      vertex -36.2601 -76.786 2
    endloop
  endfacet
  facet normal 0 0 1
    outer loop
      vertex -36.5607 -76.9609 2
      vertex -36.2601 -76.786 2
      vertex -36.3172 -76.7323 2
    endloop
  endfacet
  facet normal 0 0 1
    outer loop
      vertex -36.5607 -76.9609 2
      vertex -36.3172 -76.7323 2
      vertex -36.3672 -76.6718 2
    endloop
  endfacet
  facet normal 0 0 1
    outer loop
      vertex -35.6192 -77.3877 2
      vertex -36.5607 -76.9609 2
      vertex -35.7368 -77.7346 2
    endloop
  endfacet
  facet normal 0 0 1
    outer loop
      vertex -36.9276 -75.9945 2
      vertex -36.5607 -76.9609 2
      vertex -36.3672 -76.6718 2
    endloop
  endfacet
  facet normal 0 0 1
    outer loop
      vertex -37.2811 -76.0901 2
      vertex -36.9276 -75.9945 2
      vertex -37.0109 -75.8937 2
    endloop
  endfacet
  facet normal 0 0 1
    outer loop
      vertex -36.9276 -75.9945 2
      vertex -37.2811 -76.0901 2
      vertex -36.5607 -76.9609 2
    endloop
  endfacet
  facet normal 0 0 1
    outer loop
      vertex -37.482 -75.1515 2
      vertex -37.2811 -76.0901 2
      vertex -37.0109 -75.8937 2
    endloop
  endfacet
  facet normal -0 0 1
    outer loop
      vertex -37.8867 -75.1358 2
      vertex -37.482 -75.1515 2
      vertex -37.524 -75.0853 2
    endloop
  endfacet
  facet normal 0 0 1
    outer loop
      vertex -37.8867 -75.1358 2
      vertex -37.524 -75.0853 2
      vertex -37.5941 -74.9749 2
    endloop
  endfacet
  facet normal 0 0 1
    outer loop
      vertex -37.8867 -75.1358 2
      vertex -37.5941 -74.9749 2
      vertex -37.6498 -74.8565 2
    endloop
  endfacet
  facet normal 0 0 1
    outer loop
      vertex -37.8867 -75.1358 2
      vertex -37.6498 -74.8565 2
      vertex -37.6831 -74.7856 2
    endloop
  endfacet
  facet normal 0 0 1
    outer loop
      vertex -37.482 -75.1515 2
      vertex -37.8867 -75.1358 2
      vertex -37.2811 -76.0901 2
    endloop
  endfacet
  facet normal -0 0 1
    outer loop
      vertex -38.368 -74.1131 2
      vertex -37.6831 -74.7856 2
      vertex -38.0574 -73.9902 2
    endloop
  endfacet
  facet normal 0 0 1
    outer loop
      vertex -38.368 -74.1131 2
      vertex -38.0574 -73.9902 2
      vertex -38.0817 -73.9156 2
    endloop
  endfacet
  facet normal 0 0 1
    outer loop
      vertex -38.368 -74.1131 2
      vertex -38.0817 -73.9156 2
      vertex -38.3533 -73.0795 2
    endloop
  endfacet
  facet normal 0 0 1
    outer loop
      vertex -37.6831 -74.7856 2
      vertex -38.368 -74.1131 2
      vertex -37.8867 -75.1358 2
    endloop
  endfacet
  facet normal -0 0 1
    outer loop
      vertex -38.7172 -73.0382 2
      vertex -38.3533 -73.0795 2
      vertex -38.3937 -72.9551 2
    endloop
  endfacet
  facet normal 0 0 1
    outer loop
      vertex -38.7172 -73.0382 2
      vertex -38.3937 -72.9551 2
      vertex -38.4182 -72.8267 2
    endloop
  endfacet
  facet normal 0 0 1
    outer loop
      vertex -38.929 -71.928 2
      vertex -38.4182 -72.8267 2
      vertex -38.583 -71.9632 2
    endloop
  endfacet
  facet normal -0 0 1
    outer loop
      vertex -38.929 -71.928 2
      vertex -38.583 -71.9632 2
      vertex -38.5977 -71.8861 2
    endloop
  endfacet
  facet normal -0 0 1
    outer loop
      vertex -39 -70.8 2
      vertex -38.6578 -70.9305 2
      vertex -38.666 -70.8 2
    endloop
  endfacet
  facet normal 0 0 1
    outer loop
      vertex -38.6578 -70.9305 2
      vertex -39 -70.8 2
      vertex -38.6529 -71.0088 2
    endloop
  endfacet
  facet normal 0 0 1
    outer loop
      vertex -38.3533 -73.0795 2
      vertex -38.7172 -73.0382 2
      vertex -38.368 -74.1131 2
    endloop
  endfacet
  facet normal 0 0 1
    outer loop
      vertex -38.6529 -71.0088 2
      vertex -38.929 -71.928 2
      vertex -38.5977 -71.8861 2
    endloop
  endfacet
  facet normal 0 0 1
    outer loop
      vertex -38.666 70.8 2
      vertex -39 70.8 2
      vertex -38.666 -70.8 2
    endloop
  endfacet
  facet normal 0 0 1
    outer loop
      vertex -38.6578 70.9305 2
      vertex -39 70.8 2
      vertex -38.666 70.8 2
    endloop
  endfacet
  facet normal 0 0 1
    outer loop
      vertex -39 -70.8 2
      vertex -38.666 -70.8 2
      vertex -39 70.8 2
    endloop
  endfacet
  facet normal 0 0 1
    outer loop
      vertex -38.6529 -71.0088 2
      vertex -39 -70.8 2
      vertex -38.929 -71.928 2
    endloop
  endfacet
  facet normal 0 0 1
    outer loop
      vertex -38.4182 -72.8267 2
      vertex -38.929 -71.928 2
      vertex -38.7172 -73.0382 2
    endloop
  endfacet
  facet normal -0 0 1
    outer loop
      vertex 38.6529 71.0088 2
      vertex 39 70.8 2
      vertex 38.929 71.928 2
    endloop
  endfacet
  facet normal 0 0 1
    outer loop
      vertex 39 70.8 2
      vertex 38.666 70.8 2
      vertex 39 -70.8 2
    endloop
  endfacet
  facet normal -0 0 1
    outer loop
      vertex 38.4182 72.8267 2
      vertex 38.929 71.928 2
      vertex 38.7172 73.0382 2
    endloop
  endfacet
  facet normal 0 0 1
    outer loop
      vertex 38.666 -70.8 2
      vertex 39 -70.8 2
      vertex 38.666 70.8 2
    endloop
  endfacet
  facet normal 0 0 1
    outer loop
      vertex 38.6578 -70.9305 2
      vertex 39 -70.8 2
      vertex 38.666 -70.8 2
    endloop
  endfacet
  facet normal 0 0 1
    outer loop
      vertex 39 70.8 2
      vertex 38.6578 70.9305 2
      vertex 38.666 70.8 2
    endloop
  endfacet
  facet normal 0 0 1
    outer loop
      vertex 39 70.8 2
      vertex 38.6529 71.0088 2
      vertex 38.6578 70.9305 2
    endloop
  endfacet
  facet normal 0 0 1
    outer loop
      vertex 38.929 71.928 2
      vertex 38.5977 71.8861 2
      vertex 38.6529 71.0088 2
    endloop
  endfacet
  facet normal 0 0 1
    outer loop
      vertex 38.929 71.928 2
      vertex 38.583 71.9632 2
      vertex 38.5977 71.8861 2
    endloop
  endfacet
  facet normal 0 0 1
    outer loop
      vertex 38.929 71.928 2
      vertex 38.4182 72.8267 2
      vertex 38.583 71.9632 2
    endloop
  endfacet
  facet normal 0 0 1
    outer loop
      vertex 38.7172 73.0382 2
      vertex 38.3937 72.9551 2
      vertex 38.4182 72.8267 2
    endloop
  endfacet
  facet normal -0 0 1
    outer loop
      vertex 38.3533 73.0795 2
      vertex 38.7172 73.0382 2
      vertex 38.368 74.1131 2
    endloop
  endfacet
  facet normal 0 0 1
    outer loop
      vertex 38.7172 73.0382 2
      vertex 38.3533 73.0795 2
      vertex 38.3937 72.9551 2
    endloop
  endfacet
  facet normal 0 0 1
    outer loop
      vertex 38.368 74.1131 2
      vertex 38.0817 73.9156 2
      vertex 38.3533 73.0795 2
    endloop
  endfacet
  facet normal 0 0 1
    outer loop
      vertex 38.368 74.1131 2
      vertex 38.0574 73.9902 2
      vertex 38.0817 73.9156 2
    endloop
  endfacet
  facet normal -0 0 1
    outer loop
      vertex 37.6831 74.7856 2
      vertex 38.368 74.1131 2
      vertex 37.8867 75.1358 2
    endloop
  endfacet
  facet normal 0 0 1
    outer loop
      vertex 38.368 74.1131 2
      vertex 37.6831 74.7856 2
      vertex 38.0574 73.9902 2
    endloop
  endfacet
  facet normal 0 0 1
    outer loop
      vertex 37.8867 75.1358 2
      vertex 37.6498 74.8565 2
      vertex 37.6831 74.7856 2
    endloop
  endfacet
  facet normal 0 0 1
    outer loop
      vertex 37.8867 75.1358 2
      vertex 37.5941 74.9749 2
      vertex 37.6498 74.8565 2
    endloop
  endfacet
  facet normal 0 0 1
    outer loop
      vertex 37.8867 75.1358 2
      vertex 37.524 75.0853 2
      vertex 37.5941 74.9749 2
    endloop
  endfacet
  facet normal 0 0 1
    outer loop
      vertex 37.8867 75.1358 2
      vertex 37.482 75.1515 2
      vertex 37.524 75.0853 2
    endloop
  endfacet
  facet normal 0 0 1
    outer loop
      vertex 37.2811 76.0901 2
      vertex 37.482 75.1515 2
      vertex 37.8867 75.1358 2
    endloop
  endfacet
  facet normal 0 0 1
    outer loop
      vertex 37.2811 76.0901 2
      vertex 37.0109 75.8937 2
      vertex 37.482 75.1515 2
    endloop
  endfacet
  facet normal 0 0 1
    outer loop
      vertex 37.2811 76.0901 2
      vertex 36.9276 75.9945 2
      vertex 37.0109 75.8937 2
    endloop
  endfacet
  facet normal 0 0 1
    outer loop
      vertex 36.5607 76.9609 2
      vertex 36.9276 75.9945 2
      vertex 37.2811 76.0901 2
    endloop
  endfacet
  facet normal 0 0 1
    outer loop
      vertex 36.5607 76.9609 2
      vertex 36.3672 76.6718 2
      vertex 36.9276 75.9945 2
    endloop
  endfacet
  facet normal 0 0 1
    outer loop
      vertex 36.5607 76.9609 2
      vertex 36.3172 76.7323 2
      vertex 36.3672 76.6718 2
    endloop
  endfacet
  facet normal 0 0 1
    outer loop
      vertex 36.5607 76.9609 2
      vertex 36.2601 76.786 2
      vertex 36.3172 76.7323 2
    endloop
  endfacet
  facet normal -0 0 1
    outer loop
      vertex 35.6192 77.3877 2
      vertex 36.5607 76.9609 2
      vertex 35.7368 77.7346 2
    endloop
  endfacet
  facet normal 0 0 1
    outer loop
      vertex 36.5607 76.9609 2
      vertex 35.6192 77.3877 2
      vertex 36.2601 76.786 2
    endloop
  endfacet
  facet normal 0 0 1
    outer loop
      vertex 35.7368 77.7346 2
      vertex 35.5239 77.4773 2
      vertex 35.6192 77.3877 2
    endloop
  endfacet
  facet normal 0 0 1
    outer loop
      vertex 35.7368 77.7346 2
      vertex 35.4605 77.5234 2
      vertex 35.5239 77.4773 2
    endloop
  endfacet
  facet normal -0 0 1
    outer loop
      vertex 34.7493 78.0401 2
      vertex 35.7368 77.7346 2
      vertex 34.8224 78.3989 2
    endloop
  endfacet
  facet normal 0 0 1
    outer loop
      vertex 35.7368 77.7346 2
      vertex 34.7493 78.0401 2
      vertex 35.4605 77.5234 2
    endloop
  endfacet
  facet normal 0 0 1
    outer loop
      vertex 34.8224 78.3989 2
      vertex 34.6435 78.1169 2
      vertex 34.7493 78.0401 2
    endloop
  endfacet
  facet normal 0 0 1
    outer loop
      vertex 34.8224 78.3989 2
      vertex 34.5289 78.1799 2
      vertex 34.6435 78.1169 2
    endloop
  endfacet
  facet normal 0 0 1
    outer loop
      vertex 34.8224 78.3989 2
      vertex 34.4601 78.2177 2
      vertex 34.5289 78.1799 2
    endloop
  endfacet
  facet normal 0 0 1
    outer loop
      vertex 33.832 78.9434 2
      vertex 34.4601 78.2177 2
      vertex 34.8224 78.3989 2
    endloop
  endfacet
  facet normal 0 0 1
    outer loop
      vertex 33.832 78.9434 2
      vertex 33.6898 78.6412 2
      vertex 34.4601 78.2177 2
    endloop
  endfacet
  facet normal 0 0 1
    outer loop
      vertex 33.832 78.9434 2
      vertex 32.8725 78.9648 2
      vertex 33.6898 78.6412 2
    endloop
  endfacet
  facet normal 0 0 1
    outer loop
      vertex 32.7811 79.3595 2
      vertex 32.8725 78.9648 2
      vertex 33.832 78.9434 2
    endloop
  endfacet
  facet normal 0 0 1
    outer loop
      vertex 32.8725 78.9648 2
      vertex 32.7811 79.3595 2
      vertex 32.7995 78.9937 2
    endloop
  endfacet
  facet normal 0 0 1
    outer loop
      vertex 32.7811 79.3595 2
      vertex 32.6779 79.0418 2
      vertex 32.7995 78.9937 2
    endloop
  endfacet
  facet normal 0 0 1
    outer loop
      vertex 32.7811 79.3595 2
      vertex 32.5513 79.0744 2
      vertex 32.6779 79.0418 2
    endloop
  endfacet
  facet normal 0 0 1
    outer loop
      vertex 31.6864 79.6406 2
      vertex 32.5513 79.0744 2
      vertex 32.7811 79.3595 2
    endloop
  endfacet
  facet normal 0 0 1
    outer loop
      vertex 32.5513 79.0744 2
      vertex 31.6864 79.6406 2
      vertex 31.6998 79.293 2
    endloop
  endfacet
  facet normal 0 0 1
    outer loop
      vertex 31.6864 79.6406 2
      vertex 31.6238 79.3125 2
      vertex 31.6998 79.293 2
    endloop
  endfacet
  facet normal 0 0 1
    outer loop
      vertex 31.6864 79.6406 2
      vertex 30.7517 79.4227 2
      vertex 31.6238 79.3125 2
    endloop
  endfacet
  facet normal 0 0 1
    outer loop
      vertex 30.5651 79.7822 2
      vertex 30.7517 79.4227 2
      vertex 31.6864 79.6406 2
    endloop
  endfacet
  facet normal 0 0 1
    outer loop
      vertex 30.7517 79.4227 2
      vertex 30.5651 79.7822 2
      vertex 30.6739 79.4325 2
    endloop
  endfacet
  facet normal 0 0 1
    outer loop
      vertex 30.5651 79.7822 2
      vertex 30.5441 79.4489 2
      vertex 30.6739 79.4325 2
    endloop
  endfacet
  facet normal -0 0 1
    outer loop
      vertex -4 79.7822 2
      vertex 30.5441 79.4489 2
      vertex 30.5651 79.7822 2
    endloop
  endfacet
  facet normal 0 0 1
    outer loop
      vertex 30.5441 79.4489 2
      vertex -4 79.7822 2
      vertex -4 79.4489 2
    endloop
  endfacet
  facet normal 0 0 1
    outer loop
      vertex 38.6529 -71.0088 2
      vertex 39 -70.8 2
      vertex 38.6578 -70.9305 2
    endloop
  endfacet
  facet normal 0 0 1
    outer loop
      vertex 39 -70.8 2
      vertex 38.6529 -71.0088 2
      vertex 38.929 -71.928 2
    endloop
  endfacet
  facet normal -0 0 1
    outer loop
      vertex 38.5977 -71.8861 2
      vertex 38.929 -71.928 2
      vertex 38.6529 -71.0088 2
    endloop
  endfacet
  facet normal 0 0 1
    outer loop
      vertex 38.583 -71.9632 2
      vertex 38.929 -71.928 2
      vertex 38.5977 -71.8861 2
    endloop
  endfacet
  facet normal 0 0 1
    outer loop
      vertex 38.4182 -72.8267 2
      vertex 38.929 -71.928 2
      vertex 38.583 -71.9632 2
    endloop
  endfacet
  facet normal 0 0 1
    outer loop
      vertex 38.929 -71.928 2
      vertex 38.4182 -72.8267 2
      vertex 38.7172 -73.0382 2
    endloop
  endfacet
  facet normal -0 0 1
    outer loop
      vertex 38.3937 -72.9551 2
      vertex 38.7172 -73.0382 2
      vertex 38.4182 -72.8267 2
    endloop
  endfacet
  facet normal 0 0 1
    outer loop
      vertex 38.3533 -73.0795 2
      vertex 38.7172 -73.0382 2
      vertex 38.3937 -72.9551 2
    endloop
  endfacet
  facet normal 0 0 1
    outer loop
      vertex 38.7172 -73.0382 2
      vertex 38.3533 -73.0795 2
      vertex 38.368 -74.1131 2
    endloop
  endfacet
  facet normal -0 0 1
    outer loop
      vertex 38.0817 -73.9156 2
      vertex 38.368 -74.1131 2
      vertex 38.3533 -73.0795 2
    endloop
  endfacet
  facet normal -0 0 1
    outer loop
      vertex 38.0574 -73.9902 2
      vertex 38.368 -74.1131 2
      vertex 38.0817 -73.9156 2
    endloop
  endfacet
  facet normal 0 0 1
    outer loop
      vertex 37.6831 -74.7856 2
      vertex 38.368 -74.1131 2
      vertex 38.0574 -73.9902 2
    endloop
  endfacet
  facet normal 0 0 1
    outer loop
      vertex 38.368 -74.1131 2
      vertex 37.6831 -74.7856 2
      vertex 37.8867 -75.1358 2
    endloop
  endfacet
  facet normal -0 0 1
    outer loop
      vertex 37.6498 -74.8565 2
      vertex 37.8867 -75.1358 2
      vertex 37.6831 -74.7856 2
    endloop
  endfacet
  facet normal -0 0 1
    outer loop
      vertex 37.5941 -74.9749 2
      vertex 37.8867 -75.1358 2
      vertex 37.6498 -74.8565 2
    endloop
  endfacet
  facet normal -0 0 1
    outer loop
      vertex 37.524 -75.0853 2
      vertex 37.8867 -75.1358 2
      vertex 37.5941 -74.9749 2
    endloop
  endfacet
  facet normal 0 0 1
    outer loop
      vertex 37.482 -75.1515 2
      vertex 37.8867 -75.1358 2
      vertex 37.524 -75.0853 2
    endloop
  endfacet
  facet normal -0 0 1
    outer loop
      vertex 37.482 -75.1515 2
      vertex 37.2811 -76.0901 2
      vertex 37.8867 -75.1358 2
    endloop
  endfacet
  facet normal -0 0 1
    outer loop
      vertex 37.0109 -75.8937 2
      vertex 37.2811 -76.0901 2
      vertex 37.482 -75.1515 2
    endloop
  endfacet
  facet normal -0 0 1
    outer loop
      vertex 36.9276 -75.9945 2
      vertex 37.2811 -76.0901 2
      vertex 37.0109 -75.8937 2
    endloop
  endfacet
  facet normal 0 0 1
    outer loop
      vertex 36.9276 -75.9945 2
      vertex 36.5607 -76.9609 2
      vertex 37.2811 -76.0901 2
    endloop
  endfacet
  facet normal -0 0 1
    outer loop
      vertex 36.3672 -76.6718 2
      vertex 36.5607 -76.9609 2
      vertex 36.9276 -75.9945 2
    endloop
  endfacet
  facet normal -0 0 1
    outer loop
      vertex 36.3172 -76.7323 2
      vertex 36.5607 -76.9609 2
      vertex 36.3672 -76.6718 2
    endloop
  endfacet
  facet normal -0 0 1
    outer loop
      vertex 36.2601 -76.786 2
      vertex 36.5607 -76.9609 2
      vertex 36.3172 -76.7323 2
    endloop
  endfacet
  facet normal 0 0 1
    outer loop
      vertex 35.6192 -77.3877 2
      vertex 36.5607 -76.9609 2
      vertex 36.2601 -76.786 2
    endloop
  endfacet
  facet normal 0 0 1
    outer loop
      vertex 36.5607 -76.9609 2
      vertex 35.6192 -77.3877 2
      vertex 35.7368 -77.7346 2
    endloop
  endfacet
  facet normal -0 0 1
    outer loop
      vertex 35.5239 -77.4773 2
      vertex 35.7368 -77.7346 2
      vertex 35.6192 -77.3877 2
    endloop
  endfacet
  facet normal -0 0 1
    outer loop
      vertex 35.4605 -77.5234 2
      vertex 35.7368 -77.7346 2
      vertex 35.5239 -77.4773 2
    endloop
  endfacet
  facet normal 0 0 1
    outer loop
      vertex 34.7493 -78.0401 2
      vertex 35.7368 -77.7346 2
      vertex 35.4605 -77.5234 2
    endloop
  endfacet
  facet normal 0 0 1
    outer loop
      vertex 35.7368 -77.7346 2
      vertex 34.7493 -78.0401 2
      vertex 34.8224 -78.3989 2
    endloop
  endfacet
  facet normal -0 0 1
    outer loop
      vertex 34.6435 -78.1169 2
      vertex 34.8224 -78.3989 2
      vertex 34.7493 -78.0401 2
    endloop
  endfacet
  facet normal -0 0 1
    outer loop
      vertex 34.5289 -78.1799 2
      vertex 34.8224 -78.3989 2
      vertex 34.6435 -78.1169 2
    endloop
  endfacet
  facet normal -0 0 1
    outer loop
      vertex 34.4601 -78.2177 2
      vertex 34.8224 -78.3989 2
      vertex 34.5289 -78.1799 2
    endloop
  endfacet
  facet normal 0 0 1
    outer loop
      vertex 34.4601 -78.2177 2
      vertex 33.832 -78.9434 2
      vertex 34.8224 -78.3989 2
    endloop
  endfacet
  facet normal -0 0 1
    outer loop
      vertex 33.6898 -78.6412 2
      vertex 33.832 -78.9434 2
      vertex 34.4601 -78.2177 2
    endloop
  endfacet
  facet normal 0 0 1
    outer loop
      vertex 32.8725 -78.9648 2
      vertex 33.832 -78.9434 2
      vertex 33.6898 -78.6412 2
    endloop
  endfacet
  facet normal 0 0 1
    outer loop
      vertex 32.7811 -79.3595 2
      vertex 32.8725 -78.9648 2
      vertex 32.7995 -78.9937 2
    endloop
  endfacet
  facet normal -0 0 1
    outer loop
      vertex 32.8725 -78.9648 2
      vertex 32.7811 -79.3595 2
      vertex 33.832 -78.9434 2
    endloop
  endfacet
  facet normal -0 0 1
    outer loop
      vertex 32.6779 -79.0418 2
      vertex 32.7811 -79.3595 2
      vertex 32.7995 -78.9937 2
    endloop
  endfacet
  facet normal -0 0 1
    outer loop
      vertex 32.5513 -79.0744 2
      vertex 32.7811 -79.3595 2
      vertex 32.6779 -79.0418 2
    endloop
  endfacet
  facet normal 0 0 1
    outer loop
      vertex 31.6864 -79.6406 2
      vertex 32.5513 -79.0744 2
      vertex 31.6998 -79.293 2
    endloop
  endfacet
  facet normal 0 0 1
    outer loop
      vertex 32.5513 -79.0744 2
      vertex 31.6864 -79.6406 2
      vertex 32.7811 -79.3595 2
    endloop
  endfacet
  facet normal -0 0 1
    outer loop
      vertex 31.6238 -79.3125 2
      vertex 31.6864 -79.6406 2
      vertex 31.6998 -79.293 2
    endloop
  endfacet
  facet normal -0 0 1
    outer loop
      vertex 30.7517 -79.4227 2
      vertex 31.6864 -79.6406 2
      vertex 31.6238 -79.3125 2
    endloop
  endfacet
  facet normal 0 0 1
    outer loop
      vertex 30.5651 -79.7822 2
      vertex 30.7517 -79.4227 2
      vertex 30.6739 -79.4325 2
    endloop
  endfacet
  facet normal 0 0 1
    outer loop
      vertex 30.7517 -79.4227 2
      vertex 30.5651 -79.7822 2
      vertex 31.6864 -79.6406 2
    endloop
  endfacet
  facet normal -0 0 1
    outer loop
      vertex 30.5441 -79.4489 2
      vertex 30.5651 -79.7822 2
      vertex 30.6739 -79.4325 2
    endloop
  endfacet
  facet normal 0 0 1
    outer loop
      vertex -4 -79.7822 2
      vertex 30.5441 -79.4489 2
      vertex -4 -79.4489 2
    endloop
  endfacet
  facet normal 0 0 1
    outer loop
      vertex 30.5441 -79.4489 2
      vertex -4 -79.7822 2
      vertex 30.5651 -79.7822 2
    endloop
  endfacet
  facet normal -0.481769 -0.876298 0
    outer loop
      vertex -34.8224 -78.3989 0
      vertex -33.832 -78.9434 2
      vertex -34.8224 -78.3989 2
    endloop
  endfacet
  facet normal -0.481769 -0.876298 -0
    outer loop
      vertex -33.832 -78.9434 2
      vertex -34.8224 -78.3989 0
      vertex -33.832 -78.9434 0
    endloop
  endfacet
  facet normal -0.125287 -0.992121 0
    outer loop
      vertex -31.6864 -79.6406 0
      vertex -30.5651 -79.7822 2
      vertex -31.6864 -79.6406 2
    endloop
  endfacet
  facet normal -0.125287 -0.992121 -0
    outer loop
      vertex -30.5651 -79.7822 2
      vertex -31.6864 -79.6406 0
      vertex -30.5651 -79.7822 0
    endloop
  endfacet
  facet normal -0.248714 -0.968577 0
    outer loop
      vertex -32.7811 -79.3595 0
      vertex -31.6864 -79.6406 2
      vertex -32.7811 -79.3595 2
    endloop
  endfacet
  facet normal -0.248714 -0.968577 -0
    outer loop
      vertex -31.6864 -79.6406 2
      vertex -32.7811 -79.3595 0
      vertex -31.6864 -79.6406 0
    endloop
  endfacet
  facet normal -0.248714 0.968577 0
    outer loop
      vertex -31.6864 79.6406 0
      vertex -32.7811 79.3595 2
      vertex -31.6864 79.6406 2
    endloop
  endfacet
  facet normal -0.248714 0.968577 0
    outer loop
      vertex -32.7811 79.3595 2
      vertex -31.6864 79.6406 0
      vertex -32.7811 79.3595 0
    endloop
  endfacet
  facet normal -0.951071 -0.308972 0
    outer loop
      vertex -38.368 -74.1131 0
      vertex -38.7172 -73.0382 2
      vertex -38.7172 -73.0382 0
    endloop
  endfacet
  facet normal -0.951071 -0.308972 0
    outer loop
      vertex -38.7172 -73.0382 2
      vertex -38.368 -74.1131 0
      vertex -38.368 -74.1131 2
    endloop
  endfacet
  facet normal -0.904809 -0.425818 0
    outer loop
      vertex -37.8867 -75.1358 0
      vertex -38.368 -74.1131 2
      vertex -38.368 -74.1131 0
    endloop
  endfacet
  facet normal -0.904809 -0.425818 0
    outer loop
      vertex -38.368 -74.1131 2
      vertex -37.8867 -75.1358 0
      vertex -37.8867 -75.1358 2
    endloop
  endfacet
  facet normal 0.684528 -0.728987 0
    outer loop
      vertex -27.5738 -33.8927 0
      vertex -27.0245 -33.3769 1.75
      vertex -27.5738 -33.8927 1.75
    endloop
  endfacet
  facet normal 0.684528 -0.728987 0
    outer loop
      vertex -27.0245 -33.3769 1.75
      vertex -27.5738 -33.8927 0
      vertex -27.0245 -33.3769 0
    endloop
  endfacet
  facet normal 0.587848 0.808971 -0
    outer loop
      vertex -26.415 -71.066 0
      vertex -27.0245 -70.6231 1.75
      vertex -26.415 -71.066 1.75
    endloop
  endfacet
  facet normal 0.587848 0.808971 0
    outer loop
      vertex -27.0245 -70.6231 1.75
      vertex -26.415 -71.066 0
      vertex -27.0245 -70.6231 0
    endloop
  endfacet
  facet normal 0.248714 0.968577 -0
    outer loop
      vertex -24.3243 -71.8937 0
      vertex -25.0541 -71.7063 1.75
      vertex -24.3243 -71.8937 1.75
    endloop
  endfacet
  facet normal 0.248714 0.968577 0
    outer loop
      vertex -25.0541 -71.7063 1.75
      vertex -24.3243 -71.8937 0
      vertex -25.0541 -71.7063 0
    endloop
  endfacet
  facet normal 0.481751 0.876308 -0
    outer loop
      vertex -25.7547 -71.429 0
      vertex -26.415 -71.066 1.75
      vertex -25.7547 -71.429 1.75
    endloop
  endfacet
  facet normal 0.481751 0.876308 0
    outer loop
      vertex -26.415 -71.066 1.75
      vertex -25.7547 -71.429 0
      vertex -26.415 -71.066 0
    endloop
  endfacet
  facet normal 0.951071 -0.308972 0
    outer loop
      vertex -29.0115 -36.5079 1.75
      vertex -28.7787 -35.7913 0
      vertex -28.7787 -35.7913 1.75
    endloop
  endfacet
  facet normal 0.951071 -0.308972 0
    outer loop
      vertex -28.7787 -35.7913 0
      vertex -29.0115 -36.5079 1.75
      vertex -29.0115 -36.5079 0
    endloop
  endfacet
  facet normal 0.904792 -0.425855 0
    outer loop
      vertex -28.7787 -35.7913 1.75
      vertex -28.4578 -35.1095 0
      vertex -28.4578 -35.1095 1.75
    endloop
  endfacet
  facet normal 0.904792 -0.425855 0
    outer loop
      vertex -28.4578 -35.1095 0
      vertex -28.7787 -35.7913 1.75
      vertex -28.7787 -35.7913 0
    endloop
  endfacet
  facet normal 0.587848 -0.808971 0
    outer loop
      vertex -27.0245 -33.3769 0
      vertex -26.415 -32.934 1.75
      vertex -27.0245 -33.3769 1.75
    endloop
  endfacet
  facet normal 0.587848 -0.808971 0
    outer loop
      vertex -26.415 -32.934 1.75
      vertex -27.0245 -33.3769 0
      vertex -26.415 -32.934 0
    endloop
  endfacet
  facet normal 0 1 -0
    outer loop
      vertex -22.8233 -71.9882 0
      vertex -23.5767 -71.9882 1.75
      vertex -22.8233 -71.9882 1.75
    endloop
  endfacet
  facet normal 0 1 0
    outer loop
      vertex -23.5767 -71.9882 1.75
      vertex -22.8233 -71.9882 0
      vertex -23.5767 -71.9882 0
    endloop
  endfacet
  facet normal -0.770522 -0.637413 0
    outer loop
      vertex -18.3459 -34.4733 0
      vertex -18.8262 -33.8927 1.75
      vertex -18.8262 -33.8927 0
    endloop
  endfacet
  facet normal -0.770522 -0.637413 0
    outer loop
      vertex -18.8262 -33.8927 1.75
      vertex -18.3459 -34.4733 0
      vertex -18.3459 -34.4733 1.75
    endloop
  endfacet
  facet normal -0.684528 -0.728987 0
    outer loop
      vertex -19.3755 -33.3769 0
      vertex -18.8262 -33.8927 1.75
      vertex -19.3755 -33.3769 1.75
    endloop
  endfacet
  facet normal -0.684528 -0.728987 -0
    outer loop
      vertex -18.8262 -33.8927 1.75
      vertex -19.3755 -33.3769 0
      vertex -18.8262 -33.8927 0
    endloop
  endfacet
  facet normal -0.998028 0.0627749 0
    outer loop
      vertex -17.2473 -66.752 0
      vertex -17.2 -66 1.75
      vertex -17.2 -66 0
    endloop
  endfacet
  facet normal -0.998028 0.0627749 0
    outer loop
      vertex -17.2 -66 1.75
      vertex -17.2473 -66.752 0
      vertex -17.2473 -66.752 1.75
    endloop
  endfacet
  facet normal 0.248714 -0.968577 0
    outer loop
      vertex -25.0541 -32.2937 0
      vertex -24.3243 -32.1063 1.75
      vertex -25.0541 -32.2937 1.75
    endloop
  endfacet
  facet normal 0.248714 -0.968577 0
    outer loop
      vertex -24.3243 -32.1063 1.75
      vertex -25.0541 -32.2937 0
      vertex -24.3243 -32.1063 0
    endloop
  endfacet
  facet normal 0.368025 0.929816 -0
    outer loop
      vertex -25.0541 -71.7063 0
      vertex -25.7547 -71.429 1.75
      vertex -25.0541 -71.7063 1.75
    endloop
  endfacet
  facet normal 0.368025 0.929816 0
    outer loop
      vertex -25.7547 -71.429 1.75
      vertex -25.0541 -71.7063 0
      vertex -25.7547 -71.429 0
    endloop
  endfacet
  facet normal -0.125407 -0.992105 0
    outer loop
      vertex -22.8233 -32.0118 0
      vertex -22.0757 -32.1063 1.75
      vertex -22.8233 -32.0118 1.75
    endloop
  endfacet
  facet normal -0.125407 -0.992105 -0
    outer loop
      vertex -22.0757 -32.1063 1.75
      vertex -22.8233 -32.0118 0
      vertex -22.0757 -32.1063 0
    endloop
  endfacet
  facet normal 0.770522 -0.637413 0
    outer loop
      vertex -28.0541 -34.4733 1.75
      vertex -27.5738 -33.8927 0
      vertex -27.5738 -33.8927 1.75
    endloop
  endfacet
  facet normal 0.770522 -0.637413 0
    outer loop
      vertex -27.5738 -33.8927 0
      vertex -28.0541 -34.4733 1.75
      vertex -28.0541 -34.4733 0
    endloop
  endfacet
  facet normal 0.998028 0.0627749 0
    outer loop
      vertex -29.1527 -66.752 1.75
      vertex -29.2 -66 0
      vertex -29.2 -66 1.75
    endloop
  endfacet
  facet normal 0.998028 0.0627749 0
    outer loop
      vertex -29.2 -66 0
      vertex -29.1527 -66.752 1.75
      vertex -29.1527 -66.752 0
    endloop
  endfacet
  facet normal 0.368025 -0.929816 0
    outer loop
      vertex -25.7547 -32.571 0
      vertex -25.0541 -32.2937 1.75
      vertex -25.7547 -32.571 1.75
    endloop
  endfacet
  facet normal 0.368025 -0.929816 0
    outer loop
      vertex -25.0541 -32.2937 1.75
      vertex -25.7547 -32.571 0
      vertex -25.0541 -32.2937 0
    endloop
  endfacet
  facet normal -0.951071 -0.308972 0
    outer loop
      vertex -17.3885 -36.5079 0
      vertex -17.6213 -35.7913 1.75
      vertex -17.6213 -35.7913 0
    endloop
  endfacet
  facet normal -0.951071 -0.308972 0
    outer loop
      vertex -17.6213 -35.7913 1.75
      vertex -17.3885 -36.5079 0
      vertex -17.3885 -36.5079 1.75
    endloop
  endfacet
  facet normal -0.904792 0.425855 0
    outer loop
      vertex -17.9422 -68.8905 0
      vertex -17.6213 -68.2087 1.75
      vertex -17.6213 -68.2087 0
    endloop
  endfacet
  facet normal -0.904792 0.425855 0
    outer loop
      vertex -17.6213 -68.2087 1.75
      vertex -17.9422 -68.8905 0
      vertex -17.9422 -68.8905 1.75
    endloop
  endfacet
  facet normal -0.951071 0.308972 0
    outer loop
      vertex -17.6213 -68.2087 0
      vertex -17.3885 -67.4921 1.75
      vertex -17.3885 -67.4921 0
    endloop
  endfacet
  facet normal -0.951071 0.308972 0
    outer loop
      vertex -17.3885 -67.4921 1.75
      vertex -17.6213 -68.2087 0
      vertex -17.6213 -68.2087 1.75
    endloop
  endfacet
  facet normal -0.998028 -0.0627749 0
    outer loop
      vertex -17.2 -38 0
      vertex -17.2473 -37.248 1.75
      vertex -17.2473 -37.248 0
    endloop
  endfacet
  facet normal -0.998028 -0.0627749 0
    outer loop
      vertex -17.2473 -37.248 1.75
      vertex -17.2 -38 0
      vertex -17.2 -38 1.75
    endloop
  endfacet
  facet normal 0.125407 0.992105 -0
    outer loop
      vertex -23.5767 -71.9882 0
      vertex -24.3243 -71.8937 1.75
      vertex -23.5767 -71.9882 1.75
    endloop
  endfacet
  facet normal 0.125407 0.992105 0
    outer loop
      vertex -24.3243 -71.8937 1.75
      vertex -23.5767 -71.9882 0
      vertex -24.3243 -71.8937 0
    endloop
  endfacet
  facet normal -0.368025 -0.929816 0
    outer loop
      vertex -21.3459 -32.2937 0
      vertex -20.6453 -32.571 1.75
      vertex -21.3459 -32.2937 1.75
    endloop
  endfacet
  facet normal -0.368025 -0.929816 -0
    outer loop
      vertex -20.6453 -32.571 1.75
      vertex -21.3459 -32.2937 0
      vertex -20.6453 -32.571 0
    endloop
  endfacet
  facet normal -0.481751 0.876308 0
    outer loop
      vertex -19.985 -71.066 0
      vertex -20.6453 -71.429 1.75
      vertex -19.985 -71.066 1.75
    endloop
  endfacet
  facet normal -0.481751 0.876308 0
    outer loop
      vertex -20.6453 -71.429 1.75
      vertex -19.985 -71.066 0
      vertex -20.6453 -71.429 0
    endloop
  endfacet
  facet normal -0.125407 0.992105 0
    outer loop
      vertex -22.0757 -71.8937 0
      vertex -22.8233 -71.9882 1.75
      vertex -22.0757 -71.8937 1.75
    endloop
  endfacet
  facet normal -0.125407 0.992105 0
    outer loop
      vertex -22.8233 -71.9882 1.75
      vertex -22.0757 -71.8937 0
      vertex -22.8233 -71.9882 0
    endloop
  endfacet
  facet normal -1 0 0
    outer loop
      vertex -17.2 -66 0
      vertex -17.2 -38 1.75
      vertex -17.2 -38 0
    endloop
  endfacet
  facet normal -1 -0 0
    outer loop
      vertex -17.2 -38 1.75
      vertex -17.2 -66 0
      vertex -17.2 -66 1.75
    endloop
  endfacet
  facet normal 0.904792 0.425855 0
    outer loop
      vertex -28.4578 -68.8905 1.75
      vertex -28.7787 -68.2087 0
      vertex -28.7787 -68.2087 1.75
    endloop
  endfacet
  facet normal 0.904792 0.425855 0
    outer loop
      vertex -28.7787 -68.2087 0
      vertex -28.4578 -68.8905 1.75
      vertex -28.4578 -68.8905 0
    endloop
  endfacet
  facet normal 0.982283 -0.187405 0
    outer loop
      vertex -29.1527 -37.248 1.75
      vertex -29.0115 -36.5079 0
      vertex -29.0115 -36.5079 1.75
    endloop
  endfacet
  facet normal 0.982283 -0.187405 0
    outer loop
      vertex -29.0115 -36.5079 0
      vertex -29.1527 -37.248 1.75
      vertex -29.1527 -37.248 0
    endloop
  endfacet
  facet normal -0.368025 0.929816 0
    outer loop
      vertex -20.6453 -71.429 0
      vertex -21.3459 -71.7063 1.75
      vertex -20.6453 -71.429 1.75
    endloop
  endfacet
  facet normal -0.368025 0.929816 0
    outer loop
      vertex -21.3459 -71.7063 1.75
      vertex -20.6453 -71.429 0
      vertex -21.3459 -71.7063 0
    endloop
  endfacet
  facet normal -0.587848 0.808971 0
    outer loop
      vertex -19.3755 -70.6231 0
      vertex -19.985 -71.066 1.75
      vertex -19.3755 -70.6231 1.75
    endloop
  endfacet
  facet normal -0.587848 0.808971 0
    outer loop
      vertex -19.985 -71.066 1.75
      vertex -19.3755 -70.6231 0
      vertex -19.985 -71.066 0
    endloop
  endfacet
  facet normal 0.770522 0.637413 0
    outer loop
      vertex -27.5738 -70.1073 1.75
      vertex -28.0541 -69.5267 0
      vertex -28.0541 -69.5267 1.75
    endloop
  endfacet
  facet normal 0.770522 0.637413 0
    outer loop
      vertex -28.0541 -69.5267 0
      vertex -27.5738 -70.1073 1.75
      vertex -27.5738 -70.1073 0
    endloop
  endfacet
  facet normal -0.684528 0.728987 0
    outer loop
      vertex -18.8262 -70.1073 0
      vertex -19.3755 -70.6231 1.75
      vertex -18.8262 -70.1073 1.75
    endloop
  endfacet
  facet normal -0.684528 0.728987 0
    outer loop
      vertex -19.3755 -70.6231 1.75
      vertex -18.8262 -70.1073 0
      vertex -19.3755 -70.6231 0
    endloop
  endfacet
  facet normal 0.951071 0.308972 0
    outer loop
      vertex -28.7787 -68.2087 1.75
      vertex -29.0115 -67.4921 0
      vertex -29.0115 -67.4921 1.75
    endloop
  endfacet
  facet normal 0.951071 0.308972 0
    outer loop
      vertex -29.0115 -67.4921 0
      vertex -28.7787 -68.2087 1.75
      vertex -28.7787 -68.2087 0
    endloop
  endfacet
  facet normal -0.248714 -0.968577 0
    outer loop
      vertex -22.0757 -32.1063 0
      vertex -21.3459 -32.2937 1.75
      vertex -22.0757 -32.1063 1.75
    endloop
  endfacet
  facet normal -0.248714 -0.968577 -0
    outer loop
      vertex -21.3459 -32.2937 1.75
      vertex -22.0757 -32.1063 0
      vertex -21.3459 -32.2937 0
    endloop
  endfacet
  facet normal -0.904792 -0.425855 0
    outer loop
      vertex -17.6213 -35.7913 0
      vertex -17.9422 -35.1095 1.75
      vertex -17.9422 -35.1095 0
    endloop
  endfacet
  facet normal -0.904792 -0.425855 0
    outer loop
      vertex -17.9422 -35.1095 1.75
      vertex -17.6213 -35.7913 0
      vertex -17.6213 -35.7913 1.75
    endloop
  endfacet
  facet normal 0.844355 -0.535784 0
    outer loop
      vertex -28.4578 -35.1095 1.75
      vertex -28.0541 -34.4733 0
      vertex -28.0541 -34.4733 1.75
    endloop
  endfacet
  facet normal 0.844355 -0.535784 0
    outer loop
      vertex -28.0541 -34.4733 0
      vertex -28.4578 -35.1095 1.75
      vertex -28.4578 -35.1095 0
    endloop
  endfacet
  facet normal 0 -1 0
    outer loop
      vertex -23.5767 -32.0118 0
      vertex -22.8233 -32.0118 1.75
      vertex -23.5767 -32.0118 1.75
    endloop
  endfacet
  facet normal 0 -1 -0
    outer loop
      vertex -22.8233 -32.0118 1.75
      vertex -23.5767 -32.0118 0
      vertex -22.8233 -32.0118 0
    endloop
  endfacet
  facet normal -0.248714 0.968577 0
    outer loop
      vertex -21.3459 -71.7063 0
      vertex -22.0757 -71.8937 1.75
      vertex -21.3459 -71.7063 1.75
    endloop
  endfacet
  facet normal -0.248714 0.968577 0
    outer loop
      vertex -22.0757 -71.8937 1.75
      vertex -21.3459 -71.7063 0
      vertex -22.0757 -71.8937 0
    endloop
  endfacet
  facet normal -0.844355 -0.535784 0
    outer loop
      vertex -17.9422 -35.1095 0
      vertex -18.3459 -34.4733 1.75
      vertex -18.3459 -34.4733 0
    endloop
  endfacet
  facet normal -0.844355 -0.535784 0
    outer loop
      vertex -18.3459 -34.4733 1.75
      vertex -17.9422 -35.1095 0
      vertex -17.9422 -35.1095 1.75
    endloop
  endfacet
  facet normal -0.844355 0.535784 0
    outer loop
      vertex -18.3459 -69.5267 0
      vertex -17.9422 -68.8905 1.75
      vertex -17.9422 -68.8905 0
    endloop
  endfacet
  facet normal -0.844355 0.535784 0
    outer loop
      vertex -17.9422 -68.8905 1.75
      vertex -18.3459 -69.5267 0
      vertex -18.3459 -69.5267 1.75
    endloop
  endfacet
  facet normal 0.684528 0.728987 -0
    outer loop
      vertex -27.0245 -70.6231 0
      vertex -27.5738 -70.1073 1.75
      vertex -27.0245 -70.6231 1.75
    endloop
  endfacet
  facet normal 0.684528 0.728987 0
    outer loop
      vertex -27.5738 -70.1073 1.75
      vertex -27.0245 -70.6231 0
      vertex -27.5738 -70.1073 0
    endloop
  endfacet
  facet normal 0.982283 0.187405 0
    outer loop
      vertex -29.0115 -67.4921 1.75
      vertex -29.1527 -66.752 0
      vertex -29.1527 -66.752 1.75
    endloop
  endfacet
  facet normal 0.982283 0.187405 0
    outer loop
      vertex -29.1527 -66.752 0
      vertex -29.0115 -67.4921 1.75
      vertex -29.0115 -67.4921 0
    endloop
  endfacet
  facet normal -0.770522 0.637413 0
    outer loop
      vertex -18.8262 -70.1073 0
      vertex -18.3459 -69.5267 1.75
      vertex -18.3459 -69.5267 0
    endloop
  endfacet
  facet normal -0.770522 0.637413 0
    outer loop
      vertex -18.3459 -69.5267 1.75
      vertex -18.8262 -70.1073 0
      vertex -18.8262 -70.1073 1.75
    endloop
  endfacet
  facet normal 0.844355 0.535784 0
    outer loop
      vertex -28.0541 -69.5267 1.75
      vertex -28.4578 -68.8905 0
      vertex -28.4578 -68.8905 1.75
    endloop
  endfacet
  facet normal 0.844355 0.535784 0
    outer loop
      vertex -28.4578 -68.8905 0
      vertex -28.0541 -69.5267 1.75
      vertex -28.0541 -69.5267 0
    endloop
  endfacet
  facet normal 0.998028 -0.0627749 0
    outer loop
      vertex -29.2 -38 1.75
      vertex -29.1527 -37.248 0
      vertex -29.1527 -37.248 1.75
    endloop
  endfacet
  facet normal 0.998028 -0.0627749 0
    outer loop
      vertex -29.1527 -37.248 0
      vertex -29.2 -38 1.75
      vertex -29.2 -38 0
    endloop
  endfacet
  facet normal 1 -0 0
    outer loop
      vertex -29.2 -66 1.75
      vertex -29.2 -38 0
      vertex -29.2 -38 1.75
    endloop
  endfacet
  facet normal 1 0 0
    outer loop
      vertex -29.2 -38 0
      vertex -29.2 -66 1.75
      vertex -29.2 -66 0
    endloop
  endfacet
  facet normal 0.481751 -0.876308 0
    outer loop
      vertex -26.415 -32.934 0
      vertex -25.7547 -32.571 1.75
      vertex -26.415 -32.934 1.75
    endloop
  endfacet
  facet normal 0.481751 -0.876308 0
    outer loop
      vertex -25.7547 -32.571 1.75
      vertex -26.415 -32.934 0
      vertex -25.7547 -32.571 0
    endloop
  endfacet
  facet normal -0.982283 0.187405 0
    outer loop
      vertex -17.3885 -67.4921 0
      vertex -17.2473 -66.752 1.75
      vertex -17.2473 -66.752 0
    endloop
  endfacet
  facet normal -0.982283 0.187405 0
    outer loop
      vertex -17.2473 -66.752 1.75
      vertex -17.3885 -67.4921 0
      vertex -17.3885 -67.4921 1.75
    endloop
  endfacet
  facet normal 0.125407 -0.992105 0
    outer loop
      vertex -24.3243 -32.1063 0
      vertex -23.5767 -32.0118 1.75
      vertex -24.3243 -32.1063 1.75
    endloop
  endfacet
  facet normal 0.125407 -0.992105 0
    outer loop
      vertex -23.5767 -32.0118 1.75
      vertex -24.3243 -32.1063 0
      vertex -23.5767 -32.0118 0
    endloop
  endfacet
  facet normal -0.481751 -0.876308 0
    outer loop
      vertex -20.6453 -32.571 0
      vertex -19.985 -32.934 1.75
      vertex -20.6453 -32.571 1.75
    endloop
  endfacet
  facet normal -0.481751 -0.876308 -0
    outer loop
      vertex -19.985 -32.934 1.75
      vertex -20.6453 -32.571 0
      vertex -19.985 -32.934 0
    endloop
  endfacet
  facet normal -0.587848 -0.808971 0
    outer loop
      vertex -19.985 -32.934 0
      vertex -19.3755 -33.3769 1.75
      vertex -19.985 -32.934 1.75
    endloop
  endfacet
  facet normal -0.587848 -0.808971 -0
    outer loop
      vertex -19.3755 -33.3769 1.75
      vertex -19.985 -32.934 0
      vertex -19.3755 -33.3769 0
    endloop
  endfacet
  facet normal -0.982283 -0.187405 0
    outer loop
      vertex -17.2473 -37.248 0
      vertex -17.3885 -36.5079 1.75
      vertex -17.3885 -36.5079 0
    endloop
  endfacet
  facet normal -0.982283 -0.187405 0
    outer loop
      vertex -17.3885 -36.5079 1.75
      vertex -17.2473 -37.248 0
      vertex -17.2473 -37.248 1.75
    endloop
  endfacet
  facet normal -1 0 0
    outer loop
      vertex -4 79.2412 1.73091
      vertex -4 79.7822 2
      vertex -4 79.7822 0.5
    endloop
  endfacet
  facet normal -1 -0 0
    outer loop
      vertex -4 79.7822 2
      vertex -4 79.401 1.92443
      vertex -4 79.4489 2
    endloop
  endfacet
  facet normal -1 0 0
    outer loop
      vertex -4 79.7822 2
      vertex -4 79.2412 1.73091
      vertex -4 79.401 1.92443
    endloop
  endfacet
  facet normal -1 0 0
    outer loop
      vertex -4 79.7822 0.5
      vertex -4 79.0585 1.55897
      vertex -4 79.2412 1.73091
    endloop
  endfacet
  facet normal -1 0 0
    outer loop
      vertex -4 79.7822 0.5
      vertex -4 78.8557 1.41135
      vertex -4 79.0585 1.55897
    endloop
  endfacet
  facet normal -1 0 0
    outer loop
      vertex -4 79.7822 0.5
      vertex -4 78.6361 1.29035
      vertex -4 78.8557 1.41135
    endloop
  endfacet
  facet normal -1 0 0
    outer loop
      vertex -4 79.7822 0.5
      vertex -4 78.403 1.19789
      vertex -4 78.6361 1.29035
    endloop
  endfacet
  facet normal -1 0 0
    outer loop
      vertex -4 79.7822 0.5
      vertex -4 78.1602 1.13543
      vertex -4 78.403 1.19789
    endloop
  endfacet
  facet normal -1 0 0
    outer loop
      vertex -4 79.7822 0.5
      vertex -4 77.9115 1.10395
      vertex -4 78.1602 1.13543
    endloop
  endfacet
  facet normal -1 0 0
    outer loop
      vertex -4 79.7822 0.5
      vertex -4 -77.9115 1.10395
      vertex -4 77.9115 1.10395
    endloop
  endfacet
  facet normal -1 0 0
    outer loop
      vertex -4 -79.7822 0.5
      vertex -4 -77.9115 1.10395
      vertex -4 79.7822 0.5
    endloop
  endfacet
  facet normal -1 0 0
    outer loop
      vertex -4 -79.7822 0.5
      vertex -4 -78.1602 1.13543
      vertex -4 -77.9115 1.10395
    endloop
  endfacet
  facet normal -1 0 0
    outer loop
      vertex -4 -79.7822 0.5
      vertex -4 -78.403 1.19789
      vertex -4 -78.1602 1.13543
    endloop
  endfacet
  facet normal -1 0 0
    outer loop
      vertex -4 -79.7822 0.5
      vertex -4 -78.6361 1.29035
      vertex -4 -78.403 1.19789
    endloop
  endfacet
  facet normal -1 0 0
    outer loop
      vertex -4 -79.7822 0.5
      vertex -4 -78.8557 1.41135
      vertex -4 -78.6361 1.29035
    endloop
  endfacet
  facet normal -1 0 0
    outer loop
      vertex -4 -79.7822 0.5
      vertex -4 -79.0585 1.55897
      vertex -4 -78.8557 1.41135
    endloop
  endfacet
  facet normal -1 0 0
    outer loop
      vertex -4 -79.7822 0.5
      vertex -4 -79.2412 1.73091
      vertex -4 -79.0585 1.55897
    endloop
  endfacet
  facet normal -1 0 0
    outer loop
      vertex -4 -79.7822 2
      vertex -4 -79.2412 1.73091
      vertex -4 -79.7822 0.5
    endloop
  endfacet
  facet normal -1 0 0
    outer loop
      vertex -4 -79.2412 1.73091
      vertex -4 -79.7822 2
      vertex -4 -79.401 1.92443
    endloop
  endfacet
  facet normal -1 0 0
    outer loop
      vertex -4 -79.401 1.92443
      vertex -4 -79.7822 2
      vertex -4 -79.4489 2
    endloop
  endfacet
  facet normal -0 0 1
    outer loop
      vertex -6 79.7822 0.5
      vertex -4 -79.7822 0.5
      vertex -4 79.7822 0.5
    endloop
  endfacet
  facet normal 0 0 1
    outer loop
      vertex -4 -79.7822 0.5
      vertex -6 79.7822 0.5
      vertex -6 -79.7822 0.5
    endloop
  endfacet
  facet normal 1 0 0
    outer loop
      vertex -6 79.401 1.92443
      vertex -6 79.7822 2
      vertex -6 79.4489 2
    endloop
  endfacet
  facet normal 1 0 0
    outer loop
      vertex -6 79.2412 1.73091
      vertex -6 79.7822 2
      vertex -6 79.401 1.92443
    endloop
  endfacet
  facet normal 1 0 0
    outer loop
      vertex -6 79.7822 2
      vertex -6 79.2412 1.73091
      vertex -6 79.7822 0.5
    endloop
  endfacet
  facet normal 1 -0 0
    outer loop
      vertex -6 79.0585 1.55897
      vertex -6 79.7822 0.5
      vertex -6 79.2412 1.73091
    endloop
  endfacet
  facet normal 1 -0 0
    outer loop
      vertex -6 78.8557 1.41135
      vertex -6 79.7822 0.5
      vertex -6 79.0585 1.55897
    endloop
  endfacet
  facet normal 1 -0 0
    outer loop
      vertex -6 78.6361 1.29035
      vertex -6 79.7822 0.5
      vertex -6 78.8557 1.41135
    endloop
  endfacet
  facet normal 1 -0 0
    outer loop
      vertex -6 78.403 1.19789
      vertex -6 79.7822 0.5
      vertex -6 78.6361 1.29035
    endloop
  endfacet
  facet normal 1 -0 0
    outer loop
      vertex -6 78.1602 1.13543
      vertex -6 79.7822 0.5
      vertex -6 78.403 1.19789
    endloop
  endfacet
  facet normal 1 -0 0
    outer loop
      vertex -6 77.9115 1.10395
      vertex -6 79.7822 0.5
      vertex -6 78.1602 1.13543
    endloop
  endfacet
  facet normal 1 -0 0
    outer loop
      vertex -6 -77.9115 1.10395
      vertex -6 79.7822 0.5
      vertex -6 77.9115 1.10395
    endloop
  endfacet
  facet normal 1 -0 0
    outer loop
      vertex -6 -79.7822 2
      vertex -6 -79.401 1.92443
      vertex -6 -79.4489 2
    endloop
  endfacet
  facet normal 1 0 0
    outer loop
      vertex -6 -79.7822 2
      vertex -6 -79.2412 1.73091
      vertex -6 -79.401 1.92443
    endloop
  endfacet
  facet normal 1 0 0
    outer loop
      vertex -6 -79.7822 0.5
      vertex -6 -79.2412 1.73091
      vertex -6 -79.7822 2
    endloop
  endfacet
  facet normal 1 0 0
    outer loop
      vertex -6 -79.2412 1.73091
      vertex -6 -79.7822 0.5
      vertex -6 -79.0585 1.55897
    endloop
  endfacet
  facet normal 1 0 0
    outer loop
      vertex -6 -77.9115 1.10395
      vertex -6 -79.7822 0.5
      vertex -6 79.7822 0.5
    endloop
  endfacet
  facet normal 1 0 0
    outer loop
      vertex -6 -78.1602 1.13543
      vertex -6 -79.7822 0.5
      vertex -6 -77.9115 1.10395
    endloop
  endfacet
  facet normal 1 0 0
    outer loop
      vertex -6 -78.403 1.19789
      vertex -6 -79.7822 0.5
      vertex -6 -78.1602 1.13543
    endloop
  endfacet
  facet normal 1 0 0
    outer loop
      vertex -6 -78.6361 1.29035
      vertex -6 -79.7822 0.5
      vertex -6 -78.403 1.19789
    endloop
  endfacet
  facet normal 1 0 0
    outer loop
      vertex -6 -78.8557 1.41135
      vertex -6 -79.7822 0.5
      vertex -6 -78.6361 1.29035
    endloop
  endfacet
  facet normal 1 0 0
    outer loop
      vertex -6 -79.0585 1.55897
      vertex -6 -79.7822 0.5
      vertex -6 -78.8557 1.41135
    endloop
  endfacet
  facet normal -0.0736674 -0.101693 0.992084
    outer loop
      vertex 34.542 76.2904 1.10395
      vertex 34.7009 76.4824 1.13543
      vertex 34.5293 76.2996 1.10395
    endloop
  endfacet
  facet normal -0.248753 0 0.968567
    outer loop
      vertex 37.3748 70.8 1.13543
      vertex 37.618 -70.8 1.19789
      vertex 37.618 70.8 1.19789
    endloop
  endfacet
  facet normal -0.248753 0 0.968567
    outer loop
      vertex 37.618 -70.8 1.19789
      vertex 37.3748 70.8 1.13543
      vertex 37.3748 -70.8 1.13543
    endloop
  endfacet
  facet normal 0.0157396 -0.124583 0.992084
    outer loop
      vertex -30.4474 77.9115 1.10395
      vertex -30.4631 78.1602 1.13543
      vertex -30.5098 78.1543 1.13543
    endloop
  endfacet
  facet normal -0.843042 -0.0530445 0.535226
    outer loop
      vertex 38.5501 71.8801 1.92443
      vertex 38.6529 71.0088 2
      vertex 38.5977 71.8861 2
    endloop
  endfacet
  facet normal -0.843042 -0.0530445 0.535226
    outer loop
      vertex 38.6529 71.0088 2
      vertex 38.5501 71.8801 1.92443
      vertex 38.6053 71.0028 1.92443
    endloop
  endfacet
  facet normal -0.23696 -0.0770602 0.968458
    outer loop
      vertex 37.3787 72.6945 1.19789
      vertex 37.3547 72.7683 1.19789
      vertex 37.1431 72.634 1.13543
    endloop
  endfacet
  facet normal -0.11358 -0.0535906 0.992082
    outer loop
      vertex 36.8569 73.5148 1.13543
      vertex 36.8368 73.5574 1.13543
      vertex 36.6252 73.4231 1.10395
    endloop
  endfacet
  facet normal -0.113722 -0.0532823 0.992083
    outer loop
      vertex 36.2509 74.2185 1.10395
      vertex 36.4626 74.3528 1.13543
      vertex 36.2442 74.2328 1.10395
    endloop
  endfacet
  facet normal -0.368114 0.0234599 0.929485
    outer loop
      vertex 37.8448 -70.9067 1.29035
      vertex 37.8516 -70.8 1.29035
      vertex 37.6132 -70.8775 1.19789
    endloop
  endfacet
  facet normal -0.333592 0.156982 0.929555
    outer loop
      vertex 36.6757 -74.47 1.19789
      vertex 37.2547 -73.7871 1.29035
      vertex 37.05 -73.6746 1.19789
    endloop
  endfacet
  facet normal -0.333592 0.156982 0.929555
    outer loop
      vertex 37.2547 -73.7871 1.29035
      vertex 36.6757 -74.47 1.19789
      vertex 36.8804 -74.5825 1.29035
    endloop
  endfacet
  facet normal 0.35066 0.114036 0.929534
    outer loop
      vertex -37.3547 -72.7683 1.19789
      vertex -37.3787 -72.6945 1.19789
      vertex -37.6049 -72.7526 1.29035
    endloop
  endfacet
  facet normal -0.712928 0.452684 0.535547
    outer loop
      vertex 37.552 -74.9518 1.92443
      vertex 37.524 -75.0853 2
      vertex 37.5941 -74.9749 2
    endloop
  endfacet
  facet normal -0.713328 0.452537 0.535139
    outer loop
      vertex 37.524 -75.0853 2
      vertex 37.552 -74.9518 1.92443
      vertex 37.4432 -75.1233 1.92443
    endloop
  endfacet
  facet normal -0.620018 -0.292025 0.728216
    outer loop
      vertex 37.6938 73.8462 1.55897
      vertex 37.864 73.9136 1.73091
      vertex 37.6256 73.991 1.55897
    endloop
  endfacet
  facet normal 0.0312285 0.247182 0.968466
    outer loop
      vertex -30.4783 -78.403 1.19789
      vertex -30.4631 -78.1602 1.13543
      vertex -30.5098 -78.1543 1.13543
    endloop
  endfacet
  facet normal -0.620012 0.291766 0.728325
    outer loop
      vertex 37.6256 -73.991 1.55897
      vertex 37.4897 -74.709 1.73091
      vertex 37.864 -73.9136 1.73091
    endloop
  endfacet
  facet normal -0.620012 0.291766 0.728325
    outer loop
      vertex 37.4897 -74.709 1.73091
      vertex 37.6256 -73.991 1.55897
      vertex 37.2513 -74.7864 1.55897
    endloop
  endfacet
  facet normal -0.673214 0.128406 0.728213
    outer loop
      vertex 38.2096 -71.8371 1.55897
      vertex 38.2265 -72.7236 1.73091
      vertex 38.3912 -71.8601 1.73091
    endloop
  endfacet
  facet normal -0.673214 0.128406 0.728213
    outer loop
      vertex 38.2265 -72.7236 1.73091
      vertex 38.2096 -71.8371 1.55897
      vertex 38.0449 -72.7006 1.55897
    endloop
  endfacet
  facet normal -0.0604567 0.478691 0.875899
    outer loop
      vertex 30.6403 -78.8389 1.41135
      vertex 30.5991 -78.6227 1.29035
      vertex 30.493 -78.6361 1.29035
    endloop
  endfacet
  facet normal -0.284131 -0.235192 0.929491
    outer loop
      vertex 36.1631 75.2778 1.19789
      vertex 36.352 75.415 1.29035
      vertex 36.1136 75.3376 1.19789
    endloop
  endfacet
  facet normal -0.119454 -0.0387491 0.992083
    outer loop
      vertex 36.8714 73.4701 1.13543
      vertex 36.8569 73.5148 1.13543
      vertex 36.6252 73.4231 1.10395
    endloop
  endfacet
  facet normal -0.453456 -0.375186 0.808463
    outer loop
      vertex 36.6945 75.6638 1.55897
      vertex 36.5924 75.7872 1.55897
      vertex 36.5301 75.5444 1.41135
    endloop
  endfacet
  facet normal -0.402837 0.429081 0.808463
    outer loop
      vertex 35.3913 -77.0663 1.55897
      vertex 35.2432 -76.9272 1.41135
      vertex 35.1451 -77.0193 1.41135
    endloop
  endfacet
  facet normal 0.436644 -0.205453 0.87586
    outer loop
      vertex -37.3002 73.6904 1.29035
      vertex -37.2547 73.7871 1.29035
      vertex -37.5048 73.7714 1.41135
    endloop
  endfacet
  facet normal -0.587542 -0.0367673 0.808358
    outer loop
      vertex 38.2748 70.8 1.55897
      vertex 38.2648 70.9598 1.55897
      vertex 38.0717 70.8 1.41135
    endloop
  endfacet
  facet normal -0.532314 -0.250717 0.808569
    outer loop
      vertex 37.6938 73.8462 1.55897
      vertex 37.6256 73.991 1.55897
      vertex 37.5048 73.7714 1.41135
    endloop
  endfacet
  facet normal -0.236917 -0.0769604 0.968477
    outer loop
      vertex 36.8714 73.4701 1.13543
      vertex 37.3547 72.7683 1.19789
      vertex 37.0831 73.6044 1.19789
    endloop
  endfacet
  facet normal -0.236989 -0.0770123 0.968455
    outer loop
      vertex 37.3547 72.7683 1.19789
      vertex 36.8714 73.4701 1.13543
      vertex 37.1431 72.634 1.13543
    endloop
  endfacet
  facet normal -0.559686 -0.181898 0.808496
    outer loop
      vertex 37.8181 72.8073 1.41135
      vertex 38.0149 72.8579 1.55897
      vertex 37.7765 72.9353 1.41135
    endloop
  endfacet
  facet normal 0.0737695 0.583864 0.808493
    outer loop
      vertex -31.5125 -78.7287 1.41135
      vertex -30.6784 -79.0385 1.55897
      vertex -30.6403 -78.8389 1.41135
    endloop
  endfacet
  facet normal 0.0737695 0.583864 0.808493
    outer loop
      vertex -30.6784 -79.0385 1.55897
      vertex -31.5125 -78.7287 1.41135
      vertex -31.5506 -78.9283 1.55897
    endloop
  endfacet
  facet normal -0.770501 0 0.637439
    outer loop
      vertex 38.4579 -70.8 1.73091
      vertex 38.618 70.8 1.92443
      vertex 38.4579 70.8 1.73091
    endloop
  endfacet
  facet normal -0.770501 0 0.637439
    outer loop
      vertex 38.618 70.8 1.92443
      vertex 38.4579 -70.8 1.73091
      vertex 38.618 -70.8 1.92443
    endloop
  endfacet
  facet normal -0.244696 -0.0466088 0.968479
    outer loop
      vertex 37.3166 71.7243 1.13543
      vertex 37.558 71.7548 1.19789
      vertex 37.3078 71.7705 1.13543
    endloop
  endfacet
  facet normal 0.402837 0.429081 0.808463
    outer loop
      vertex -35.1451 -77.0193 1.41135
      vertex -35.2432 -76.9272 1.41135
      vertex -35.3913 -77.0663 1.55897
    endloop
  endfacet
  facet normal 0.0734773 0.583882 0.808507
    outer loop
      vertex -30.5196 -79.0585 1.55897
      vertex -30.5068 -78.8557 1.41135
      vertex -30.6403 -78.8389 1.41135
    endloop
  endfacet
  facet normal 0.362161 -0.0690769 0.929553
    outer loop
      vertex -37.7696 71.8891 1.29035
      vertex -37.3932 72.6183 1.19789
      vertex -37.6049 72.7526 1.29035
    endloop
  endfacet
  facet normal 0.362271 -0.0691399 0.929505
    outer loop
      vertex -37.3932 72.6183 1.19789
      vertex -37.7696 71.8891 1.29035
      vertex -37.558 71.7548 1.19789
    endloop
  endfacet
  facet normal 0.113722 -0.0532823 0.992083
    outer loop
      vertex -36.2509 74.2185 1.10395
      vertex -36.2442 74.2328 1.10395
      vertex -36.4626 74.3528 1.13543
    endloop
  endfacet
  facet normal -0.236972 -0.0768702 0.968471
    outer loop
      vertex 36.8714 73.4701 1.13543
      vertex 37.0831 73.6044 1.19789
      vertex 36.8569 73.5148 1.13543
    endloop
  endfacet
  facet normal -0.191929 -0.158871 0.968464
    outer loop
      vertex 36.1631 75.2778 1.19789
      vertex 36.1136 75.3376 1.19789
      vertex 35.9663 75.1348 1.13543
    endloop
  endfacet
  facet normal 0.0736674 -0.101693 0.992084
    outer loop
      vertex -34.542 76.2904 1.10395
      vertex -34.5293 76.2996 1.10395
      vertex -34.7009 76.4824 1.13543
    endloop
  endfacet
  facet normal 0.330028 -0.600562 0.72829
    outer loop
      vertex -33.5233 78.2873 1.55897
      vertex -33.6012 78.453 1.73091
      vertex -33.7617 78.3648 1.73091
    endloop
  endfacet
  facet normal 0.252302 -0.268932 0.929526
    outer loop
      vertex -35.5533 76.0149 1.19789
      vertex -35.4967 76.068 1.19789
      vertex -35.7235 76.1748 1.29035
    endloop
  endfacet
  facet normal 0.0312092 0.121636 0.992084
    outer loop
      vertex -32.2333 -77.8255 1.13543
      vertex -32.2019 -77.5768 1.10395
      vertex -32.2789 -77.8138 1.13543
    endloop
  endfacet
  facet normal 0.248753 0 0.968567
    outer loop
      vertex -37.618 70.8 1.19789
      vertex -37.3748 -70.8 1.13543
      vertex -37.3748 70.8 1.13543
    endloop
  endfacet
  facet normal 0.248753 0 0.968567
    outer loop
      vertex -37.3748 -70.8 1.13543
      vertex -37.618 70.8 1.19789
      vertex -37.618 -70.8 1.19789
    endloop
  endfacet
  facet normal 0.803143 -0.261614 0.535275
    outer loop
      vertex -38.0128 73.9725 1.92443
      vertex -38.0574 73.9902 2
      vertex -38.0817 73.9156 2
    endloop
  endfacet
  facet normal 0.76948 -0.0484159 0.636834
    outer loop
      vertex -38.6053 71.0028 1.92443
      vertex -38.4027 71.6773 1.73091
      vertex -38.5501 71.8801 1.92443
    endloop
  endfacet
  facet normal 0.76948 -0.0484159 0.636834
    outer loop
      vertex -38.4027 71.6773 1.73091
      vertex -38.6053 71.0028 1.92443
      vertex -38.4579 70.8 1.73091
    endloop
  endfacet
  facet normal -0.106022 -0.0672817 0.992085
    outer loop
      vertex 35.7647 74.9883 1.10395
      vertex 36.4373 74.3926 1.13543
      vertex 35.9663 75.1348 1.13543
    endloop
  endfacet
  facet normal -0.106022 -0.0672817 0.992085
    outer loop
      vertex 36.4373 74.3926 1.13543
      vertex 35.7647 74.9883 1.10395
      vertex 36.2357 74.2461 1.10395
    endloop
  endfacet
  facet normal -0.248649 -0.0156451 0.968467
    outer loop
      vertex 37.3196 71.6773 1.13543
      vertex 37.6132 70.8775 1.19789
      vertex 37.558 71.7548 1.19789
    endloop
  endfacet
  facet normal -0.248649 -0.0156451 0.968467
    outer loop
      vertex 37.6132 70.8775 1.19789
      vertex 37.3196 71.6773 1.13543
      vertex 37.3748 70.8 1.13543
    endloop
  endfacet
  facet normal -0.453374 -0.623948 0.636507
    outer loop
      vertex 34.7822 77.957 1.92443
      vertex 35.3913 77.317 1.73091
      vertex 35.4933 77.4403 1.92443
    endloop
  endfacet
  facet normal -0.453265 -0.623886 0.636645
    outer loop
      vertex 35.3913 77.317 1.73091
      vertex 34.7822 77.957 1.92443
      vertex 34.6801 77.8337 1.73091
    endloop
  endfacet
  facet normal 0.453204 0.624009 0.636568
    outer loop
      vertex -34.6178 -78.0764 1.92443
      vertex -34.532 -77.9413 1.73091
      vertex -34.7822 -77.957 1.92443
    endloop
  endfacet
  facet normal 0.52783 0.56236 0.636511
    outer loop
      vertex -35.4933 -77.4403 1.92443
      vertex -35.3913 -77.317 1.73091
      vertex -35.6415 -77.3012 1.92443
    endloop
  endfacet
  facet normal -0.350659 0.113964 0.929543
    outer loop
      vertex 37.3547 -72.7683 1.19789
      vertex 37.3332 -73.5886 1.29035
      vertex 37.6049 -72.7526 1.29035
    endloop
  endfacet
  facet normal -0.350822 0.113961 0.929482
    outer loop
      vertex 37.3332 -73.5886 1.29035
      vertex 37.3547 -72.7683 1.19789
      vertex 37.0831 -73.6044 1.19789
    endloop
  endfacet
  facet normal -0.407322 0.258467 0.875947
    outer loop
      vertex 36.5301 -75.5444 1.41135
      vertex 36.4093 -75.3247 1.29035
      vertex 36.352 -75.415 1.29035
    endloop
  endfacet
  facet normal -0.36793 0.0227879 0.929574
    outer loop
      vertex 37.8516 -70.8 1.29035
      vertex 37.618 -70.8 1.19789
      vertex 37.6132 -70.8775 1.19789
    endloop
  endfacet
  facet normal -0.350818 0.113723 0.929513
    outer loop
      vertex 37.3002 -73.6904 1.29035
      vertex 37.3332 -73.5886 1.29035
      vertex 37.0831 -73.6044 1.19789
    endloop
  endfacet
  facet normal -0.527935 0.436808 0.728343
    outer loop
      vertex 36.8426 -75.7715 1.73091
      vertex 36.6945 -75.6638 1.55897
      vertex 36.5924 -75.7872 1.55897
    endloop
  endfacet
  facet normal -0.713324 0.452562 0.535123
    outer loop
      vertex 37.482 -75.1515 2
      vertex 37.524 -75.0853 2
      vertex 37.4432 -75.1233 1.92443
    endloop
  endfacet
  facet normal -0.283934 0.717048 0.636572
    outer loop
      vertex 32.6631 -78.9962 1.92443
      vertex 32.852 -78.9214 1.92443
      vertex 32.6136 -78.844 1.73091
    endloop
  endfacet
  facet normal -0.453456 0.375186 0.808463
    outer loop
      vertex 36.5924 -75.7872 1.55897
      vertex 36.6945 -75.6638 1.55897
      vertex 36.5301 -75.5444 1.41135
    endloop
  endfacet
  facet normal -0.210413 0.133433 0.968464
    outer loop
      vertex 36.1631 -75.2778 1.19789
      vertex 36.2047 -75.2122 1.19789
      vertex 35.9663 -75.1348 1.13543
    endloop
  endfacet
  facet normal -0.031781 0.121562 0.992075
    outer loop
      vertex 31.3819 -78.0441 1.13543
      vertex 31.3505 -77.7954 1.10395
      vertex 31.3352 -77.7994 1.10395
    endloop
  endfacet
  facet normal 0.310903 0.785326 0.535353
    outer loop
      vertex -32.7995 -78.9937 2
      vertex -32.852 -78.9214 1.92443
      vertex -32.8725 -78.9648 2
    endloop
  endfacet
  facet normal 0.177618 0.448601 0.875905
    outer loop
      vertex -33.2436 -77.9437 1.29035
      vertex -32.6194 -78.4271 1.41135
      vertex -32.4263 -78.2673 1.29035
    endloop
  endfacet
  facet normal 0.177715 0.448708 0.87583
    outer loop
      vertex -32.6194 -78.4271 1.41135
      vertex -33.2436 -77.9437 1.29035
      vertex -33.4367 -78.1034 1.41135
    endloop
  endfacet
  facet normal -0.594234 0.491583 0.636579
    outer loop
      vertex 36.2823 -76.4488 1.73091
      vertex 36.8426 -76.0221 1.92443
      vertex 36.8426 -75.7715 1.73091
    endloop
  endfacet
  facet normal -0.594234 0.491583 0.636579
    outer loop
      vertex 36.8426 -76.0221 1.92443
      vertex 36.2823 -76.4488 1.73091
      vertex 36.2823 -76.6994 1.92443
    endloop
  endfacet
  facet normal -0.0915069 0.231676 0.96848
    outer loop
      vertex 32.3541 -78.0452 1.19789
      vertex 32.3227 -77.7965 1.13543
      vertex 32.2789 -77.8138 1.13543
    endloop
  endfacet
  facet normal 0.216751 0.547267 0.808404
    outer loop
      vertex -33.4367 -78.1034 1.41135
      vertex -32.7059 -78.6109 1.55897
      vertex -32.6194 -78.4271 1.41135
    endloop
  endfacet
  facet normal 0.216581 0.547074 0.808581
    outer loop
      vertex -32.7059 -78.6109 1.55897
      vertex -33.4367 -78.1034 1.41135
      vertex -33.5233 -78.2873 1.55897
    endloop
  endfacet
  facet normal -0.119454 0.0387491 0.992083
    outer loop
      vertex 36.8569 -73.5148 1.13543
      vertex 36.8714 -73.4701 1.13543
      vertex 36.6252 -73.4231 1.10395
    endloop
  endfacet
  facet normal -0.105786 -0.0676075 0.992088
    outer loop
      vertex 36.2442 74.2328 1.10395
      vertex 36.4373 74.3926 1.13543
      vertex 36.2357 74.2461 1.10395
    endloop
  endfacet
  facet normal -0.333565 -0.157279 0.929515
    outer loop
      vertex 37.0831 73.6044 1.19789
      vertex 37.3002 73.6904 1.29035
      vertex 37.05 73.6746 1.19789
    endloop
  endfacet
  facet normal -0.191761 -0.746868 0.636722
    outer loop
      vertex 31.7622 79.0626 1.73091
      vertex 32.4663 79.0468 1.92443
      vertex 31.6149 79.2654 1.92443
    endloop
  endfacet
  facet normal -0.191761 -0.746868 0.636722
    outer loop
      vertex 32.4663 79.0468 1.92443
      vertex 31.7622 79.0626 1.73091
      vertex 32.6136 78.844 1.73091
    endloop
  endfacet
  facet normal 0.407307 -0.258477 0.875951
    outer loop
      vertex -37.0011 74.8022 1.41135
      vertex -36.4093 75.3247 1.29035
      vertex -36.5301 75.5444 1.41135
    endloop
  endfacet
  facet normal 0.407386 -0.258582 0.875884
    outer loop
      vertex -36.4093 75.3247 1.29035
      vertex -37.0011 74.8022 1.41135
      vertex -36.8804 74.5825 1.29035
    endloop
  endfacet
  facet normal -0.125324 0.00799942 0.992084
    outer loop
      vertex 37.3166 -71.7243 1.13543
      vertex 37.3196 -71.6773 1.13543
      vertex 37.0704 -71.6773 1.10395
    endloop
  endfacet
  facet normal 0.0602545 -0.478808 0.875849
    outer loop
      vertex -30.493 78.6361 1.29035
      vertex -30.5068 78.8557 1.41135
      vertex -30.6403 78.8389 1.41135
    endloop
  endfacet
  facet normal 0.36793 -0.0227879 0.929574
    outer loop
      vertex -37.618 70.8 1.19789
      vertex -37.6132 70.8775 1.19789
      vertex -37.8516 70.8 1.29035
    endloop
  endfacet
  facet normal -0.368148 0.023164 0.929478
    outer loop
      vertex 37.558 -71.7548 1.19789
      vertex 37.8448 -70.9067 1.29035
      vertex 37.6132 -70.8775 1.19789
    endloop
  endfacet
  facet normal -0.36814 0.0231609 0.929482
    outer loop
      vertex 37.8448 -70.9067 1.29035
      vertex 37.558 -71.7548 1.19789
      vertex 37.7896 -71.7841 1.29035
    endloop
  endfacet
  facet normal 0.244696 -0.0466088 0.968479
    outer loop
      vertex -37.3166 71.7243 1.13543
      vertex -37.3078 71.7705 1.13543
      vertex -37.558 71.7548 1.19789
    endloop
  endfacet
  facet normal -0.47395 0.0903991 0.875899
    outer loop
      vertex 37.7696 -71.8891 1.29035
      vertex 37.8433 -72.6751 1.41135
      vertex 38.008 -71.8116 1.41135
    endloop
  endfacet
  facet normal -0.47395 0.0903991 0.875899
    outer loop
      vertex 37.8433 -72.6751 1.41135
      vertex 37.7696 -71.8891 1.29035
      vertex 37.6049 -72.7526 1.29035
    endloop
  endfacet
  facet normal -0.248723 -0.0154048 0.968452
    outer loop
      vertex 37.618 70.8 1.19789
      vertex 37.6132 70.8775 1.19789
      vertex 37.3748 70.8 1.13543
    endloop
  endfacet
  facet normal -0.481751 0 0.876308
    outer loop
      vertex 37.8516 70.8 1.29035
      vertex 38.0717 -70.8 1.41135
      vertex 38.0717 70.8 1.41135
    endloop
  endfacet
  facet normal -0.481751 0 0.876308
    outer loop
      vertex 38.0717 -70.8 1.41135
      vertex 37.8516 70.8 1.29035
      vertex 37.8516 -70.8 1.29035
    endloop
  endfacet
  facet normal -0.673233 0.128398 0.728197
    outer loop
      vertex 38.1922 -72.9034 1.73091
      vertex 38.0449 -72.7006 1.55897
      vertex 38.0149 -72.8579 1.55897
    endloop
  endfacet
  facet normal -0.803076 -0.261 0.535676
    outer loop
      vertex 38.2845 73.1365 1.92443
      vertex 38.0817 73.9156 2
      vertex 38.0128 73.9725 1.92443
    endloop
  endfacet
  facet normal -0.803667 -0.261064 0.534757
    outer loop
      vertex 38.0817 73.9156 2
      vertex 38.2845 73.1365 1.92443
      vertex 38.3533 73.0795 2
    endloop
  endfacet
  facet normal -0.436639 -0.205583 0.875832
    outer loop
      vertex 37.1305 74.5668 1.41135
      vertex 37.0732 74.6885 1.41135
      vertex 36.8804 74.5825 1.29035
    endloop
  endfacet
  facet normal -0.559686 -0.181898 0.808496
    outer loop
      vertex 37.7432 73.6939 1.55897
      vertex 37.7765 72.9353 1.41135
      vertex 38.0149 72.8579 1.55897
    endloop
  endfacet
  facet normal -0.559738 -0.181893 0.80846
    outer loop
      vertex 37.7765 72.9353 1.41135
      vertex 37.7432 73.6939 1.55897
      vertex 37.5048 73.7714 1.41135
    endloop
  endfacet
  facet normal -0.210323 -0.133698 0.968447
    outer loop
      vertex 36.4626 74.3528 1.13543
      vertex 36.6757 74.47 1.19789
      vertex 36.4373 74.3926 1.13543
    endloop
  endfacet
  facet normal -0.733223 -0.238371 0.636838
    outer loop
      vertex 38.1922 72.9034 1.73091
      vertex 38.2845 73.1365 1.92443
      vertex 38.1356 73.0775 1.73091
    endloop
  endfacet
  facet normal -0.177818 0.448607 0.875861
    outer loop
      vertex 33.4367 -78.1034 1.41135
      vertex 33.343 -77.9043 1.29035
      vertex 33.2436 -77.9437 1.29035
    endloop
  endfacet
  facet normal -0.0916906 0.357157 0.929533
    outer loop
      vertex 32.3541 -78.0452 1.19789
      vertex 31.5748 -78.4859 1.29035
      vertex 32.4263 -78.2673 1.29035
    endloop
  endfacet
  facet normal -0.091709 0.357187 0.92952
    outer loop
      vertex 31.5748 -78.4859 1.29035
      vertex 32.3541 -78.0452 1.19789
      vertex 31.5027 -78.2638 1.19789
    endloop
  endfacet
  facet normal 0.105876 0.837969 0.535349
    outer loop
      vertex -30.5411 -79.401 1.92443
      vertex -30.6739 -79.4325 2
      vertex -30.5441 -79.4489 2
    endloop
  endfacet
  facet normal 0.10561 0.83823 0.534992
    outer loop
      vertex -30.6739 -79.4325 2
      vertex -30.5411 -79.401 1.92443
      vertex -30.7427 -79.3756 1.92443
    endloop
  endfacet
  facet normal -0.105982 -0.0673702 0.992083
    outer loop
      vertex 36.4626 74.3528 1.13543
      vertex 36.4373 74.3926 1.13543
      vertex 36.2442 74.2328 1.10395
    endloop
  endfacet
  facet normal -0.119411 -0.038804 0.992086
    outer loop
      vertex 36.8714 73.4701 1.13543
      vertex 36.8968 72.5871 1.10395
      vertex 37.1431 72.634 1.13543
    endloop
  endfacet
  facet normal -0.119443 -0.0388048 0.992082
    outer loop
      vertex 36.8968 72.5871 1.10395
      vertex 36.8714 73.4701 1.13543
      vertex 36.6252 73.4231 1.10395
    endloop
  endfacet
  facet normal -0.2447 0.0467014 0.968473
    outer loop
      vertex 37.3078 -71.7705 1.13543
      vertex 37.3932 -72.6183 1.19789
      vertex 37.558 -71.7548 1.19789
    endloop
  endfacet
  facet normal -0.244792 0.0466905 0.968451
    outer loop
      vertex 37.3932 -72.6183 1.19789
      vertex 37.3078 -71.7705 1.13543
      vertex 37.1431 -72.634 1.13543
    endloop
  endfacet
  facet normal -0.225293 0.1063 0.968475
    outer loop
      vertex 37.05 -73.6746 1.19789
      vertex 36.8569 -73.5148 1.13543
      vertex 36.8368 -73.5574 1.13543
    endloop
  endfacet
  facet normal -0.248723 0.0154048 0.968452
    outer loop
      vertex 37.6132 -70.8775 1.19789
      vertex 37.618 -70.8 1.19789
      vertex 37.3748 -70.8 1.13543
    endloop
  endfacet
  facet normal -0.620018 0.292025 0.728216
    outer loop
      vertex 37.864 -73.9136 1.73091
      vertex 37.6938 -73.8462 1.55897
      vertex 37.6256 -73.991 1.55897
    endloop
  endfacet
  facet normal -0.436639 0.205583 0.875832
    outer loop
      vertex 37.0732 -74.6885 1.41135
      vertex 37.1305 -74.5668 1.41135
      vertex 36.8804 -74.5825 1.29035
    endloop
  endfacet
  facet normal -0.496325 0.683382 0.535397
    outer loop
      vertex 34.6178 -78.0764 1.92443
      vertex 34.7493 -78.0401 2
      vertex 34.7822 -77.957 1.92443
    endloop
  endfacet
  facet normal -0.496249 0.683635 0.535144
    outer loop
      vertex 34.7493 -78.0401 2
      vertex 34.6178 -78.0764 1.92443
      vertex 34.6435 -78.1169 2
    endloop
  endfacet
  facet normal -0.11358 0.0535906 0.992082
    outer loop
      vertex 36.8368 -73.5574 1.13543
      vertex 36.8569 -73.5148 1.13543
      vertex 36.6252 -73.4231 1.10395
    endloop
  endfacet
  facet normal -0.578686 0.3672 0.728208
    outer loop
      vertex 37.3136 -75.0292 1.73091
      vertex 37.4117 -74.8746 1.73091
      vertex 37.2513 -74.7864 1.55897
    endloop
  endfacet
  facet normal -0.651429 0.538333 0.534638
    outer loop
      vertex 36.9721 -75.8656 1.92443
      vertex 36.9276 -75.9945 2
      vertex 37.0109 -75.8937 2
    endloop
  endfacet
  facet normal -0.65076 0.538488 0.535296
    outer loop
      vertex 36.9276 -75.9945 2
      vertex 36.9721 -75.8656 1.92443
      vertex 36.8426 -76.0221 1.92443
    endloop
  endfacet
  facet normal -0.177627 0.323177 0.929519
    outer loop
      vertex 33.343 -77.9043 1.29035
      vertex 33.4367 -77.8528 1.29035
      vertex 33.2436 -77.693 1.19789
    endloop
  endfacet
  facet normal -0.125324 -0.00799942 0.992084
    outer loop
      vertex 37.3196 71.6773 1.13543
      vertex 37.3166 71.7243 1.13543
      vertex 37.0704 71.6773 1.10395
    endloop
  endfacet
  facet normal -0.119374 -0.0389956 0.992083
    outer loop
      vertex 36.9017 72.5721 1.10395
      vertex 37.1431 72.634 1.13543
      vertex 36.8968 72.5871 1.10395
    endloop
  endfacet
  facet normal 0.191991 0.158825 0.96846
    outer loop
      vertex -36.1136 -75.3376 1.19789
      vertex -35.406 -75.8121 1.13543
      vertex -35.9663 -75.1348 1.13543
    endloop
  endfacet
  facet normal 0.191991 0.158825 0.96846
    outer loop
      vertex -35.406 -75.8121 1.13543
      vertex -36.1136 -75.3376 1.19789
      vertex -35.5533 -76.0149 1.19789
    endloop
  endfacet
  facet normal -0.0157432 -0.124588 0.992084
    outer loop
      vertex 30.5098 78.1543 1.13543
      vertex 31.3196 77.8013 1.10395
      vertex 31.3819 78.0441 1.13543
    endloop
  endfacet
  facet normal -0.0157406 -0.124582 0.992084
    outer loop
      vertex 31.3196 77.8013 1.10395
      vertex 30.5098 78.1543 1.13543
      vertex 30.4474 77.9115 1.10395
    endloop
  endfacet
  facet normal 0.252188 0.637107 0.728351
    outer loop
      vertex -32.6136 -78.844 1.73091
      vertex -32.5571 -78.6698 1.55897
      vertex -32.7059 -78.6109 1.55897
    endloop
  endfacet
  facet normal 0.406922 0.740274 0.535172
    outer loop
      vertex -34.6178 -78.0764 1.92443
      vertex -34.5289 -78.1799 2
      vertex -34.4397 -78.1743 1.92443
    endloop
  endfacet
  facet normal 0.40696 0.740279 0.535135
    outer loop
      vertex -34.5289 -78.1799 2
      vertex -34.6178 -78.0764 1.92443
      vertex -34.6435 -78.1169 2
    endloop
  endfacet
  facet normal 0.587318 0.037172 0.808502
    outer loop
      vertex -38.008 -71.8116 1.41135
      vertex -38.0165 -71.6773 1.41135
      vertex -38.2096 -71.8371 1.55897
    endloop
  endfacet
  facet normal -0.402878 0.428977 0.808498
    outer loop
      vertex 35.2746 -77.1759 1.55897
      vertex 35.3913 -77.0663 1.55897
      vertex 35.1451 -77.0193 1.41135
    endloop
  endfacet
  facet normal -0.170365 -0.66386 0.728193
    outer loop
      vertex 31.7622 79.0626 1.73091
      vertex 31.5849 79.1081 1.73091
      vertex 31.5506 78.9283 1.55897
    endloop
  endfacet
  facet normal -0.651092 -0.538619 0.53476
    outer loop
      vertex 36.8426 76.0221 1.92443
      vertex 36.3672 76.6718 2
      vertex 36.2823 76.6994 1.92443
    endloop
  endfacet
  facet normal -0.650771 -0.538449 0.535322
    outer loop
      vertex 36.3672 76.6718 2
      vertex 36.8426 76.0221 1.92443
      vertex 36.9276 75.9945 2
    endloop
  endfacet
  facet normal -0.123349 0.0234951 0.992085
    outer loop
      vertex 37.3078 -71.7705 1.13543
      vertex 37.3166 -71.7243 1.13543
      vertex 37.0664 -71.7086 1.10395
    endloop
  endfacet
  facet normal -0.216746 -0.298335 0.929525
    outer loop
      vertex 34.2936 77.3664 1.29035
      vertex 34.8559 76.6698 1.19789
      vertex 35.0048 76.8497 1.29035
    endloop
  endfacet
  facet normal -0.216746 -0.298335 0.929525
    outer loop
      vertex 34.8559 76.6698 1.19789
      vertex 34.2936 77.3664 1.29035
      vertex 34.1447 77.1865 1.19789
    endloop
  endfacet
  facet normal -0.146403 -0.201625 0.968459
    outer loop
      vertex 34.1447 77.1865 1.19789
      vertex 34.0819 77.2321 1.19789
      vertex 33.9516 77.0267 1.13543
    endloop
  endfacet
  facet normal -0.120009 0.218343 0.968465
    outer loop
      vertex 33.2436 -77.693 1.19789
      vertex 33.1813 -77.4502 1.13543
      vertex 33.14 -77.4729 1.13543
    endloop
  endfacet
  facet normal 0.829769 0.158205 0.535215
    outer loop
      vertex -38.583 -71.9632 2
      vertex -38.5501 -71.8801 1.92443
      vertex -38.5977 -71.8861 2
    endloop
  endfacet
  facet normal 0.481524 0.0306875 0.875896
    outer loop
      vertex -37.8448 -70.9067 1.29035
      vertex -37.8516 -70.8 1.29035
      vertex -38.0717 -70.8 1.41135
    endloop
  endfacet
  facet normal 0.248723 0.0154048 0.968452
    outer loop
      vertex -37.6132 -70.8775 1.19789
      vertex -37.3748 -70.8 1.13543
      vertex -37.618 -70.8 1.19789
    endloop
  endfacet
  facet normal 0.843065 0.0527588 0.535218
    outer loop
      vertex -38.6529 -71.0088 2
      vertex -38.6053 -71.0028 1.92443
      vertex -38.6578 -70.9305 2
    endloop
  endfacet
  facet normal 0.587542 0.0367673 0.808358
    outer loop
      vertex -38.2648 -70.9598 1.55897
      vertex -38.0717 -70.8 1.41135
      vertex -38.2748 -70.8 1.55897
    endloop
  endfacet
  facet normal 0.76948 0.0484159 0.636834
    outer loop
      vertex -38.6053 -71.0028 1.92443
      vertex -38.4027 -71.6773 1.73091
      vertex -38.4579 -70.8 1.73091
    endloop
  endfacet
  facet normal 0.76948 0.0484159 0.636834
    outer loop
      vertex -38.4027 -71.6773 1.73091
      vertex -38.6053 -71.0028 1.92443
      vertex -38.5501 -71.8801 1.92443
    endloop
  endfacet
  facet normal 0.248723 -0.0154048 0.968452
    outer loop
      vertex -37.3748 70.8 1.13543
      vertex -37.6132 70.8775 1.19789
      vertex -37.618 70.8 1.19789
    endloop
  endfacet
  facet normal -0.177613 0.3231 0.929549
    outer loop
      vertex 34.0139 -77.2695 1.19789
      vertex 33.4367 -77.8528 1.29035
      vertex 34.2071 -77.4293 1.29035
    endloop
  endfacet
  facet normal -0.177659 0.323142 0.929525
    outer loop
      vertex 33.4367 -77.8528 1.29035
      vertex 34.0139 -77.2695 1.19789
      vertex 33.2436 -77.693 1.19789
    endloop
  endfacet
  facet normal 0.673211 -0.128427 0.728213
    outer loop
      vertex -38.0449 72.7006 1.55897
      vertex -38.1922 72.9034 1.73091
      vertex -38.2265 72.7236 1.73091
    endloop
  endfacet
  facet normal 0.436643 -0.205476 0.875855
    outer loop
      vertex -37.1305 74.5668 1.41135
      vertex -37.2547 73.7871 1.29035
      vertex -36.8804 74.5825 1.29035
    endloop
  endfacet
  facet normal 0.436643 -0.205476 0.875855
    outer loop
      vertex -37.2547 73.7871 1.29035
      vertex -37.1305 74.5668 1.41135
      vertex -37.5048 73.7714 1.41135
    endloop
  endfacet
  facet normal 0.844117 -0 0.53616
    outer loop
      vertex -38.666 -70.8 2
      vertex -38.618 70.8 1.92443
      vertex -38.666 70.8 2
    endloop
  endfacet
  facet normal 0.844117 0 0.53616
    outer loop
      vertex -38.618 70.8 1.92443
      vertex -38.666 -70.8 2
      vertex -38.618 -70.8 1.92443
    endloop
  endfacet
  facet normal -0.35066 -0.114036 0.929534
    outer loop
      vertex 37.3787 72.6945 1.19789
      vertex 37.6049 72.7526 1.29035
      vertex 37.3547 72.7683 1.19789
    endloop
  endfacet
  facet normal -0.76948 -0.0484159 0.636834
    outer loop
      vertex 38.4027 71.6773 1.73091
      vertex 38.6053 71.0028 1.92443
      vertex 38.5501 71.8801 1.92443
    endloop
  endfacet
  facet normal -0.76948 -0.0484159 0.636834
    outer loop
      vertex 38.6053 71.0028 1.92443
      vertex 38.4027 71.6773 1.73091
      vertex 38.4579 70.8 1.73091
    endloop
  endfacet
  facet normal -0.587434 -0.0369616 0.808427
    outer loop
      vertex 38.0165 71.6773 1.41135
      vertex 38.2648 70.9598 1.55897
      vertex 38.2096 71.8371 1.55897
    endloop
  endfacet
  facet normal -0.587434 -0.0369616 0.808427
    outer loop
      vertex 38.2648 70.9598 1.55897
      vertex 38.0165 71.6773 1.41135
      vertex 38.0717 70.8 1.41135
    endloop
  endfacet
  facet normal -0.36814 -0.0231609 0.929482
    outer loop
      vertex 37.558 71.7548 1.19789
      vertex 37.8448 70.9067 1.29035
      vertex 37.7896 71.7841 1.29035
    endloop
  endfacet
  facet normal -0.368148 -0.023164 0.929478
    outer loop
      vertex 37.8448 70.9067 1.29035
      vertex 37.558 71.7548 1.19789
      vertex 37.6132 70.8775 1.19789
    endloop
  endfacet
  facet normal -0.125328 0 0.992115
    outer loop
      vertex 37.1256 70.8 1.10395
      vertex 37.3748 -70.8 1.13543
      vertex 37.3748 70.8 1.13543
    endloop
  endfacet
  facet normal -0.125328 0 0.992115
    outer loop
      vertex 37.3748 -70.8 1.13543
      vertex 37.1256 70.8 1.10395
      vertex 37.1256 -70.8 1.10395
    endloop
  endfacet
  facet normal -0.125337 -0.00793271 0.992083
    outer loop
      vertex 37.0704 71.6773 1.10395
      vertex 37.3166 71.7243 1.13543
      vertex 37.0694 71.6931 1.10395
    endloop
  endfacet
  facet normal -0.769484 -0.0484084 0.636829
    outer loop
      vertex 38.4027 71.6773 1.73091
      vertex 38.5501 71.8801 1.92443
      vertex 38.3912 71.8601 1.73091
    endloop
  endfacet
  facet normal -0.842932 0.0529658 0.535407
    outer loop
      vertex 38.618 -70.8 1.92443
      vertex 38.6578 -70.9305 2
      vertex 38.666 -70.8 2
    endloop
  endfacet
  facet normal -0.843079 0.0527964 0.535192
    outer loop
      vertex 38.6578 -70.9305 2
      vertex 38.618 -70.8 1.92443
      vertex 38.6053 -71.0028 1.92443
    endloop
  endfacet
  facet normal -0.58794 0 0.808905
    outer loop
      vertex 38.0717 70.8 1.41135
      vertex 38.2748 -70.8 1.55897
      vertex 38.2748 70.8 1.55897
    endloop
  endfacet
  facet normal -0.58794 0 0.808905
    outer loop
      vertex 38.2748 -70.8 1.55897
      vertex 38.0717 70.8 1.41135
      vertex 38.0717 -70.8 1.41135
    endloop
  endfacet
  facet normal -0.83011 -0.158393 0.53463
    outer loop
      vertex 38.3473 72.9432 1.92443
      vertex 38.4182 72.8267 2
      vertex 38.3937 72.9551 2
    endloop
  endfacet
  facet normal -0.830143 -0.158459 0.534559
    outer loop
      vertex 38.4182 72.8267 2
      vertex 38.3473 72.9432 1.92443
      vertex 38.3854 72.7436 1.92443
    endloop
  endfacet
  facet normal -0.496919 -0.315352 0.808471
    outer loop
      vertex 37.2513 74.7864 1.55897
      vertex 37.1655 74.9216 1.55897
      vertex 37.0011 74.8022 1.41135
    endloop
  endfacet
  facet normal -0.673214 -0.128406 0.728213
    outer loop
      vertex 38.2265 72.7236 1.73091
      vertex 38.2096 71.8371 1.55897
      vertex 38.3912 71.8601 1.73091
    endloop
  endfacet
  facet normal -0.673214 -0.128406 0.728213
    outer loop
      vertex 38.2096 71.8371 1.55897
      vertex 38.2265 72.7236 1.73091
      vertex 38.0449 72.7006 1.55897
    endloop
  endfacet
  facet normal 0.0859539 0.091525 0.992086
    outer loop
      vertex -34.542 -76.2904 1.10395
      vertex -34.5535 -76.2796 1.10395
      vertex -34.7009 -76.4824 1.13543
    endloop
  endfacet
  facet normal -0.594234 -0.491583 0.636579
    outer loop
      vertex 36.2823 76.4488 1.73091
      vertex 36.8426 76.0221 1.92443
      vertex 36.2823 76.6994 1.92443
    endloop
  endfacet
  facet normal -0.594234 -0.491583 0.636579
    outer loop
      vertex 36.8426 76.0221 1.92443
      vertex 36.2823 76.4488 1.73091
      vertex 36.8426 75.7715 1.73091
    endloop
  endfacet
  facet normal -0.333599 -0.156968 0.929555
    outer loop
      vertex 37.3002 73.6904 1.29035
      vertex 37.2547 73.7871 1.29035
      vertex 37.05 73.6746 1.19789
    endloop
  endfacet
  facet normal 0.469112 0.499502 0.728307
    outer loop
      vertex -35.2746 -77.1759 1.55897
      vertex -35.3913 -77.0663 1.55897
      vertex -35.3913 -77.317 1.73091
    endloop
  endfacet
  facet normal -0.0157396 0.124583 0.992084
    outer loop
      vertex 30.4631 -78.1602 1.13543
      vertex 30.5098 -78.1543 1.13543
      vertex 30.4474 -77.9115 1.10395
    endloop
  endfacet
  facet normal 0.283934 0.717048 0.636572
    outer loop
      vertex -32.6631 -78.9962 1.92443
      vertex -32.6136 -78.844 1.73091
      vertex -32.852 -78.9214 1.92443
    endloop
  endfacet
  facet normal 0.0963897 0.765046 0.636721
    outer loop
      vertex -30.5411 -79.401 1.92443
      vertex -30.5311 -79.2412 1.73091
      vertex -30.7427 -79.3756 1.92443
    endloop
  endfacet
  facet normal 0.105901 0.838177 0.535017
    outer loop
      vertex -31.6149 -79.2654 1.92443
      vertex -30.7517 -79.4227 2
      vertex -30.7427 -79.3756 1.92443
    endloop
  endfacet
  facet normal 0.105921 0.838238 0.534918
    outer loop
      vertex -30.7517 -79.4227 2
      vertex -31.6149 -79.2654 1.92443
      vertex -31.6238 -79.3125 2
    endloop
  endfacet
  facet normal 0 -0.125576 0.992084
    outer loop
      vertex -4 78.1602 1.13543
      vertex 30.4474 77.9115 1.10395
      vertex 30.4631 78.1602 1.13543
    endloop
  endfacet
  facet normal 0 -0.125576 0.992084
    outer loop
      vertex 30.4474 77.9115 1.10395
      vertex -4 78.1602 1.13543
      vertex -4 77.9115 1.10395
    endloop
  endfacet
  facet normal 0 -0.125576 0.992084
    outer loop
      vertex -6 78.1602 1.13543
      vertex -30.4474 77.9115 1.10395
      vertex -6 77.9115 1.10395
    endloop
  endfacet
  facet normal 0 -0.125576 0.992084
    outer loop
      vertex -30.4474 77.9115 1.10395
      vertex -6 78.1602 1.13543
      vertex -30.4631 78.1602 1.13543
    endloop
  endfacet
  facet normal -0.113615 -0.053451 0.992086
    outer loop
      vertex 36.2509 74.2185 1.10395
      vertex 36.8368 73.5574 1.13543
      vertex 36.4626 74.3528 1.13543
    endloop
  endfacet
  facet normal -0.113649 -0.0534811 0.99208
    outer loop
      vertex 36.8368 73.5574 1.13543
      vertex 36.2509 74.2185 1.10395
      vertex 36.6252 73.4231 1.10395
    endloop
  endfacet
  facet normal 0.225494 -0.106113 0.968448
    outer loop
      vertex -37.05 73.6746 1.19789
      vertex -36.4626 74.3528 1.13543
      vertex -36.6757 74.47 1.19789
    endloop
  endfacet
  facet normal 0.225428 -0.106054 0.96847
    outer loop
      vertex -36.4626 74.3528 1.13543
      vertex -37.05 73.6746 1.19789
      vertex -36.8368 73.5574 1.13543
    endloop
  endfacet
  facet normal -0.0461289 -0.116789 0.992085
    outer loop
      vertex 32.3227 77.7965 1.13543
      vertex 32.2789 77.8138 1.13543
      vertex 32.2019 77.5768 1.10395
    endloop
  endfacet
  facet normal -0.496946 0.315126 0.808542
    outer loop
      vertex 37.2513 -74.7864 1.55897
      vertex 37.0732 -74.6885 1.41135
      vertex 37.0011 -74.8022 1.41135
    endloop
  endfacet
  facet normal -0.436644 0.205453 0.87586
    outer loop
      vertex 37.5048 -73.7714 1.41135
      vertex 37.3002 -73.6904 1.29035
      vertex 37.2547 -73.7871 1.29035
    endloop
  endfacet
  facet normal 0 0.125576 0.992084
    outer loop
      vertex -4 -78.1602 1.13543
      vertex 30.4474 -77.9115 1.10395
      vertex -4 -77.9115 1.10395
    endloop
  endfacet
  facet normal 0 0.125576 0.992084
    outer loop
      vertex 30.4474 -77.9115 1.10395
      vertex -4 -78.1602 1.13543
      vertex 30.4631 -78.1602 1.13543
    endloop
  endfacet
  facet normal -0 0.125576 0.992084
    outer loop
      vertex -30.4474 -77.9115 1.10395
      vertex -6 -78.1602 1.13543
      vertex -6 -77.9115 1.10395
    endloop
  endfacet
  facet normal 0 0.125576 0.992084
    outer loop
      vertex -6 -78.1602 1.13543
      vertex -30.4474 -77.9115 1.10395
      vertex -30.4631 -78.1602 1.13543
    endloop
  endfacet
  facet normal -0.225335 0.106248 0.968471
    outer loop
      vertex 37.05 -73.6746 1.19789
      vertex 37.0831 -73.6044 1.19789
      vertex 36.8569 -73.5148 1.13543
    endloop
  endfacet
  facet normal -0.333565 0.157279 0.929515
    outer loop
      vertex 37.3002 -73.6904 1.29035
      vertex 37.0831 -73.6044 1.19789
      vertex 37.05 -73.6746 1.19789
    endloop
  endfacet
  facet normal -0.407573 0.258452 0.875835
    outer loop
      vertex 37.0011 -74.8022 1.41135
      vertex 37.0732 -74.6885 1.41135
      vertex 36.8804 -74.5825 1.29035
    endloop
  endfacet
  facet normal -0.284238 0.23491 0.92953
    outer loop
      vertex 36.2839 -75.4974 1.29035
      vertex 36.352 -75.415 1.29035
      vertex 36.1136 -75.3376 1.19789
    endloop
  endfacet
  facet normal -0.170557 0.181681 0.968454
    outer loop
      vertex 35.5533 -76.0149 1.19789
      vertex 35.376 -75.8484 1.13543
      vertex 35.3417 -75.8806 1.13543
    endloop
  endfacet
  facet normal -0.252302 0.268932 0.929526
    outer loop
      vertex 35.7235 -76.1748 1.29035
      vertex 35.5533 -76.0149 1.19789
      vertex 35.4967 -76.068 1.19789
    endloop
  endfacet
  facet normal -0.345848 0.476142 0.808503
    outer loop
      vertex 35.2746 -77.1759 1.55897
      vertex 35.1451 -77.0193 1.41135
      vertex 35.0362 -77.0984 1.41135
    endloop
  endfacet
  facet normal -0.651041 0.413022 0.636835
    outer loop
      vertex 37.4432 -75.1233 1.92443
      vertex 37.552 -74.9518 1.92443
      vertex 37.3136 -75.0292 1.73091
    endloop
  endfacet
  facet normal -0.532381 0.250661 0.808541
    outer loop
      vertex 37.2513 -74.7864 1.55897
      vertex 37.1305 -74.5668 1.41135
      vertex 37.0732 -74.6885 1.41135
    endloop
  endfacet
  facet normal -0.620018 0.292038 0.728211
    outer loop
      vertex 37.4117 -74.8746 1.73091
      vertex 37.4897 -74.709 1.73091
      vertex 37.2513 -74.7864 1.55897
    endloop
  endfacet
  facet normal -0.532314 0.250717 0.808569
    outer loop
      vertex 37.6256 -73.991 1.55897
      vertex 37.6938 -73.8462 1.55897
      vertex 37.5048 -73.7714 1.41135
    endloop
  endfacet
  facet normal -0.527826 0.562369 0.636506
    outer loop
      vertex 36.2823 -76.6994 1.92443
      vertex 36.1656 -76.5899 1.73091
      vertex 36.0321 -76.7152 1.73091
    endloop
  endfacet
  facet normal -0.3114 0.197599 0.929508
    outer loop
      vertex 36.352 -75.415 1.29035
      vertex 36.4093 -75.3247 1.29035
      vertex 36.2047 -75.2122 1.19789
    endloop
  endfacet
  facet normal -0.0736674 0.101693 0.992084
    outer loop
      vertex 34.7009 -76.4824 1.13543
      vertex 34.542 -76.2904 1.10395
      vertex 34.5293 -76.2996 1.10395
    endloop
  endfacet
  facet normal 0.113615 -0.053451 0.992086
    outer loop
      vertex -36.8368 73.5574 1.13543
      vertex -36.2509 74.2185 1.10395
      vertex -36.4626 74.3528 1.13543
    endloop
  endfacet
  facet normal 0.113649 -0.0534811 0.99208
    outer loop
      vertex -36.2509 74.2185 1.10395
      vertex -36.8368 73.5574 1.13543
      vertex -36.6252 73.4231 1.10395
    endloop
  endfacet
  facet normal 0.0312308 0.247154 0.968473
    outer loop
      vertex -31.3819 -78.0441 1.13543
      vertex -30.5553 -78.3933 1.19789
      vertex -30.5098 -78.1543 1.13543
    endloop
  endfacet
  facet normal 0.0312258 0.247143 0.968476
    outer loop
      vertex -30.5553 -78.3933 1.19789
      vertex -31.3819 -78.0441 1.13543
      vertex -31.4275 -78.2831 1.19789
    endloop
  endfacet
  facet normal 0.0311372 0.247171 0.968471
    outer loop
      vertex -30.4783 -78.403 1.19789
      vertex -30.5098 -78.1543 1.13543
      vertex -30.5553 -78.3933 1.19789
    endloop
  endfacet
  facet normal -0.0463546 -0.116686 0.992087
    outer loop
      vertex 33.0339 77.2474 1.10395
      vertex 33.14 77.4729 1.13543
      vertex 33.0193 77.2532 1.10395
    endloop
  endfacet
  facet normal 0.0619108 0.241293 0.968475
    outer loop
      vertex -32.2333 -77.8255 1.13543
      vertex -32.2789 -77.8138 1.13543
      vertex -32.3541 -78.0452 1.19789
    endloop
  endfacet
  facet normal 0.146353 0.570012 0.808497
    outer loop
      vertex -32.402 -78.7097 1.55897
      vertex -31.5125 -78.7287 1.41135
      vertex -32.3639 -78.5101 1.41135
    endloop
  endfacet
  facet normal 0.146353 0.570012 0.808497
    outer loop
      vertex -31.5125 -78.7287 1.41135
      vertex -32.402 -78.7097 1.55897
      vertex -31.5506 -78.9283 1.55897
    endloop
  endfacet
  facet normal 0.046221 0.365825 0.929535
    outer loop
      vertex -31.4275 -78.2831 1.19789
      vertex -30.5991 -78.6227 1.29035
      vertex -30.5553 -78.3933 1.19789
    endloop
  endfacet
  facet normal 0.0462283 0.365841 0.929528
    outer loop
      vertex -30.5991 -78.6227 1.29035
      vertex -31.4275 -78.2831 1.19789
      vertex -31.4712 -78.5125 1.29035
    endloop
  endfacet
  facet normal 0.17767 0.323036 0.929559
    outer loop
      vertex -34.0139 -77.2695 1.19789
      vertex -34.0819 -77.2321 1.19789
      vertex -34.2071 -77.4293 1.29035
    endloop
  endfacet
  facet normal 0.216611 0.298315 0.929563
    outer loop
      vertex -34.0819 -77.2321 1.19789
      vertex -34.1447 -77.1865 1.19789
      vertex -34.2071 -77.4293 1.29035
    endloop
  endfacet
  facet normal 0.284119 0.235039 0.929534
    outer loop
      vertex -36.2839 -75.4974 1.29035
      vertex -35.5533 -76.0149 1.19789
      vertex -36.1136 -75.3376 1.19789
    endloop
  endfacet
  facet normal 0.284129 0.235055 0.929527
    outer loop
      vertex -35.5533 -76.0149 1.19789
      vertex -36.2839 -75.4974 1.29035
      vertex -35.7235 -76.1748 1.29035
    endloop
  endfacet
  facet normal 0.225428 0.106054 0.96847
    outer loop
      vertex -37.05 -73.6746 1.19789
      vertex -36.4626 -74.3528 1.13543
      vertex -36.8368 -73.5574 1.13543
    endloop
  endfacet
  facet normal 0.225494 0.106113 0.968448
    outer loop
      vertex -36.4626 -74.3528 1.13543
      vertex -37.05 -73.6746 1.19789
      vertex -36.6757 -74.47 1.19789
    endloop
  endfacet
  facet normal 0.371749 0.307541 0.875912
    outer loop
      vertex -36.2839 -75.4974 1.29035
      vertex -35.9698 -76.2217 1.41135
      vertex -35.7235 -76.1748 1.29035
    endloop
  endfacet
  facet normal 0.371768 0.307547 0.875901
    outer loop
      vertex -35.9698 -76.2217 1.41135
      vertex -36.2839 -75.4974 1.29035
      vertex -36.5301 -75.5444 1.41135
    endloop
  endfacet
  facet normal 0.559738 0.181893 0.80846
    outer loop
      vertex -37.7765 -72.9353 1.41135
      vertex -37.7432 -73.6939 1.55897
      vertex -37.5048 -73.7714 1.41135
    endloop
  endfacet
  facet normal 0.559686 0.181898 0.808496
    outer loop
      vertex -37.7432 -73.6939 1.55897
      vertex -37.7765 -72.9353 1.41135
      vertex -38.0149 -72.8579 1.55897
    endloop
  endfacet
  facet normal 0.105586 0.838223 0.535008
    outer loop
      vertex -30.6739 -79.4325 2
      vertex -30.7427 -79.3756 1.92443
      vertex -30.7517 -79.4227 2
    endloop
  endfacet
  facet normal 0.123341 -0.0235256 0.992085
    outer loop
      vertex -37.3078 71.7705 1.13543
      vertex -36.9017 72.5721 1.10395
      vertex -37.1431 72.634 1.13543
    endloop
  endfacet
  facet normal 0.123341 -0.0235256 0.992085
    outer loop
      vertex -36.9017 72.5721 1.10395
      vertex -37.3078 71.7705 1.13543
      vertex -37.0664 71.7086 1.10395
    endloop
  endfacet
  facet normal 0.192045 -0.746927 0.636568
    outer loop
      vertex -32.6136 78.844 1.73091
      vertex -32.4663 79.0468 1.92443
      vertex -32.6631 78.9962 1.92443
    endloop
  endfacet
  facet normal 0.496656 -0.683037 0.535531
    outer loop
      vertex -35.4933 77.4403 1.92443
      vertex -35.4605 77.5234 2
      vertex -35.5239 77.4773 2
    endloop
  endfacet
  facet normal -0.123341 0.0235256 0.992085
    outer loop
      vertex 36.9017 -72.5721 1.10395
      vertex 37.3078 -71.7705 1.13543
      vertex 37.0664 -71.7086 1.10395
    endloop
  endfacet
  facet normal -0.123341 0.0235256 0.992085
    outer loop
      vertex 37.3078 -71.7705 1.13543
      vertex 36.9017 -72.5721 1.10395
      vertex 37.1431 -72.634 1.13543
    endloop
  endfacet
  facet normal 0.170705 -0.663566 0.728382
    outer loop
      vertex -32.5571 78.6698 1.55897
      vertex -32.402 78.7097 1.55897
      vertex -32.6136 78.844 1.73091
    endloop
  endfacet
  facet normal 0.135884 -0.342815 0.929523
    outer loop
      vertex -33.2436 77.693 1.19789
      vertex -33.2436 77.9437 1.29035
      vertex -33.343 77.9043 1.29035
    endloop
  endfacet
  facet normal 0.407016 -0.740318 0.535039
    outer loop
      vertex -34.4397 78.1743 1.92443
      vertex -33.6898 78.6412 2
      vertex -34.4601 78.2177 2
    endloop
  endfacet
  facet normal 0.407016 -0.740318 0.535039
    outer loop
      vertex -33.6898 78.6412 2
      vertex -34.4397 78.1743 1.92443
      vertex -33.6694 78.5978 1.92443
    endloop
  endfacet
  facet normal 0.0604567 -0.478691 0.875899
    outer loop
      vertex -30.5991 78.6227 1.29035
      vertex -30.493 78.6361 1.29035
      vertex -30.6403 78.8389 1.41135
    endloop
  endfacet
  facet normal 0.119374 -0.0389956 0.992083
    outer loop
      vertex -36.9017 72.5721 1.10395
      vertex -36.8968 72.5871 1.10395
      vertex -37.1431 72.634 1.13543
    endloop
  endfacet
  facet normal 0.496922 0.315347 0.808471
    outer loop
      vertex -37.1655 -74.9216 1.55897
      vertex -36.5301 -75.5444 1.41135
      vertex -37.0011 -74.8022 1.41135
    endloop
  endfacet
  facet normal 0.496922 0.315347 0.808471
    outer loop
      vertex -36.5301 -75.5444 1.41135
      vertex -37.1655 -74.9216 1.55897
      vertex -36.6945 -75.6638 1.55897
    endloop
  endfacet
  facet normal 0.368026 0 0.929816
    outer loop
      vertex -37.8516 70.8 1.29035
      vertex -37.618 -70.8 1.19789
      vertex -37.618 70.8 1.19789
    endloop
  endfacet
  facet normal 0.368026 0 0.929816
    outer loop
      vertex -37.618 -70.8 1.19789
      vertex -37.8516 70.8 1.29035
      vertex -37.8516 -70.8 1.29035
    endloop
  endfacet
  facet normal 0.481751 0 0.876308
    outer loop
      vertex -38.0717 70.8 1.41135
      vertex -37.8516 -70.8 1.29035
      vertex -37.8516 70.8 1.29035
    endloop
  endfacet
  facet normal 0.481751 0 0.876308
    outer loop
      vertex -37.8516 -70.8 1.29035
      vertex -38.0717 70.8 1.41135
      vertex -38.0717 -70.8 1.41135
    endloop
  endfacet
  facet normal 0.244792 0.0466905 0.968451
    outer loop
      vertex -37.3078 -71.7705 1.13543
      vertex -37.3932 -72.6183 1.19789
      vertex -37.1431 -72.634 1.13543
    endloop
  endfacet
  facet normal 0.2447 0.0467014 0.968473
    outer loop
      vertex -37.3932 -72.6183 1.19789
      vertex -37.3078 -71.7705 1.13543
      vertex -37.558 -71.7548 1.19789
    endloop
  endfacet
  facet normal 0.83011 -0.158393 0.53463
    outer loop
      vertex -38.4182 72.8267 2
      vertex -38.3473 72.9432 1.92443
      vertex -38.3937 72.9551 2
    endloop
  endfacet
  facet normal 0.830143 -0.158459 0.534559
    outer loop
      vertex -38.3473 72.9432 1.92443
      vertex -38.4182 72.8267 2
      vertex -38.3854 72.7436 1.92443
    endloop
  endfacet
  facet normal 0.843042 0.0530445 0.535226
    outer loop
      vertex -38.6529 -71.0088 2
      vertex -38.5501 -71.8801 1.92443
      vertex -38.6053 -71.0028 1.92443
    endloop
  endfacet
  facet normal 0.843042 0.0530445 0.535226
    outer loop
      vertex -38.5501 -71.8801 1.92443
      vertex -38.6529 -71.0088 2
      vertex -38.5977 -71.8861 2
    endloop
  endfacet
  facet normal 0.757369 0.144457 0.636808
    outer loop
      vertex -38.5501 -71.8801 1.92443
      vertex -38.2265 -72.7236 1.73091
      vertex -38.3912 -71.8601 1.73091
    endloop
  endfacet
  facet normal 0.757369 0.144457 0.636808
    outer loop
      vertex -38.2265 -72.7236 1.73091
      vertex -38.5501 -71.8801 1.92443
      vertex -38.3854 -72.7436 1.92443
    endloop
  endfacet
  facet normal 0.733284 0.238201 0.636832
    outer loop
      vertex -38.2845 -73.1365 1.92443
      vertex -37.864 -73.9136 1.73091
      vertex -38.1356 -73.0775 1.73091
    endloop
  endfacet
  facet normal 0.733481 0.238381 0.636537
    outer loop
      vertex -37.864 -73.9136 1.73091
      vertex -38.2845 -73.1365 1.92443
      vertex -38.0128 -73.9725 1.92443
    endloop
  endfacet
  facet normal 0.829731 0.158259 0.535258
    outer loop
      vertex -38.583 -71.9632 2
      vertex -38.3854 -72.7436 1.92443
      vertex -38.5501 -71.8801 1.92443
    endloop
  endfacet
  facet normal 0.830159 0.158437 0.534541
    outer loop
      vertex -38.3854 -72.7436 1.92443
      vertex -38.583 -71.9632 2
      vertex -38.4182 -72.8267 2
    endloop
  endfacet
  facet normal 0.843042 -0.0530445 0.535226
    outer loop
      vertex -38.6529 71.0088 2
      vertex -38.5501 71.8801 1.92443
      vertex -38.5977 71.8861 2
    endloop
  endfacet
  facet normal 0.843042 -0.0530445 0.535226
    outer loop
      vertex -38.5501 71.8801 1.92443
      vertex -38.6529 71.0088 2
      vertex -38.6053 71.0028 1.92443
    endloop
  endfacet
  facet normal 0.47395 -0.0903991 0.875899
    outer loop
      vertex -37.8433 72.6751 1.41135
      vertex -37.7696 71.8891 1.29035
      vertex -37.6049 72.7526 1.29035
    endloop
  endfacet
  facet normal 0.47395 -0.0903991 0.875899
    outer loop
      vertex -37.7696 71.8891 1.29035
      vertex -37.8433 72.6751 1.41135
      vertex -38.008 71.8116 1.41135
    endloop
  endfacet
  facet normal 0.362341 -0.0690173 0.929487
    outer loop
      vertex -37.558 71.7548 1.19789
      vertex -37.7696 71.8891 1.29035
      vertex -37.7896 71.7841 1.29035
    endloop
  endfacet
  facet normal 0.23696 -0.0770602 0.968458
    outer loop
      vertex -37.1431 72.634 1.13543
      vertex -37.3547 72.7683 1.19789
      vertex -37.3787 72.6945 1.19789
    endloop
  endfacet
  facet normal 0.225335 -0.106248 0.968471
    outer loop
      vertex -36.8569 73.5148 1.13543
      vertex -37.05 73.6746 1.19789
      vertex -37.0831 73.6044 1.19789
    endloop
  endfacet
  facet normal -0.0967792 0.0800611 0.992081
    outer loop
      vertex 35.7547 -75.0005 1.10395
      vertex 35.406 -75.8121 1.13543
      vertex 35.9663 -75.1348 1.13543
    endloop
  endfacet
  facet normal -0.0967438 0.0800461 0.992085
    outer loop
      vertex 35.406 -75.8121 1.13543
      vertex 35.7547 -75.0005 1.10395
      vertex 35.1943 -75.6778 1.10395
    endloop
  endfacet
  facet normal 0.35066 -0.114036 0.929534
    outer loop
      vertex -37.3787 72.6945 1.19789
      vertex -37.3547 72.7683 1.19789
      vertex -37.6049 72.7526 1.29035
    endloop
  endfacet
  facet normal 0.284129 -0.235055 0.929527
    outer loop
      vertex -36.2839 75.4974 1.29035
      vertex -35.5533 76.0149 1.19789
      vertex -35.7235 76.1748 1.29035
    endloop
  endfacet
  facet normal 0.284119 -0.235039 0.929534
    outer loop
      vertex -35.5533 76.0149 1.19789
      vertex -36.2839 75.4974 1.29035
      vertex -36.1136 75.3376 1.19789
    endloop
  endfacet
  facet normal 0.469112 -0.499502 0.728307
    outer loop
      vertex -35.2746 77.1759 1.55897
      vertex -35.3913 77.317 1.73091
      vertex -35.3913 77.0663 1.55897
    endloop
  endfacet
  facet normal 0.453458 -0.375185 0.808463
    outer loop
      vertex -35.9698 76.2217 1.41135
      vertex -35.884 76.3254 1.41135
      vertex -36.0321 76.4645 1.55897
    endloop
  endfacet
  facet normal -0.496656 0.683037 0.535531
    outer loop
      vertex 35.5239 -77.4773 2
      vertex 35.4933 -77.4403 1.92443
      vertex 35.4605 -77.5234 2
    endloop
  endfacet
  facet normal -0.803143 0.261614 0.535275
    outer loop
      vertex 38.0574 -73.9902 2
      vertex 38.0817 -73.9156 2
      vertex 38.0128 -73.9725 1.92443
    endloop
  endfacet
  facet normal -0.459063 -0.148812 0.875852
    outer loop
      vertex 37.3332 73.5886 1.29035
      vertex 37.5048 73.7714 1.41135
      vertex 37.3002 73.6904 1.29035
    endloop
  endfacet
  facet normal -0.368026 0 0.929816
    outer loop
      vertex 37.618 70.8 1.19789
      vertex 37.8516 -70.8 1.29035
      vertex 37.8516 70.8 1.29035
    endloop
  endfacet
  facet normal -0.368026 0 0.929816
    outer loop
      vertex 37.8516 -70.8 1.29035
      vertex 37.618 70.8 1.19789
      vertex 37.618 -70.8 1.19789
    endloop
  endfacet
  facet normal -0.244787 -0.0465801 0.968457
    outer loop
      vertex 37.3932 72.6183 1.19789
      vertex 37.3787 72.6945 1.19789
      vertex 37.1431 72.634 1.13543
    endloop
  endfacet
  facet normal -0.248581 -0.0158669 0.968481
    outer loop
      vertex 37.3196 71.6773 1.13543
      vertex 37.558 71.7548 1.19789
      vertex 37.3166 71.7243 1.13543
    endloop
  endfacet
  facet normal -0.843065 0.0527588 0.535218
    outer loop
      vertex 38.6529 -71.0088 2
      vertex 38.6578 -70.9305 2
      vertex 38.6053 -71.0028 1.92443
    endloop
  endfacet
  facet normal -0.829731 0.158259 0.535258
    outer loop
      vertex 38.3854 -72.7436 1.92443
      vertex 38.583 -71.9632 2
      vertex 38.5501 -71.8801 1.92443
    endloop
  endfacet
  facet normal -0.830159 0.158437 0.534541
    outer loop
      vertex 38.583 -71.9632 2
      vertex 38.3854 -72.7436 1.92443
      vertex 38.4182 -72.8267 2
    endloop
  endfacet
  facet normal -0.673211 0.128427 0.728213
    outer loop
      vertex 38.1922 -72.9034 1.73091
      vertex 38.2265 -72.7236 1.73091
      vertex 38.0449 -72.7006 1.55897
    endloop
  endfacet
  facet normal -0.481524 0.0306875 0.875896
    outer loop
      vertex 38.0717 -70.8 1.41135
      vertex 37.8516 -70.8 1.29035
      vertex 37.8448 -70.9067 1.29035
    endloop
  endfacet
  facet normal -0.803667 0.261064 0.534757
    outer loop
      vertex 38.2845 -73.1365 1.92443
      vertex 38.0817 -73.9156 2
      vertex 38.3533 -73.0795 2
    endloop
  endfacet
  facet normal -0.803076 0.261 0.535676
    outer loop
      vertex 38.0817 -73.9156 2
      vertex 38.2845 -73.1365 1.92443
      vertex 38.0128 -73.9725 1.92443
    endloop
  endfacet
  facet normal -0.733223 0.238371 0.636838
    outer loop
      vertex 38.2845 -73.1365 1.92443
      vertex 38.1922 -72.9034 1.73091
      vertex 38.1356 -73.0775 1.73091
    endloop
  endfacet
  facet normal -0.651917 0.211456 0.72821
    outer loop
      vertex 37.864 -73.9136 1.73091
      vertex 37.7432 -73.6939 1.55897
      vertex 37.6938 -73.8462 1.55897
    endloop
  endfacet
  facet normal -0.844117 0 0.53616
    outer loop
      vertex 38.618 -70.8 1.92443
      vertex 38.666 70.8 2
      vertex 38.618 70.8 1.92443
    endloop
  endfacet
  facet normal -0.844117 0 0.53616
    outer loop
      vertex 38.666 70.8 2
      vertex 38.618 -70.8 1.92443
      vertex 38.666 -70.8 2
    endloop
  endfacet
  facet normal -0.843065 -0.0527588 0.535218
    outer loop
      vertex 38.6578 70.9305 2
      vertex 38.6529 71.0088 2
      vertex 38.6053 71.0028 1.92443
    endloop
  endfacet
  facet normal -0.651684 -0.211694 0.72835
    outer loop
      vertex 37.7432 73.6939 1.55897
      vertex 38.1356 73.0775 1.73091
      vertex 37.864 73.9136 1.73091
    endloop
  endfacet
  facet normal -0.651845 -0.21185 0.72816
    outer loop
      vertex 38.1356 73.0775 1.73091
      vertex 37.7432 73.6939 1.55897
      vertex 38.0149 72.8579 1.55897
    endloop
  endfacet
  facet normal -0.803143 -0.261614 0.535275
    outer loop
      vertex 38.0817 73.9156 2
      vertex 38.0574 73.9902 2
      vertex 38.0128 73.9725 1.92443
    endloop
  endfacet
  facet normal -0.697543 -0.328553 0.636779
    outer loop
      vertex 37.4897 74.709 1.73091
      vertex 37.552 74.9518 1.92443
      vertex 37.4117 74.8746 1.73091
    endloop
  endfacet
  facet normal -0.481384 -0.0302889 0.875986
    outer loop
      vertex 38.0165 71.6773 1.41135
      vertex 37.8448 70.9067 1.29035
      vertex 38.0717 70.8 1.41135
    endloop
  endfacet
  facet normal -0.481394 -0.030286 0.875981
    outer loop
      vertex 37.8448 70.9067 1.29035
      vertex 38.0165 71.6773 1.41135
      vertex 37.7896 71.7841 1.29035
    endloop
  endfacet
  facet normal -0.587318 -0.037172 0.808502
    outer loop
      vertex 38.0165 71.6773 1.41135
      vertex 38.2096 71.8371 1.55897
      vertex 38.008 71.8116 1.41135
    endloop
  endfacet
  facet normal -0.594131 -0.491629 0.636639
    outer loop
      vertex 36.9721 75.8656 1.92443
      vertex 36.8426 76.0221 1.92443
      vertex 36.8426 75.7715 1.73091
    endloop
  endfacet
  facet normal -0.0859543 -0.0915247 0.992086
    outer loop
      vertex 34.5535 76.2796 1.10395
      vertex 35.3417 75.8806 1.13543
      vertex 34.7009 76.4824 1.13543
    endloop
  endfacet
  facet normal -0.0859543 -0.0915247 0.992086
    outer loop
      vertex 35.3417 75.8806 1.13543
      vertex 34.5535 76.2796 1.10395
      vertex 35.1943 75.6778 1.10395
    endloop
  endfacet
  facet normal 0.0605764 -0.109994 0.992085
    outer loop
      vertex -33.0477 77.2398 1.10395
      vertex -33.0339 77.2474 1.10395
      vertex -33.14 77.4729 1.13543
    endloop
  endfacet
  facet normal 0.0604846 -0.110029 0.992086
    outer loop
      vertex -33.1813 77.4502 1.13543
      vertex -33.8181 76.8163 1.10395
      vertex -33.0477 77.2398 1.10395
    endloop
  endfacet
  facet normal 0.060502 -0.110046 0.992083
    outer loop
      vertex -33.8181 76.8163 1.10395
      vertex -33.1813 77.4502 1.13543
      vertex -33.9516 77.0267 1.13543
    endloop
  endfacet
  facet normal -0.191991 -0.158825 0.96846
    outer loop
      vertex 35.406 75.8121 1.13543
      vertex 36.1136 75.3376 1.19789
      vertex 35.5533 76.0149 1.19789
    endloop
  endfacet
  facet normal -0.191991 -0.158825 0.96846
    outer loop
      vertex 36.1136 75.3376 1.19789
      vertex 35.406 75.8121 1.13543
      vertex 35.9663 75.1348 1.13543
    endloop
  endfacet
  facet normal -0.436643 -0.205476 0.875855
    outer loop
      vertex 37.1305 74.5668 1.41135
      vertex 37.2547 73.7871 1.29035
      vertex 37.5048 73.7714 1.41135
    endloop
  endfacet
  facet normal -0.436643 -0.205476 0.875855
    outer loop
      vertex 37.2547 73.7871 1.29035
      vertex 37.1305 74.5668 1.41135
      vertex 36.8804 74.5825 1.29035
    endloop
  endfacet
  facet normal -0.651032 -0.413106 0.63679
    outer loop
      vertex 37.4117 74.8746 1.73091
      vertex 37.552 74.9518 1.92443
      vertex 37.3136 75.0292 1.73091
    endloop
  endfacet
  facet normal -0.407573 -0.258452 0.875835
    outer loop
      vertex 37.0732 74.6885 1.41135
      vertex 37.0011 74.8022 1.41135
      vertex 36.8804 74.5825 1.29035
    endloop
  endfacet
  facet normal 0.577963 0.615773 0.53552
    outer loop
      vertex -35.6415 -77.3012 1.92443
      vertex -35.5239 -77.4773 2
      vertex -35.4933 -77.4403 1.92443
    endloop
  endfacet
  facet normal 0.579087 0.615927 0.534127
    outer loop
      vertex -35.5239 -77.4773 2
      vertex -35.6415 -77.3012 1.92443
      vertex -35.6192 -77.3877 2
    endloop
  endfacet
  facet normal 0.578457 0.616143 0.534561
    outer loop
      vertex -35.6415 -77.3012 1.92443
      vertex -36.2601 -76.786 2
      vertex -35.6192 -77.3877 2
    endloop
  endfacet
  facet normal 0.578109 0.615574 0.535592
    outer loop
      vertex -36.2601 -76.786 2
      vertex -35.6415 -77.3012 1.92443
      vertex -36.2823 -76.6994 1.92443
    endloop
  endfacet
  facet normal 0.578722 0.615364 0.535171
    outer loop
      vertex -36.2601 -76.786 2
      vertex -36.2823 -76.6994 1.92443
      vertex -36.3172 -76.7323 2
    endloop
  endfacet
  facet normal 0.310774 0.785658 0.53494
    outer loop
      vertex -32.6631 -78.9962 1.92443
      vertex -32.7995 -78.9937 2
      vertex -32.6779 -79.0418 2
    endloop
  endfacet
  facet normal 0.310972 0.785329 0.535308
    outer loop
      vertex -32.7995 -78.9937 2
      vertex -32.6631 -78.9962 1.92443
      vertex -32.852 -78.9214 1.92443
    endloop
  endfacet
  facet normal -0.0461985 0.365795 0.929548
    outer loop
      vertex 30.493 -78.6361 1.29035
      vertex 30.5991 -78.6227 1.29035
      vertex 30.4783 -78.403 1.19789
    endloop
  endfacet
  facet normal -0.0963897 0.765046 0.636721
    outer loop
      vertex 30.5411 -79.401 1.92443
      vertex 30.7427 -79.3756 1.92443
      vertex 30.5311 -79.2412 1.73091
    endloop
  endfacet
  facet normal -0.35066 0.114036 0.929534
    outer loop
      vertex 37.6049 -72.7526 1.29035
      vertex 37.3787 -72.6945 1.19789
      vertex 37.3547 -72.7683 1.19789
    endloop
  endfacet
  facet normal 0.091758 -0.231641 0.968464
    outer loop
      vertex -32.3227 77.7965 1.13543
      vertex -32.3541 78.0452 1.19789
      vertex -32.4263 78.0166 1.19789
    endloop
  endfacet
  facet normal 0.11358 -0.0535906 0.992082
    outer loop
      vertex -36.6252 73.4231 1.10395
      vertex -36.8368 73.5574 1.13543
      vertex -36.8569 73.5148 1.13543
    endloop
  endfacet
  facet normal 0.146403 -0.201625 0.968459
    outer loop
      vertex -33.9516 77.0267 1.13543
      vertex -34.0819 77.2321 1.19789
      vertex -34.1447 77.1865 1.19789
    endloop
  endfacet
  facet normal -0.125324 -0.00788545 0.992084
    outer loop
      vertex 37.3196 71.6773 1.13543
      vertex 37.1256 70.8 1.10395
      vertex 37.3748 70.8 1.13543
    endloop
  endfacet
  facet normal -0.125324 -0.00788545 0.992084
    outer loop
      vertex 37.1256 70.8 1.10395
      vertex 37.3196 71.6773 1.13543
      vertex 37.0704 71.6773 1.10395
    endloop
  endfacet
  facet normal -0.559686 0.181898 0.808496
    outer loop
      vertex 37.7765 -72.9353 1.41135
      vertex 37.7432 -73.6939 1.55897
      vertex 38.0149 -72.8579 1.55897
    endloop
  endfacet
  facet normal -0.559738 0.181893 0.80846
    outer loop
      vertex 37.7432 -73.6939 1.55897
      vertex 37.7765 -72.9353 1.41135
      vertex 37.5048 -73.7714 1.41135
    endloop
  endfacet
  facet normal -0.459063 0.148812 0.875852
    outer loop
      vertex 37.5048 -73.7714 1.41135
      vertex 37.3332 -73.5886 1.29035
      vertex 37.3002 -73.6904 1.29035
    endloop
  endfacet
  facet normal -0.191929 0.158871 0.968464
    outer loop
      vertex 36.1136 -75.3376 1.19789
      vertex 36.1631 -75.2778 1.19789
      vertex 35.9663 -75.1348 1.13543
    endloop
  endfacet
  facet normal -0.192089 0.158751 0.968452
    outer loop
      vertex 35.5533 -76.0149 1.19789
      vertex 35.406 -75.8121 1.13543
      vertex 35.376 -75.8484 1.13543
    endloop
  endfacet
  facet normal -0.210323 0.133698 0.968447
    outer loop
      vertex 36.6757 -74.47 1.19789
      vertex 36.4626 -74.3528 1.13543
      vertex 36.4373 -74.3926 1.13543
    endloop
  endfacet
  facet normal -0.225428 0.106054 0.96847
    outer loop
      vertex 36.4626 -74.3528 1.13543
      vertex 37.05 -73.6746 1.19789
      vertex 36.8368 -73.5574 1.13543
    endloop
  endfacet
  facet normal -0.225494 0.106113 0.968448
    outer loop
      vertex 37.05 -73.6746 1.19789
      vertex 36.4626 -74.3528 1.13543
      vertex 36.6757 -74.47 1.19789
    endloop
  endfacet
  facet normal -0.191991 0.158825 0.96846
    outer loop
      vertex 35.406 -75.8121 1.13543
      vertex 36.1136 -75.3376 1.19789
      vertex 35.9663 -75.1348 1.13543
    endloop
  endfacet
  facet normal -0.191991 0.158825 0.96846
    outer loop
      vertex 36.1136 -75.3376 1.19789
      vertex 35.406 -75.8121 1.13543
      vertex 35.5533 -76.0149 1.19789
    endloop
  endfacet
  facet normal -0.333599 0.156968 0.929555
    outer loop
      vertex 37.2547 -73.7871 1.29035
      vertex 37.3002 -73.6904 1.29035
      vertex 37.05 -73.6746 1.19789
    endloop
  endfacet
  facet normal -0.532484 0.250577 0.8085
    outer loop
      vertex 37.1305 -74.5668 1.41135
      vertex 37.6256 -73.991 1.55897
      vertex 37.5048 -73.7714 1.41135
    endloop
  endfacet
  facet normal -0.532484 0.250577 0.8085
    outer loop
      vertex 37.6256 -73.991 1.55897
      vertex 37.1305 -74.5668 1.41135
      vertex 37.2513 -74.7864 1.55897
    endloop
  endfacet
  facet normal 0.105982 0.0673702 0.992083
    outer loop
      vertex -36.4373 -74.3926 1.13543
      vertex -36.2442 -74.2328 1.10395
      vertex -36.4626 -74.3528 1.13543
    endloop
  endfacet
  facet normal -0.170511 0.18175 0.968449
    outer loop
      vertex 35.4967 -76.068 1.19789
      vertex 35.5533 -76.0149 1.19789
      vertex 35.3417 -75.8806 1.13543
    endloop
  endfacet
  facet normal -0.697601 0.328506 0.636739
    outer loop
      vertex 37.552 -74.9518 1.92443
      vertex 37.6386 -74.7679 1.92443
      vertex 37.4897 -74.709 1.73091
    endloop
  endfacet
  facet normal -0.713255 0.452667 0.535126
    outer loop
      vertex 36.9721 -75.8656 1.92443
      vertex 37.482 -75.1515 2
      vertex 37.4432 -75.1233 1.92443
    endloop
  endfacet
  facet normal -0.713455 0.452855 0.5347
    outer loop
      vertex 37.482 -75.1515 2
      vertex 36.9721 -75.8656 1.92443
      vertex 37.0109 -75.8937 2
    endloop
  endfacet
  facet normal -0.559693 0.181542 0.808571
    outer loop
      vertex 37.6938 -73.8462 1.55897
      vertex 37.7432 -73.6939 1.55897
      vertex 37.5048 -73.7714 1.41135
    endloop
  endfacet
  facet normal -0.453204 0.624009 0.636568
    outer loop
      vertex 34.6178 -78.0764 1.92443
      vertex 34.7822 -77.957 1.92443
      vertex 34.532 -77.9413 1.73091
    endloop
  endfacet
  facet normal -0.651007 0.413073 0.636837
    outer loop
      vertex 36.8426 -75.7715 1.73091
      vertex 37.4432 -75.1233 1.92443
      vertex 37.3136 -75.0292 1.73091
    endloop
  endfacet
  facet normal -0.651105 0.413223 0.636639
    outer loop
      vertex 37.4432 -75.1233 1.92443
      vertex 36.8426 -75.7715 1.73091
      vertex 36.9721 -75.8656 1.92443
    endloop
  endfacet
  facet normal -0.65121 0.53819 0.535049
    outer loop
      vertex 36.3172 -76.7323 2
      vertex 36.3672 -76.6718 2
      vertex 36.2823 -76.6994 1.92443
    endloop
  endfacet
  facet normal 0.146217 0.201843 0.968442
    outer loop
      vertex -34.6628 -76.51 1.13543
      vertex -34.7009 -76.4824 1.13543
      vertex -34.8559 -76.6698 1.19789
    endloop
  endfacet
  facet normal 0.330404 0.351619 0.875898
    outer loop
      vertex -35.6456 -76.248 1.29035
      vertex -35.7235 -76.1748 1.29035
      vertex -35.884 -76.3254 1.41135
    endloop
  endfacet
  facet normal 0.146403 0.201625 0.968459
    outer loop
      vertex -34.0819 -77.2321 1.19789
      vertex -33.9516 -77.0267 1.13543
      vertex -34.1447 -77.1865 1.19789
    endloop
  endfacet
  facet normal 0.091758 0.231641 0.968464
    outer loop
      vertex -32.3541 -78.0452 1.19789
      vertex -32.3227 -77.7965 1.13543
      vertex -32.4263 -78.0166 1.19789
    endloop
  endfacet
  facet normal 0.0915069 0.231676 0.96848
    outer loop
      vertex -32.2789 -77.8138 1.13543
      vertex -32.3227 -77.7965 1.13543
      vertex -32.3541 -78.0452 1.19789
    endloop
  endfacet
  facet normal 0.0461289 0.116789 0.992085
    outer loop
      vertex -32.2789 -77.8138 1.13543
      vertex -32.2019 -77.5768 1.10395
      vertex -32.3227 -77.7965 1.13543
    endloop
  endfacet
  facet normal -0.170511 -0.18175 0.968449
    outer loop
      vertex 35.5533 76.0149 1.19789
      vertex 35.4967 76.068 1.19789
      vertex 35.3417 75.8806 1.13543
    endloop
  endfacet
  facet normal 0.0917074 0.357176 0.929524
    outer loop
      vertex -31.4712 -78.5125 1.29035
      vertex -31.4275 -78.2831 1.19789
      vertex -31.5748 -78.4859 1.29035
    endloop
  endfacet
  facet normal 0.0460876 0.36585 0.929532
    outer loop
      vertex -30.4783 -78.403 1.19789
      vertex -30.5553 -78.3933 1.19789
      vertex -30.5991 -78.6227 1.29035
    endloop
  endfacet
  facet normal 0.135736 0.342822 0.929542
    outer loop
      vertex -33.2436 -77.9437 1.29035
      vertex -32.4263 -78.0166 1.19789
      vertex -33.2436 -77.693 1.19789
    endloop
  endfacet
  facet normal 0.135736 0.342822 0.929542
    outer loop
      vertex -32.4263 -78.0166 1.19789
      vertex -33.2436 -77.9437 1.29035
      vertex -32.4263 -78.2673 1.29035
    endloop
  endfacet
  facet normal 0.146447 0.201573 0.968464
    outer loop
      vertex -34.6628 -76.51 1.13543
      vertex -34.1447 -77.1865 1.19789
      vertex -33.9516 -77.0267 1.13543
    endloop
  endfacet
  facet normal 0.146447 0.201573 0.968464
    outer loop
      vertex -34.1447 -77.1865 1.19789
      vertex -34.6628 -76.51 1.13543
      vertex -34.8559 -76.6698 1.19789
    endloop
  endfacet
  facet normal 0.232702 0.422736 0.875867
    outer loop
      vertex -34.2071 -77.68 1.41135
      vertex -34.2071 -77.4293 1.29035
      vertex -34.325 -77.6151 1.41135
    endloop
  endfacet
  facet normal 0.330243 0.351703 0.875925
    outer loop
      vertex -35.6456 -76.248 1.29035
      vertex -35.2432 -76.9272 1.41135
      vertex -35.0048 -76.8497 1.29035
    endloop
  endfacet
  facet normal 0.330345 0.351753 0.875867
    outer loop
      vertex -35.2432 -76.9272 1.41135
      vertex -35.6456 -76.248 1.29035
      vertex -35.884 -76.3254 1.41135
    endloop
  endfacet
  facet normal 0.283811 0.390296 0.875854
    outer loop
      vertex -34.2071 -77.4293 1.29035
      vertex -34.2936 -77.3664 1.29035
      vertex -34.325 -77.6151 1.41135
    endloop
  endfacet
  facet normal 0.402811 0.554347 0.728315
    outer loop
      vertex -35.1451 -77.27 1.55897
      vertex -35.2746 -77.1759 1.55897
      vertex -35.3913 -77.317 1.73091
    endloop
  endfacet
  facet normal -0.0312298 0.121633 0.992084
    outer loop
      vertex 31.3505 -77.7954 1.10395
      vertex 32.2333 -77.8255 1.13543
      vertex 32.2019 -77.5768 1.10395
    endloop
  endfacet
  facet normal -0.0312298 0.121633 0.992084
    outer loop
      vertex 32.2333 -77.8255 1.13543
      vertex 31.3505 -77.7954 1.10395
      vertex 31.3819 -78.0441 1.13543
    endloop
  endfacet
  facet normal 0.192089 0.158751 0.968452
    outer loop
      vertex -35.376 -75.8484 1.13543
      vertex -35.406 -75.8121 1.13543
      vertex -35.5533 -76.0149 1.19789
    endloop
  endfacet
  facet normal 0.527948 0.436748 0.728369
    outer loop
      vertex -36.5924 -75.7872 1.55897
      vertex -36.2823 -76.4488 1.73091
      vertex -36.0321 -76.4645 1.55897
    endloop
  endfacet
  facet normal 0.527948 0.436748 0.728369
    outer loop
      vertex -36.2823 -76.4488 1.73091
      vertex -36.5924 -75.7872 1.55897
      vertex -36.8426 -75.7715 1.73091
    endloop
  endfacet
  facet normal 0.407573 0.258452 0.875835
    outer loop
      vertex -37.0011 -74.8022 1.41135
      vertex -36.8804 -74.5825 1.29035
      vertex -37.0732 -74.6885 1.41135
    endloop
  endfacet
  facet normal -0.0157432 0.124588 0.992084
    outer loop
      vertex 31.3196 -77.8013 1.10395
      vertex 30.5098 -78.1543 1.13543
      vertex 31.3819 -78.0441 1.13543
    endloop
  endfacet
  facet normal -0.0157406 0.124582 0.992084
    outer loop
      vertex 30.5098 -78.1543 1.13543
      vertex 31.3196 -77.8013 1.10395
      vertex 30.4474 -77.9115 1.10395
    endloop
  endfacet
  facet normal 0.0461289 -0.116789 0.992085
    outer loop
      vertex -32.2019 77.5768 1.10395
      vertex -32.2789 77.8138 1.13543
      vertex -32.3227 77.7965 1.13543
    endloop
  endfacet
  facet normal 0.0738141 0.1016 0.992083
    outer loop
      vertex -34.6628 -76.51 1.13543
      vertex -33.8181 -76.8163 1.10395
      vertex -34.5293 -76.2996 1.10395
    endloop
  endfacet
  facet normal 0.0738141 0.1016 0.992083
    outer loop
      vertex -33.8181 -76.8163 1.10395
      vertex -34.6628 -76.51 1.13543
      vertex -33.9516 -77.0267 1.13543
    endloop
  endfacet
  facet normal 0.0970865 -0.0795791 0.992089
    outer loop
      vertex -35.7647 74.9883 1.10395
      vertex -35.7547 75.0005 1.10395
      vertex -35.9663 75.1348 1.13543
    endloop
  endfacet
  facet normal -0.0965698 -0.764928 0.636836
    outer loop
      vertex 31.4032 79.1311 1.73091
      vertex 30.7427 79.3756 1.92443
      vertex 30.5311 79.2412 1.73091
    endloop
  endfacet
  facet normal -0.0966618 -0.765049 0.636676
    outer loop
      vertex 30.7427 79.3756 1.92443
      vertex 31.4032 79.1311 1.73091
      vertex 31.6149 79.2654 1.92443
    endloop
  endfacet
  facet normal 0.0963897 -0.765046 0.636721
    outer loop
      vertex -30.5311 79.2412 1.73091
      vertex -30.5411 79.401 1.92443
      vertex -30.7427 79.3756 1.92443
    endloop
  endfacet
  facet normal 0.0860688 -0.679943 0.728196
    outer loop
      vertex -31.5506 78.9283 1.55897
      vertex -31.4032 79.1311 1.73091
      vertex -31.5849 79.1081 1.73091
    endloop
  endfacet
  facet normal 0.0968279 -0.76494 0.636781
    outer loop
      vertex -31.5849 79.1081 1.73091
      vertex -31.4032 79.1311 1.73091
      vertex -31.6149 79.2654 1.92443
    endloop
  endfacet
  facet normal -0.209996 -0.818444 0.534838
    outer loop
      vertex 31.6998 79.293 2
      vertex 31.6238 79.3125 2
      vertex 31.6149 79.2654 1.92443
    endloop
  endfacet
  facet normal -0.177715 -0.448708 0.87583
    outer loop
      vertex 32.6194 78.4271 1.41135
      vertex 33.2436 77.9437 1.29035
      vertex 33.4367 78.1034 1.41135
    endloop
  endfacet
  facet normal -0.177618 -0.448601 0.875905
    outer loop
      vertex 33.2436 77.9437 1.29035
      vertex 32.6194 78.4271 1.41135
      vertex 32.4263 78.2673 1.29035
    endloop
  endfacet
  facet normal -0.0604781 -0.478666 0.875912
    outer loop
      vertex 30.6403 78.8389 1.41135
      vertex 31.4712 78.5125 1.29035
      vertex 31.5125 78.7287 1.41135
    endloop
  endfacet
  facet normal -0.0604875 -0.478686 0.8759
    outer loop
      vertex 31.4712 78.5125 1.29035
      vertex 30.6403 78.8389 1.41135
      vertex 30.5991 78.6227 1.29035
    endloop
  endfacet
  facet normal 0.236972 0.0768702 0.968471
    outer loop
      vertex -36.8569 -73.5148 1.13543
      vertex -36.8714 -73.4701 1.13543
      vertex -37.0831 -73.6044 1.19789
    endloop
  endfacet
  facet normal 0.481524 -0.0306875 0.875896
    outer loop
      vertex -37.8516 70.8 1.29035
      vertex -37.8448 70.9067 1.29035
      vertex -38.0717 70.8 1.41135
    endloop
  endfacet
  facet normal 0.587434 -0.0369616 0.808427
    outer loop
      vertex -38.2648 70.9598 1.55897
      vertex -38.0165 71.6773 1.41135
      vertex -38.2096 71.8371 1.55897
    endloop
  endfacet
  facet normal 0.587434 -0.0369616 0.808427
    outer loop
      vertex -38.0165 71.6773 1.41135
      vertex -38.2648 70.9598 1.55897
      vertex -38.0717 70.8 1.41135
    endloop
  endfacet
  facet normal 0.481394 0.030286 0.875981
    outer loop
      vertex -37.8448 -70.9067 1.29035
      vertex -38.0165 -71.6773 1.41135
      vertex -37.7896 -71.7841 1.29035
    endloop
  endfacet
  facet normal 0.481384 0.0302889 0.875986
    outer loop
      vertex -38.0165 -71.6773 1.41135
      vertex -37.8448 -70.9067 1.29035
      vertex -38.0717 -70.8 1.41135
    endloop
  endfacet
  facet normal 0.473923 0.090271 0.875927
    outer loop
      vertex -37.7696 -71.8891 1.29035
      vertex -37.7896 -71.7841 1.29035
      vertex -38.008 -71.8116 1.41135
    endloop
  endfacet
  facet normal 0.769484 -0.0484084 0.636829
    outer loop
      vertex -38.4027 71.6773 1.73091
      vertex -38.3912 71.8601 1.73091
      vertex -38.5501 71.8801 1.92443
    endloop
  endfacet
  facet normal 0.481459 0.0304721 0.875939
    outer loop
      vertex -38.008 -71.8116 1.41135
      vertex -37.7896 -71.7841 1.29035
      vertex -38.0165 -71.6773 1.41135
    endloop
  endfacet
  facet normal 0.684013 0.0430315 0.728199
    outer loop
      vertex -38.3912 -71.8601 1.73091
      vertex -38.2096 -71.8371 1.55897
      vertex -38.4027 -71.6773 1.73091
    endloop
  endfacet
  facet normal 0.842932 0.0529658 0.535407
    outer loop
      vertex -38.6578 -70.9305 2
      vertex -38.618 -70.8 1.92443
      vertex -38.666 -70.8 2
    endloop
  endfacet
  facet normal 0.843079 0.0527964 0.535192
    outer loop
      vertex -38.618 -70.8 1.92443
      vertex -38.6578 -70.9305 2
      vertex -38.6053 -71.0028 1.92443
    endloop
  endfacet
  facet normal 0.733341 -0.23825 0.636748
    outer loop
      vertex -38.1922 72.9034 1.73091
      vertex -38.2845 73.1365 1.92443
      vertex -38.3473 72.9432 1.92443
    endloop
  endfacet
  facet normal 0.481394 -0.030286 0.875981
    outer loop
      vertex -38.0165 71.6773 1.41135
      vertex -37.8448 70.9067 1.29035
      vertex -37.7896 71.7841 1.29035
    endloop
  endfacet
  facet normal 0.481384 -0.0302889 0.875986
    outer loop
      vertex -37.8448 70.9067 1.29035
      vertex -38.0165 71.6773 1.41135
      vertex -38.0717 70.8 1.41135
    endloop
  endfacet
  facet normal 0.362244 -0.0689309 0.929531
    outer loop
      vertex -37.3932 72.6183 1.19789
      vertex -37.3787 72.6945 1.19789
      vertex -37.6049 72.7526 1.29035
    endloop
  endfacet
  facet normal 0.244787 -0.0465801 0.968457
    outer loop
      vertex -37.1431 72.634 1.13543
      vertex -37.3787 72.6945 1.19789
      vertex -37.3932 72.6183 1.19789
    endloop
  endfacet
  facet normal 0.119454 -0.0387491 0.992083
    outer loop
      vertex -36.6252 73.4231 1.10395
      vertex -36.8569 73.5148 1.13543
      vertex -36.8714 73.4701 1.13543
    endloop
  endfacet
  facet normal -0.252369 0.268723 0.929569
    outer loop
      vertex 34.8559 -76.6698 1.19789
      vertex 35.6456 -76.248 1.29035
      vertex 35.4967 -76.068 1.19789
    endloop
  endfacet
  facet normal -0.252413 0.268816 0.92953
    outer loop
      vertex 35.6456 -76.248 1.29035
      vertex 34.8559 -76.6698 1.19789
      vertex 35.0048 -76.8497 1.29035
    endloop
  endfacet
  facet normal 0.106022 -0.0672817 0.992085
    outer loop
      vertex -36.4373 74.3926 1.13543
      vertex -35.7647 74.9883 1.10395
      vertex -35.9663 75.1348 1.13543
    endloop
  endfacet
  facet normal 0.106022 -0.0672817 0.992085
    outer loop
      vertex -35.7647 74.9883 1.10395
      vertex -36.4373 74.3926 1.13543
      vertex -36.2357 74.2461 1.10395
    endloop
  endfacet
  facet normal -0.0970865 0.0795791 0.992089
    outer loop
      vertex 35.9663 -75.1348 1.13543
      vertex 35.7647 -74.9883 1.10395
      vertex 35.7547 -75.0005 1.10395
    endloop
  endfacet
  facet normal 0.368114 -0.0234599 0.929485
    outer loop
      vertex -37.6132 70.8775 1.19789
      vertex -37.8448 70.9067 1.29035
      vertex -37.8516 70.8 1.29035
    endloop
  endfacet
  facet normal 0.36814 -0.0231609 0.929482
    outer loop
      vertex -37.8448 70.9067 1.29035
      vertex -37.558 71.7548 1.19789
      vertex -37.7896 71.7841 1.29035
    endloop
  endfacet
  facet normal 0.368148 -0.023164 0.929478
    outer loop
      vertex -37.558 71.7548 1.19789
      vertex -37.8448 70.9067 1.29035
      vertex -37.6132 70.8775 1.19789
    endloop
  endfacet
  facet normal 0.578722 -0.615364 0.535171
    outer loop
      vertex -36.2823 76.6994 1.92443
      vertex -36.2601 76.786 2
      vertex -36.3172 76.7323 2
    endloop
  endfacet
  facet normal 0.651032 -0.413106 0.63679
    outer loop
      vertex -37.4117 74.8746 1.73091
      vertex -37.3136 75.0292 1.73091
      vertex -37.552 74.9518 1.92443
    endloop
  endfacet
  facet normal 0.0967824 -0.0799855 0.992086
    outer loop
      vertex -35.1943 75.6778 1.10395
      vertex -35.376 75.8484 1.13543
      vertex -35.406 75.8121 1.13543
    endloop
  endfacet
  facet normal 0.333592 -0.156982 0.929555
    outer loop
      vertex -37.2547 73.7871 1.29035
      vertex -36.6757 74.47 1.19789
      vertex -36.8804 74.5825 1.29035
    endloop
  endfacet
  facet normal 0.333592 -0.156982 0.929555
    outer loop
      vertex -36.6757 74.47 1.19789
      vertex -37.2547 73.7871 1.29035
      vertex -37.05 73.6746 1.19789
    endloop
  endfacet
  facet normal 0.697601 -0.328506 0.636739
    outer loop
      vertex -37.4897 74.709 1.73091
      vertex -37.552 74.9518 1.92443
      vertex -37.6386 74.7679 1.92443
    endloop
  endfacet
  facet normal 0.651105 -0.413223 0.636639
    outer loop
      vertex -37.4432 75.1233 1.92443
      vertex -36.8426 75.7715 1.73091
      vertex -36.9721 75.8656 1.92443
    endloop
  endfacet
  facet normal 0.651007 -0.413073 0.636837
    outer loop
      vertex -36.8426 75.7715 1.73091
      vertex -37.4432 75.1233 1.92443
      vertex -37.3136 75.0292 1.73091
    endloop
  endfacet
  facet normal 0.225293 -0.1063 0.968475
    outer loop
      vertex -36.8569 73.5148 1.13543
      vertex -36.8368 73.5574 1.13543
      vertex -37.05 73.6746 1.19789
    endloop
  endfacet
  facet normal 0.236972 -0.0768702 0.968471
    outer loop
      vertex -36.8714 73.4701 1.13543
      vertex -36.8569 73.5148 1.13543
      vertex -37.0831 73.6044 1.19789
    endloop
  endfacet
  facet normal 0.350818 -0.113723 0.929513
    outer loop
      vertex -37.0831 73.6044 1.19789
      vertex -37.3002 73.6904 1.29035
      vertex -37.3332 73.5886 1.29035
    endloop
  endfacet
  facet normal 0.527917 -0.562129 0.636643
    outer loop
      vertex -35.6415 77.3012 1.92443
      vertex -36.0321 76.7152 1.73091
      vertex -35.3913 77.317 1.73091
    endloop
  endfacet
  facet normal 0.527917 -0.562129 0.636643
    outer loop
      vertex -36.0321 76.7152 1.73091
      vertex -35.6415 77.3012 1.92443
      vertex -36.2823 76.6994 1.92443
    endloop
  endfacet
  facet normal 0.283891 -0.717096 0.636537
    outer loop
      vertex -33.431 78.5204 1.73091
      vertex -32.852 78.9214 1.92443
      vertex -33.6694 78.5978 1.92443
    endloop
  endfacet
  facet normal 0.283891 -0.717096 0.636537
    outer loop
      vertex -32.852 78.9214 1.92443
      vertex -33.431 78.5204 1.73091
      vertex -32.6136 78.844 1.73091
    endloop
  endfacet
  facet normal 0 0.844622 0.535363
    outer loop
      vertex 30.5411 -79.401 1.92443
      vertex -4 -79.4489 2
      vertex 30.5441 -79.4489 2
    endloop
  endfacet
  facet normal 0 0.844622 0.535363
    outer loop
      vertex -4 -79.4489 2
      vertex 30.5411 -79.401 1.92443
      vertex -4 -79.401 1.92443
    endloop
  endfacet
  facet normal -0 0.844622 0.535363
    outer loop
      vertex -30.5411 -79.401 1.92443
      vertex -6 -79.4489 2
      vertex -6 -79.401 1.92443
    endloop
  endfacet
  facet normal 0 0.844622 0.535363
    outer loop
      vertex -6 -79.4489 2
      vertex -30.5411 -79.401 1.92443
      vertex -30.5441 -79.4489 2
    endloop
  endfacet
  facet normal -0.210062 0.818244 0.535118
    outer loop
      vertex 32.4663 -79.0468 1.92443
      vertex 31.6998 -79.293 2
      vertex 32.5513 -79.0744 2
    endloop
  endfacet
  facet normal -0.210114 0.818349 0.534936
    outer loop
      vertex 31.6998 -79.293 2
      vertex 32.4663 -79.0468 1.92443
      vertex 31.6149 -79.2654 1.92443
    endloop
  endfacet
  facet normal -0.252301 0.637117 0.728304
    outer loop
      vertex 33.6012 -78.453 1.73091
      vertex 33.5233 -78.2873 1.55897
      vertex 33.431 -78.5204 1.73091
    endloop
  endfacet
  facet normal -0.47395 -0.0903991 0.875899
    outer loop
      vertex 37.8433 72.6751 1.41135
      vertex 37.7696 71.8891 1.29035
      vertex 38.008 71.8116 1.41135
    endloop
  endfacet
  facet normal -0.47395 -0.0903991 0.875899
    outer loop
      vertex 37.7696 71.8891 1.29035
      vertex 37.8433 72.6751 1.41135
      vertex 37.6049 72.7526 1.29035
    endloop
  endfacet
  facet normal -0.362244 -0.0689309 0.929531
    outer loop
      vertex 37.3932 72.6183 1.19789
      vertex 37.6049 72.7526 1.29035
      vertex 37.3787 72.6945 1.19789
    endloop
  endfacet
  facet normal -0.473938 -0.0903422 0.875912
    outer loop
      vertex 37.8433 72.6751 1.41135
      vertex 37.8181 72.8073 1.41135
      vertex 37.6049 72.7526 1.29035
    endloop
  endfacet
  facet normal -0.651796 -0.211899 0.72819
    outer loop
      vertex 38.1922 72.9034 1.73091
      vertex 38.1356 73.0775 1.73091
      vertex 38.0149 72.8579 1.55897
    endloop
  endfacet
  facet normal -0.578073 -0.110259 0.808502
    outer loop
      vertex 38.0449 72.7006 1.55897
      vertex 38.008 71.8116 1.41135
      vertex 38.2096 71.8371 1.55897
    endloop
  endfacet
  facet normal -0.578073 -0.110259 0.808502
    outer loop
      vertex 38.008 71.8116 1.41135
      vertex 38.0449 72.7006 1.55897
      vertex 37.8433 72.6751 1.41135
    endloop
  endfacet
  facet normal -0.368114 -0.0234599 0.929485
    outer loop
      vertex 37.8516 70.8 1.29035
      vertex 37.8448 70.9067 1.29035
      vertex 37.6132 70.8775 1.19789
    endloop
  endfacet
  facet normal -0.36793 -0.0227879 0.929574
    outer loop
      vertex 37.618 70.8 1.19789
      vertex 37.8516 70.8 1.29035
      vertex 37.6132 70.8775 1.19789
    endloop
  endfacet
  facet normal -0.587318 0.037172 0.808502
    outer loop
      vertex 38.2096 -71.8371 1.55897
      vertex 38.0165 -71.6773 1.41135
      vertex 38.008 -71.8116 1.41135
    endloop
  endfacet
  facet normal -0.123325 -0.0238693 0.992079
    outer loop
      vertex 37.0694 71.6931 1.10395
      vertex 37.3166 71.7243 1.13543
      vertex 37.0664 71.7086 1.10395
    endloop
  endfacet
  facet normal -0.2447 -0.0467014 0.968473
    outer loop
      vertex 37.3932 72.6183 1.19789
      vertex 37.3078 71.7705 1.13543
      vertex 37.558 71.7548 1.19789
    endloop
  endfacet
  facet normal -0.244792 -0.0466905 0.968451
    outer loop
      vertex 37.3078 71.7705 1.13543
      vertex 37.3932 72.6183 1.19789
      vertex 37.1431 72.634 1.13543
    endloop
  endfacet
  facet normal -0.0619257 -0.241285 0.968476
    outer loop
      vertex 31.5027 78.2638 1.19789
      vertex 31.4275 78.2831 1.19789
      vertex 31.3819 78.0441 1.13543
    endloop
  endfacet
  facet normal -0.683915 -0.0427982 0.728305
    outer loop
      vertex 38.2748 70.8 1.55897
      vertex 38.4579 70.8 1.73091
      vertex 38.2648 70.9598 1.55897
    endloop
  endfacet
  facet normal -0.684016 -0.0430385 0.728196
    outer loop
      vertex 38.4027 71.6773 1.73091
      vertex 38.2648 70.9598 1.55897
      vertex 38.4579 70.8 1.73091
    endloop
  endfacet
  facet normal -0.684016 -0.0430385 0.728196
    outer loop
      vertex 38.2648 70.9598 1.55897
      vertex 38.4027 71.6773 1.73091
      vertex 38.2096 71.8371 1.55897
    endloop
  endfacet
  facet normal -0.684013 -0.0430315 0.728199
    outer loop
      vertex 38.4027 71.6773 1.73091
      vertex 38.3912 71.8601 1.73091
      vertex 38.2096 71.8371 1.55897
    endloop
  endfacet
  facet normal -0.75739 0.144572 0.636757
    outer loop
      vertex 38.3473 -72.9432 1.92443
      vertex 38.3854 -72.7436 1.92443
      vertex 38.1922 -72.9034 1.73091
    endloop
  endfacet
  facet normal -0.76948 0.0484159 0.636834
    outer loop
      vertex 38.4027 -71.6773 1.73091
      vertex 38.6053 -71.0028 1.92443
      vertex 38.4579 -70.8 1.73091
    endloop
  endfacet
  facet normal -0.76948 0.0484159 0.636834
    outer loop
      vertex 38.6053 -71.0028 1.92443
      vertex 38.4027 -71.6773 1.73091
      vertex 38.5501 -71.8801 1.92443
    endloop
  endfacet
  facet normal -0.769484 0.0484084 0.636829
    outer loop
      vertex 38.5501 -71.8801 1.92443
      vertex 38.4027 -71.6773 1.73091
      vertex 38.3912 -71.8601 1.73091
    endloop
  endfacet
  facet normal -0.684542 0 0.728973
    outer loop
      vertex 38.2748 70.8 1.55897
      vertex 38.4579 -70.8 1.73091
      vertex 38.4579 70.8 1.73091
    endloop
  endfacet
  facet normal -0.684542 0 0.728973
    outer loop
      vertex 38.4579 -70.8 1.73091
      vertex 38.2748 70.8 1.55897
      vertex 38.2748 -70.8 1.55897
    endloop
  endfacet
  facet normal -0.481459 0.0304721 0.875939
    outer loop
      vertex 38.008 -71.8116 1.41135
      vertex 38.0165 -71.6773 1.41135
      vertex 37.7896 -71.7841 1.29035
    endloop
  endfacet
  facet normal -0.684016 0.0430385 0.728196
    outer loop
      vertex 38.2648 -70.9598 1.55897
      vertex 38.4027 -71.6773 1.73091
      vertex 38.4579 -70.8 1.73091
    endloop
  endfacet
  facet normal -0.684016 0.0430385 0.728196
    outer loop
      vertex 38.4027 -71.6773 1.73091
      vertex 38.2648 -70.9598 1.55897
      vertex 38.2096 -71.8371 1.55897
    endloop
  endfacet
  facet normal -0.651796 0.211899 0.72819
    outer loop
      vertex 38.1356 -73.0775 1.73091
      vertex 38.1922 -72.9034 1.73091
      vertex 38.0149 -72.8579 1.55897
    endloop
  endfacet
  facet normal -0.651845 0.21185 0.72816
    outer loop
      vertex 37.7432 -73.6939 1.55897
      vertex 38.1356 -73.0775 1.73091
      vertex 38.0149 -72.8579 1.55897
    endloop
  endfacet
  facet normal -0.651684 0.211694 0.72835
    outer loop
      vertex 38.1356 -73.0775 1.73091
      vertex 37.7432 -73.6939 1.55897
      vertex 37.864 -73.9136 1.73091
    endloop
  endfacet
  facet normal -0.458854 0.149127 0.875908
    outer loop
      vertex 37.7765 -72.9353 1.41135
      vertex 37.8181 -72.8073 1.41135
      vertex 37.6049 -72.7526 1.29035
    endloop
  endfacet
  facet normal -0.559686 0.181898 0.808496
    outer loop
      vertex 38.0149 -72.8579 1.55897
      vertex 37.8181 -72.8073 1.41135
      vertex 37.7765 -72.9353 1.41135
    endloop
  endfacet
  facet normal -0.843079 -0.0527964 0.535192
    outer loop
      vertex 38.618 70.8 1.92443
      vertex 38.6578 70.9305 2
      vertex 38.6053 71.0028 1.92443
    endloop
  endfacet
  facet normal -0.842932 -0.0529658 0.535407
    outer loop
      vertex 38.6578 70.9305 2
      vertex 38.618 70.8 1.92443
      vertex 38.666 70.8 2
    endloop
  endfacet
  facet normal -0.769605 -0.0481952 0.636698
    outer loop
      vertex 38.618 70.8 1.92443
      vertex 38.6053 71.0028 1.92443
      vertex 38.4579 70.8 1.73091
    endloop
  endfacet
  facet normal -0.733481 -0.238381 0.636537
    outer loop
      vertex 37.864 73.9136 1.73091
      vertex 38.2845 73.1365 1.92443
      vertex 38.0128 73.9725 1.92443
    endloop
  endfacet
  facet normal -0.733284 -0.238201 0.636832
    outer loop
      vertex 38.2845 73.1365 1.92443
      vertex 37.864 73.9136 1.73091
      vertex 38.1356 73.0775 1.73091
    endloop
  endfacet
  facet normal -0.468885 -0.49957 0.728407
    outer loop
      vertex 36.1656 76.5899 1.73091
      vertex 36.0321 76.7152 1.73091
      vertex 36.0321 76.4645 1.55897
    endloop
  endfacet
  facet normal -0.527826 -0.562369 0.636506
    outer loop
      vertex 36.1656 76.5899 1.73091
      vertex 36.2823 76.6994 1.92443
      vertex 36.0321 76.7152 1.73091
    endloop
  endfacet
  facet normal -0.650918 -0.537911 0.535684
    outer loop
      vertex 36.8426 76.0221 1.92443
      vertex 37.0109 75.8937 2
      vertex 36.9276 75.9945 2
    endloop
  endfacet
  facet normal -0.651089 -0.53876 0.534622
    outer loop
      vertex 37.0109 75.8937 2
      vertex 36.8426 76.0221 1.92443
      vertex 36.9721 75.8656 1.92443
    endloop
  endfacet
  facet normal -0.0619108 0.241293 0.968475
    outer loop
      vertex 32.3541 -78.0452 1.19789
      vertex 32.2789 -77.8138 1.13543
      vertex 32.2333 -77.8255 1.13543
    endloop
  endfacet
  facet normal -0.284238 -0.23491 0.92953
    outer loop
      vertex 36.352 75.415 1.29035
      vertex 36.2839 75.4974 1.29035
      vertex 36.1136 75.3376 1.19789
    endloop
  endfacet
  facet normal -0.284129 -0.235055 0.929527
    outer loop
      vertex 35.5533 76.0149 1.19789
      vertex 36.2839 75.4974 1.29035
      vertex 35.7235 76.1748 1.29035
    endloop
  endfacet
  facet normal -0.284119 -0.235039 0.929534
    outer loop
      vertex 36.2839 75.4974 1.29035
      vertex 35.5533 76.0149 1.19789
      vertex 36.1136 75.3376 1.19789
    endloop
  endfacet
  facet normal -0.0967824 0.0799855 0.992086
    outer loop
      vertex 35.376 -75.8484 1.13543
      vertex 35.406 -75.8121 1.13543
      vertex 35.1943 -75.6778 1.10395
    endloop
  endfacet
  facet normal -0.0736674 -0.101693 0.992084
    outer loop
      vertex 34.7009 76.4824 1.13543
      vertex 34.6628 76.51 1.13543
      vertex 34.5293 76.2996 1.10395
    endloop
  endfacet
  facet normal -0.407322 -0.258467 0.875947
    outer loop
      vertex 36.4093 75.3247 1.29035
      vertex 36.5301 75.5444 1.41135
      vertex 36.352 75.415 1.29035
    endloop
  endfacet
  facet normal -0.402903 -0.429013 0.808466
    outer loop
      vertex 35.3913 77.0663 1.55897
      vertex 35.884 76.3254 1.41135
      vertex 36.0321 76.4645 1.55897
    endloop
  endfacet
  facet normal -0.402903 -0.429013 0.808466
    outer loop
      vertex 35.884 76.3254 1.41135
      vertex 35.3913 77.0663 1.55897
      vertex 35.2432 76.9272 1.41135
    endloop
  endfacet
  facet normal 0.0312298 0.121633 0.992084
    outer loop
      vertex -32.2333 -77.8255 1.13543
      vertex -31.3505 -77.7954 1.10395
      vertex -32.2019 -77.5768 1.10395
    endloop
  endfacet
  facet normal 0.0312298 0.121633 0.992084
    outer loop
      vertex -31.3505 -77.7954 1.10395
      vertex -32.2333 -77.8255 1.13543
      vertex -31.3819 -78.0441 1.13543
    endloop
  endfacet
  facet normal -0.225494 -0.106113 0.968448
    outer loop
      vertex 36.4626 74.3528 1.13543
      vertex 37.05 73.6746 1.19789
      vertex 36.6757 74.47 1.19789
    endloop
  endfacet
  facet normal -0.225428 -0.106054 0.96847
    outer loop
      vertex 37.05 73.6746 1.19789
      vertex 36.4626 74.3528 1.13543
      vertex 36.8368 73.5574 1.13543
    endloop
  endfacet
  facet normal -0.333592 -0.156982 0.929555
    outer loop
      vertex 36.6757 74.47 1.19789
      vertex 37.2547 73.7871 1.29035
      vertex 36.8804 74.5825 1.29035
    endloop
  endfacet
  facet normal -0.333592 -0.156982 0.929555
    outer loop
      vertex 37.2547 73.7871 1.29035
      vertex 36.6757 74.47 1.19789
      vertex 37.05 73.6746 1.19789
    endloop
  endfacet
  facet normal -0.532484 -0.250577 0.8085
    outer loop
      vertex 37.1305 74.5668 1.41135
      vertex 37.6256 73.991 1.55897
      vertex 37.2513 74.7864 1.55897
    endloop
  endfacet
  facet normal -0.532484 -0.250577 0.8085
    outer loop
      vertex 37.6256 73.991 1.55897
      vertex 37.1305 74.5668 1.41135
      vertex 37.5048 73.7714 1.41135
    endloop
  endfacet
  facet normal -0.532381 -0.250661 0.808541
    outer loop
      vertex 37.1305 74.5668 1.41135
      vertex 37.2513 74.7864 1.55897
      vertex 37.0732 74.6885 1.41135
    endloop
  endfacet
  facet normal -0.697716 -0.328244 0.636748
    outer loop
      vertex 37.4897 74.709 1.73091
      vertex 38.0128 73.9725 1.92443
      vertex 37.6386 74.7679 1.92443
    endloop
  endfacet
  facet normal -0.697844 -0.328392 0.636531
    outer loop
      vertex 38.0128 73.9725 1.92443
      vertex 37.4897 74.709 1.73091
      vertex 37.864 73.9136 1.73091
    endloop
  endfacet
  facet normal -0.764144 -0.359483 0.53559
    outer loop
      vertex 37.552 74.9518 1.92443
      vertex 37.6498 74.8565 2
      vertex 37.5941 74.9749 2
    endloop
  endfacet
  facet normal -0.76423 -0.359882 0.535198
    outer loop
      vertex 37.6498 74.8565 2
      vertex 37.552 74.9518 1.92443
      vertex 37.6386 74.7679 1.92443
    endloop
  endfacet
  facet normal 0.407016 0.740318 0.535039
    outer loop
      vertex -34.4397 -78.1743 1.92443
      vertex -33.6898 -78.6412 2
      vertex -33.6694 -78.5978 1.92443
    endloop
  endfacet
  facet normal 0.407016 0.740318 0.535039
    outer loop
      vertex -33.6898 -78.6412 2
      vertex -34.4397 -78.1743 1.92443
      vertex -34.4601 -78.2177 2
    endloop
  endfacet
  facet normal 0.65121 0.53819 0.535049
    outer loop
      vertex -36.3172 -76.7323 2
      vertex -36.2823 -76.6994 1.92443
      vertex -36.3672 -76.6718 2
    endloop
  endfacet
  facet normal 0.371576 0.675856 0.636513
    outer loop
      vertex -33.7617 -78.3648 1.73091
      vertex -34.4397 -78.1743 1.92443
      vertex -33.6694 -78.5978 1.92443
    endloop
  endfacet
  facet normal 0.371576 0.675856 0.636513
    outer loop
      vertex -34.4397 -78.1743 1.92443
      vertex -33.7617 -78.3648 1.73091
      vertex -34.532 -77.9413 1.73091
    endloop
  endfacet
  facet normal 0.330113 0.600439 0.728353
    outer loop
      vertex -34.2936 -77.8638 1.55897
      vertex -33.7617 -78.3648 1.73091
      vertex -33.5233 -78.2873 1.55897
    endloop
  endfacet
  facet normal 0.330113 0.600439 0.728353
    outer loop
      vertex -33.7617 -78.3648 1.73091
      vertex -34.2936 -77.8638 1.55897
      vertex -34.532 -77.9413 1.73091
    endloop
  endfacet
  facet normal 0.191661 0.746848 0.636777
    outer loop
      vertex -31.6149 -79.2654 1.92443
      vertex -31.5849 -79.1081 1.73091
      vertex -31.7622 -79.0626 1.73091
    endloop
  endfacet
  facet normal 0.146458 0.570092 0.808422
    outer loop
      vertex -32.3639 -78.5101 1.41135
      vertex -32.4943 -78.4766 1.41135
      vertex -32.5571 -78.6698 1.55897
    endloop
  endfacet
  facet normal 0.0856368 0.679956 0.728235
    outer loop
      vertex -30.5311 -79.2412 1.73091
      vertex -30.5196 -79.0585 1.55897
      vertex -30.6784 -79.0385 1.55897
    endloop
  endfacet
  facet normal -0.170611 0.181667 0.968447
    outer loop
      vertex 34.7009 -76.4824 1.13543
      vertex 35.4967 -76.068 1.19789
      vertex 35.3417 -75.8806 1.13543
    endloop
  endfacet
  facet normal -0.170611 0.181667 0.968447
    outer loop
      vertex 35.4967 -76.068 1.19789
      vertex 34.7009 -76.4824 1.13543
      vertex 34.8559 -76.6698 1.19789
    endloop
  endfacet
  facet normal -0.0151913 -0.124729 0.992075
    outer loop
      vertex 31.3352 77.7994 1.10395
      vertex 31.3819 78.0441 1.13543
      vertex 31.3196 77.8013 1.10395
    endloop
  endfacet
  facet normal -0.236989 0.0770123 0.968455
    outer loop
      vertex 36.8714 -73.4701 1.13543
      vertex 37.3547 -72.7683 1.19789
      vertex 37.1431 -72.634 1.13543
    endloop
  endfacet
  facet normal -0.236917 0.0769604 0.968477
    outer loop
      vertex 37.3547 -72.7683 1.19789
      vertex 36.8714 -73.4701 1.13543
      vertex 37.0831 -73.6044 1.19789
    endloop
  endfacet
  facet normal -0.236972 0.0768702 0.968471
    outer loop
      vertex 37.0831 -73.6044 1.19789
      vertex 36.8714 -73.4701 1.13543
      vertex 36.8569 -73.5148 1.13543
    endloop
  endfacet
  facet normal 0.210413 -0.133433 0.968464
    outer loop
      vertex -35.9663 75.1348 1.13543
      vertex -36.1631 75.2778 1.19789
      vertex -36.2047 75.2122 1.19789
    endloop
  endfacet
  facet normal 0.119443 -0.0388048 0.992082
    outer loop
      vertex -36.8714 73.4701 1.13543
      vertex -36.8968 72.5871 1.10395
      vertex -36.6252 73.4231 1.10395
    endloop
  endfacet
  facet normal 0.119411 -0.038804 0.992086
    outer loop
      vertex -36.8968 72.5871 1.10395
      vertex -36.8714 73.4701 1.13543
      vertex -37.1431 72.634 1.13543
    endloop
  endfacet
  facet normal 0.125337 -0.00793271 0.992083
    outer loop
      vertex -37.0704 71.6773 1.10395
      vertex -37.0694 71.6931 1.10395
      vertex -37.3166 71.7243 1.13543
    endloop
  endfacet
  facet normal 0.0312298 -0.121633 0.992084
    outer loop
      vertex -32.2333 77.8255 1.13543
      vertex -31.3505 77.7954 1.10395
      vertex -31.3819 78.0441 1.13543
    endloop
  endfacet
  facet normal 0.0312298 -0.121633 0.992084
    outer loop
      vertex -31.3505 77.7954 1.10395
      vertex -32.2333 77.8255 1.13543
      vertex -32.2019 77.5768 1.10395
    endloop
  endfacet
  facet normal -0.113649 0.0534811 0.99208
    outer loop
      vertex 36.2509 -74.2185 1.10395
      vertex 36.8368 -73.5574 1.13543
      vertex 36.6252 -73.4231 1.10395
    endloop
  endfacet
  facet normal -0.113615 0.053451 0.992086
    outer loop
      vertex 36.8368 -73.5574 1.13543
      vertex 36.2509 -74.2185 1.10395
      vertex 36.4626 -74.3528 1.13543
    endloop
  endfacet
  facet normal 0.311488 0.197529 0.929493
    outer loop
      vertex -36.1631 -75.2778 1.19789
      vertex -36.2047 -75.2122 1.19789
      vertex -36.352 -75.415 1.29035
    endloop
  endfacet
  facet normal 0.0738141 -0.1016 0.992083
    outer loop
      vertex -34.6628 76.51 1.13543
      vertex -33.8181 76.8163 1.10395
      vertex -33.9516 77.0267 1.13543
    endloop
  endfacet
  facet normal 0.0738141 -0.1016 0.992083
    outer loop
      vertex -33.8181 76.8163 1.10395
      vertex -34.6628 76.51 1.13543
      vertex -34.5293 76.2996 1.10395
    endloop
  endfacet
  facet normal -0.311488 0.197529 0.929493
    outer loop
      vertex 36.352 -75.415 1.29035
      vertex 36.2047 -75.2122 1.19789
      vertex 36.1631 -75.2778 1.19789
    endloop
  endfacet
  facet normal -0.311279 0.197579 0.929553
    outer loop
      vertex 36.6757 -74.47 1.19789
      vertex 36.4093 -75.3247 1.29035
      vertex 36.8804 -74.5825 1.29035
    endloop
  endfacet
  facet normal -0.311394 0.19761 0.929508
    outer loop
      vertex 36.4093 -75.3247 1.29035
      vertex 36.6757 -74.47 1.19789
      vertex 36.2047 -75.2122 1.19789
    endloop
  endfacet
  facet normal -0.496922 0.315347 0.808471
    outer loop
      vertex 36.5301 -75.5444 1.41135
      vertex 37.1655 -74.9216 1.55897
      vertex 37.0011 -74.8022 1.41135
    endloop
  endfacet
  facet normal -0.496922 0.315347 0.808471
    outer loop
      vertex 37.1655 -74.9216 1.55897
      vertex 36.5301 -75.5444 1.41135
      vertex 36.6945 -75.6638 1.55897
    endloop
  endfacet
  facet normal -0.210387 0.133511 0.968459
    outer loop
      vertex 36.4373 -74.3926 1.13543
      vertex 36.2047 -75.2122 1.19789
      vertex 36.6757 -74.47 1.19789
    endloop
  endfacet
  facet normal -0.210387 0.133511 0.968459
    outer loop
      vertex 36.2047 -75.2122 1.19789
      vertex 36.4373 -74.3926 1.13543
      vertex 35.9663 -75.1348 1.13543
    endloop
  endfacet
  facet normal -0.436643 0.205476 0.875855
    outer loop
      vertex 37.2547 -73.7871 1.29035
      vertex 37.1305 -74.5668 1.41135
      vertex 37.5048 -73.7714 1.41135
    endloop
  endfacet
  facet normal -0.436643 0.205476 0.875855
    outer loop
      vertex 37.1305 -74.5668 1.41135
      vertex 37.2547 -73.7871 1.29035
      vertex 36.8804 -74.5825 1.29035
    endloop
  endfacet
  facet normal -0.578655 0.367214 0.728225
    outer loop
      vertex 36.6945 -75.6638 1.55897
      vertex 37.3136 -75.0292 1.73091
      vertex 37.1655 -74.9216 1.55897
    endloop
  endfacet
  facet normal -0.578589 0.367123 0.728324
    outer loop
      vertex 37.3136 -75.0292 1.73091
      vertex 36.6945 -75.6638 1.55897
      vertex 36.8426 -75.7715 1.73091
    endloop
  endfacet
  facet normal -0.123325 0.0238693 0.992079
    outer loop
      vertex 37.3166 -71.7243 1.13543
      vertex 37.0694 -71.6931 1.10395
      vertex 37.0664 -71.7086 1.10395
    endloop
  endfacet
  facet normal -0.0859539 0.091525 0.992086
    outer loop
      vertex 34.7009 -76.4824 1.13543
      vertex 34.5535 -76.2796 1.10395
      vertex 34.542 -76.2904 1.10395
    endloop
  endfacet
  facet normal 0.0859539 -0.091525 0.992086
    outer loop
      vertex -34.5535 76.2796 1.10395
      vertex -34.542 76.2904 1.10395
      vertex -34.7009 76.4824 1.13543
    endloop
  endfacet
  facet normal -0.0859346 0.0915391 0.992087
    outer loop
      vertex 35.3417 -75.8806 1.13543
      vertex 35.376 -75.8484 1.13543
      vertex 35.1943 -75.6778 1.10395
    endloop
  endfacet
  facet normal -0.330227 0.35174 0.875916
    outer loop
      vertex 35.1451 -77.0193 1.41135
      vertex 35.2432 -76.9272 1.41135
      vertex 35.0048 -76.8497 1.29035
    endloop
  endfacet
  facet normal -0.697844 0.328392 0.636531
    outer loop
      vertex 37.4897 -74.709 1.73091
      vertex 38.0128 -73.9725 1.92443
      vertex 37.864 -73.9136 1.73091
    endloop
  endfacet
  facet normal -0.697716 0.328244 0.636748
    outer loop
      vertex 38.0128 -73.9725 1.92443
      vertex 37.4897 -74.709 1.73091
      vertex 37.6386 -74.7679 1.92443
    endloop
  endfacet
  facet normal -0.252225 0.63711 0.728336
    outer loop
      vertex 32.7059 -78.6109 1.55897
      vertex 33.431 -78.5204 1.73091
      vertex 33.5233 -78.2873 1.55897
    endloop
  endfacet
  facet normal -0.252225 0.63711 0.728336
    outer loop
      vertex 33.431 -78.5204 1.73091
      vertex 32.7059 -78.6109 1.55897
      vertex 32.6136 -78.844 1.73091
    endloop
  endfacet
  facet normal -0.216581 0.547074 0.808581
    outer loop
      vertex 33.4367 -78.1034 1.41135
      vertex 32.7059 -78.6109 1.55897
      vertex 33.5233 -78.2873 1.55897
    endloop
  endfacet
  facet normal -0.216751 0.547267 0.808404
    outer loop
      vertex 32.7059 -78.6109 1.55897
      vertex 33.4367 -78.1034 1.41135
      vertex 32.6194 -78.4271 1.41135
    endloop
  endfacet
  facet normal -0.402783 0.554401 0.728289
    outer loop
      vertex 35.1451 -77.27 1.55897
      vertex 34.6801 -77.8337 1.73091
      vertex 35.3913 -77.317 1.73091
    endloop
  endfacet
  facet normal -0.402783 0.554401 0.728289
    outer loop
      vertex 34.6801 -77.8337 1.73091
      vertex 35.1451 -77.27 1.55897
      vertex 34.4339 -77.7867 1.55897
    endloop
  endfacet
  facet normal -0.52783 0.56236 0.636511
    outer loop
      vertex 35.4933 -77.4403 1.92443
      vertex 35.6415 -77.3012 1.92443
      vertex 35.3913 -77.317 1.73091
    endloop
  endfacet
  facet normal -0.345907 0.476035 0.808541
    outer loop
      vertex 35.1451 -77.27 1.55897
      vertex 35.2746 -77.1759 1.55897
      vertex 35.0362 -77.0984 1.41135
    endloop
  endfacet
  facet normal -0.594318 0.491545 0.636529
    outer loop
      vertex 36.2823 -76.6994 1.92443
      vertex 36.2823 -76.4488 1.73091
      vertex 36.1656 -76.5899 1.73091
    endloop
  endfacet
  facet normal -0.594131 0.491629 0.636639
    outer loop
      vertex 36.9721 -75.8656 1.92443
      vertex 36.8426 -75.7715 1.73091
      vertex 36.8426 -76.0221 1.92443
    endloop
  endfacet
  facet normal 0.0619479 0.241274 0.968478
    outer loop
      vertex -32.2333 -77.8255 1.13543
      vertex -31.5027 -78.2638 1.19789
      vertex -31.3819 -78.0441 1.13543
    endloop
  endfacet
  facet normal 0.0619479 0.241274 0.968478
    outer loop
      vertex -31.5027 -78.2638 1.19789
      vertex -32.2333 -77.8255 1.13543
      vertex -32.3541 -78.0452 1.19789
    endloop
  endfacet
  facet normal 0.091709 0.357187 0.92952
    outer loop
      vertex -32.3541 -78.0452 1.19789
      vertex -31.5748 -78.4859 1.29035
      vertex -31.5027 -78.2638 1.19789
    endloop
  endfacet
  facet normal 0.0916906 0.357157 0.929533
    outer loop
      vertex -31.5748 -78.4859 1.29035
      vertex -32.3541 -78.0452 1.19789
      vertex -32.4263 -78.2673 1.29035
    endloop
  endfacet
  facet normal 0.135798 0.342819 0.929534
    outer loop
      vertex -32.3541 -78.0452 1.19789
      vertex -32.4263 -78.0166 1.19789
      vertex -32.4263 -78.2673 1.29035
    endloop
  endfacet
  facet normal 0.0157396 0.124583 0.992084
    outer loop
      vertex -30.4631 -78.1602 1.13543
      vertex -30.4474 -77.9115 1.10395
      vertex -30.5098 -78.1543 1.13543
    endloop
  endfacet
  facet normal 0.0604567 0.478691 0.875899
    outer loop
      vertex -30.493 -78.6361 1.29035
      vertex -30.5991 -78.6227 1.29035
      vertex -30.6403 -78.8389 1.41135
    endloop
  endfacet
  facet normal 0.0461985 0.365795 0.929548
    outer loop
      vertex -30.493 -78.6361 1.29035
      vertex -30.4783 -78.403 1.19789
      vertex -30.5991 -78.6227 1.29035
    endloop
  endfacet
  facet normal 0.0604875 0.478686 0.8759
    outer loop
      vertex -31.4712 -78.5125 1.29035
      vertex -30.6403 -78.8389 1.41135
      vertex -30.5991 -78.6227 1.29035
    endloop
  endfacet
  facet normal 0.0604781 0.478666 0.875912
    outer loop
      vertex -30.6403 -78.8389 1.41135
      vertex -31.4712 -78.5125 1.29035
      vertex -31.5125 -78.7287 1.41135
    endloop
  endfacet
  facet normal 0.0602545 0.478808 0.875849
    outer loop
      vertex -30.5068 -78.8557 1.41135
      vertex -30.493 -78.6361 1.29035
      vertex -30.6403 -78.8389 1.41135
    endloop
  endfacet
  facet normal 0.120064 0.467354 0.87588
    outer loop
      vertex -32.3639 -78.5101 1.41135
      vertex -32.4263 -78.2673 1.29035
      vertex -32.4943 -78.4766 1.41135
    endloop
  endfacet
  facet normal 0.177536 0.448682 0.87588
    outer loop
      vertex -32.4943 -78.4766 1.41135
      vertex -32.4263 -78.2673 1.29035
      vertex -32.6194 -78.4271 1.41135
    endloop
  endfacet
  facet normal 0.232401 0.422767 0.875932
    outer loop
      vertex -34.2071 -77.68 1.41135
      vertex -33.4367 -77.8528 1.29035
      vertex -34.2071 -77.4293 1.29035
    endloop
  endfacet
  facet normal 0.232421 0.422902 0.875862
    outer loop
      vertex -33.4367 -77.8528 1.29035
      vertex -34.2071 -77.68 1.41135
      vertex -33.4367 -78.1034 1.41135
    endloop
  endfacet
  facet normal 0.135884 0.342815 0.929523
    outer loop
      vertex -33.2436 -77.9437 1.29035
      vertex -33.2436 -77.693 1.19789
      vertex -33.343 -77.9043 1.29035
    endloop
  endfacet
  facet normal 0.650771 0.538449 0.535322
    outer loop
      vertex -36.3672 -76.6718 2
      vertex -36.8426 -76.0221 1.92443
      vertex -36.9276 -75.9945 2
    endloop
  endfacet
  facet normal 0.651092 0.538619 0.53476
    outer loop
      vertex -36.8426 -76.0221 1.92443
      vertex -36.3672 -76.6718 2
      vertex -36.2823 -76.6994 1.92443
    endloop
  endfacet
  facet normal 0.713255 0.452667 0.535126
    outer loop
      vertex -37.482 -75.1515 2
      vertex -36.9721 -75.8656 1.92443
      vertex -37.4432 -75.1233 1.92443
    endloop
  endfacet
  facet normal 0.713455 0.452855 0.5347
    outer loop
      vertex -36.9721 -75.8656 1.92443
      vertex -37.482 -75.1515 2
      vertex -37.0109 -75.8937 2
    endloop
  endfacet
  facet normal 0.283398 0.515703 0.80854
    outer loop
      vertex -34.2936 -77.8638 1.55897
      vertex -34.325 -77.6151 1.41135
      vertex -34.4339 -77.7867 1.55897
    endloop
  endfacet
  facet normal 0.453456 0.375186 0.808463
    outer loop
      vertex -36.5924 -75.7872 1.55897
      vertex -36.5301 -75.5444 1.41135
      vertex -36.6945 -75.6638 1.55897
    endloop
  endfacet
  facet normal 0.527917 0.562129 0.636643
    outer loop
      vertex -36.0321 -76.7152 1.73091
      vertex -35.6415 -77.3012 1.92443
      vertex -35.3913 -77.317 1.73091
    endloop
  endfacet
  facet normal 0.527917 0.562129 0.636643
    outer loop
      vertex -35.6415 -77.3012 1.92443
      vertex -36.0321 -76.7152 1.73091
      vertex -36.2823 -76.6994 1.92443
    endloop
  endfacet
  facet normal 0.283505 0.515853 0.808406
    outer loop
      vertex -34.2936 -77.8638 1.55897
      vertex -33.4367 -78.1034 1.41135
      vertex -34.2071 -77.68 1.41135
    endloop
  endfacet
  facet normal 0.283462 0.515587 0.808591
    outer loop
      vertex -33.4367 -78.1034 1.41135
      vertex -34.2936 -77.8638 1.55897
      vertex -33.5233 -78.2873 1.55897
    endloop
  endfacet
  facet normal 0.283862 0.515675 0.808394
    outer loop
      vertex -34.2936 -77.8638 1.55897
      vertex -34.2071 -77.68 1.41135
      vertex -34.325 -77.6151 1.41135
    endloop
  endfacet
  facet normal 0.330227 0.35174 0.875916
    outer loop
      vertex -35.1451 -77.0193 1.41135
      vertex -35.0048 -76.8497 1.29035
      vertex -35.2432 -76.9272 1.41135
    endloop
  endfacet
  facet normal 0.283594 0.390347 0.875902
    outer loop
      vertex -35.0362 -77.0984 1.41135
      vertex -34.2936 -77.3664 1.29035
      vertex -35.0048 -76.8497 1.29035
    endloop
  endfacet
  facet normal 0.283594 0.390347 0.875902
    outer loop
      vertex -34.2936 -77.3664 1.29035
      vertex -35.0362 -77.0984 1.41135
      vertex -34.325 -77.6151 1.41135
    endloop
  endfacet
  facet normal 0.177659 0.323142 0.929525
    outer loop
      vertex -34.0139 -77.2695 1.19789
      vertex -33.4367 -77.8528 1.29035
      vertex -33.2436 -77.693 1.19789
    endloop
  endfacet
  facet normal 0.177613 0.3231 0.929549
    outer loop
      vertex -33.4367 -77.8528 1.29035
      vertex -34.0139 -77.2695 1.19789
      vertex -34.2071 -77.4293 1.29035
    endloop
  endfacet
  facet normal 0.252302 0.268932 0.929526
    outer loop
      vertex -35.4967 -76.068 1.19789
      vertex -35.5533 -76.0149 1.19789
      vertex -35.7235 -76.1748 1.29035
    endloop
  endfacet
  facet normal 0.170611 0.181667 0.968447
    outer loop
      vertex -35.4967 -76.068 1.19789
      vertex -34.7009 -76.4824 1.13543
      vertex -35.3417 -75.8806 1.13543
    endloop
  endfacet
  facet normal 0.170611 0.181667 0.968447
    outer loop
      vertex -34.7009 -76.4824 1.13543
      vertex -35.4967 -76.068 1.19789
      vertex -34.8559 -76.6698 1.19789
    endloop
  endfacet
  facet normal 0.191929 0.158871 0.968464
    outer loop
      vertex -36.1136 -75.3376 1.19789
      vertex -35.9663 -75.1348 1.13543
      vertex -36.1631 -75.2778 1.19789
    endloop
  endfacet
  facet normal 0.620018 0.292038 0.728211
    outer loop
      vertex -37.4117 -74.8746 1.73091
      vertex -37.2513 -74.7864 1.55897
      vertex -37.4897 -74.709 1.73091
    endloop
  endfacet
  facet normal 0.0736674 -0.101693 0.992084
    outer loop
      vertex -34.5293 76.2996 1.10395
      vertex -34.6628 76.51 1.13543
      vertex -34.7009 76.4824 1.13543
    endloop
  endfacet
  facet normal 0.146217 -0.201843 0.968442
    outer loop
      vertex -34.7009 76.4824 1.13543
      vertex -34.6628 76.51 1.13543
      vertex -34.8559 76.6698 1.19789
    endloop
  endfacet
  facet normal 0 -0.844622 0.535363
    outer loop
      vertex 30.5411 79.401 1.92443
      vertex -4 79.4489 2
      vertex -4 79.401 1.92443
    endloop
  endfacet
  facet normal 0 -0.844622 0.535363
    outer loop
      vertex -4 79.4489 2
      vertex 30.5411 79.401 1.92443
      vertex 30.5441 79.4489 2
    endloop
  endfacet
  facet normal 0 -0.844622 0.535363
    outer loop
      vertex -30.5411 79.401 1.92443
      vertex -6 79.4489 2
      vertex -30.5441 79.4489 2
    endloop
  endfacet
  facet normal 0 -0.844622 0.535363
    outer loop
      vertex -6 79.4489 2
      vertex -30.5411 79.401 1.92443
      vertex -6 79.401 1.92443
    endloop
  endfacet
  facet normal 0.105586 -0.838223 0.535008
    outer loop
      vertex -30.7427 79.3756 1.92443
      vertex -30.6739 79.4325 2
      vertex -30.7517 79.4227 2
    endloop
  endfacet
  facet normal 0.191761 -0.746868 0.636722
    outer loop
      vertex -31.7622 79.0626 1.73091
      vertex -32.4663 79.0468 1.92443
      vertex -32.6136 78.844 1.73091
    endloop
  endfacet
  facet normal 0.191761 -0.746868 0.636722
    outer loop
      vertex -32.4663 79.0468 1.92443
      vertex -31.7622 79.0626 1.73091
      vertex -31.6149 79.2654 1.92443
    endloop
  endfacet
  facet normal 0.0917074 -0.357176 0.929524
    outer loop
      vertex -31.4275 78.2831 1.19789
      vertex -31.4712 78.5125 1.29035
      vertex -31.5748 78.4859 1.29035
    endloop
  endfacet
  facet normal -0.0461985 -0.365795 0.929548
    outer loop
      vertex 30.5991 78.6227 1.29035
      vertex 30.493 78.6361 1.29035
      vertex 30.4783 78.403 1.19789
    endloop
  endfacet
  facet normal 0.120064 -0.467354 0.87588
    outer loop
      vertex -32.4263 78.2673 1.29035
      vertex -32.3639 78.5101 1.41135
      vertex -32.4943 78.4766 1.41135
    endloop
  endfacet
  facet normal 0.216561 -0.547309 0.808427
    outer loop
      vertex -32.4943 78.4766 1.41135
      vertex -32.5571 78.6698 1.55897
      vertex -32.6194 78.4271 1.41135
    endloop
  endfacet
  facet normal 0.146458 -0.570092 0.808422
    outer loop
      vertex -32.4943 78.4766 1.41135
      vertex -32.3639 78.5101 1.41135
      vertex -32.5571 78.6698 1.55897
    endloop
  endfacet
  facet normal 0.191661 -0.746848 0.636777
    outer loop
      vertex -31.5849 79.1081 1.73091
      vertex -31.6149 79.2654 1.92443
      vertex -31.7622 79.0626 1.73091
    endloop
  endfacet
  facet normal 0.170365 -0.66386 0.728193
    outer loop
      vertex -31.5506 78.9283 1.55897
      vertex -31.5849 79.1081 1.73091
      vertex -31.7622 79.0626 1.73091
    endloop
  endfacet
  facet normal 0 -0.771088 0.636729
    outer loop
      vertex 30.5311 79.2412 1.73091
      vertex -4 79.401 1.92443
      vertex -4 79.2412 1.73091
    endloop
  endfacet
  facet normal 0 -0.771088 0.636729
    outer loop
      vertex -4 79.401 1.92443
      vertex 30.5311 79.2412 1.73091
      vertex 30.5411 79.401 1.92443
    endloop
  endfacet
  facet normal 0 -0.771088 0.636729
    outer loop
      vertex -30.5311 79.2412 1.73091
      vertex -6 79.401 1.92443
      vertex -30.5411 79.401 1.92443
    endloop
  endfacet
  facet normal 0 -0.771088 0.636729
    outer loop
      vertex -6 79.401 1.92443
      vertex -30.5311 79.2412 1.73091
      vertex -6 79.2412 1.73091
    endloop
  endfacet
  facet normal 0.146623 -0.569954 0.808489
    outer loop
      vertex -32.3639 78.5101 1.41135
      vertex -32.402 78.7097 1.55897
      vertex -32.5571 78.6698 1.55897
    endloop
  endfacet
  facet normal -0.170611 -0.181667 0.968447
    outer loop
      vertex 34.7009 76.4824 1.13543
      vertex 35.4967 76.068 1.19789
      vertex 34.8559 76.6698 1.19789
    endloop
  endfacet
  facet normal -0.170611 -0.181667 0.968447
    outer loop
      vertex 35.4967 76.068 1.19789
      vertex 34.7009 76.4824 1.13543
      vertex 35.3417 75.8806 1.13543
    endloop
  endfacet
  facet normal -0.0859015 -0.679885 0.72827
    outer loop
      vertex 31.4032 79.1311 1.73091
      vertex 30.6784 79.0385 1.55897
      vertex 31.5506 78.9283 1.55897
    endloop
  endfacet
  facet normal -0.0858519 -0.680031 0.72814
    outer loop
      vertex 30.6784 79.0385 1.55897
      vertex 31.4032 79.1311 1.73091
      vertex 30.5311 79.2412 1.73091
    endloop
  endfacet
  facet normal -0.527917 -0.562129 0.636643
    outer loop
      vertex 35.6415 77.3012 1.92443
      vertex 36.0321 76.7152 1.73091
      vertex 36.2823 76.6994 1.92443
    endloop
  endfacet
  facet normal -0.527917 -0.562129 0.636643
    outer loop
      vertex 36.0321 76.7152 1.73091
      vertex 35.6415 77.3012 1.92443
      vertex 35.3913 77.317 1.73091
    endloop
  endfacet
  facet normal -0.469104 -0.499504 0.728311
    outer loop
      vertex 35.3913 77.0663 1.55897
      vertex 36.0321 76.7152 1.73091
      vertex 35.3913 77.317 1.73091
    endloop
  endfacet
  facet normal -0.469104 -0.499504 0.728311
    outer loop
      vertex 36.0321 76.7152 1.73091
      vertex 35.3913 77.0663 1.55897
      vertex 36.0321 76.4645 1.55897
    endloop
  endfacet
  facet normal -0.0605764 -0.109994 0.992085
    outer loop
      vertex 33.0477 77.2398 1.10395
      vertex 33.14 77.4729 1.13543
      vertex 33.0339 77.2474 1.10395
    endloop
  endfacet
  facet normal -0.0859543 0.0915247 0.992086
    outer loop
      vertex 34.5535 -76.2796 1.10395
      vertex 35.3417 -75.8806 1.13543
      vertex 35.1943 -75.6778 1.10395
    endloop
  endfacet
  facet normal -0.0859543 0.0915247 0.992086
    outer loop
      vertex 35.3417 -75.8806 1.13543
      vertex 34.5535 -76.2796 1.10395
      vertex 34.7009 -76.4824 1.13543
    endloop
  endfacet
  facet normal 0.248649 0.0156451 0.968467
    outer loop
      vertex -37.6132 -70.8775 1.19789
      vertex -37.3196 -71.6773 1.13543
      vertex -37.3748 -70.8 1.13543
    endloop
  endfacet
  facet normal 0.248649 0.0156451 0.968467
    outer loop
      vertex -37.3196 -71.6773 1.13543
      vertex -37.6132 -70.8775 1.19789
      vertex -37.558 -71.7548 1.19789
    endloop
  endfacet
  facet normal 0.244787 0.0465801 0.968457
    outer loop
      vertex -37.3787 -72.6945 1.19789
      vertex -37.1431 -72.634 1.13543
      vertex -37.3932 -72.6183 1.19789
    endloop
  endfacet
  facet normal 0.333565 0.157279 0.929515
    outer loop
      vertex -37.05 -73.6746 1.19789
      vertex -37.0831 -73.6044 1.19789
      vertex -37.3002 -73.6904 1.29035
    endloop
  endfacet
  facet normal 0.225335 0.106248 0.968471
    outer loop
      vertex -37.05 -73.6746 1.19789
      vertex -36.8569 -73.5148 1.13543
      vertex -37.0831 -73.6044 1.19789
    endloop
  endfacet
  facet normal 0.76423 0.359882 0.535198
    outer loop
      vertex -37.6498 -74.8565 2
      vertex -37.552 -74.9518 1.92443
      vertex -37.6386 -74.7679 1.92443
    endloop
  endfacet
  facet normal 0.764144 0.359483 0.53559
    outer loop
      vertex -37.552 -74.9518 1.92443
      vertex -37.6498 -74.8565 2
      vertex -37.5941 -74.9749 2
    endloop
  endfacet
  facet normal 0.803667 0.261064 0.534757
    outer loop
      vertex -38.0817 -73.9156 2
      vertex -38.2845 -73.1365 1.92443
      vertex -38.3533 -73.0795 2
    endloop
  endfacet
  facet normal 0.803076 0.261 0.535676
    outer loop
      vertex -38.2845 -73.1365 1.92443
      vertex -38.0817 -73.9156 2
      vertex -38.0128 -73.9725 1.92443
    endloop
  endfacet
  facet normal 0.368114 0.0234599 0.929485
    outer loop
      vertex -37.8448 -70.9067 1.29035
      vertex -37.6132 -70.8775 1.19789
      vertex -37.8516 -70.8 1.29035
    endloop
  endfacet
  facet normal 0.36793 0.0227879 0.929574
    outer loop
      vertex -37.6132 -70.8775 1.19789
      vertex -37.618 -70.8 1.19789
      vertex -37.8516 -70.8 1.29035
    endloop
  endfacet
  facet normal 0.125328 0 0.992115
    outer loop
      vertex -37.3748 70.8 1.13543
      vertex -37.1256 -70.8 1.10395
      vertex -37.1256 70.8 1.10395
    endloop
  endfacet
  facet normal 0.125328 0 0.992115
    outer loop
      vertex -37.1256 -70.8 1.10395
      vertex -37.3748 70.8 1.13543
      vertex -37.3748 -70.8 1.13543
    endloop
  endfacet
  facet normal 0.769484 0.0484084 0.636829
    outer loop
      vertex -38.3912 -71.8601 1.73091
      vertex -38.4027 -71.6773 1.73091
      vertex -38.5501 -71.8801 1.92443
    endloop
  endfacet
  facet normal 0.47395 0.0903991 0.875899
    outer loop
      vertex -37.7696 -71.8891 1.29035
      vertex -37.8433 -72.6751 1.41135
      vertex -37.6049 -72.7526 1.29035
    endloop
  endfacet
  facet normal 0.47395 0.0903991 0.875899
    outer loop
      vertex -37.8433 -72.6751 1.41135
      vertex -37.7696 -71.8891 1.29035
      vertex -38.008 -71.8116 1.41135
    endloop
  endfacet
  facet normal 0.683915 0.0427982 0.728305
    outer loop
      vertex -38.2648 -70.9598 1.55897
      vertex -38.2748 -70.8 1.55897
      vertex -38.4579 -70.8 1.73091
    endloop
  endfacet
  facet normal 0.587434 0.0369616 0.808427
    outer loop
      vertex -38.2648 -70.9598 1.55897
      vertex -38.0165 -71.6773 1.41135
      vertex -38.0717 -70.8 1.41135
    endloop
  endfacet
  facet normal 0.587434 0.0369616 0.808427
    outer loop
      vertex -38.0165 -71.6773 1.41135
      vertex -38.2648 -70.9598 1.55897
      vertex -38.2096 -71.8371 1.55897
    endloop
  endfacet
  facet normal 0.684013 -0.0430315 0.728199
    outer loop
      vertex -38.2096 71.8371 1.55897
      vertex -38.3912 71.8601 1.73091
      vertex -38.4027 71.6773 1.73091
    endloop
  endfacet
  facet normal 0.769605 0.0481952 0.636698
    outer loop
      vertex -38.6053 -71.0028 1.92443
      vertex -38.4579 -70.8 1.73091
      vertex -38.618 -70.8 1.92443
    endloop
  endfacet
  facet normal 0.843065 -0.0527588 0.535218
    outer loop
      vertex -38.6053 71.0028 1.92443
      vertex -38.6529 71.0088 2
      vertex -38.6578 70.9305 2
    endloop
  endfacet
  facet normal 0.842932 -0.0529658 0.535407
    outer loop
      vertex -38.618 70.8 1.92443
      vertex -38.6578 70.9305 2
      vertex -38.666 70.8 2
    endloop
  endfacet
  facet normal 0.843079 -0.0527964 0.535192
    outer loop
      vertex -38.6578 70.9305 2
      vertex -38.618 70.8 1.92443
      vertex -38.6053 71.0028 1.92443
    endloop
  endfacet
  facet normal 0.683915 -0.0427982 0.728305
    outer loop
      vertex -38.2748 70.8 1.55897
      vertex -38.2648 70.9598 1.55897
      vertex -38.4579 70.8 1.73091
    endloop
  endfacet
  facet normal 0.673214 -0.128406 0.728213
    outer loop
      vertex -38.2265 72.7236 1.73091
      vertex -38.2096 71.8371 1.55897
      vertex -38.0449 72.7006 1.55897
    endloop
  endfacet
  facet normal 0.673214 -0.128406 0.728213
    outer loop
      vertex -38.2096 71.8371 1.55897
      vertex -38.2265 72.7236 1.73091
      vertex -38.3912 71.8601 1.73091
    endloop
  endfacet
  facet normal 0.473923 -0.090271 0.875927
    outer loop
      vertex -37.7896 71.7841 1.29035
      vertex -37.7696 71.8891 1.29035
      vertex -38.008 71.8116 1.41135
    endloop
  endfacet
  facet normal 0.769605 -0.0481952 0.636698
    outer loop
      vertex -38.4579 70.8 1.73091
      vertex -38.6053 71.0028 1.92443
      vertex -38.618 70.8 1.92443
    endloop
  endfacet
  facet normal 0.620012 -0.291766 0.728325
    outer loop
      vertex -37.4897 74.709 1.73091
      vertex -37.6256 73.991 1.55897
      vertex -37.2513 74.7864 1.55897
    endloop
  endfacet
  facet normal 0.620012 -0.291766 0.728325
    outer loop
      vertex -37.6256 73.991 1.55897
      vertex -37.4897 74.709 1.73091
      vertex -37.864 73.9136 1.73091
    endloop
  endfacet
  facet normal 0.0859346 0.0915391 0.992087
    outer loop
      vertex -35.3417 -75.8806 1.13543
      vertex -35.1943 -75.6778 1.10395
      vertex -35.376 -75.8484 1.13543
    endloop
  endfacet
  facet normal -0.125337 0.00793271 0.992083
    outer loop
      vertex 37.3166 -71.7243 1.13543
      vertex 37.0704 -71.6773 1.10395
      vertex 37.0694 -71.6931 1.10395
    endloop
  endfacet
  facet normal -0.119374 0.0389956 0.992083
    outer loop
      vertex 37.1431 -72.634 1.13543
      vertex 36.9017 -72.5721 1.10395
      vertex 36.8968 -72.5871 1.10395
    endloop
  endfacet
  facet normal -0.0859539 -0.091525 0.992086
    outer loop
      vertex 34.5535 76.2796 1.10395
      vertex 34.7009 76.4824 1.13543
      vertex 34.542 76.2904 1.10395
    endloop
  endfacet
  facet normal 0.284131 -0.235192 0.929491
    outer loop
      vertex -36.1631 75.2778 1.19789
      vertex -36.1136 75.3376 1.19789
      vertex -36.352 75.415 1.29035
    endloop
  endfacet
  facet normal 0.210323 -0.133698 0.968447
    outer loop
      vertex -36.4626 74.3528 1.13543
      vertex -36.4373 74.3926 1.13543
      vertex -36.6757 74.47 1.19789
    endloop
  endfacet
  facet normal 0.283948 -0.717032 0.636583
    outer loop
      vertex -33.6012 78.453 1.73091
      vertex -33.431 78.5204 1.73091
      vertex -33.6694 78.5978 1.92443
    endloop
  endfacet
  facet normal 0.177818 -0.448607 0.875861
    outer loop
      vertex -33.343 77.9043 1.29035
      vertex -33.2436 77.9437 1.29035
      vertex -33.4367 78.1034 1.41135
    endloop
  endfacet
  facet normal 0.192089 -0.158751 0.968452
    outer loop
      vertex -35.406 75.8121 1.13543
      vertex -35.376 75.8484 1.13543
      vertex -35.5533 76.0149 1.19789
    endloop
  endfacet
  facet normal 0.697543 -0.328553 0.636779
    outer loop
      vertex -37.4897 74.709 1.73091
      vertex -37.4117 74.8746 1.73091
      vertex -37.552 74.9518 1.92443
    endloop
  endfacet
  facet normal 0.371739 -0.307572 0.875905
    outer loop
      vertex -35.7235 76.1748 1.29035
      vertex -35.884 76.3254 1.41135
      vertex -35.9698 76.2217 1.41135
    endloop
  endfacet
  facet normal 0.578589 -0.367123 0.728324
    outer loop
      vertex -37.3136 75.0292 1.73091
      vertex -36.6945 75.6638 1.55897
      vertex -36.8426 75.7715 1.73091
    endloop
  endfacet
  facet normal 0.578655 -0.367214 0.728225
    outer loop
      vertex -36.6945 75.6638 1.55897
      vertex -37.3136 75.0292 1.73091
      vertex -37.1655 74.9216 1.55897
    endloop
  endfacet
  facet normal 0.803769 -0.261031 0.534619
    outer loop
      vertex -38.3473 72.9432 1.92443
      vertex -38.3533 73.0795 2
      vertex -38.3937 72.9551 2
    endloop
  endfacet
  facet normal 0.803671 -0.261099 0.534734
    outer loop
      vertex -38.3533 73.0795 2
      vertex -38.3473 72.9432 1.92443
      vertex -38.2845 73.1365 1.92443
    endloop
  endfacet
  facet normal 0.620018 -0.292038 0.728211
    outer loop
      vertex -37.2513 74.7864 1.55897
      vertex -37.4117 74.8746 1.73091
      vertex -37.4897 74.709 1.73091
    endloop
  endfacet
  facet normal 0.236917 -0.0769604 0.968477
    outer loop
      vertex -37.3547 72.7683 1.19789
      vertex -36.8714 73.4701 1.13543
      vertex -37.0831 73.6044 1.19789
    endloop
  endfacet
  facet normal 0.236989 -0.0770123 0.968455
    outer loop
      vertex -36.8714 73.4701 1.13543
      vertex -37.3547 72.7683 1.19789
      vertex -37.1431 72.634 1.13543
    endloop
  endfacet
  facet normal 0.333565 -0.157279 0.929515
    outer loop
      vertex -37.0831 73.6044 1.19789
      vertex -37.05 73.6746 1.19789
      vertex -37.3002 73.6904 1.29035
    endloop
  endfacet
  facet normal 0.459063 -0.148812 0.875852
    outer loop
      vertex -37.3332 73.5886 1.29035
      vertex -37.3002 73.6904 1.29035
      vertex -37.5048 73.7714 1.41135
    endloop
  endfacet
  facet normal 0.579087 -0.615927 0.534127
    outer loop
      vertex -35.6415 77.3012 1.92443
      vertex -35.5239 77.4773 2
      vertex -35.6192 77.3877 2
    endloop
  endfacet
  facet normal 0.577963 -0.615773 0.53552
    outer loop
      vertex -35.5239 77.4773 2
      vertex -35.6415 77.3012 1.92443
      vertex -35.4933 77.4403 1.92443
    endloop
  endfacet
  facet normal -0.406805 0.740429 0.535046
    outer loop
      vertex 34.4601 -78.2177 2
      vertex 34.5289 -78.1799 2
      vertex 34.4397 -78.1743 1.92443
    endloop
  endfacet
  facet normal -0.0966618 0.765049 0.636676
    outer loop
      vertex 31.4032 -79.1311 1.73091
      vertex 30.7427 -79.3756 1.92443
      vertex 31.6149 -79.2654 1.92443
    endloop
  endfacet
  facet normal -0.0965698 0.764928 0.636836
    outer loop
      vertex 30.7427 -79.3756 1.92443
      vertex 31.4032 -79.1311 1.73091
      vertex 30.5311 -79.2412 1.73091
    endloop
  endfacet
  facet normal -0.650771 0.538449 0.535322
    outer loop
      vertex 36.8426 -76.0221 1.92443
      vertex 36.3672 -76.6718 2
      vertex 36.9276 -75.9945 2
    endloop
  endfacet
  facet normal -0.651092 0.538619 0.53476
    outer loop
      vertex 36.3672 -76.6718 2
      vertex 36.8426 -76.0221 1.92443
      vertex 36.2823 -76.6994 1.92443
    endloop
  endfacet
  facet normal -0.362341 -0.0690173 0.929487
    outer loop
      vertex 37.7896 71.7841 1.29035
      vertex 37.7696 71.8891 1.29035
      vertex 37.558 71.7548 1.19789
    endloop
  endfacet
  facet normal -0.362161 -0.0690769 0.929553
    outer loop
      vertex 37.3932 72.6183 1.19789
      vertex 37.7696 71.8891 1.29035
      vertex 37.6049 72.7526 1.29035
    endloop
  endfacet
  facet normal -0.362271 -0.0691399 0.929505
    outer loop
      vertex 37.7696 71.8891 1.29035
      vertex 37.3932 72.6183 1.19789
      vertex 37.558 71.7548 1.19789
    endloop
  endfacet
  facet normal -0.673211 -0.128427 0.728213
    outer loop
      vertex 38.2265 72.7236 1.73091
      vertex 38.1922 72.9034 1.73091
      vertex 38.0449 72.7006 1.55897
    endloop
  endfacet
  facet normal -0.651917 -0.211456 0.72821
    outer loop
      vertex 37.7432 73.6939 1.55897
      vertex 37.864 73.9136 1.73091
      vertex 37.6938 73.8462 1.55897
    endloop
  endfacet
  facet normal -0.481524 -0.0306875 0.875896
    outer loop
      vertex 37.8516 70.8 1.29035
      vertex 38.0717 70.8 1.41135
      vertex 37.8448 70.9067 1.29035
    endloop
  endfacet
  facet normal -0.123349 -0.0234951 0.992085
    outer loop
      vertex 37.3166 71.7243 1.13543
      vertex 37.3078 71.7705 1.13543
      vertex 37.0664 71.7086 1.10395
    endloop
  endfacet
  facet normal -0.123341 -0.0235256 0.992085
    outer loop
      vertex 36.9017 72.5721 1.10395
      vertex 37.3078 71.7705 1.13543
      vertex 37.1431 72.634 1.13543
    endloop
  endfacet
  facet normal -0.123341 -0.0235256 0.992085
    outer loop
      vertex 37.3078 71.7705 1.13543
      vertex 36.9017 72.5721 1.10395
      vertex 37.0664 71.7086 1.10395
    endloop
  endfacet
  facet normal -0.684013 0.0430315 0.728199
    outer loop
      vertex 38.3912 -71.8601 1.73091
      vertex 38.4027 -71.6773 1.73091
      vertex 38.2096 -71.8371 1.55897
    endloop
  endfacet
  facet normal -0.769605 0.0481952 0.636698
    outer loop
      vertex 38.6053 -71.0028 1.92443
      vertex 38.618 -70.8 1.92443
      vertex 38.4579 -70.8 1.73091
    endloop
  endfacet
  facet normal -0.803769 0.261031 0.534619
    outer loop
      vertex 38.3473 -72.9432 1.92443
      vertex 38.3533 -73.0795 2
      vertex 38.3937 -72.9551 2
    endloop
  endfacet
  facet normal -0.803671 0.261099 0.534734
    outer loop
      vertex 38.3533 -73.0795 2
      vertex 38.3473 -72.9432 1.92443
      vertex 38.2845 -73.1365 1.92443
    endloop
  endfacet
  facet normal -0.587542 0.0367673 0.808358
    outer loop
      vertex 38.2648 -70.9598 1.55897
      vertex 38.2748 -70.8 1.55897
      vertex 38.0717 -70.8 1.41135
    endloop
  endfacet
  facet normal -0.578098 0.110254 0.808484
    outer loop
      vertex 38.0149 -72.8579 1.55897
      vertex 38.0449 -72.7006 1.55897
      vertex 37.8181 -72.8073 1.41135
    endloop
  endfacet
  facet normal -0.578082 0.110194 0.808504
    outer loop
      vertex 38.0449 -72.7006 1.55897
      vertex 37.8433 -72.6751 1.41135
      vertex 37.8181 -72.8073 1.41135
    endloop
  endfacet
  facet normal -0.733341 0.23825 0.636748
    outer loop
      vertex 38.2845 -73.1365 1.92443
      vertex 38.3473 -72.9432 1.92443
      vertex 38.1922 -72.9034 1.73091
    endloop
  endfacet
  facet normal -0.473938 0.0903422 0.875912
    outer loop
      vertex 37.8181 -72.8073 1.41135
      vertex 37.8433 -72.6751 1.41135
      vertex 37.6049 -72.7526 1.29035
    endloop
  endfacet
  facet normal -0.458854 0.149127 0.875908
    outer loop
      vertex 37.3332 -73.5886 1.29035
      vertex 37.7765 -72.9353 1.41135
      vertex 37.6049 -72.7526 1.29035
    endloop
  endfacet
  facet normal -0.458816 0.149097 0.875933
    outer loop
      vertex 37.7765 -72.9353 1.41135
      vertex 37.3332 -73.5886 1.29035
      vertex 37.5048 -73.7714 1.41135
    endloop
  endfacet
  facet normal -0.829769 -0.158205 0.535215
    outer loop
      vertex 38.5977 71.8861 2
      vertex 38.583 71.9632 2
      vertex 38.5501 71.8801 1.92443
    endloop
  endfacet
  facet normal -0.803671 -0.261099 0.534734
    outer loop
      vertex 38.3473 72.9432 1.92443
      vertex 38.3533 73.0795 2
      vertex 38.2845 73.1365 1.92443
    endloop
  endfacet
  facet normal -0.803769 -0.261031 0.534619
    outer loop
      vertex 38.3533 73.0795 2
      vertex 38.3473 72.9432 1.92443
      vertex 38.3937 72.9551 2
    endloop
  endfacet
  facet normal -0.764684 -0.359846 0.534574
    outer loop
      vertex 37.6386 74.7679 1.92443
      vertex 38.0574 73.9902 2
      vertex 37.6831 74.7856 2
    endloop
  endfacet
  facet normal -0.764306 -0.359572 0.535298
    outer loop
      vertex 38.0574 73.9902 2
      vertex 37.6386 74.7679 1.92443
      vertex 38.0128 73.9725 1.92443
    endloop
  endfacet
  facet normal -0.594318 -0.491545 0.636529
    outer loop
      vertex 36.2823 76.4488 1.73091
      vertex 36.2823 76.6994 1.92443
      vertex 36.1656 76.5899 1.73091
    endloop
  endfacet
  facet normal -0.0461289 0.116789 0.992085
    outer loop
      vertex 32.2789 -77.8138 1.13543
      vertex 32.3227 -77.7965 1.13543
      vertex 32.2019 -77.5768 1.10395
    endloop
  endfacet
  facet normal -0.120038 0.218335 0.968463
    outer loop
      vertex 33.1813 -77.4502 1.13543
      vertex 34.0139 -77.2695 1.19789
      vertex 33.9516 -77.0267 1.13543
    endloop
  endfacet
  facet normal -0.120038 0.218335 0.968463
    outer loop
      vertex 34.0139 -77.2695 1.19789
      vertex 33.1813 -77.4502 1.13543
      vertex 33.2436 -77.693 1.19789
    endloop
  endfacet
  facet normal 0.123349 -0.0234951 0.992085
    outer loop
      vertex -37.0664 71.7086 1.10395
      vertex -37.3078 71.7705 1.13543
      vertex -37.3166 71.7243 1.13543
    endloop
  endfacet
  facet normal -0.113722 0.0532823 0.992083
    outer loop
      vertex 36.4626 -74.3528 1.13543
      vertex 36.2509 -74.2185 1.10395
      vertex 36.2442 -74.2328 1.10395
    endloop
  endfacet
  facet normal -0.453504 -0.375163 0.808447
    outer loop
      vertex 35.9698 76.2217 1.41135
      vertex 36.5924 75.7872 1.55897
      vertex 36.0321 76.4645 1.55897
    endloop
  endfacet
  facet normal -0.453504 -0.375163 0.808447
    outer loop
      vertex 36.5924 75.7872 1.55897
      vertex 35.9698 76.2217 1.41135
      vertex 36.5301 75.5444 1.41135
    endloop
  endfacet
  facet normal -0.210387 -0.133511 0.968459
    outer loop
      vertex 36.2047 75.2122 1.19789
      vertex 36.4373 74.3926 1.13543
      vertex 36.6757 74.47 1.19789
    endloop
  endfacet
  facet normal -0.210387 -0.133511 0.968459
    outer loop
      vertex 36.4373 74.3926 1.13543
      vertex 36.2047 75.2122 1.19789
      vertex 35.9663 75.1348 1.13543
    endloop
  endfacet
  facet normal -0.453458 -0.375185 0.808463
    outer loop
      vertex 35.9698 76.2217 1.41135
      vertex 36.0321 76.4645 1.55897
      vertex 35.884 76.3254 1.41135
    endloop
  endfacet
  facet normal -0.330404 -0.351619 0.875898
    outer loop
      vertex 35.7235 76.1748 1.29035
      vertex 35.884 76.3254 1.41135
      vertex 35.6456 76.248 1.29035
    endloop
  endfacet
  facet normal 0.123325 -0.0238693 0.992079
    outer loop
      vertex -37.0694 71.6931 1.10395
      vertex -37.0664 71.7086 1.10395
      vertex -37.3166 71.7243 1.13543
    endloop
  endfacet
  facet normal -0.192089 -0.158751 0.968452
    outer loop
      vertex 35.406 75.8121 1.13543
      vertex 35.5533 76.0149 1.19789
      vertex 35.376 75.8484 1.13543
    endloop
  endfacet
  facet normal -0.0967824 -0.0799855 0.992086
    outer loop
      vertex 35.406 75.8121 1.13543
      vertex 35.376 75.8484 1.13543
      vertex 35.1943 75.6778 1.10395
    endloop
  endfacet
  facet normal -0.252448 -0.268657 0.929566
    outer loop
      vertex 35.7235 76.1748 1.29035
      vertex 35.6456 76.248 1.29035
      vertex 35.4967 76.068 1.19789
    endloop
  endfacet
  facet normal -0.170557 -0.181681 0.968454
    outer loop
      vertex 35.376 75.8484 1.13543
      vertex 35.5533 76.0149 1.19789
      vertex 35.3417 75.8806 1.13543
    endloop
  endfacet
  facet normal -0.106022 0.0672817 0.992085
    outer loop
      vertex 35.7647 -74.9883 1.10395
      vertex 36.4373 -74.3926 1.13543
      vertex 36.2357 -74.2461 1.10395
    endloop
  endfacet
  facet normal -0.106022 0.0672817 0.992085
    outer loop
      vertex 36.4373 -74.3926 1.13543
      vertex 35.7647 -74.9883 1.10395
      vertex 35.9663 -75.1348 1.13543
    endloop
  endfacet
  facet normal -0.252302 -0.268932 0.929526
    outer loop
      vertex 35.5533 76.0149 1.19789
      vertex 35.7235 76.1748 1.29035
      vertex 35.4967 76.068 1.19789
    endloop
  endfacet
  facet normal -0.210413 -0.133433 0.968464
    outer loop
      vertex 36.2047 75.2122 1.19789
      vertex 36.1631 75.2778 1.19789
      vertex 35.9663 75.1348 1.13543
    endloop
  endfacet
  facet normal -0.311488 -0.197529 0.929493
    outer loop
      vertex 36.2047 75.2122 1.19789
      vertex 36.352 75.415 1.29035
      vertex 36.1631 75.2778 1.19789
    endloop
  endfacet
  facet normal -0.697601 -0.328506 0.636739
    outer loop
      vertex 37.6386 74.7679 1.92443
      vertex 37.552 74.9518 1.92443
      vertex 37.4897 74.709 1.73091
    endloop
  endfacet
  facet normal -0.651105 -0.413223 0.636639
    outer loop
      vertex 36.8426 75.7715 1.73091
      vertex 37.4432 75.1233 1.92443
      vertex 36.9721 75.8656 1.92443
    endloop
  endfacet
  facet normal -0.651007 -0.413073 0.636837
    outer loop
      vertex 37.4432 75.1233 1.92443
      vertex 36.8426 75.7715 1.73091
      vertex 37.3136 75.0292 1.73091
    endloop
  endfacet
  facet normal -0.651041 -0.413022 0.636835
    outer loop
      vertex 37.552 74.9518 1.92443
      vertex 37.4432 75.1233 1.92443
      vertex 37.3136 75.0292 1.73091
    endloop
  endfacet
  facet normal -0.713324 -0.452562 0.535123
    outer loop
      vertex 37.524 75.0853 2
      vertex 37.482 75.1515 2
      vertex 37.4432 75.1233 1.92443
    endloop
  endfacet
  facet normal 0.406805 0.740429 0.535046
    outer loop
      vertex -34.4601 -78.2177 2
      vertex -34.4397 -78.1743 1.92443
      vertex -34.5289 -78.1799 2
    endloop
  endfacet
  facet normal 0.496656 0.683037 0.535531
    outer loop
      vertex -35.4605 -77.5234 2
      vertex -35.4933 -77.4403 1.92443
      vertex -35.5239 -77.4773 2
    endloop
  endfacet
  facet normal 0.651429 0.538333 0.534638
    outer loop
      vertex -36.9276 -75.9945 2
      vertex -36.9721 -75.8656 1.92443
      vertex -37.0109 -75.8937 2
    endloop
  endfacet
  facet normal 0.65076 0.538488 0.535296
    outer loop
      vertex -36.9721 -75.8656 1.92443
      vertex -36.9276 -75.9945 2
      vertex -36.8426 -76.0221 1.92443
    endloop
  endfacet
  facet normal 0.216561 0.547309 0.808427
    outer loop
      vertex -32.5571 -78.6698 1.55897
      vertex -32.4943 -78.4766 1.41135
      vertex -32.6194 -78.4271 1.41135
    endloop
  endfacet
  facet normal 0.0860688 0.679943 0.728196
    outer loop
      vertex -31.4032 -79.1311 1.73091
      vertex -31.5506 -78.9283 1.55897
      vertex -31.5849 -79.1081 1.73091
    endloop
  endfacet
  facet normal 0.283891 0.717096 0.636537
    outer loop
      vertex -33.431 -78.5204 1.73091
      vertex -32.852 -78.9214 1.92443
      vertex -32.6136 -78.844 1.73091
    endloop
  endfacet
  facet normal 0.283891 0.717096 0.636537
    outer loop
      vertex -32.852 -78.9214 1.92443
      vertex -33.431 -78.5204 1.73091
      vertex -33.6694 -78.5978 1.92443
    endloop
  endfacet
  facet normal 0.0858519 0.680031 0.72814
    outer loop
      vertex -30.6784 -79.0385 1.55897
      vertex -31.4032 -79.1311 1.73091
      vertex -30.5311 -79.2412 1.73091
    endloop
  endfacet
  facet normal 0.0859015 0.679885 0.72827
    outer loop
      vertex -31.4032 -79.1311 1.73091
      vertex -30.6784 -79.0385 1.55897
      vertex -31.5506 -78.9283 1.55897
    endloop
  endfacet
  facet normal 0.170365 0.66386 0.728193
    outer loop
      vertex -31.5849 -79.1081 1.73091
      vertex -31.5506 -78.9283 1.55897
      vertex -31.7622 -79.0626 1.73091
    endloop
  endfacet
  facet normal 0.210114 0.818349 0.534936
    outer loop
      vertex -32.4663 -79.0468 1.92443
      vertex -31.6998 -79.293 2
      vertex -31.6149 -79.2654 1.92443
    endloop
  endfacet
  facet normal 0.210062 0.818244 0.535118
    outer loop
      vertex -31.6998 -79.293 2
      vertex -32.4663 -79.0468 1.92443
      vertex -32.5513 -79.0744 2
    endloop
  endfacet
  facet normal 0.209996 0.818444 0.534838
    outer loop
      vertex -31.6238 -79.3125 2
      vertex -31.6149 -79.2654 1.92443
      vertex -31.6998 -79.293 2
    endloop
  endfacet
  facet normal 0.210327 0.818032 0.535338
    outer loop
      vertex -32.6631 -78.9962 1.92443
      vertex -32.5513 -79.0744 2
      vertex -32.4663 -79.0468 1.92443
    endloop
  endfacet
  facet normal 0.210685 0.818183 0.534965
    outer loop
      vertex -32.5513 -79.0744 2
      vertex -32.6631 -78.9962 1.92443
      vertex -32.6779 -79.0418 2
    endloop
  endfacet
  facet normal 0.192045 0.746927 0.636568
    outer loop
      vertex -32.4663 -79.0468 1.92443
      vertex -32.6136 -78.844 1.73091
      vertex -32.6631 -78.9962 1.92443
    endloop
  endfacet
  facet normal -0.125324 0.00788545 0.992084
    outer loop
      vertex 37.1256 -70.8 1.10395
      vertex 37.3196 -71.6773 1.13543
      vertex 37.3748 -70.8 1.13543
    endloop
  endfacet
  facet normal -0.125324 0.00788545 0.992084
    outer loop
      vertex 37.3196 -71.6773 1.13543
      vertex 37.1256 -70.8 1.10395
      vertex 37.0704 -71.6773 1.10395
    endloop
  endfacet
  facet normal -0.0736674 0.101693 0.992084
    outer loop
      vertex 34.6628 -76.51 1.13543
      vertex 34.7009 -76.4824 1.13543
      vertex 34.5293 -76.2996 1.10395
    endloop
  endfacet
  facet normal -0.146447 -0.201573 0.968464
    outer loop
      vertex 34.1447 77.1865 1.19789
      vertex 34.6628 76.51 1.13543
      vertex 34.8559 76.6698 1.19789
    endloop
  endfacet
  facet normal -0.146447 -0.201573 0.968464
    outer loop
      vertex 34.6628 76.51 1.13543
      vertex 34.1447 77.1865 1.19789
      vertex 33.9516 77.0267 1.13543
    endloop
  endfacet
  facet normal 0.0967438 -0.0800461 0.992085
    outer loop
      vertex -35.406 75.8121 1.13543
      vertex -35.7547 75.0005 1.10395
      vertex -35.1943 75.6778 1.10395
    endloop
  endfacet
  facet normal 0.0967792 -0.0800611 0.992081
    outer loop
      vertex -35.7547 75.0005 1.10395
      vertex -35.406 75.8121 1.13543
      vertex -35.9663 75.1348 1.13543
    endloop
  endfacet
  facet normal 0.0736674 0.101693 0.992084
    outer loop
      vertex -34.5293 -76.2996 1.10395
      vertex -34.542 -76.2904 1.10395
      vertex -34.7009 -76.4824 1.13543
    endloop
  endfacet
  facet normal -0.105786 0.0676075 0.992088
    outer loop
      vertex 36.4373 -74.3926 1.13543
      vertex 36.2442 -74.2328 1.10395
      vertex 36.2357 -74.2461 1.10395
    endloop
  endfacet
  facet normal -0.284131 0.235192 0.929491
    outer loop
      vertex 36.352 -75.415 1.29035
      vertex 36.1631 -75.2778 1.19789
      vertex 36.1136 -75.3376 1.19789
    endloop
  endfacet
  facet normal -0.284119 0.235039 0.929534
    outer loop
      vertex 35.5533 -76.0149 1.19789
      vertex 36.2839 -75.4974 1.29035
      vertex 36.1136 -75.3376 1.19789
    endloop
  endfacet
  facet normal -0.284129 0.235055 0.929527
    outer loop
      vertex 36.2839 -75.4974 1.29035
      vertex 35.5533 -76.0149 1.19789
      vertex 35.7235 -76.1748 1.29035
    endloop
  endfacet
  facet normal -0.453504 0.375163 0.808447
    outer loop
      vertex 35.9698 -76.2217 1.41135
      vertex 36.5924 -75.7872 1.55897
      vertex 36.5301 -75.5444 1.41135
    endloop
  endfacet
  facet normal -0.453504 0.375163 0.808447
    outer loop
      vertex 36.5924 -75.7872 1.55897
      vertex 35.9698 -76.2217 1.41135
      vertex 36.0321 -76.4645 1.55897
    endloop
  endfacet
  facet normal -0.371768 0.307547 0.875901
    outer loop
      vertex 36.2839 -75.4974 1.29035
      vertex 35.9698 -76.2217 1.41135
      vertex 36.5301 -75.5444 1.41135
    endloop
  endfacet
  facet normal -0.371749 0.307541 0.875912
    outer loop
      vertex 35.9698 -76.2217 1.41135
      vertex 36.2839 -75.4974 1.29035
      vertex 35.7235 -76.1748 1.29035
    endloop
  endfacet
  facet normal -0.407386 0.258582 0.875884
    outer loop
      vertex 36.4093 -75.3247 1.29035
      vertex 37.0011 -74.8022 1.41135
      vertex 36.8804 -74.5825 1.29035
    endloop
  endfacet
  facet normal -0.407307 0.258477 0.875951
    outer loop
      vertex 37.0011 -74.8022 1.41135
      vertex 36.4093 -75.3247 1.29035
      vertex 36.5301 -75.5444 1.41135
    endloop
  endfacet
  facet normal -0.578651 0.367221 0.728226
    outer loop
      vertex 37.3136 -75.0292 1.73091
      vertex 37.2513 -74.7864 1.55897
      vertex 37.1655 -74.9216 1.55897
    endloop
  endfacet
  facet normal -0.496919 0.315352 0.808471
    outer loop
      vertex 37.1655 -74.9216 1.55897
      vertex 37.2513 -74.7864 1.55897
      vertex 37.0011 -74.8022 1.41135
    endloop
  endfacet
  facet normal -0.0312258 0.247143 0.968476
    outer loop
      vertex 31.3819 -78.0441 1.13543
      vertex 30.5553 -78.3933 1.19789
      vertex 31.4275 -78.2831 1.19789
    endloop
  endfacet
  facet normal -0.0312308 0.247154 0.968473
    outer loop
      vertex 30.5553 -78.3933 1.19789
      vertex 31.3819 -78.0441 1.13543
      vertex 30.5098 -78.1543 1.13543
    endloop
  endfacet
  facet normal -0.0312285 0.247182 0.968466
    outer loop
      vertex 30.4783 -78.403 1.19789
      vertex 30.5098 -78.1543 1.13543
      vertex 30.4631 -78.1602 1.13543
    endloop
  endfacet
  facet normal -0.0970865 -0.0795791 0.992089
    outer loop
      vertex 35.7647 74.9883 1.10395
      vertex 35.9663 75.1348 1.13543
      vertex 35.7547 75.0005 1.10395
    endloop
  endfacet
  facet normal 0.113722 0.0532823 0.992083
    outer loop
      vertex -36.2442 -74.2328 1.10395
      vertex -36.2509 -74.2185 1.10395
      vertex -36.4626 -74.3528 1.13543
    endloop
  endfacet
  facet normal -0.0312298 -0.121633 0.992084
    outer loop
      vertex 31.3505 77.7954 1.10395
      vertex 32.2333 77.8255 1.13543
      vertex 31.3819 78.0441 1.13543
    endloop
  endfacet
  facet normal -0.0312298 -0.121633 0.992084
    outer loop
      vertex 32.2333 77.8255 1.13543
      vertex 31.3505 77.7954 1.10395
      vertex 32.2019 77.5768 1.10395
    endloop
  endfacet
  facet normal -0.0312092 0.121636 0.992084
    outer loop
      vertex 32.2333 -77.8255 1.13543
      vertex 32.2789 -77.8138 1.13543
      vertex 32.2019 -77.5768 1.10395
    endloop
  endfacet
  facet normal 0.0859543 -0.0915247 0.992086
    outer loop
      vertex -35.3417 75.8806 1.13543
      vertex -34.5535 76.2796 1.10395
      vertex -34.7009 76.4824 1.13543
    endloop
  endfacet
  facet normal 0.0859543 -0.0915247 0.992086
    outer loop
      vertex -34.5535 76.2796 1.10395
      vertex -35.3417 75.8806 1.13543
      vertex -35.1943 75.6778 1.10395
    endloop
  endfacet
  facet normal -0.252448 0.268657 0.929566
    outer loop
      vertex 35.6456 -76.248 1.29035
      vertex 35.7235 -76.1748 1.29035
      vertex 35.4967 -76.068 1.19789
    endloop
  endfacet
  facet normal -0.232401 0.422767 0.875932
    outer loop
      vertex 33.4367 -77.8528 1.29035
      vertex 34.2071 -77.68 1.41135
      vertex 34.2071 -77.4293 1.29035
    endloop
  endfacet
  facet normal -0.232421 0.422902 0.875862
    outer loop
      vertex 34.2071 -77.68 1.41135
      vertex 33.4367 -77.8528 1.29035
      vertex 33.4367 -78.1034 1.41135
    endloop
  endfacet
  facet normal -0.146447 0.201573 0.968464
    outer loop
      vertex 34.6628 -76.51 1.13543
      vertex 34.1447 -77.1865 1.19789
      vertex 34.8559 -76.6698 1.19789
    endloop
  endfacet
  facet normal -0.146447 0.201573 0.968464
    outer loop
      vertex 34.1447 -77.1865 1.19789
      vertex 34.6628 -76.51 1.13543
      vertex 33.9516 -77.0267 1.13543
    endloop
  endfacet
  facet normal -0.697543 0.328553 0.636779
    outer loop
      vertex 37.552 -74.9518 1.92443
      vertex 37.4897 -74.709 1.73091
      vertex 37.4117 -74.8746 1.73091
    endloop
  endfacet
  facet normal -0.651032 0.413106 0.63679
    outer loop
      vertex 37.552 -74.9518 1.92443
      vertex 37.4117 -74.8746 1.73091
      vertex 37.3136 -75.0292 1.73091
    endloop
  endfacet
  facet normal -0.733284 0.238201 0.636832
    outer loop
      vertex 37.864 -73.9136 1.73091
      vertex 38.2845 -73.1365 1.92443
      vertex 38.1356 -73.0775 1.73091
    endloop
  endfacet
  facet normal -0.733481 0.238381 0.636537
    outer loop
      vertex 38.2845 -73.1365 1.92443
      vertex 37.864 -73.9136 1.73091
      vertex 38.0128 -73.9725 1.92443
    endloop
  endfacet
  facet normal -0 0.368708 0.929545
    outer loop
      vertex -30.4783 -78.403 1.19789
      vertex -6 -78.6361 1.29035
      vertex -6 -78.403 1.19789
    endloop
  endfacet
  facet normal 0 0.368708 0.929545
    outer loop
      vertex -6 -78.6361 1.29035
      vertex -30.4783 -78.403 1.19789
      vertex -30.493 -78.6361 1.29035
    endloop
  endfacet
  facet normal 0 0.368708 0.929545
    outer loop
      vertex -4 -78.6361 1.29035
      vertex 30.4783 -78.403 1.19789
      vertex -4 -78.403 1.19789
    endloop
  endfacet
  facet normal 0 0.368708 0.929545
    outer loop
      vertex 30.4783 -78.403 1.19789
      vertex -4 -78.6361 1.29035
      vertex 30.493 -78.6361 1.29035
    endloop
  endfacet
  facet normal -0.371576 0.675856 0.636513
    outer loop
      vertex 33.7617 -78.3648 1.73091
      vertex 34.4397 -78.1743 1.92443
      vertex 34.532 -77.9413 1.73091
    endloop
  endfacet
  facet normal -0.371576 0.675856 0.636513
    outer loop
      vertex 34.4397 -78.1743 1.92443
      vertex 33.7617 -78.3648 1.73091
      vertex 33.6694 -78.5978 1.92443
    endloop
  endfacet
  facet normal -0.283539 0.39036 0.875914
    outer loop
      vertex 35.0362 -77.0984 1.41135
      vertex 35.1451 -77.0193 1.41135
      vertex 35.0048 -76.8497 1.29035
    endloop
  endfacet
  facet normal -0.283891 0.717096 0.636537
    outer loop
      vertex 33.431 -78.5204 1.73091
      vertex 32.852 -78.9214 1.92443
      vertex 33.6694 -78.5978 1.92443
    endloop
  endfacet
  facet normal -0.283891 0.717096 0.636537
    outer loop
      vertex 32.852 -78.9214 1.92443
      vertex 33.431 -78.5204 1.73091
      vertex 32.6136 -78.844 1.73091
    endloop
  endfacet
  facet normal -0.330345 0.351753 0.875867
    outer loop
      vertex 35.6456 -76.248 1.29035
      vertex 35.2432 -76.9272 1.41135
      vertex 35.884 -76.3254 1.41135
    endloop
  endfacet
  facet normal -0.330243 0.351703 0.875925
    outer loop
      vertex 35.2432 -76.9272 1.41135
      vertex 35.6456 -76.248 1.29035
      vertex 35.0048 -76.8497 1.29035
    endloop
  endfacet
  facet normal -0.402903 0.429013 0.808466
    outer loop
      vertex 35.884 -76.3254 1.41135
      vertex 35.3913 -77.0663 1.55897
      vertex 36.0321 -76.4645 1.55897
    endloop
  endfacet
  facet normal -0.402903 0.429013 0.808466
    outer loop
      vertex 35.3913 -77.0663 1.55897
      vertex 35.884 -76.3254 1.41135
      vertex 35.2432 -76.9272 1.41135
    endloop
  endfacet
  facet normal -0.527917 0.562129 0.636643
    outer loop
      vertex 36.0321 -76.7152 1.73091
      vertex 35.6415 -77.3012 1.92443
      vertex 36.2823 -76.6994 1.92443
    endloop
  endfacet
  facet normal -0.527917 0.562129 0.636643
    outer loop
      vertex 35.6415 -77.3012 1.92443
      vertex 36.0321 -76.7152 1.73091
      vertex 35.3913 -77.317 1.73091
    endloop
  endfacet
  facet normal -0.496354 0.6831 0.535731
    outer loop
      vertex 34.7822 -77.957 1.92443
      vertex 35.4605 -77.5234 2
      vertex 35.4933 -77.4403 1.92443
    endloop
  endfacet
  facet normal -0.496468 0.683353 0.535302
    outer loop
      vertex 35.4605 -77.5234 2
      vertex 34.7822 -77.957 1.92443
      vertex 34.7493 -78.0401 2
    endloop
  endfacet
  facet normal 0.0619257 0.241285 0.968476
    outer loop
      vertex -31.4275 -78.2831 1.19789
      vertex -31.3819 -78.0441 1.13543
      vertex -31.5027 -78.2638 1.19789
    endloop
  endfacet
  facet normal 0.119983 0.467302 0.875918
    outer loop
      vertex -31.5125 -78.7287 1.41135
      vertex -31.4712 -78.5125 1.29035
      vertex -31.5748 -78.4859 1.29035
    endloop
  endfacet
  facet normal 0.119982 0.467302 0.875918
    outer loop
      vertex -31.5748 -78.4859 1.29035
      vertex -32.3639 -78.5101 1.41135
      vertex -31.5125 -78.7287 1.41135
    endloop
  endfacet
  facet normal 0.119977 0.467341 0.875899
    outer loop
      vertex -32.3639 -78.5101 1.41135
      vertex -31.5748 -78.4859 1.29035
      vertex -32.4263 -78.2673 1.29035
    endloop
  endfacet
  facet normal 0.0735393 0.583902 0.808486
    outer loop
      vertex -30.5196 -79.0585 1.55897
      vertex -30.6403 -78.8389 1.41135
      vertex -30.6784 -79.0385 1.55897
    endloop
  endfacet
  facet normal 0.170705 0.663566 0.728382
    outer loop
      vertex -32.402 -78.7097 1.55897
      vertex -32.5571 -78.6698 1.55897
      vertex -32.6136 -78.844 1.73091
    endloop
  endfacet
  facet normal 0.146623 0.569954 0.808489
    outer loop
      vertex -32.402 -78.7097 1.55897
      vertex -32.3639 -78.5101 1.41135
      vertex -32.5571 -78.6698 1.55897
    endloop
  endfacet
  facet normal 0.216645 0.547314 0.808401
    outer loop
      vertex -32.5571 -78.6698 1.55897
      vertex -32.6194 -78.4271 1.41135
      vertex -32.7059 -78.6109 1.55897
    endloop
  endfacet
  facet normal 0.177818 0.448607 0.875861
    outer loop
      vertex -33.2436 -77.9437 1.29035
      vertex -33.343 -77.9043 1.29035
      vertex -33.4367 -78.1034 1.41135
    endloop
  endfacet
  facet normal 0.216868 0.298236 0.929529
    outer loop
      vertex -34.2071 -77.4293 1.29035
      vertex -34.1447 -77.1865 1.19789
      vertex -34.2936 -77.3664 1.29035
    endloop
  endfacet
  facet normal 0.120078 0.218324 0.96846
    outer loop
      vertex -34.0139 -77.2695 1.19789
      vertex -33.9516 -77.0267 1.13543
      vertex -34.0819 -77.2321 1.19789
    endloop
  endfacet
  facet normal 0.120038 0.218335 0.968463
    outer loop
      vertex -34.0139 -77.2695 1.19789
      vertex -33.1813 -77.4502 1.13543
      vertex -33.9516 -77.0267 1.13543
    endloop
  endfacet
  facet normal 0.120038 0.218335 0.968463
    outer loop
      vertex -33.1813 -77.4502 1.13543
      vertex -34.0139 -77.2695 1.19789
      vertex -33.2436 -77.693 1.19789
    endloop
  endfacet
  facet normal 0.594131 0.491629 0.636639
    outer loop
      vertex -36.8426 -76.0221 1.92443
      vertex -36.8426 -75.7715 1.73091
      vertex -36.9721 -75.8656 1.92443
    endloop
  endfacet
  facet normal 0.453504 0.375163 0.808447
    outer loop
      vertex -36.5924 -75.7872 1.55897
      vertex -35.9698 -76.2217 1.41135
      vertex -36.5301 -75.5444 1.41135
    endloop
  endfacet
  facet normal 0.453504 0.375163 0.808447
    outer loop
      vertex -35.9698 -76.2217 1.41135
      vertex -36.5924 -75.7872 1.55897
      vertex -36.0321 -76.4645 1.55897
    endloop
  endfacet
  facet normal 0.578686 0.3672 0.728208
    outer loop
      vertex -37.3136 -75.0292 1.73091
      vertex -37.2513 -74.7864 1.55897
      vertex -37.4117 -74.8746 1.73091
    endloop
  endfacet
  facet normal 0.345907 0.476035 0.808541
    outer loop
      vertex -35.1451 -77.27 1.55897
      vertex -35.0362 -77.0984 1.41135
      vertex -35.2746 -77.1759 1.55897
    endloop
  endfacet
  facet normal 0.496249 0.683635 0.535144
    outer loop
      vertex -34.6178 -78.0764 1.92443
      vertex -34.7493 -78.0401 2
      vertex -34.6435 -78.1169 2
    endloop
  endfacet
  facet normal 0.496325 0.683382 0.535397
    outer loop
      vertex -34.7493 -78.0401 2
      vertex -34.6178 -78.0764 1.92443
      vertex -34.7822 -77.957 1.92443
    endloop
  endfacet
  facet normal 0.330028 0.600562 0.72829
    outer loop
      vertex -33.6012 -78.453 1.73091
      vertex -33.5233 -78.2873 1.55897
      vertex -33.7617 -78.3648 1.73091
    endloop
  endfacet
  facet normal 0.252225 0.63711 0.728336
    outer loop
      vertex -32.7059 -78.6109 1.55897
      vertex -33.431 -78.5204 1.73091
      vertex -32.6136 -78.844 1.73091
    endloop
  endfacet
  facet normal 0.252225 0.63711 0.728336
    outer loop
      vertex -33.431 -78.5204 1.73091
      vertex -32.7059 -78.6109 1.55897
      vertex -33.5233 -78.2873 1.55897
    endloop
  endfacet
  facet normal 0.402787 0.554394 0.728293
    outer loop
      vertex -34.532 -77.9413 1.73091
      vertex -34.4339 -77.7867 1.55897
      vertex -34.6801 -77.8337 1.73091
    endloop
  endfacet
  facet normal 0.33003 0.60056 0.728291
    outer loop
      vertex -34.2936 -77.8638 1.55897
      vertex -34.4339 -77.7867 1.55897
      vertex -34.532 -77.9413 1.73091
    endloop
  endfacet
  facet normal 0.453458 0.375185 0.808463
    outer loop
      vertex -35.884 -76.3254 1.41135
      vertex -35.9698 -76.2217 1.41135
      vertex -36.0321 -76.4645 1.55897
    endloop
  endfacet
  facet normal 0.371739 0.307572 0.875905
    outer loop
      vertex -35.884 -76.3254 1.41135
      vertex -35.7235 -76.1748 1.29035
      vertex -35.9698 -76.2217 1.41135
    endloop
  endfacet
  facet normal 0.252448 0.268657 0.929566
    outer loop
      vertex -35.6456 -76.248 1.29035
      vertex -35.4967 -76.068 1.19789
      vertex -35.7235 -76.1748 1.29035
    endloop
  endfacet
  facet normal 0.803769 0.261031 0.534619
    outer loop
      vertex -38.3533 -73.0795 2
      vertex -38.3473 -72.9432 1.92443
      vertex -38.3937 -72.9551 2
    endloop
  endfacet
  facet normal 0.803671 0.261099 0.534734
    outer loop
      vertex -38.3473 -72.9432 1.92443
      vertex -38.3533 -73.0795 2
      vertex -38.2845 -73.1365 1.92443
    endloop
  endfacet
  facet normal 0.830143 0.158459 0.534559
    outer loop
      vertex -38.4182 -72.8267 2
      vertex -38.3473 -72.9432 1.92443
      vertex -38.3854 -72.7436 1.92443
    endloop
  endfacet
  facet normal 0.83011 0.158393 0.53463
    outer loop
      vertex -38.3473 -72.9432 1.92443
      vertex -38.4182 -72.8267 2
      vertex -38.3937 -72.9551 2
    endloop
  endfacet
  facet normal -0.0967792 -0.0800611 0.992081
    outer loop
      vertex 35.406 75.8121 1.13543
      vertex 35.7547 75.0005 1.10395
      vertex 35.9663 75.1348 1.13543
    endloop
  endfacet
  facet normal -0.0967438 -0.0800461 0.992085
    outer loop
      vertex 35.7547 75.0005 1.10395
      vertex 35.406 75.8121 1.13543
      vertex 35.1943 75.6778 1.10395
    endloop
  endfacet
  facet normal 0.125324 -0.00799942 0.992084
    outer loop
      vertex -37.0704 71.6773 1.10395
      vertex -37.3166 71.7243 1.13543
      vertex -37.3196 71.6773 1.13543
    endloop
  endfacet
  facet normal -0.146217 0.201843 0.968442
    outer loop
      vertex 34.8559 -76.6698 1.19789
      vertex 34.7009 -76.4824 1.13543
      vertex 34.6628 -76.51 1.13543
    endloop
  endfacet
  facet normal 0.0859346 -0.0915391 0.992087
    outer loop
      vertex -35.1943 75.6778 1.10395
      vertex -35.3417 75.8806 1.13543
      vertex -35.376 75.8484 1.13543
    endloop
  endfacet
  facet normal 0.170611 -0.181667 0.968447
    outer loop
      vertex -35.4967 76.068 1.19789
      vertex -34.7009 76.4824 1.13543
      vertex -34.8559 76.6698 1.19789
    endloop
  endfacet
  facet normal 0.170611 -0.181667 0.968447
    outer loop
      vertex -34.7009 76.4824 1.13543
      vertex -35.4967 76.068 1.19789
      vertex -35.3417 75.8806 1.13543
    endloop
  endfacet
  facet normal -0.119411 0.038804 0.992086
    outer loop
      vertex 36.8968 -72.5871 1.10395
      vertex 36.8714 -73.4701 1.13543
      vertex 37.1431 -72.634 1.13543
    endloop
  endfacet
  facet normal -0.119443 0.0388048 0.992082
    outer loop
      vertex 36.8714 -73.4701 1.13543
      vertex 36.8968 -72.5871 1.10395
      vertex 36.6252 -73.4231 1.10395
    endloop
  endfacet
  facet normal 0.10561 -0.83823 0.534992
    outer loop
      vertex -30.5411 79.401 1.92443
      vertex -30.6739 79.4325 2
      vertex -30.7427 79.3756 1.92443
    endloop
  endfacet
  facet normal 0.105876 -0.837969 0.535349
    outer loop
      vertex -30.6739 79.4325 2
      vertex -30.5411 79.401 1.92443
      vertex -30.5441 79.4489 2
    endloop
  endfacet
  facet normal 0.210685 -0.818183 0.534965
    outer loop
      vertex -32.6631 78.9962 1.92443
      vertex -32.5513 79.0744 2
      vertex -32.6779 79.0418 2
    endloop
  endfacet
  facet normal 0.210327 -0.818032 0.535338
    outer loop
      vertex -32.5513 79.0744 2
      vertex -32.6631 78.9962 1.92443
      vertex -32.4663 79.0468 1.92443
    endloop
  endfacet
  facet normal 0.310972 -0.785329 0.535308
    outer loop
      vertex -32.6631 78.9962 1.92443
      vertex -32.7995 78.9937 2
      vertex -32.852 78.9214 1.92443
    endloop
  endfacet
  facet normal 0.310774 -0.785658 0.53494
    outer loop
      vertex -32.7995 78.9937 2
      vertex -32.6631 78.9962 1.92443
      vertex -32.6779 79.0418 2
    endloop
  endfacet
  facet normal 0.283934 -0.717048 0.636572
    outer loop
      vertex -32.6136 78.844 1.73091
      vertex -32.6631 78.9962 1.92443
      vertex -32.852 78.9214 1.92443
    endloop
  endfacet
  facet normal 0.210062 -0.818244 0.535118
    outer loop
      vertex -32.4663 79.0468 1.92443
      vertex -31.6998 79.293 2
      vertex -32.5513 79.0744 2
    endloop
  endfacet
  facet normal 0.210114 -0.818349 0.534936
    outer loop
      vertex -31.6998 79.293 2
      vertex -32.4663 79.0468 1.92443
      vertex -31.6149 79.2654 1.92443
    endloop
  endfacet
  facet normal 0.177618 -0.448601 0.875905
    outer loop
      vertex -32.6194 78.4271 1.41135
      vertex -33.2436 77.9437 1.29035
      vertex -32.4263 78.2673 1.29035
    endloop
  endfacet
  facet normal 0.177715 -0.448708 0.87583
    outer loop
      vertex -33.2436 77.9437 1.29035
      vertex -32.6194 78.4271 1.41135
      vertex -33.4367 78.1034 1.41135
    endloop
  endfacet
  facet normal 0.091709 -0.357187 0.92952
    outer loop
      vertex -31.5748 78.4859 1.29035
      vertex -32.3541 78.0452 1.19789
      vertex -31.5027 78.2638 1.19789
    endloop
  endfacet
  facet normal 0.0916906 -0.357157 0.929533
    outer loop
      vertex -32.3541 78.0452 1.19789
      vertex -31.5748 78.4859 1.29035
      vertex -32.4263 78.2673 1.29035
    endloop
  endfacet
  facet normal 0.232421 -0.422902 0.875862
    outer loop
      vertex -34.2071 77.68 1.41135
      vertex -33.4367 77.8528 1.29035
      vertex -33.4367 78.1034 1.41135
    endloop
  endfacet
  facet normal 0.232401 -0.422767 0.875932
    outer loop
      vertex -33.4367 77.8528 1.29035
      vertex -34.2071 77.68 1.41135
      vertex -34.2071 77.4293 1.29035
    endloop
  endfacet
  facet normal 0.119982 -0.467302 0.875918
    outer loop
      vertex -32.3639 78.5101 1.41135
      vertex -31.5748 78.4859 1.29035
      vertex -31.5125 78.7287 1.41135
    endloop
  endfacet
  facet normal 0.119977 -0.467341 0.875899
    outer loop
      vertex -31.5748 78.4859 1.29035
      vertex -32.3639 78.5101 1.41135
      vertex -32.4263 78.2673 1.29035
    endloop
  endfacet
  facet normal 0.119983 -0.467302 0.875918
    outer loop
      vertex -31.4712 78.5125 1.29035
      vertex -31.5125 78.7287 1.41135
      vertex -31.5748 78.4859 1.29035
    endloop
  endfacet
  facet normal 0.252188 -0.637107 0.728351
    outer loop
      vertex -32.5571 78.6698 1.55897
      vertex -32.6136 78.844 1.73091
      vertex -32.7059 78.6109 1.55897
    endloop
  endfacet
  facet normal 0.146353 -0.570012 0.808497
    outer loop
      vertex -32.402 78.7097 1.55897
      vertex -31.5125 78.7287 1.41135
      vertex -31.5506 78.9283 1.55897
    endloop
  endfacet
  facet normal 0.146353 -0.570012 0.808497
    outer loop
      vertex -31.5125 78.7287 1.41135
      vertex -32.402 78.7097 1.55897
      vertex -32.3639 78.5101 1.41135
    endloop
  endfacet
  facet normal 0.216645 -0.547314 0.808401
    outer loop
      vertex -32.6194 78.4271 1.41135
      vertex -32.5571 78.6698 1.55897
      vertex -32.7059 78.6109 1.55897
    endloop
  endfacet
  facet normal 0.0966618 -0.765049 0.636676
    outer loop
      vertex -31.4032 79.1311 1.73091
      vertex -30.7427 79.3756 1.92443
      vertex -31.6149 79.2654 1.92443
    endloop
  endfacet
  facet normal 0.0965698 -0.764928 0.636836
    outer loop
      vertex -30.7427 79.3756 1.92443
      vertex -31.4032 79.1311 1.73091
      vertex -30.5311 79.2412 1.73091
    endloop
  endfacet
  facet normal 0.0856368 -0.679956 0.728235
    outer loop
      vertex -30.5196 79.0585 1.55897
      vertex -30.5311 79.2412 1.73091
      vertex -30.6784 79.0385 1.55897
    endloop
  endfacet
  facet normal 0.0734773 -0.583882 0.808507
    outer loop
      vertex -30.5068 78.8557 1.41135
      vertex -30.5196 79.0585 1.55897
      vertex -30.6403 78.8389 1.41135
    endloop
  endfacet
  facet normal -0.371514 -0.675859 0.636547
    outer loop
      vertex 34.532 77.9413 1.73091
      vertex 34.6178 78.0764 1.92443
      vertex 34.4397 78.1743 1.92443
    endloop
  endfacet
  facet normal 0.0312092 -0.121636 0.992084
    outer loop
      vertex -32.2019 77.5768 1.10395
      vertex -32.2333 77.8255 1.13543
      vertex -32.2789 77.8138 1.13543
    endloop
  endfacet
  facet normal 0 -0.368708 0.929545
    outer loop
      vertex -6 78.6361 1.29035
      vertex -30.4783 78.403 1.19789
      vertex -6 78.403 1.19789
    endloop
  endfacet
  facet normal 0 -0.368708 0.929545
    outer loop
      vertex -30.4783 78.403 1.19789
      vertex -6 78.6361 1.29035
      vertex -30.493 78.6361 1.29035
    endloop
  endfacet
  facet normal 0 -0.368708 0.929545
    outer loop
      vertex -4 78.6361 1.29035
      vertex 30.4783 78.403 1.19789
      vertex 30.493 78.6361 1.29035
    endloop
  endfacet
  facet normal 0 -0.368708 0.929545
    outer loop
      vertex 30.4783 78.403 1.19789
      vertex -4 78.6361 1.29035
      vertex -4 78.403 1.19789
    endloop
  endfacet
  facet normal 0.046221 -0.365825 0.929535
    outer loop
      vertex -30.5991 78.6227 1.29035
      vertex -31.4275 78.2831 1.19789
      vertex -30.5553 78.3933 1.19789
    endloop
  endfacet
  facet normal 0.0462283 -0.365841 0.929528
    outer loop
      vertex -31.4275 78.2831 1.19789
      vertex -30.5991 78.6227 1.29035
      vertex -31.4712 78.5125 1.29035
    endloop
  endfacet
  facet normal -0.105876 -0.837969 0.535349
    outer loop
      vertex 30.5411 79.401 1.92443
      vertex 30.6739 79.4325 2
      vertex 30.5441 79.4489 2
    endloop
  endfacet
  facet normal -0.10561 -0.83823 0.534992
    outer loop
      vertex 30.6739 79.4325 2
      vertex 30.5411 79.401 1.92443
      vertex 30.7427 79.3756 1.92443
    endloop
  endfacet
  facet normal -0.0963897 -0.765046 0.636721
    outer loop
      vertex 30.7427 79.3756 1.92443
      vertex 30.5411 79.401 1.92443
      vertex 30.5311 79.2412 1.73091
    endloop
  endfacet
  facet normal -0.37141 -0.675864 0.636602
    outer loop
      vertex 33.7617 78.3648 1.73091
      vertex 33.6694 78.5978 1.92443
      vertex 33.6012 78.453 1.73091
    endloop
  endfacet
  facet normal -0.146217 -0.201843 0.968442
    outer loop
      vertex 34.7009 76.4824 1.13543
      vertex 34.8559 76.6698 1.19789
      vertex 34.6628 76.51 1.13543
    endloop
  endfacet
  facet normal -0.371576 -0.675856 0.636513
    outer loop
      vertex 33.7617 78.3648 1.73091
      vertex 34.4397 78.1743 1.92443
      vertex 33.6694 78.5978 1.92443
    endloop
  endfacet
  facet normal -0.371576 -0.675856 0.636513
    outer loop
      vertex 34.4397 78.1743 1.92443
      vertex 33.7617 78.3648 1.73091
      vertex 34.532 77.9413 1.73091
    endloop
  endfacet
  facet normal -0.402783 -0.554401 0.728289
    outer loop
      vertex 34.6801 77.8337 1.73091
      vertex 35.1451 77.27 1.55897
      vertex 35.3913 77.317 1.73091
    endloop
  endfacet
  facet normal -0.402783 -0.554401 0.728289
    outer loop
      vertex 35.1451 77.27 1.55897
      vertex 34.6801 77.8337 1.73091
      vertex 34.4339 77.7867 1.55897
    endloop
  endfacet
  facet normal -0.091758 -0.231641 0.968464
    outer loop
      vertex 32.4263 78.0166 1.19789
      vertex 32.3541 78.0452 1.19789
      vertex 32.3227 77.7965 1.13543
    endloop
  endfacet
  facet normal 0 0 1
    outer loop
      vertex 30.4474 77.9115 1.10395
      vertex 37.1256 70.8 1.10395
      vertex 37.0704 71.6773 1.10395
    endloop
  endfacet
  facet normal 0 0 1
    outer loop
      vertex 37.1256 70.8 1.10395
      vertex -4 77.9115 1.10395
      vertex 37.1256 -70.8 1.10395
    endloop
  endfacet
  facet normal 0 0 1
    outer loop
      vertex 37.0664 71.7086 1.10395
      vertex 37.0704 71.6773 1.10395
      vertex 37.0694 71.6931 1.10395
    endloop
  endfacet
  facet normal 0 0 1
    outer loop
      vertex -4 -77.9115 1.10395
      vertex 37.1256 -70.8 1.10395
      vertex -4 77.9115 1.10395
    endloop
  endfacet
  facet normal 0 0 1
    outer loop
      vertex 37.0704 71.6773 1.10395
      vertex 37.0664 71.7086 1.10395
      vertex 30.4474 77.9115 1.10395
    endloop
  endfacet
  facet normal 0 -0 1
    outer loop
      vertex 30.4474 -77.9115 1.10395
      vertex 37.1256 -70.8 1.10395
      vertex -4 -77.9115 1.10395
    endloop
  endfacet
  facet normal 0 0 1
    outer loop
      vertex 36.8968 72.5871 1.10395
      vertex 37.0664 71.7086 1.10395
      vertex 36.9017 72.5721 1.10395
    endloop
  endfacet
  facet normal 0 0 1
    outer loop
      vertex 37.1256 -70.8 1.10395
      vertex 30.4474 -77.9115 1.10395
      vertex 37.0704 -71.6773 1.10395
    endloop
  endfacet
  facet normal 0 0 1
    outer loop
      vertex 37.0664 71.7086 1.10395
      vertex 36.8968 72.5871 1.10395
      vertex 30.4474 77.9115 1.10395
    endloop
  endfacet
  facet normal 0 -0 1
    outer loop
      vertex 37.0664 -71.7086 1.10395
      vertex 37.0704 -71.6773 1.10395
      vertex 30.4474 -77.9115 1.10395
    endloop
  endfacet
  facet normal 0 0 1
    outer loop
      vertex 30.4474 77.9115 1.10395
      vertex 36.8968 72.5871 1.10395
      vertex 36.6252 73.4231 1.10395
    endloop
  endfacet
  facet normal 0 0 1
    outer loop
      vertex 37.0704 -71.6773 1.10395
      vertex 37.0664 -71.7086 1.10395
      vertex 37.0694 -71.6931 1.10395
    endloop
  endfacet
  facet normal 0 0 1
    outer loop
      vertex 30.4474 77.9115 1.10395
      vertex 36.6252 73.4231 1.10395
      vertex 36.2509 74.2185 1.10395
    endloop
  endfacet
  facet normal 0 -0 1
    outer loop
      vertex 36.8968 -72.5871 1.10395
      vertex 37.0664 -71.7086 1.10395
      vertex 30.4474 -77.9115 1.10395
    endloop
  endfacet
  facet normal 0 0 1
    outer loop
      vertex 36.2357 74.2461 1.10395
      vertex 36.2509 74.2185 1.10395
      vertex 36.2442 74.2328 1.10395
    endloop
  endfacet
  facet normal 0 0 1
    outer loop
      vertex 37.0664 -71.7086 1.10395
      vertex 36.8968 -72.5871 1.10395
      vertex 36.9017 -72.5721 1.10395
    endloop
  endfacet
  facet normal 0 0 1
    outer loop
      vertex 36.2509 74.2185 1.10395
      vertex 36.2357 74.2461 1.10395
      vertex 30.4474 77.9115 1.10395
    endloop
  endfacet
  facet normal 0 0 1
    outer loop
      vertex 36.8968 -72.5871 1.10395
      vertex 30.4474 -77.9115 1.10395
      vertex 36.6252 -73.4231 1.10395
    endloop
  endfacet
  facet normal 0 0 1
    outer loop
      vertex 35.7547 75.0005 1.10395
      vertex 36.2357 74.2461 1.10395
      vertex 35.7647 74.9883 1.10395
    endloop
  endfacet
  facet normal 0 0 1
    outer loop
      vertex 36.6252 -73.4231 1.10395
      vertex 30.4474 -77.9115 1.10395
      vertex 36.2509 -74.2185 1.10395
    endloop
  endfacet
  facet normal 0 0 1
    outer loop
      vertex 36.2357 74.2461 1.10395
      vertex 35.7547 75.0005 1.10395
      vertex 30.4474 77.9115 1.10395
    endloop
  endfacet
  facet normal 0 -0 1
    outer loop
      vertex 36.2357 -74.2461 1.10395
      vertex 36.2509 -74.2185 1.10395
      vertex 30.4474 -77.9115 1.10395
    endloop
  endfacet
  facet normal 0 0 1
    outer loop
      vertex 30.4474 77.9115 1.10395
      vertex 35.7547 75.0005 1.10395
      vertex 35.1943 75.6778 1.10395
    endloop
  endfacet
  facet normal 0 0 1
    outer loop
      vertex 36.2509 -74.2185 1.10395
      vertex 36.2357 -74.2461 1.10395
      vertex 36.2442 -74.2328 1.10395
    endloop
  endfacet
  facet normal 0 0 1
    outer loop
      vertex 30.4474 77.9115 1.10395
      vertex 35.1943 75.6778 1.10395
      vertex 34.5535 76.2796 1.10395
    endloop
  endfacet
  facet normal 0 -0 1
    outer loop
      vertex 35.7547 -75.0005 1.10395
      vertex 36.2357 -74.2461 1.10395
      vertex 30.4474 -77.9115 1.10395
    endloop
  endfacet
  facet normal 0 0 1
    outer loop
      vertex 34.5293 76.2996 1.10395
      vertex 34.5535 76.2796 1.10395
      vertex 34.542 76.2904 1.10395
    endloop
  endfacet
  facet normal 0 0 1
    outer loop
      vertex 36.2357 -74.2461 1.10395
      vertex 35.7547 -75.0005 1.10395
      vertex 35.7647 -74.9883 1.10395
    endloop
  endfacet
  facet normal 0 0 1
    outer loop
      vertex 34.5535 76.2796 1.10395
      vertex 34.5293 76.2996 1.10395
      vertex 30.4474 77.9115 1.10395
    endloop
  endfacet
  facet normal 0 0 1
    outer loop
      vertex 35.7547 -75.0005 1.10395
      vertex 30.4474 -77.9115 1.10395
      vertex 35.1943 -75.6778 1.10395
    endloop
  endfacet
  facet normal 0 0 1
    outer loop
      vertex 30.4474 77.9115 1.10395
      vertex 34.5293 76.2996 1.10395
      vertex 33.8181 76.8163 1.10395
    endloop
  endfacet
  facet normal 0 0 1
    outer loop
      vertex 35.1943 -75.6778 1.10395
      vertex 30.4474 -77.9115 1.10395
      vertex 34.5535 -76.2796 1.10395
    endloop
  endfacet
  facet normal 0 0 1
    outer loop
      vertex 30.4474 77.9115 1.10395
      vertex 33.8181 76.8163 1.10395
      vertex 33.0477 77.2398 1.10395
    endloop
  endfacet
  facet normal 0 -0 1
    outer loop
      vertex 34.5293 -76.2996 1.10395
      vertex 34.5535 -76.2796 1.10395
      vertex 30.4474 -77.9115 1.10395
    endloop
  endfacet
  facet normal 0 0 1
    outer loop
      vertex 33.0193 77.2532 1.10395
      vertex 33.0477 77.2398 1.10395
      vertex 33.0339 77.2474 1.10395
    endloop
  endfacet
  facet normal 0 0 1
    outer loop
      vertex 34.5535 -76.2796 1.10395
      vertex 34.5293 -76.2996 1.10395
      vertex 34.542 -76.2904 1.10395
    endloop
  endfacet
  facet normal 0 0 1
    outer loop
      vertex 33.0477 77.2398 1.10395
      vertex 33.0193 77.2532 1.10395
      vertex 30.4474 77.9115 1.10395
    endloop
  endfacet
  facet normal 0 0 1
    outer loop
      vertex 34.5293 -76.2996 1.10395
      vertex 30.4474 -77.9115 1.10395
      vertex 33.8181 -76.8163 1.10395
    endloop
  endfacet
  facet normal 0 0 1
    outer loop
      vertex 30.4474 77.9115 1.10395
      vertex 33.0193 77.2532 1.10395
      vertex 32.2019 77.5768 1.10395
    endloop
  endfacet
  facet normal 0 0 1
    outer loop
      vertex 37.1256 70.8 1.10395
      vertex 30.4474 77.9115 1.10395
      vertex -4 77.9115 1.10395
    endloop
  endfacet
  facet normal 0 0 1
    outer loop
      vertex 30.4474 77.9115 1.10395
      vertex 32.2019 77.5768 1.10395
      vertex 31.3505 77.7954 1.10395
    endloop
  endfacet
  facet normal 0 0 1
    outer loop
      vertex 33.8181 -76.8163 1.10395
      vertex 30.4474 -77.9115 1.10395
      vertex 33.0477 -77.2398 1.10395
    endloop
  endfacet
  facet normal 0 0 1
    outer loop
      vertex 31.3196 77.8013 1.10395
      vertex 31.3505 77.7954 1.10395
      vertex 31.3352 77.7994 1.10395
    endloop
  endfacet
  facet normal 0 0 1
    outer loop
      vertex 30.4474 77.9115 1.10395
      vertex 31.3505 77.7954 1.10395
      vertex 31.3196 77.8013 1.10395
    endloop
  endfacet
  facet normal 0 0 1
    outer loop
      vertex 33.0193 -77.2532 1.10395
      vertex 30.4474 -77.9115 1.10395
      vertex 32.2019 -77.5768 1.10395
    endloop
  endfacet
  facet normal 0 0 1
    outer loop
      vertex 31.3505 -77.7954 1.10395
      vertex 31.3196 -77.8013 1.10395
      vertex 31.3352 -77.7994 1.10395
    endloop
  endfacet
  facet normal 0 0 1
    outer loop
      vertex 32.2019 -77.5768 1.10395
      vertex 30.4474 -77.9115 1.10395
      vertex 31.3505 -77.7954 1.10395
    endloop
  endfacet
  facet normal 0 0 1
    outer loop
      vertex 31.3505 -77.7954 1.10395
      vertex 30.4474 -77.9115 1.10395
      vertex 31.3196 -77.8013 1.10395
    endloop
  endfacet
  facet normal 0 -0 1
    outer loop
      vertex 33.0193 -77.2532 1.10395
      vertex 33.0477 -77.2398 1.10395
      vertex 30.4474 -77.9115 1.10395
    endloop
  endfacet
  facet normal 0 0 1
    outer loop
      vertex 33.0477 -77.2398 1.10395
      vertex 33.0193 -77.2532 1.10395
      vertex 33.0339 -77.2474 1.10395
    endloop
  endfacet
  facet normal 0 0 1
    outer loop
      vertex -6 -77.9115 1.10395
      vertex -16.3544 -37.1352 1.10395
      vertex -16.3 -38 1.10395
    endloop
  endfacet
  facet normal 0 0 1
    outer loop
      vertex -17.1535 -34.6759 1.10395
      vertex -16.0549 -12.1719 1.10395
      vertex -16.3565 -12.6471 1.10395
    endloop
  endfacet
  facet normal 0 0 1
    outer loop
      vertex -17.6178 -33.9443 1.10395
      vertex -16.3565 -12.6471 1.10395
      vertex -16.3583 -12.6492 1.10395
    endloop
  endfacet
  facet normal 0 0 1
    outer loop
      vertex -16.0535 -12.1696 1.10395
      vertex -16.5168 -36.284 1.10395
      vertex -16.3544 -37.1352 1.10395
    endloop
  endfacet
  facet normal 0 0 1
    outer loop
      vertex -17.6178 -33.9443 1.10395
      vertex -16.3583 -12.6492 1.10395
      vertex -16.7171 -13.0829 1.10395
    endloop
  endfacet
  facet normal 0 0 1
    outer loop
      vertex -18.1701 -33.2766 1.10395
      vertex -16.7171 -13.0829 1.10395
      vertex -16.719 -13.0847 1.10395
    endloop
  endfacet
  facet normal 0 0 1
    outer loop
      vertex -16.0535 -12.1696 1.10395
      vertex -16.7845 -35.4599 1.10395
      vertex -16.5168 -36.284 1.10395
    endloop
  endfacet
  facet normal 0 0 1
    outer loop
      vertex -18.1701 -33.2766 1.10395
      vertex -16.719 -13.0847 1.10395
      vertex -17.1293 -13.47 1.10395
    endloop
  endfacet
  facet normal 0 0 1
    outer loop
      vertex -16.0535 -12.1696 1.10395
      vertex -17.1535 -34.6759 1.10395
      vertex -16.7845 -35.4599 1.10395
    endloop
  endfacet
  facet normal 0 0 1
    outer loop
      vertex -18.1701 -33.2766 1.10395
      vertex -17.1293 -13.47 1.10395
      vertex -17.5847 -13.8009 1.10395
    endloop
  endfacet
  facet normal 0 0 1
    outer loop
      vertex -18.8018 -32.6835 1.10395
      vertex -17.5847 -13.8009 1.10395
      vertex -17.5869 -13.8025 1.10395
    endloop
  endfacet
  facet normal 0 0 1
    outer loop
      vertex -18.8018 -32.6835 1.10395
      vertex -17.5869 -13.8025 1.10395
      vertex -17.5892 -13.8038 1.10395
    endloop
  endfacet
  facet normal 0 0 1
    outer loop
      vertex -16.3565 -12.6471 1.10395
      vertex -17.6178 -33.9443 1.10395
      vertex -17.1535 -34.6759 1.10395
    endloop
  endfacet
  facet normal 0 0 1
    outer loop
      vertex -18.8018 -32.6835 1.10395
      vertex -17.5892 -13.8038 1.10395
      vertex -18.0825 -14.0749 1.10395
    endloop
  endfacet
  facet normal 0 0 1
    outer loop
      vertex -19.5028 -32.1741 1.10395
      vertex -18.0825 -14.0749 1.10395
      vertex -18.085 -14.0759 1.10395
    endloop
  endfacet
  facet normal 0 0 1
    outer loop
      vertex -16.7171 -13.0829 1.10395
      vertex -18.1701 -33.2766 1.10395
      vertex -17.6178 -33.9443 1.10395
    endloop
  endfacet
  facet normal 0 0 1
    outer loop
      vertex -19.5028 -32.1741 1.10395
      vertex -18.085 -14.0759 1.10395
      vertex -18.6083 -14.2831 1.10395
    endloop
  endfacet
  facet normal 0 0 1
    outer loop
      vertex -20.2621 -31.7567 1.10395
      vertex -18.6083 -14.2831 1.10395
      vertex -18.6109 -14.2838 1.10395
    endloop
  endfacet
  facet normal 0 0 1
    outer loop
      vertex -17.5847 -13.8009 1.10395
      vertex -18.8018 -32.6835 1.10395
      vertex -18.1701 -33.2766 1.10395
    endloop
  endfacet
  facet normal 0 0 1
    outer loop
      vertex -20.2621 -31.7567 1.10395
      vertex -18.6109 -14.2838 1.10395
      vertex -19.1561 -14.4238 1.10395
    endloop
  endfacet
  facet normal 0 0 1
    outer loop
      vertex -21.0678 -31.4377 1.10395
      vertex -19.1561 -14.4238 1.10395
      vertex -19.1588 -14.4241 1.10395
    endloop
  endfacet
  facet normal 0 0 1
    outer loop
      vertex -18.0825 -14.0749 1.10395
      vertex -19.5028 -32.1741 1.10395
      vertex -18.8018 -32.6835 1.10395
    endloop
  endfacet
  facet normal 0 0 1
    outer loop
      vertex -21.0678 -31.4377 1.10395
      vertex -19.1588 -14.4241 1.10395
      vertex -19.7172 -14.4947 1.10395
    endloop
  endfacet
  facet normal 0 0 1
    outer loop
      vertex -18.6083 -14.2831 1.10395
      vertex -20.2621 -31.7567 1.10395
      vertex -19.5028 -32.1741 1.10395
    endloop
  endfacet
  facet normal 0 0 1
    outer loop
      vertex -21.9071 -31.2222 1.10395
      vertex -19.7172 -14.4947 1.10395
      vertex -20.2828 -14.4947 1.10395
    endloop
  endfacet
  facet normal 0 0 1
    outer loop
      vertex -22.7667 -31.1136 1.10395
      vertex -20.2828 -14.4947 1.10395
      vertex -20.8412 -14.4241 1.10395
    endloop
  endfacet
  facet normal 0 0 1
    outer loop
      vertex -22.7667 -31.1136 1.10395
      vertex -20.8412 -14.4241 1.10395
      vertex -20.8439 -14.4238 1.10395
    endloop
  endfacet
  facet normal 0 0 1
    outer loop
      vertex -19.1561 -14.4238 1.10395
      vertex -21.0678 -31.4377 1.10395
      vertex -20.2621 -31.7567 1.10395
    endloop
  endfacet
  facet normal 0 0 1
    outer loop
      vertex -22.7667 -31.1136 1.10395
      vertex -20.8439 -14.4238 1.10395
      vertex -21.3891 -14.2838 1.10395
    endloop
  endfacet
  facet normal 0 0 1
    outer loop
      vertex -23.6333 -31.1136 1.10395
      vertex -21.3891 -14.2838 1.10395
      vertex -21.3917 -14.2831 1.10395
    endloop
  endfacet
  facet normal 0 0 1
    outer loop
      vertex -19.7172 -14.4947 1.10395
      vertex -21.9071 -31.2222 1.10395
      vertex -21.0678 -31.4377 1.10395
    endloop
  endfacet
  facet normal 0 0 1
    outer loop
      vertex -23.6333 -31.1136 1.10395
      vertex -21.3917 -14.2831 1.10395
      vertex -21.915 -14.0759 1.10395
    endloop
  endfacet
  facet normal 0 0 1
    outer loop
      vertex -23.6333 -31.1136 1.10395
      vertex -21.915 -14.0759 1.10395
      vertex -21.9175 -14.0749 1.10395
    endloop
  endfacet
  facet normal 0 0 1
    outer loop
      vertex -24.4929 -31.2222 1.10395
      vertex -21.9175 -14.0749 1.10395
      vertex -22.4108 -13.8038 1.10395
    endloop
  endfacet
  facet normal 0 0 1
    outer loop
      vertex -24.4929 -31.2222 1.10395
      vertex -22.4108 -13.8038 1.10395
      vertex -22.4131 -13.8025 1.10395
    endloop
  endfacet
  facet normal 0 0 1
    outer loop
      vertex -25.3322 -31.4377 1.10395
      vertex -22.4131 -13.8025 1.10395
      vertex -22.4153 -13.8009 1.10395
    endloop
  endfacet
  facet normal 0 0 1
    outer loop
      vertex -20.2828 -14.4947 1.10395
      vertex -22.7667 -31.1136 1.10395
      vertex -21.9071 -31.2222 1.10395
    endloop
  endfacet
  facet normal 0 0 1
    outer loop
      vertex -25.3322 -31.4377 1.10395
      vertex -22.4153 -13.8009 1.10395
      vertex -22.8707 -13.47 1.10395
    endloop
  endfacet
  facet normal 0 0 1
    outer loop
      vertex -26.1379 -31.7567 1.10395
      vertex -22.8707 -13.47 1.10395
      vertex -23.281 -13.0847 1.10395
    endloop
  endfacet
  facet normal 0 0 1
    outer loop
      vertex -26.1379 -31.7567 1.10395
      vertex -23.281 -13.0847 1.10395
      vertex -23.2829 -13.0829 1.10395
    endloop
  endfacet
  facet normal 0 0 1
    outer loop
      vertex -21.3891 -14.2838 1.10395
      vertex -23.6333 -31.1136 1.10395
      vertex -22.7667 -31.1136 1.10395
    endloop
  endfacet
  facet normal 0 0 1
    outer loop
      vertex -26.8972 -32.1741 1.10395
      vertex -23.2829 -13.0829 1.10395
      vertex -23.6417 -12.6492 1.10395
    endloop
  endfacet
  facet normal 0 0 1
    outer loop
      vertex -26.8972 -32.1741 1.10395
      vertex -23.6417 -12.6492 1.10395
      vertex -23.6435 -12.6471 1.10395
    endloop
  endfacet
  facet normal 0 0 1
    outer loop
      vertex -27.5982 -32.6835 1.10395
      vertex -23.6435 -12.6471 1.10395
      vertex -23.9451 -12.1719 1.10395
    endloop
  endfacet
  facet normal 0 0 1
    outer loop
      vertex -27.5982 -32.6835 1.10395
      vertex -23.9451 -12.1719 1.10395
      vertex -23.9465 -12.1696 1.10395
    endloop
  endfacet
  facet normal 0 0 1
    outer loop
      vertex -27.5982 -32.6835 1.10395
      vertex -23.9465 -12.1696 1.10395
      vertex -23.9476 -12.1672 1.10395
    endloop
  endfacet
  facet normal 0 0 1
    outer loop
      vertex -28.2299 -33.2766 1.10395
      vertex -23.9476 -12.1672 1.10395
      vertex -24.1873 -11.6579 1.10395
    endloop
  endfacet
  facet normal 0 0 1
    outer loop
      vertex -28.2299 -33.2766 1.10395
      vertex -24.1873 -11.6579 1.10395
      vertex -24.3612 -11.1225 1.10395
    endloop
  endfacet
  facet normal 0 0 1
    outer loop
      vertex -28.7822 -33.9443 1.10395
      vertex -24.3612 -11.1225 1.10395
      vertex -24.3621 -11.12 1.10395
    endloop
  endfacet
  facet normal 0 0 1
    outer loop
      vertex -28.7822 -33.9443 1.10395
      vertex -24.3621 -11.12 1.10395
      vertex -24.4675 -10.5671 1.10395
    endloop
  endfacet
  facet normal 0 0 1
    outer loop
      vertex -28.7822 -33.9443 1.10395
      vertex -24.4675 -10.5671 1.10395
      vertex -24.468 -10.5644 1.10395
    endloop
  endfacet
  facet normal 0 0 1
    outer loop
      vertex -21.9175 -14.0749 1.10395
      vertex -24.4929 -31.2222 1.10395
      vertex -23.6333 -31.1136 1.10395
    endloop
  endfacet
  facet normal 0 0 1
    outer loop
      vertex -29.2465 -34.6759 1.10395
      vertex -24.468 -10.5644 1.10395
      vertex -24.5034 -10.0027 1.10395
    endloop
  endfacet
  facet normal 0 0 1
    outer loop
      vertex -29.2465 -34.6759 1.10395
      vertex -24.5034 -10.0027 1.10395
      vertex -24.5036 -10 1.10395
    endloop
  endfacet
  facet normal 0 0 1
    outer loop
      vertex -22.4131 -13.8025 1.10395
      vertex -25.3322 -31.4377 1.10395
      vertex -24.4929 -31.2222 1.10395
    endloop
  endfacet
  facet normal -0 0 1
    outer loop
      vertex -15.4966 19.9973 1.10395
      vertex -15.4964 -10 1.10395
      vertex -15.4964 20 1.10395
    endloop
  endfacet
  facet normal 0 0 1
    outer loop
      vertex -15.4966 19.9973 1.10395
      vertex -15.4966 -9.99733 1.10395
      vertex -15.4964 -10 1.10395
    endloop
  endfacet
  facet normal -0 0 1
    outer loop
      vertex -15.532 19.4356 1.10395
      vertex -15.4966 -9.99733 1.10395
      vertex -15.4966 19.9973 1.10395
    endloop
  endfacet
  facet normal 0 0 1
    outer loop
      vertex -15.532 19.4356 1.10395
      vertex -15.532 -9.43556 1.10395
      vertex -15.4966 -9.99733 1.10395
    endloop
  endfacet
  facet normal -0 0 1
    outer loop
      vertex -15.5325 19.4329 1.10395
      vertex -15.532 -9.43556 1.10395
      vertex -15.532 19.4356 1.10395
    endloop
  endfacet
  facet normal 0 0 1
    outer loop
      vertex -15.5325 19.4329 1.10395
      vertex -15.5325 -9.43293 1.10395
      vertex -15.532 -9.43556 1.10395
    endloop
  endfacet
  facet normal -0 0 1
    outer loop
      vertex -15.6379 18.88 1.10395
      vertex -15.5325 -9.43293 1.10395
      vertex -15.5325 19.4329 1.10395
    endloop
  endfacet
  facet normal 0 0 1
    outer loop
      vertex -15.6379 18.88 1.10395
      vertex -15.6379 -8.88001 1.10395
      vertex -15.5325 -9.43293 1.10395
    endloop
  endfacet
  facet normal -0 0 1
    outer loop
      vertex -15.6388 18.8775 1.10395
      vertex -15.6379 -8.88001 1.10395
      vertex -15.6379 18.88 1.10395
    endloop
  endfacet
  facet normal 0 0 1
    outer loop
      vertex -15.6388 18.8775 1.10395
      vertex -15.6388 -8.87747 1.10395
      vertex -15.6379 -8.88001 1.10395
    endloop
  endfacet
  facet normal -0 0 1
    outer loop
      vertex -15.8127 18.3421 1.10395
      vertex -15.6388 -8.87747 1.10395
      vertex -15.6388 18.8775 1.10395
    endloop
  endfacet
  facet normal 0 0 1
    outer loop
      vertex -15.8127 18.3421 1.10395
      vertex -15.8127 -8.34213 1.10395
      vertex -15.6388 -8.87747 1.10395
    endloop
  endfacet
  facet normal -0 0 1
    outer loop
      vertex -16.0524 17.8328 1.10395
      vertex -15.8127 -8.34213 1.10395
      vertex -15.8127 18.3421 1.10395
    endloop
  endfacet
  facet normal 0 0 1
    outer loop
      vertex -16.0524 17.8328 1.10395
      vertex -16.0524 -7.83282 1.10395
      vertex -15.8127 -8.34213 1.10395
    endloop
  endfacet
  facet normal -0 0 1
    outer loop
      vertex -16.0535 17.8304 1.10395
      vertex -16.0524 -7.83282 1.10395
      vertex -16.0524 17.8328 1.10395
    endloop
  endfacet
  facet normal 0 0 1
    outer loop
      vertex -16.0535 17.8304 1.10395
      vertex -16.0535 -7.8304 1.10395
      vertex -16.0524 -7.83282 1.10395
    endloop
  endfacet
  facet normal -0 0 1
    outer loop
      vertex -16.0549 17.8281 1.10395
      vertex -16.0535 -7.8304 1.10395
      vertex -16.0535 17.8304 1.10395
    endloop
  endfacet
  facet normal 0 0 1
    outer loop
      vertex -16.0549 17.8281 1.10395
      vertex -16.0549 -7.82814 1.10395
      vertex -16.0535 -7.8304 1.10395
    endloop
  endfacet
  facet normal -0 0 1
    outer loop
      vertex -16.3565 17.3529 1.10395
      vertex -16.0549 -7.82814 1.10395
      vertex -16.0549 17.8281 1.10395
    endloop
  endfacet
  facet normal 0 0 1
    outer loop
      vertex -16.3565 17.3529 1.10395
      vertex -16.3565 -7.35288 1.10395
      vertex -16.0549 -7.82814 1.10395
    endloop
  endfacet
  facet normal -0 0 1
    outer loop
      vertex -16.3583 17.3508 1.10395
      vertex -16.3565 -7.35288 1.10395
      vertex -16.3565 17.3529 1.10395
    endloop
  endfacet
  facet normal 0 0 1
    outer loop
      vertex -16.3583 17.3508 1.10395
      vertex -16.3583 -7.35082 1.10395
      vertex -16.3565 -7.35288 1.10395
    endloop
  endfacet
  facet normal -0 0 1
    outer loop
      vertex -16.7171 16.9171 1.10395
      vertex -16.3583 -7.35082 1.10395
      vertex -16.3583 17.3508 1.10395
    endloop
  endfacet
  facet normal 0 0 1
    outer loop
      vertex -16.7171 16.9171 1.10395
      vertex -16.7171 -6.91711 1.10395
      vertex -16.3583 -7.35082 1.10395
    endloop
  endfacet
  facet normal -0 0 1
    outer loop
      vertex -16.719 16.9153 1.10395
      vertex -16.7171 -6.91711 1.10395
      vertex -16.7171 16.9171 1.10395
    endloop
  endfacet
  facet normal 0 0 1
    outer loop
      vertex -16.719 16.9153 1.10395
      vertex -16.719 -6.91527 1.10395
      vertex -16.7171 -6.91711 1.10395
    endloop
  endfacet
  facet normal -0 0 1
    outer loop
      vertex -17.1293 16.53 1.10395
      vertex -16.719 -6.91527 1.10395
      vertex -16.719 16.9153 1.10395
    endloop
  endfacet
  facet normal 0 0 1
    outer loop
      vertex -17.1293 16.53 1.10395
      vertex -17.1293 -6.52995 1.10395
      vertex -16.719 -6.91527 1.10395
    endloop
  endfacet
  facet normal -0 0 1
    outer loop
      vertex -17.5847 16.1991 1.10395
      vertex -17.1293 -6.52995 1.10395
      vertex -17.1293 16.53 1.10395
    endloop
  endfacet
  facet normal 0 0 1
    outer loop
      vertex -17.5847 16.1991 1.10395
      vertex -17.5847 -6.1991 1.10395
      vertex -17.1293 -6.52995 1.10395
    endloop
  endfacet
  facet normal -0 0 1
    outer loop
      vertex -17.5869 16.1975 1.10395
      vertex -17.5847 -6.1991 1.10395
      vertex -17.5847 16.1991 1.10395
    endloop
  endfacet
  facet normal 0 0 1
    outer loop
      vertex -17.5869 16.1975 1.10395
      vertex -17.5869 -6.19753 1.10395
      vertex -17.5847 -6.1991 1.10395
    endloop
  endfacet
  facet normal -0 0 1
    outer loop
      vertex -17.5892 16.1962 1.10395
      vertex -17.5869 -6.19753 1.10395
      vertex -17.5869 16.1975 1.10395
    endloop
  endfacet
  facet normal 0 0 1
    outer loop
      vertex -17.5892 16.1962 1.10395
      vertex -17.5892 -6.19624 1.10395
      vertex -17.5869 -6.19753 1.10395
    endloop
  endfacet
  facet normal -0 0 1
    outer loop
      vertex -18.0825 15.9251 1.10395
      vertex -17.5892 -6.19624 1.10395
      vertex -17.5892 16.1962 1.10395
    endloop
  endfacet
  facet normal 0 0 1
    outer loop
      vertex -18.0825 15.9251 1.10395
      vertex -18.0825 -5.92506 1.10395
      vertex -17.5892 -6.19624 1.10395
    endloop
  endfacet
  facet normal -0 0 1
    outer loop
      vertex -18.085 15.9241 1.10395
      vertex -18.0825 -5.92506 1.10395
      vertex -18.0825 15.9251 1.10395
    endloop
  endfacet
  facet normal 0 0 1
    outer loop
      vertex -18.085 15.9241 1.10395
      vertex -18.085 -5.92408 1.10395
      vertex -18.0825 -5.92506 1.10395
    endloop
  endfacet
  facet normal -0 0 1
    outer loop
      vertex -18.6083 15.7169 1.10395
      vertex -18.085 -5.92408 1.10395
      vertex -18.085 15.9241 1.10395
    endloop
  endfacet
  facet normal 0 0 1
    outer loop
      vertex -18.6083 15.7169 1.10395
      vertex -18.6083 -5.71687 1.10395
      vertex -18.085 -5.92408 1.10395
    endloop
  endfacet
  facet normal -0 0 1
    outer loop
      vertex -18.6109 15.7162 1.10395
      vertex -18.6083 -5.71687 1.10395
      vertex -18.6083 15.7169 1.10395
    endloop
  endfacet
  facet normal 0 0 1
    outer loop
      vertex -18.6109 15.7162 1.10395
      vertex -18.6109 -5.7162 1.10395
      vertex -18.6083 -5.71687 1.10395
    endloop
  endfacet
  facet normal -0 0 1
    outer loop
      vertex -19.1561 15.5762 1.10395
      vertex -18.6109 -5.7162 1.10395
      vertex -18.6109 15.7162 1.10395
    endloop
  endfacet
  facet normal 0 0 1
    outer loop
      vertex -19.1561 15.5762 1.10395
      vertex -19.1561 -5.57622 1.10395
      vertex -18.6109 -5.7162 1.10395
    endloop
  endfacet
  facet normal -0 0 1
    outer loop
      vertex -19.1588 15.5759 1.10395
      vertex -19.1561 -5.57622 1.10395
      vertex -19.1561 15.5762 1.10395
    endloop
  endfacet
  facet normal 0 0 1
    outer loop
      vertex -19.1588 15.5759 1.10395
      vertex -19.1588 -5.57588 1.10395
      vertex -19.1561 -5.57622 1.10395
    endloop
  endfacet
  facet normal -0 0 1
    outer loop
      vertex -19.7172 15.5053 1.10395
      vertex -19.1588 -5.57588 1.10395
      vertex -19.1588 15.5759 1.10395
    endloop
  endfacet
  facet normal 0 0 1
    outer loop
      vertex -19.7172 15.5053 1.10395
      vertex -19.7172 -5.50533 1.10395
      vertex -19.1588 -5.57588 1.10395
    endloop
  endfacet
  facet normal -0 0 1
    outer loop
      vertex -20.2828 15.5053 1.10395
      vertex -19.7172 -5.50533 1.10395
      vertex -19.7172 15.5053 1.10395
    endloop
  endfacet
  facet normal 0 0 1
    outer loop
      vertex -20.2828 15.5053 1.10395
      vertex -20.2828 -5.50533 1.10395
      vertex -19.7172 -5.50533 1.10395
    endloop
  endfacet
  facet normal 0 0 1
    outer loop
      vertex -20.8412 15.5759 1.10395
      vertex -20.2828 -5.50533 1.10395
      vertex -20.2828 15.5053 1.10395
    endloop
  endfacet
  facet normal 0 0 1
    outer loop
      vertex -20.8412 15.5759 1.10395
      vertex -20.8412 -5.57588 1.10395
      vertex -20.2828 -5.50533 1.10395
    endloop
  endfacet
  facet normal 0 0 1
    outer loop
      vertex -20.8439 15.5762 1.10395
      vertex -20.8412 -5.57588 1.10395
      vertex -20.8412 15.5759 1.10395
    endloop
  endfacet
  facet normal 0 0 1
    outer loop
      vertex -20.8439 15.5762 1.10395
      vertex -20.8439 -5.57622 1.10395
      vertex -20.8412 -5.57588 1.10395
    endloop
  endfacet
  facet normal 0 0 1
    outer loop
      vertex -21.3891 15.7162 1.10395
      vertex -20.8439 -5.57622 1.10395
      vertex -20.8439 15.5762 1.10395
    endloop
  endfacet
  facet normal 0 0 1
    outer loop
      vertex -21.3891 15.7162 1.10395
      vertex -21.3891 -5.7162 1.10395
      vertex -20.8439 -5.57622 1.10395
    endloop
  endfacet
  facet normal 0 0 1
    outer loop
      vertex -21.3917 15.7169 1.10395
      vertex -21.3891 -5.7162 1.10395
      vertex -21.3891 15.7162 1.10395
    endloop
  endfacet
  facet normal 0 0 1
    outer loop
      vertex -21.3917 15.7169 1.10395
      vertex -21.3917 -5.71687 1.10395
      vertex -21.3891 -5.7162 1.10395
    endloop
  endfacet
  facet normal 0 0 1
    outer loop
      vertex -21.915 15.9241 1.10395
      vertex -21.3917 -5.71687 1.10395
      vertex -21.3917 15.7169 1.10395
    endloop
  endfacet
  facet normal 0 0 1
    outer loop
      vertex -21.915 15.9241 1.10395
      vertex -21.915 -5.92408 1.10395
      vertex -21.3917 -5.71687 1.10395
    endloop
  endfacet
  facet normal 0 0 1
    outer loop
      vertex -21.9175 15.9251 1.10395
      vertex -21.915 -5.92408 1.10395
      vertex -21.915 15.9241 1.10395
    endloop
  endfacet
  facet normal 0 0 1
    outer loop
      vertex -21.9175 15.9251 1.10395
      vertex -21.9175 -5.92506 1.10395
      vertex -21.915 -5.92408 1.10395
    endloop
  endfacet
  facet normal 0 0 1
    outer loop
      vertex -22.4108 16.1962 1.10395
      vertex -21.9175 -5.92506 1.10395
      vertex -21.9175 15.9251 1.10395
    endloop
  endfacet
  facet normal 0 0 1
    outer loop
      vertex -22.4108 16.1962 1.10395
      vertex -22.4108 -6.19624 1.10395
      vertex -21.9175 -5.92506 1.10395
    endloop
  endfacet
  facet normal 0 0 1
    outer loop
      vertex -22.4131 16.1975 1.10395
      vertex -22.4108 -6.19624 1.10395
      vertex -22.4108 16.1962 1.10395
    endloop
  endfacet
  facet normal 0 0 1
    outer loop
      vertex -22.4131 16.1975 1.10395
      vertex -22.4131 -6.19753 1.10395
      vertex -22.4108 -6.19624 1.10395
    endloop
  endfacet
  facet normal 0 0 1
    outer loop
      vertex -22.4153 16.1991 1.10395
      vertex -22.4131 -6.19753 1.10395
      vertex -22.4131 16.1975 1.10395
    endloop
  endfacet
  facet normal 0 0 1
    outer loop
      vertex -22.4153 16.1991 1.10395
      vertex -22.4153 -6.1991 1.10395
      vertex -22.4131 -6.19753 1.10395
    endloop
  endfacet
  facet normal 0 0 1
    outer loop
      vertex -22.8707 16.53 1.10395
      vertex -22.4153 -6.1991 1.10395
      vertex -22.4153 16.1991 1.10395
    endloop
  endfacet
  facet normal 0 0 1
    outer loop
      vertex -22.8707 16.53 1.10395
      vertex -22.8707 -6.52995 1.10395
      vertex -22.4153 -6.1991 1.10395
    endloop
  endfacet
  facet normal 0 0 1
    outer loop
      vertex -23.281 16.9153 1.10395
      vertex -22.8707 -6.52995 1.10395
      vertex -22.8707 16.53 1.10395
    endloop
  endfacet
  facet normal 0 0 1
    outer loop
      vertex -23.281 16.9153 1.10395
      vertex -23.281 -6.91527 1.10395
      vertex -22.8707 -6.52995 1.10395
    endloop
  endfacet
  facet normal 0 0 1
    outer loop
      vertex -23.2829 16.9171 1.10395
      vertex -23.281 -6.91527 1.10395
      vertex -23.281 16.9153 1.10395
    endloop
  endfacet
  facet normal 0 0 1
    outer loop
      vertex -23.2829 16.9171 1.10395
      vertex -23.2829 -6.91711 1.10395
      vertex -23.281 -6.91527 1.10395
    endloop
  endfacet
  facet normal 0 0 1
    outer loop
      vertex -23.6417 17.3508 1.10395
      vertex -23.2829 -6.91711 1.10395
      vertex -23.2829 16.9171 1.10395
    endloop
  endfacet
  facet normal 0 0 1
    outer loop
      vertex -23.6417 17.3508 1.10395
      vertex -23.6417 -7.35082 1.10395
      vertex -23.2829 -6.91711 1.10395
    endloop
  endfacet
  facet normal 0 0 1
    outer loop
      vertex -23.6435 17.3529 1.10395
      vertex -23.6417 -7.35082 1.10395
      vertex -23.6417 17.3508 1.10395
    endloop
  endfacet
  facet normal 0 0 1
    outer loop
      vertex -23.6435 17.3529 1.10395
      vertex -23.6435 -7.35288 1.10395
      vertex -23.6417 -7.35082 1.10395
    endloop
  endfacet
  facet normal 0 0 1
    outer loop
      vertex -23.9451 17.8281 1.10395
      vertex -23.6435 -7.35288 1.10395
      vertex -23.6435 17.3529 1.10395
    endloop
  endfacet
  facet normal 0 0 1
    outer loop
      vertex -23.9451 17.8281 1.10395
      vertex -23.9451 -7.82814 1.10395
      vertex -23.6435 -7.35288 1.10395
    endloop
  endfacet
  facet normal 0 0 1
    outer loop
      vertex -23.9465 17.8304 1.10395
      vertex -23.9451 -7.82814 1.10395
      vertex -23.9451 17.8281 1.10395
    endloop
  endfacet
  facet normal 0 0 1
    outer loop
      vertex -23.9465 17.8304 1.10395
      vertex -23.9465 -7.8304 1.10395
      vertex -23.9451 -7.82814 1.10395
    endloop
  endfacet
  facet normal 0 0 1
    outer loop
      vertex -23.9476 17.8328 1.10395
      vertex -23.9465 -7.8304 1.10395
      vertex -23.9465 17.8304 1.10395
    endloop
  endfacet
  facet normal 0 0 1
    outer loop
      vertex -23.9476 17.8328 1.10395
      vertex -23.9476 -7.83282 1.10395
      vertex -23.9465 -7.8304 1.10395
    endloop
  endfacet
  facet normal 0 0 1
    outer loop
      vertex -24.1873 18.3421 1.10395
      vertex -23.9476 -7.83282 1.10395
      vertex -23.9476 17.8328 1.10395
    endloop
  endfacet
  facet normal 0 0 1
    outer loop
      vertex -24.1873 18.3421 1.10395
      vertex -24.1873 -8.34213 1.10395
      vertex -23.9476 -7.83282 1.10395
    endloop
  endfacet
  facet normal 0 0 1
    outer loop
      vertex -24.3612 18.8775 1.10395
      vertex -24.1873 -8.34213 1.10395
      vertex -24.1873 18.3421 1.10395
    endloop
  endfacet
  facet normal 0 0 1
    outer loop
      vertex -24.3612 18.8775 1.10395
      vertex -24.3612 -8.87747 1.10395
      vertex -24.1873 -8.34213 1.10395
    endloop
  endfacet
  facet normal 0 0 1
    outer loop
      vertex -24.3621 18.88 1.10395
      vertex -24.3612 -8.87747 1.10395
      vertex -24.3612 18.8775 1.10395
    endloop
  endfacet
  facet normal 0 0 1
    outer loop
      vertex -24.3621 18.88 1.10395
      vertex -24.3621 -8.88001 1.10395
      vertex -24.3612 -8.87747 1.10395
    endloop
  endfacet
  facet normal 0 0 1
    outer loop
      vertex -24.4675 19.4329 1.10395
      vertex -24.3621 -8.88001 1.10395
      vertex -24.3621 18.88 1.10395
    endloop
  endfacet
  facet normal 0 0 1
    outer loop
      vertex -24.4675 19.4329 1.10395
      vertex -24.4675 -9.43293 1.10395
      vertex -24.3621 -8.88001 1.10395
    endloop
  endfacet
  facet normal 0 0 1
    outer loop
      vertex -24.468 19.4356 1.10395
      vertex -24.4675 -9.43293 1.10395
      vertex -24.4675 19.4329 1.10395
    endloop
  endfacet
  facet normal 0 0 1
    outer loop
      vertex -24.468 19.4356 1.10395
      vertex -24.468 -9.43556 1.10395
      vertex -24.4675 -9.43293 1.10395
    endloop
  endfacet
  facet normal 0 0 1
    outer loop
      vertex -37.1256 70.8 1.10395
      vertex -24.468 19.4356 1.10395
      vertex -24.5034 19.9973 1.10395
    endloop
  endfacet
  facet normal 0 0 1
    outer loop
      vertex -24.468 19.4356 1.10395
      vertex -29.8832 -36.284 1.10395
      vertex -24.468 -9.43556 1.10395
    endloop
  endfacet
  facet normal 0 0 1
    outer loop
      vertex -37.1256 70.8 1.10395
      vertex -24.5034 19.9973 1.10395
      vertex -24.5036 20 1.10395
    endloop
  endfacet
  facet normal 0 -0 1
    outer loop
      vertex -29.6155 -35.4599 1.10395
      vertex -24.468 -9.43556 1.10395
      vertex -29.8832 -36.284 1.10395
    endloop
  endfacet
  facet normal 0 0 1
    outer loop
      vertex -15.532 49.4356 1.10395
      vertex -6 77.9115 1.10395
      vertex -15.4966 49.9973 1.10395
    endloop
  endfacet
  facet normal 0 0 1
    outer loop
      vertex -6 77.9115 1.10395
      vertex -15.4966 20.0027 1.10395
      vertex -15.4964 20 1.10395
    endloop
  endfacet
  facet normal 0 0 1
    outer loop
      vertex -15.532 20.5644 1.10395
      vertex -6 77.9115 1.10395
      vertex -15.532 49.4356 1.10395
    endloop
  endfacet
  facet normal 0 0 1
    outer loop
      vertex -6 77.9115 1.10395
      vertex -15.532 20.5644 1.10395
      vertex -15.4966 20.0027 1.10395
    endloop
  endfacet
  facet normal -0 0 1
    outer loop
      vertex -15.5325 49.4329 1.10395
      vertex -15.532 20.5644 1.10395
      vertex -15.532 49.4356 1.10395
    endloop
  endfacet
  facet normal 0 0 1
    outer loop
      vertex -15.5325 49.4329 1.10395
      vertex -15.5325 20.5671 1.10395
      vertex -15.532 20.5644 1.10395
    endloop
  endfacet
  facet normal -0 0 1
    outer loop
      vertex -15.6379 48.88 1.10395
      vertex -15.5325 20.5671 1.10395
      vertex -15.5325 49.4329 1.10395
    endloop
  endfacet
  facet normal 0 0 1
    outer loop
      vertex -15.6379 48.88 1.10395
      vertex -15.6379 21.12 1.10395
      vertex -15.5325 20.5671 1.10395
    endloop
  endfacet
  facet normal -0 0 1
    outer loop
      vertex -15.6388 48.8775 1.10395
      vertex -15.6379 21.12 1.10395
      vertex -15.6379 48.88 1.10395
    endloop
  endfacet
  facet normal 0 0 1
    outer loop
      vertex -15.6388 48.8775 1.10395
      vertex -15.6388 21.1225 1.10395
      vertex -15.6379 21.12 1.10395
    endloop
  endfacet
  facet normal -0 0 1
    outer loop
      vertex -15.8127 48.3421 1.10395
      vertex -15.6388 21.1225 1.10395
      vertex -15.6388 48.8775 1.10395
    endloop
  endfacet
  facet normal 0 0 1
    outer loop
      vertex -15.8127 48.3421 1.10395
      vertex -15.8127 21.6579 1.10395
      vertex -15.6388 21.1225 1.10395
    endloop
  endfacet
  facet normal -0 0 1
    outer loop
      vertex -16.0524 47.8328 1.10395
      vertex -15.8127 21.6579 1.10395
      vertex -15.8127 48.3421 1.10395
    endloop
  endfacet
  facet normal 0 0 1
    outer loop
      vertex -16.0524 47.8328 1.10395
      vertex -16.0524 22.1672 1.10395
      vertex -15.8127 21.6579 1.10395
    endloop
  endfacet
  facet normal -0 0 1
    outer loop
      vertex -16.0535 47.8304 1.10395
      vertex -16.0524 22.1672 1.10395
      vertex -16.0524 47.8328 1.10395
    endloop
  endfacet
  facet normal 0 0 1
    outer loop
      vertex -16.0535 47.8304 1.10395
      vertex -16.0535 22.1696 1.10395
      vertex -16.0524 22.1672 1.10395
    endloop
  endfacet
  facet normal -0 0 1
    outer loop
      vertex -16.0549 47.8281 1.10395
      vertex -16.0535 22.1696 1.10395
      vertex -16.0535 47.8304 1.10395
    endloop
  endfacet
  facet normal 0 0 1
    outer loop
      vertex -16.0549 47.8281 1.10395
      vertex -16.0549 22.1719 1.10395
      vertex -16.0535 22.1696 1.10395
    endloop
  endfacet
  facet normal -0 0 1
    outer loop
      vertex -16.3565 47.3529 1.10395
      vertex -16.0549 22.1719 1.10395
      vertex -16.0549 47.8281 1.10395
    endloop
  endfacet
  facet normal 0 0 1
    outer loop
      vertex -16.3565 47.3529 1.10395
      vertex -16.3565 22.6471 1.10395
      vertex -16.0549 22.1719 1.10395
    endloop
  endfacet
  facet normal -0 0 1
    outer loop
      vertex -16.3583 47.3508 1.10395
      vertex -16.3565 22.6471 1.10395
      vertex -16.3565 47.3529 1.10395
    endloop
  endfacet
  facet normal 0 0 1
    outer loop
      vertex -16.3583 47.3508 1.10395
      vertex -16.3583 22.6492 1.10395
      vertex -16.3565 22.6471 1.10395
    endloop
  endfacet
  facet normal -0 0 1
    outer loop
      vertex -16.7171 46.9171 1.10395
      vertex -16.3583 22.6492 1.10395
      vertex -16.3583 47.3508 1.10395
    endloop
  endfacet
  facet normal 0 0 1
    outer loop
      vertex -16.7171 46.9171 1.10395
      vertex -16.7171 23.0829 1.10395
      vertex -16.3583 22.6492 1.10395
    endloop
  endfacet
  facet normal -0 0 1
    outer loop
      vertex -16.719 46.9153 1.10395
      vertex -16.7171 23.0829 1.10395
      vertex -16.7171 46.9171 1.10395
    endloop
  endfacet
  facet normal 0 0 1
    outer loop
      vertex -16.719 46.9153 1.10395
      vertex -16.719 23.0847 1.10395
      vertex -16.7171 23.0829 1.10395
    endloop
  endfacet
  facet normal -0 0 1
    outer loop
      vertex -17.1293 46.53 1.10395
      vertex -16.719 23.0847 1.10395
      vertex -16.719 46.9153 1.10395
    endloop
  endfacet
  facet normal 0 0 1
    outer loop
      vertex -17.1293 46.53 1.10395
      vertex -17.1293 23.47 1.10395
      vertex -16.719 23.0847 1.10395
    endloop
  endfacet
  facet normal -0 0 1
    outer loop
      vertex -17.5847 46.1991 1.10395
      vertex -17.1293 23.47 1.10395
      vertex -17.1293 46.53 1.10395
    endloop
  endfacet
  facet normal 0 0 1
    outer loop
      vertex -17.5847 46.1991 1.10395
      vertex -17.5847 23.8009 1.10395
      vertex -17.1293 23.47 1.10395
    endloop
  endfacet
  facet normal -0 0 1
    outer loop
      vertex -17.5869 46.1975 1.10395
      vertex -17.5847 23.8009 1.10395
      vertex -17.5847 46.1991 1.10395
    endloop
  endfacet
  facet normal 0 0 1
    outer loop
      vertex -17.5869 46.1975 1.10395
      vertex -17.5869 23.8025 1.10395
      vertex -17.5847 23.8009 1.10395
    endloop
  endfacet
  facet normal -0 0 1
    outer loop
      vertex -17.5892 46.1962 1.10395
      vertex -17.5869 23.8025 1.10395
      vertex -17.5869 46.1975 1.10395
    endloop
  endfacet
  facet normal 0 0 1
    outer loop
      vertex -17.5892 46.1962 1.10395
      vertex -17.5892 23.8038 1.10395
      vertex -17.5869 23.8025 1.10395
    endloop
  endfacet
  facet normal -0 0 1
    outer loop
      vertex -18.0825 45.9251 1.10395
      vertex -17.5892 23.8038 1.10395
      vertex -17.5892 46.1962 1.10395
    endloop
  endfacet
  facet normal 0 0 1
    outer loop
      vertex -18.0825 45.9251 1.10395
      vertex -18.0825 24.0749 1.10395
      vertex -17.5892 23.8038 1.10395
    endloop
  endfacet
  facet normal -0 0 1
    outer loop
      vertex -18.085 45.9241 1.10395
      vertex -18.0825 24.0749 1.10395
      vertex -18.0825 45.9251 1.10395
    endloop
  endfacet
  facet normal 0 0 1
    outer loop
      vertex -18.085 45.9241 1.10395
      vertex -18.085 24.0759 1.10395
      vertex -18.0825 24.0749 1.10395
    endloop
  endfacet
  facet normal -0 0 1
    outer loop
      vertex -18.6083 45.7169 1.10395
      vertex -18.085 24.0759 1.10395
      vertex -18.085 45.9241 1.10395
    endloop
  endfacet
  facet normal 0 0 1
    outer loop
      vertex -18.6083 45.7169 1.10395
      vertex -18.6083 24.2831 1.10395
      vertex -18.085 24.0759 1.10395
    endloop
  endfacet
  facet normal -0 0 1
    outer loop
      vertex -18.6109 45.7162 1.10395
      vertex -18.6083 24.2831 1.10395
      vertex -18.6083 45.7169 1.10395
    endloop
  endfacet
  facet normal 0 0 1
    outer loop
      vertex -18.6109 45.7162 1.10395
      vertex -18.6109 24.2838 1.10395
      vertex -18.6083 24.2831 1.10395
    endloop
  endfacet
  facet normal -0 0 1
    outer loop
      vertex -19.1561 45.5762 1.10395
      vertex -18.6109 24.2838 1.10395
      vertex -18.6109 45.7162 1.10395
    endloop
  endfacet
  facet normal 0 0 1
    outer loop
      vertex -19.1561 45.5762 1.10395
      vertex -19.1561 24.4238 1.10395
      vertex -18.6109 24.2838 1.10395
    endloop
  endfacet
  facet normal -0 0 1
    outer loop
      vertex -19.1588 45.5759 1.10395
      vertex -19.1561 24.4238 1.10395
      vertex -19.1561 45.5762 1.10395
    endloop
  endfacet
  facet normal 0 0 1
    outer loop
      vertex -19.1588 45.5759 1.10395
      vertex -19.1588 24.4241 1.10395
      vertex -19.1561 24.4238 1.10395
    endloop
  endfacet
  facet normal -0 0 1
    outer loop
      vertex -19.7172 45.5053 1.10395
      vertex -19.1588 24.4241 1.10395
      vertex -19.1588 45.5759 1.10395
    endloop
  endfacet
  facet normal 0 0 1
    outer loop
      vertex -19.7172 45.5053 1.10395
      vertex -19.7172 24.4947 1.10395
      vertex -19.1588 24.4241 1.10395
    endloop
  endfacet
  facet normal -0 0 1
    outer loop
      vertex -20.2828 45.5053 1.10395
      vertex -19.7172 24.4947 1.10395
      vertex -19.7172 45.5053 1.10395
    endloop
  endfacet
  facet normal 0 0 1
    outer loop
      vertex -20.2828 45.5053 1.10395
      vertex -20.2828 24.4947 1.10395
      vertex -19.7172 24.4947 1.10395
    endloop
  endfacet
  facet normal 0 0 1
    outer loop
      vertex -20.8412 45.5759 1.10395
      vertex -20.2828 24.4947 1.10395
      vertex -20.2828 45.5053 1.10395
    endloop
  endfacet
  facet normal 0 0 1
    outer loop
      vertex -20.8412 45.5759 1.10395
      vertex -20.8412 24.4241 1.10395
      vertex -20.2828 24.4947 1.10395
    endloop
  endfacet
  facet normal 0 0 1
    outer loop
      vertex -20.8439 45.5762 1.10395
      vertex -20.8412 24.4241 1.10395
      vertex -20.8412 45.5759 1.10395
    endloop
  endfacet
  facet normal 0 0 1
    outer loop
      vertex -20.8439 45.5762 1.10395
      vertex -20.8439 24.4238 1.10395
      vertex -20.8412 24.4241 1.10395
    endloop
  endfacet
  facet normal 0 0 1
    outer loop
      vertex -21.3891 45.7162 1.10395
      vertex -20.8439 24.4238 1.10395
      vertex -20.8439 45.5762 1.10395
    endloop
  endfacet
  facet normal 0 0 1
    outer loop
      vertex -21.3891 45.7162 1.10395
      vertex -21.3891 24.2838 1.10395
      vertex -20.8439 24.4238 1.10395
    endloop
  endfacet
  facet normal 0 0 1
    outer loop
      vertex -21.3917 45.7169 1.10395
      vertex -21.3891 24.2838 1.10395
      vertex -21.3891 45.7162 1.10395
    endloop
  endfacet
  facet normal 0 0 1
    outer loop
      vertex -21.3917 45.7169 1.10395
      vertex -21.3917 24.2831 1.10395
      vertex -21.3891 24.2838 1.10395
    endloop
  endfacet
  facet normal 0 0 1
    outer loop
      vertex -21.915 45.9241 1.10395
      vertex -21.3917 24.2831 1.10395
      vertex -21.3917 45.7169 1.10395
    endloop
  endfacet
  facet normal 0 0 1
    outer loop
      vertex -21.915 45.9241 1.10395
      vertex -21.915 24.0759 1.10395
      vertex -21.3917 24.2831 1.10395
    endloop
  endfacet
  facet normal 0 0 1
    outer loop
      vertex -21.9175 45.9251 1.10395
      vertex -21.915 24.0759 1.10395
      vertex -21.915 45.9241 1.10395
    endloop
  endfacet
  facet normal 0 0 1
    outer loop
      vertex -21.9175 45.9251 1.10395
      vertex -21.9175 24.0749 1.10395
      vertex -21.915 24.0759 1.10395
    endloop
  endfacet
  facet normal 0 0 1
    outer loop
      vertex -22.4108 46.1962 1.10395
      vertex -21.9175 24.0749 1.10395
      vertex -21.9175 45.9251 1.10395
    endloop
  endfacet
  facet normal 0 0 1
    outer loop
      vertex -22.4108 46.1962 1.10395
      vertex -22.4108 23.8038 1.10395
      vertex -21.9175 24.0749 1.10395
    endloop
  endfacet
  facet normal 0 0 1
    outer loop
      vertex -22.4131 46.1975 1.10395
      vertex -22.4108 23.8038 1.10395
      vertex -22.4108 46.1962 1.10395
    endloop
  endfacet
  facet normal 0 0 1
    outer loop
      vertex -22.4131 46.1975 1.10395
      vertex -22.4131 23.8025 1.10395
      vertex -22.4108 23.8038 1.10395
    endloop
  endfacet
  facet normal 0 0 1
    outer loop
      vertex -22.4153 46.1991 1.10395
      vertex -22.4131 23.8025 1.10395
      vertex -22.4131 46.1975 1.10395
    endloop
  endfacet
  facet normal 0 0 1
    outer loop
      vertex -22.4153 46.1991 1.10395
      vertex -22.4153 23.8009 1.10395
      vertex -22.4131 23.8025 1.10395
    endloop
  endfacet
  facet normal 0 0 1
    outer loop
      vertex -22.8707 46.53 1.10395
      vertex -22.4153 23.8009 1.10395
      vertex -22.4153 46.1991 1.10395
    endloop
  endfacet
  facet normal 0 0 1
    outer loop
      vertex -22.8707 46.53 1.10395
      vertex -22.8707 23.47 1.10395
      vertex -22.4153 23.8009 1.10395
    endloop
  endfacet
  facet normal 0 0 1
    outer loop
      vertex -23.281 46.9153 1.10395
      vertex -22.8707 23.47 1.10395
      vertex -22.8707 46.53 1.10395
    endloop
  endfacet
  facet normal 0 0 1
    outer loop
      vertex -23.281 46.9153 1.10395
      vertex -23.281 23.0847 1.10395
      vertex -22.8707 23.47 1.10395
    endloop
  endfacet
  facet normal 0 0 1
    outer loop
      vertex -23.2829 46.9171 1.10395
      vertex -23.281 23.0847 1.10395
      vertex -23.281 46.9153 1.10395
    endloop
  endfacet
  facet normal 0 0 1
    outer loop
      vertex -23.2829 46.9171 1.10395
      vertex -23.2829 23.0829 1.10395
      vertex -23.281 23.0847 1.10395
    endloop
  endfacet
  facet normal 0 0 1
    outer loop
      vertex -23.6417 47.3508 1.10395
      vertex -23.2829 23.0829 1.10395
      vertex -23.2829 46.9171 1.10395
    endloop
  endfacet
  facet normal 0 0 1
    outer loop
      vertex -23.6417 47.3508 1.10395
      vertex -23.6417 22.6492 1.10395
      vertex -23.2829 23.0829 1.10395
    endloop
  endfacet
  facet normal 0 0 1
    outer loop
      vertex -23.6435 47.3529 1.10395
      vertex -23.6417 22.6492 1.10395
      vertex -23.6417 47.3508 1.10395
    endloop
  endfacet
  facet normal 0 0 1
    outer loop
      vertex -23.6435 47.3529 1.10395
      vertex -23.6435 22.6471 1.10395
      vertex -23.6417 22.6492 1.10395
    endloop
  endfacet
  facet normal 0 0 1
    outer loop
      vertex -23.9451 47.8281 1.10395
      vertex -23.6435 22.6471 1.10395
      vertex -23.6435 47.3529 1.10395
    endloop
  endfacet
  facet normal 0 0 1
    outer loop
      vertex -23.9451 47.8281 1.10395
      vertex -23.9451 22.1719 1.10395
      vertex -23.6435 22.6471 1.10395
    endloop
  endfacet
  facet normal 0 0 1
    outer loop
      vertex -23.9465 47.8304 1.10395
      vertex -23.9451 22.1719 1.10395
      vertex -23.9451 47.8281 1.10395
    endloop
  endfacet
  facet normal 0 0 1
    outer loop
      vertex -23.9465 47.8304 1.10395
      vertex -23.9465 22.1696 1.10395
      vertex -23.9451 22.1719 1.10395
    endloop
  endfacet
  facet normal 0 0 1
    outer loop
      vertex -23.9476 47.8328 1.10395
      vertex -23.9465 22.1696 1.10395
      vertex -23.9465 47.8304 1.10395
    endloop
  endfacet
  facet normal 0 0 1
    outer loop
      vertex -23.9476 47.8328 1.10395
      vertex -23.9476 22.1672 1.10395
      vertex -23.9465 22.1696 1.10395
    endloop
  endfacet
  facet normal 0 0 1
    outer loop
      vertex -24.1873 48.3421 1.10395
      vertex -23.9476 22.1672 1.10395
      vertex -23.9476 47.8328 1.10395
    endloop
  endfacet
  facet normal 0 0 1
    outer loop
      vertex -24.1873 48.3421 1.10395
      vertex -24.1873 21.6579 1.10395
      vertex -23.9476 22.1672 1.10395
    endloop
  endfacet
  facet normal 0 0 1
    outer loop
      vertex -24.3612 48.8775 1.10395
      vertex -24.1873 21.6579 1.10395
      vertex -24.1873 48.3421 1.10395
    endloop
  endfacet
  facet normal 0 0 1
    outer loop
      vertex -24.3612 48.8775 1.10395
      vertex -24.3612 21.1225 1.10395
      vertex -24.1873 21.6579 1.10395
    endloop
  endfacet
  facet normal 0 0 1
    outer loop
      vertex -24.3621 48.88 1.10395
      vertex -24.3612 21.1225 1.10395
      vertex -24.3612 48.8775 1.10395
    endloop
  endfacet
  facet normal 0 0 1
    outer loop
      vertex -24.3621 48.88 1.10395
      vertex -24.3621 21.12 1.10395
      vertex -24.3612 21.1225 1.10395
    endloop
  endfacet
  facet normal 0 0 1
    outer loop
      vertex -37.1256 70.8 1.10395
      vertex -24.3621 48.88 1.10395
      vertex -24.4675 49.4329 1.10395
    endloop
  endfacet
  facet normal 0 0 1
    outer loop
      vertex -24.3621 48.88 1.10395
      vertex -37.1256 70.8 1.10395
      vertex -24.3621 21.12 1.10395
    endloop
  endfacet
  facet normal 0 0 1
    outer loop
      vertex -37.1256 70.8 1.10395
      vertex -24.4675 49.4329 1.10395
      vertex -24.468 49.4356 1.10395
    endloop
  endfacet
  facet normal 0 0 1
    outer loop
      vertex -24.3621 21.12 1.10395
      vertex -37.1256 70.8 1.10395
      vertex -24.4675 20.5671 1.10395
    endloop
  endfacet
  facet normal 0 0 1
    outer loop
      vertex -37.1256 70.8 1.10395
      vertex -24.468 49.4356 1.10395
      vertex -24.5034 49.9973 1.10395
    endloop
  endfacet
  facet normal 0 0 1
    outer loop
      vertex -24.4675 20.5671 1.10395
      vertex -37.1256 70.8 1.10395
      vertex -24.468 20.5644 1.10395
    endloop
  endfacet
  facet normal 0 0 1
    outer loop
      vertex -37.1256 70.8 1.10395
      vertex -24.5034 49.9973 1.10395
      vertex -24.5036 50 1.10395
    endloop
  endfacet
  facet normal 0 0 1
    outer loop
      vertex -24.468 20.5644 1.10395
      vertex -37.1256 70.8 1.10395
      vertex -24.5034 20.0027 1.10395
    endloop
  endfacet
  facet normal 0 0 1
    outer loop
      vertex -15.4966 49.9973 1.10395
      vertex -6 77.9115 1.10395
      vertex -15.4964 50 1.10395
    endloop
  endfacet
  facet normal 0 0 1
    outer loop
      vertex -6 77.9115 1.10395
      vertex -15.4966 50.0027 1.10395
      vertex -15.4964 50 1.10395
    endloop
  endfacet
  facet normal 0 0 1
    outer loop
      vertex -6 77.9115 1.10395
      vertex -15.532 50.5644 1.10395
      vertex -15.4966 50.0027 1.10395
    endloop
  endfacet
  facet normal 0 0 1
    outer loop
      vertex -6 77.9115 1.10395
      vertex -15.5325 50.5671 1.10395
      vertex -15.532 50.5644 1.10395
    endloop
  endfacet
  facet normal 0 0 1
    outer loop
      vertex -6 77.9115 1.10395
      vertex -15.6379 51.12 1.10395
      vertex -15.5325 50.5671 1.10395
    endloop
  endfacet
  facet normal 0 0 1
    outer loop
      vertex -6 77.9115 1.10395
      vertex -15.6388 51.1225 1.10395
      vertex -15.6379 51.12 1.10395
    endloop
  endfacet
  facet normal 0 0 1
    outer loop
      vertex -6 77.9115 1.10395
      vertex -15.8127 51.6579 1.10395
      vertex -15.6388 51.1225 1.10395
    endloop
  endfacet
  facet normal 0 0 1
    outer loop
      vertex -6 77.9115 1.10395
      vertex -16.0524 52.1672 1.10395
      vertex -15.8127 51.6579 1.10395
    endloop
  endfacet
  facet normal 0 0 1
    outer loop
      vertex -6 77.9115 1.10395
      vertex -16.0535 52.1696 1.10395
      vertex -16.0524 52.1672 1.10395
    endloop
  endfacet
  facet normal 0 0 1
    outer loop
      vertex -6 77.9115 1.10395
      vertex -16.0549 52.1719 1.10395
      vertex -16.0535 52.1696 1.10395
    endloop
  endfacet
  facet normal 0 0 1
    outer loop
      vertex -6 77.9115 1.10395
      vertex -16.3565 52.6471 1.10395
      vertex -16.0549 52.1719 1.10395
    endloop
  endfacet
  facet normal 0 0 1
    outer loop
      vertex -6 77.9115 1.10395
      vertex -16.3583 52.6492 1.10395
      vertex -16.3565 52.6471 1.10395
    endloop
  endfacet
  facet normal 0 0 1
    outer loop
      vertex -6 77.9115 1.10395
      vertex -16.7171 53.0829 1.10395
      vertex -16.3583 52.6492 1.10395
    endloop
  endfacet
  facet normal 0 0 1
    outer loop
      vertex -6 77.9115 1.10395
      vertex -16.719 53.0847 1.10395
      vertex -16.7171 53.0829 1.10395
    endloop
  endfacet
  facet normal 0 0 1
    outer loop
      vertex -6 77.9115 1.10395
      vertex -17.1293 53.47 1.10395
      vertex -16.719 53.0847 1.10395
    endloop
  endfacet
  facet normal 0 0 1
    outer loop
      vertex -6 77.9115 1.10395
      vertex -17.5847 53.8009 1.10395
      vertex -17.1293 53.47 1.10395
    endloop
  endfacet
  facet normal 0 0 1
    outer loop
      vertex -6 77.9115 1.10395
      vertex -17.5869 53.8025 1.10395
      vertex -17.5847 53.8009 1.10395
    endloop
  endfacet
  facet normal 0 0 1
    outer loop
      vertex -6 77.9115 1.10395
      vertex -17.5892 53.8038 1.10395
      vertex -17.5869 53.8025 1.10395
    endloop
  endfacet
  facet normal 0 0 1
    outer loop
      vertex -6 77.9115 1.10395
      vertex -18.0825 54.0749 1.10395
      vertex -17.5892 53.8038 1.10395
    endloop
  endfacet
  facet normal 0 0 1
    outer loop
      vertex -6 77.9115 1.10395
      vertex -18.085 54.0759 1.10395
      vertex -18.0825 54.0749 1.10395
    endloop
  endfacet
  facet normal 0 0 1
    outer loop
      vertex -6 77.9115 1.10395
      vertex -18.6083 54.2831 1.10395
      vertex -18.085 54.0759 1.10395
    endloop
  endfacet
  facet normal 0 0 1
    outer loop
      vertex -6 77.9115 1.10395
      vertex -18.6109 54.2838 1.10395
      vertex -18.6083 54.2831 1.10395
    endloop
  endfacet
  facet normal 0 0 1
    outer loop
      vertex -6 77.9115 1.10395
      vertex -19.1561 54.4238 1.10395
      vertex -18.6109 54.2838 1.10395
    endloop
  endfacet
  facet normal 0 0 1
    outer loop
      vertex -6 77.9115 1.10395
      vertex -19.1588 54.4241 1.10395
      vertex -19.1561 54.4238 1.10395
    endloop
  endfacet
  facet normal 0 0 1
    outer loop
      vertex -6 77.9115 1.10395
      vertex -19.7172 54.4947 1.10395
      vertex -19.1588 54.4241 1.10395
    endloop
  endfacet
  facet normal -0 0 1
    outer loop
      vertex -30.4474 77.9115 1.10395
      vertex -19.7172 54.4947 1.10395
      vertex -6 77.9115 1.10395
    endloop
  endfacet
  facet normal 0 0 1
    outer loop
      vertex -19.7172 54.4947 1.10395
      vertex -30.4474 77.9115 1.10395
      vertex -20.2828 54.4947 1.10395
    endloop
  endfacet
  facet normal 0 0 1
    outer loop
      vertex -20.2828 54.4947 1.10395
      vertex -30.4474 77.9115 1.10395
      vertex -20.8412 54.4241 1.10395
    endloop
  endfacet
  facet normal 0 0 1
    outer loop
      vertex -20.8412 54.4241 1.10395
      vertex -30.4474 77.9115 1.10395
      vertex -20.8439 54.4238 1.10395
    endloop
  endfacet
  facet normal 0 0 1
    outer loop
      vertex -20.8439 54.4238 1.10395
      vertex -30.4474 77.9115 1.10395
      vertex -21.3891 54.2838 1.10395
    endloop
  endfacet
  facet normal 0 0 1
    outer loop
      vertex -21.3891 54.2838 1.10395
      vertex -30.4474 77.9115 1.10395
      vertex -21.3917 54.2831 1.10395
    endloop
  endfacet
  facet normal -0 0 1
    outer loop
      vertex -37.1256 70.8 1.10395
      vertex -21.3917 54.2831 1.10395
      vertex -30.4474 77.9115 1.10395
    endloop
  endfacet
  facet normal 0 0 1
    outer loop
      vertex -21.3917 54.2831 1.10395
      vertex -37.1256 70.8 1.10395
      vertex -21.915 54.0759 1.10395
    endloop
  endfacet
  facet normal 0 0 1
    outer loop
      vertex -21.915 54.0759 1.10395
      vertex -37.1256 70.8 1.10395
      vertex -21.9175 54.0749 1.10395
    endloop
  endfacet
  facet normal 0 0 1
    outer loop
      vertex -21.9175 54.0749 1.10395
      vertex -37.1256 70.8 1.10395
      vertex -22.4108 53.8038 1.10395
    endloop
  endfacet
  facet normal 0 0 1
    outer loop
      vertex -22.4108 53.8038 1.10395
      vertex -37.1256 70.8 1.10395
      vertex -22.4131 53.8025 1.10395
    endloop
  endfacet
  facet normal 0 0 1
    outer loop
      vertex -22.4131 53.8025 1.10395
      vertex -37.1256 70.8 1.10395
      vertex -22.4153 53.8009 1.10395
    endloop
  endfacet
  facet normal 0 0 1
    outer loop
      vertex -22.4153 53.8009 1.10395
      vertex -37.1256 70.8 1.10395
      vertex -22.8707 53.47 1.10395
    endloop
  endfacet
  facet normal 0 0 1
    outer loop
      vertex -22.8707 53.47 1.10395
      vertex -37.1256 70.8 1.10395
      vertex -23.281 53.0847 1.10395
    endloop
  endfacet
  facet normal 0 0 1
    outer loop
      vertex -23.281 53.0847 1.10395
      vertex -37.1256 70.8 1.10395
      vertex -23.2829 53.0829 1.10395
    endloop
  endfacet
  facet normal 0 0 1
    outer loop
      vertex -37.1256 70.8 1.10395
      vertex -23.9451 52.1719 1.10395
      vertex -23.6435 52.6471 1.10395
    endloop
  endfacet
  facet normal 0 0 1
    outer loop
      vertex -37.1256 70.8 1.10395
      vertex -23.9476 52.1672 1.10395
      vertex -23.9465 52.1696 1.10395
    endloop
  endfacet
  facet normal 0 0 1
    outer loop
      vertex -37.1256 70.8 1.10395
      vertex -24.4675 50.5671 1.10395
      vertex -24.3621 51.12 1.10395
    endloop
  endfacet
  facet normal 0 0 1
    outer loop
      vertex -24.5034 20.0027 1.10395
      vertex -37.1256 70.8 1.10395
      vertex -24.5036 20 1.10395
    endloop
  endfacet
  facet normal 0 0 1
    outer loop
      vertex -24.468 19.4356 1.10395
      vertex -37.1256 70.8 1.10395
      vertex -29.8832 -36.284 1.10395
    endloop
  endfacet
  facet normal 0 0 1
    outer loop
      vertex -22.8707 -13.47 1.10395
      vertex -26.1379 -31.7567 1.10395
      vertex -25.3322 -31.4377 1.10395
    endloop
  endfacet
  facet normal 0 0 1
    outer loop
      vertex -23.2829 -13.0829 1.10395
      vertex -26.8972 -32.1741 1.10395
      vertex -26.1379 -31.7567 1.10395
    endloop
  endfacet
  facet normal 0 0 1
    outer loop
      vertex -23.6435 -12.6471 1.10395
      vertex -27.5982 -32.6835 1.10395
      vertex -26.8972 -32.1741 1.10395
    endloop
  endfacet
  facet normal 0 0 1
    outer loop
      vertex -23.9476 -12.1672 1.10395
      vertex -28.2299 -33.2766 1.10395
      vertex -27.5982 -32.6835 1.10395
    endloop
  endfacet
  facet normal 0 0 1
    outer loop
      vertex -24.3612 -11.1225 1.10395
      vertex -28.7822 -33.9443 1.10395
      vertex -28.2299 -33.2766 1.10395
    endloop
  endfacet
  facet normal 0 0 1
    outer loop
      vertex -24.468 -10.5644 1.10395
      vertex -29.2465 -34.6759 1.10395
      vertex -28.7822 -33.9443 1.10395
    endloop
  endfacet
  facet normal 0 0 1
    outer loop
      vertex -24.468 -9.43556 1.10395
      vertex -29.6155 -35.4599 1.10395
      vertex -24.5034 -9.99733 1.10395
    endloop
  endfacet
  facet normal 0 0 1
    outer loop
      vertex -24.5036 -10 1.10395
      vertex -29.6155 -35.4599 1.10395
      vertex -29.2465 -34.6759 1.10395
    endloop
  endfacet
  facet normal 0 0 1
    outer loop
      vertex -24.5034 -9.99733 1.10395
      vertex -29.6155 -35.4599 1.10395
      vertex -24.5036 -10 1.10395
    endloop
  endfacet
  facet normal 0 0 1
    outer loop
      vertex -37.1256 70.8 1.10395
      vertex -24.5036 50 1.10395
      vertex -24.5034 50.0027 1.10395
    endloop
  endfacet
  facet normal 0 0 1
    outer loop
      vertex -37.1256 70.8 1.10395
      vertex -24.5034 50.0027 1.10395
      vertex -24.468 50.5644 1.10395
    endloop
  endfacet
  facet normal 0 0 1
    outer loop
      vertex -37.1256 -70.8 1.10395
      vertex -30.0456 -37.1352 1.10395
      vertex -37.1256 70.8 1.10395
    endloop
  endfacet
  facet normal 0 0 1
    outer loop
      vertex -29.8832 -36.284 1.10395
      vertex -37.1256 70.8 1.10395
      vertex -30.0456 -37.1352 1.10395
    endloop
  endfacet
  facet normal 0 0 1
    outer loop
      vertex -24.4675 50.5671 1.10395
      vertex -37.1256 70.8 1.10395
      vertex -24.468 50.5644 1.10395
    endloop
  endfacet
  facet normal 0 0 1
    outer loop
      vertex -24.3612 51.1225 1.10395
      vertex -37.1256 70.8 1.10395
      vertex -24.3621 51.12 1.10395
    endloop
  endfacet
  facet normal 0 0 1
    outer loop
      vertex -24.1873 51.6579 1.10395
      vertex -37.1256 70.8 1.10395
      vertex -24.3612 51.1225 1.10395
    endloop
  endfacet
  facet normal 0 0 1
    outer loop
      vertex -23.9476 52.1672 1.10395
      vertex -37.1256 70.8 1.10395
      vertex -24.1873 51.6579 1.10395
    endloop
  endfacet
  facet normal 0 0 1
    outer loop
      vertex -23.9451 52.1719 1.10395
      vertex -37.1256 70.8 1.10395
      vertex -23.9465 52.1696 1.10395
    endloop
  endfacet
  facet normal 0 0 1
    outer loop
      vertex -23.6417 52.6492 1.10395
      vertex -37.1256 70.8 1.10395
      vertex -23.6435 52.6471 1.10395
    endloop
  endfacet
  facet normal 0 0 1
    outer loop
      vertex -23.2829 53.0829 1.10395
      vertex -37.1256 70.8 1.10395
      vertex -23.6417 52.6492 1.10395
    endloop
  endfacet
  facet normal 0 0 1
    outer loop
      vertex -15.4964 -10 1.10395
      vertex -6 77.9115 1.10395
      vertex -15.4964 20 1.10395
    endloop
  endfacet
  facet normal 0 0 1
    outer loop
      vertex -6 77.9115 1.10395
      vertex -15.4964 -10 1.10395
      vertex -6 -77.9115 1.10395
    endloop
  endfacet
  facet normal -0 0 1
    outer loop
      vertex -15.4966 -10.0027 1.10395
      vertex -6 -77.9115 1.10395
      vertex -15.4964 -10 1.10395
    endloop
  endfacet
  facet normal -0 0 1
    outer loop
      vertex -15.532 -10.5644 1.10395
      vertex -6 -77.9115 1.10395
      vertex -15.4966 -10.0027 1.10395
    endloop
  endfacet
  facet normal 0 0 1
    outer loop
      vertex -16.3544 -37.1352 1.10395
      vertex -15.532 -10.5644 1.10395
      vertex -15.5325 -10.5671 1.10395
    endloop
  endfacet
  facet normal 0 0 1
    outer loop
      vertex -16.3544 -37.1352 1.10395
      vertex -15.5325 -10.5671 1.10395
      vertex -15.6379 -11.12 1.10395
    endloop
  endfacet
  facet normal 0 0 1
    outer loop
      vertex -16.3544 -37.1352 1.10395
      vertex -15.6379 -11.12 1.10395
      vertex -15.6388 -11.1225 1.10395
    endloop
  endfacet
  facet normal 0 0 1
    outer loop
      vertex -16.3544 -37.1352 1.10395
      vertex -15.6388 -11.1225 1.10395
      vertex -15.8127 -11.6579 1.10395
    endloop
  endfacet
  facet normal 0 0 1
    outer loop
      vertex -16.3544 -37.1352 1.10395
      vertex -15.8127 -11.6579 1.10395
      vertex -16.0524 -12.1672 1.10395
    endloop
  endfacet
  facet normal 0 0 1
    outer loop
      vertex -16.3544 -37.1352 1.10395
      vertex -16.0524 -12.1672 1.10395
      vertex -16.0535 -12.1696 1.10395
    endloop
  endfacet
  facet normal 0 0 1
    outer loop
      vertex -17.1535 -34.6759 1.10395
      vertex -16.0535 -12.1696 1.10395
      vertex -16.0549 -12.1719 1.10395
    endloop
  endfacet
  facet normal -0 0 1
    outer loop
      vertex -16.3544 -37.1352 1.10395
      vertex -6 -77.9115 1.10395
      vertex -15.532 -10.5644 1.10395
    endloop
  endfacet
  facet normal -0 0 1
    outer loop
      vertex -16.3 -66 1.10395
      vertex -6 -77.9115 1.10395
      vertex -16.3 -38 1.10395
    endloop
  endfacet
  facet normal -0 0 1
    outer loop
      vertex -16.3544 -66.8648 1.10395
      vertex -6 -77.9115 1.10395
      vertex -16.3 -66 1.10395
    endloop
  endfacet
  facet normal -0 0 1
    outer loop
      vertex -16.5168 -67.716 1.10395
      vertex -6 -77.9115 1.10395
      vertex -16.3544 -66.8648 1.10395
    endloop
  endfacet
  facet normal -0 0 1
    outer loop
      vertex -16.7845 -68.5401 1.10395
      vertex -6 -77.9115 1.10395
      vertex -16.5168 -67.716 1.10395
    endloop
  endfacet
  facet normal -0 0 1
    outer loop
      vertex -17.1535 -69.3241 1.10395
      vertex -6 -77.9115 1.10395
      vertex -16.7845 -68.5401 1.10395
    endloop
  endfacet
  facet normal -0 0 1
    outer loop
      vertex -17.6178 -70.0557 1.10395
      vertex -6 -77.9115 1.10395
      vertex -17.1535 -69.3241 1.10395
    endloop
  endfacet
  facet normal -0 0 1
    outer loop
      vertex -18.1701 -70.7234 1.10395
      vertex -6 -77.9115 1.10395
      vertex -17.6178 -70.0557 1.10395
    endloop
  endfacet
  facet normal -0 0 1
    outer loop
      vertex -18.8018 -71.3165 1.10395
      vertex -6 -77.9115 1.10395
      vertex -18.1701 -70.7234 1.10395
    endloop
  endfacet
  facet normal -0 0 1
    outer loop
      vertex -19.5028 -71.8259 1.10395
      vertex -6 -77.9115 1.10395
      vertex -18.8018 -71.3165 1.10395
    endloop
  endfacet
  facet normal -0 0 1
    outer loop
      vertex -20.2621 -72.2433 1.10395
      vertex -6 -77.9115 1.10395
      vertex -19.5028 -71.8259 1.10395
    endloop
  endfacet
  facet normal -0 0 1
    outer loop
      vertex -21.0678 -72.5623 1.10395
      vertex -6 -77.9115 1.10395
      vertex -20.2621 -72.2433 1.10395
    endloop
  endfacet
  facet normal -0 0 1
    outer loop
      vertex -21.9071 -72.7778 1.10395
      vertex -6 -77.9115 1.10395
      vertex -21.0678 -72.5623 1.10395
    endloop
  endfacet
  facet normal 0 0 1
    outer loop
      vertex -30.4474 -77.9115 1.10395
      vertex -21.9071 -72.7778 1.10395
      vertex -22.7667 -72.8864 1.10395
    endloop
  endfacet
  facet normal 0 0 1
    outer loop
      vertex -30.4474 -77.9115 1.10395
      vertex -22.7667 -72.8864 1.10395
      vertex -23.6333 -72.8864 1.10395
    endloop
  endfacet
  facet normal 0 0 1
    outer loop
      vertex -30.4474 -77.9115 1.10395
      vertex -23.6333 -72.8864 1.10395
      vertex -24.4929 -72.7778 1.10395
    endloop
  endfacet
  facet normal 0 0 1
    outer loop
      vertex -30.4474 -77.9115 1.10395
      vertex -24.4929 -72.7778 1.10395
      vertex -25.3322 -72.5623 1.10395
    endloop
  endfacet
  facet normal 0 0 1
    outer loop
      vertex -21.9071 -72.7778 1.10395
      vertex -30.4474 -77.9115 1.10395
      vertex -6 -77.9115 1.10395
    endloop
  endfacet
  facet normal 0 0 1
    outer loop
      vertex -26.1379 -72.2433 1.10395
      vertex -30.4474 -77.9115 1.10395
      vertex -25.3322 -72.5623 1.10395
    endloop
  endfacet
  facet normal 0 0 1
    outer loop
      vertex -26.8972 -71.8259 1.10395
      vertex -30.4474 -77.9115 1.10395
      vertex -26.1379 -72.2433 1.10395
    endloop
  endfacet
  facet normal 0 0 1
    outer loop
      vertex -27.5982 -71.3165 1.10395
      vertex -30.4474 -77.9115 1.10395
      vertex -26.8972 -71.8259 1.10395
    endloop
  endfacet
  facet normal 0 0 1
    outer loop
      vertex -31.3196 -77.8013 1.10395
      vertex -27.5982 -71.3165 1.10395
      vertex -28.2299 -70.7234 1.10395
    endloop
  endfacet
  facet normal 0 0 1
    outer loop
      vertex -34.5293 -76.2996 1.10395
      vertex -28.2299 -70.7234 1.10395
      vertex -28.7822 -70.0557 1.10395
    endloop
  endfacet
  facet normal 0 0 1
    outer loop
      vertex -36.6252 -73.4231 1.10395
      vertex -28.7822 -70.0557 1.10395
      vertex -29.2465 -69.3241 1.10395
    endloop
  endfacet
  facet normal 0 0 1
    outer loop
      vertex -37.1256 -70.8 1.10395
      vertex -29.2465 -69.3241 1.10395
      vertex -29.6155 -68.5401 1.10395
    endloop
  endfacet
  facet normal 0 0 1
    outer loop
      vertex -37.1256 -70.8 1.10395
      vertex -29.6155 -68.5401 1.10395
      vertex -29.8832 -67.716 1.10395
    endloop
  endfacet
  facet normal 0 0 1
    outer loop
      vertex -37.1256 -70.8 1.10395
      vertex -29.8832 -67.716 1.10395
      vertex -30.0456 -66.8648 1.10395
    endloop
  endfacet
  facet normal 0 0 1
    outer loop
      vertex -37.1256 -70.8 1.10395
      vertex -30.0456 -66.8648 1.10395
      vertex -30.1 -66 1.10395
    endloop
  endfacet
  facet normal 0 0 1
    outer loop
      vertex -30.0456 -37.1352 1.10395
      vertex -37.1256 -70.8 1.10395
      vertex -30.1 -38 1.10395
    endloop
  endfacet
  facet normal 0 0 1
    outer loop
      vertex -37.1256 70.8 1.10395
      vertex -30.4474 77.9115 1.10395
      vertex -31.3196 77.8013 1.10395
    endloop
  endfacet
  facet normal 0 0 1
    outer loop
      vertex -30.1 -38 1.10395
      vertex -37.1256 -70.8 1.10395
      vertex -30.1 -66 1.10395
    endloop
  endfacet
  facet normal 0 0 1
    outer loop
      vertex -31.3505 77.7954 1.10395
      vertex -31.3196 77.8013 1.10395
      vertex -31.3352 77.7994 1.10395
    endloop
  endfacet
  facet normal 0 0 1
    outer loop
      vertex -29.2465 -69.3241 1.10395
      vertex -37.1256 -70.8 1.10395
      vertex -37.0704 -71.6773 1.10395
    endloop
  endfacet
  facet normal 0 0 1
    outer loop
      vertex -31.3196 77.8013 1.10395
      vertex -31.3505 77.7954 1.10395
      vertex -37.1256 70.8 1.10395
    endloop
  endfacet
  facet normal 0 0 1
    outer loop
      vertex -27.5982 -71.3165 1.10395
      vertex -31.3196 -77.8013 1.10395
      vertex -30.4474 -77.9115 1.10395
    endloop
  endfacet
  facet normal 0 0 1
    outer loop
      vertex -37.1256 70.8 1.10395
      vertex -31.3505 77.7954 1.10395
      vertex -32.2019 77.5768 1.10395
    endloop
  endfacet
  facet normal 0 0 1
    outer loop
      vertex -28.2299 -70.7234 1.10395
      vertex -31.3505 -77.7954 1.10395
      vertex -31.3196 -77.8013 1.10395
    endloop
  endfacet
  facet normal 0 0 1
    outer loop
      vertex -37.1256 70.8 1.10395
      vertex -32.2019 77.5768 1.10395
      vertex -33.0193 77.2532 1.10395
    endloop
  endfacet
  facet normal 0 0 1
    outer loop
      vertex -31.3196 -77.8013 1.10395
      vertex -31.3505 -77.7954 1.10395
      vertex -31.3352 -77.7994 1.10395
    endloop
  endfacet
  facet normal 0 0 1
    outer loop
      vertex -33.0477 77.2398 1.10395
      vertex -33.0193 77.2532 1.10395
      vertex -33.0339 77.2474 1.10395
    endloop
  endfacet
  facet normal 0 0 1
    outer loop
      vertex -28.2299 -70.7234 1.10395
      vertex -32.2019 -77.5768 1.10395
      vertex -31.3505 -77.7954 1.10395
    endloop
  endfacet
  facet normal 0 0 1
    outer loop
      vertex -33.0193 77.2532 1.10395
      vertex -33.0477 77.2398 1.10395
      vertex -37.1256 70.8 1.10395
    endloop
  endfacet
  facet normal 0 0 1
    outer loop
      vertex -28.2299 -70.7234 1.10395
      vertex -33.0193 -77.2532 1.10395
      vertex -32.2019 -77.5768 1.10395
    endloop
  endfacet
  facet normal 0 0 1
    outer loop
      vertex -37.1256 70.8 1.10395
      vertex -33.0477 77.2398 1.10395
      vertex -33.8181 76.8163 1.10395
    endloop
  endfacet
  facet normal 0 0 1
    outer loop
      vertex -28.2299 -70.7234 1.10395
      vertex -33.0477 -77.2398 1.10395
      vertex -33.0193 -77.2532 1.10395
    endloop
  endfacet
  facet normal 0 0 1
    outer loop
      vertex -37.1256 70.8 1.10395
      vertex -33.8181 76.8163 1.10395
      vertex -34.5293 76.2996 1.10395
    endloop
  endfacet
  facet normal 0 0 1
    outer loop
      vertex -33.0193 -77.2532 1.10395
      vertex -33.0477 -77.2398 1.10395
      vertex -33.0339 -77.2474 1.10395
    endloop
  endfacet
  facet normal 0 0 1
    outer loop
      vertex -34.5535 76.2796 1.10395
      vertex -34.5293 76.2996 1.10395
      vertex -34.542 76.2904 1.10395
    endloop
  endfacet
  facet normal 0 0 1
    outer loop
      vertex -28.2299 -70.7234 1.10395
      vertex -33.8181 -76.8163 1.10395
      vertex -33.0477 -77.2398 1.10395
    endloop
  endfacet
  facet normal 0 0 1
    outer loop
      vertex -34.5293 76.2996 1.10395
      vertex -34.5535 76.2796 1.10395
      vertex -37.1256 70.8 1.10395
    endloop
  endfacet
  facet normal 0 0 1
    outer loop
      vertex -28.2299 -70.7234 1.10395
      vertex -34.5293 -76.2996 1.10395
      vertex -33.8181 -76.8163 1.10395
    endloop
  endfacet
  facet normal 0 0 1
    outer loop
      vertex -37.1256 70.8 1.10395
      vertex -34.5535 76.2796 1.10395
      vertex -35.1943 75.6778 1.10395
    endloop
  endfacet
  facet normal 0 0 1
    outer loop
      vertex -28.7822 -70.0557 1.10395
      vertex -34.5535 -76.2796 1.10395
      vertex -34.5293 -76.2996 1.10395
    endloop
  endfacet
  facet normal 0 0 1
    outer loop
      vertex -37.1256 70.8 1.10395
      vertex -35.1943 75.6778 1.10395
      vertex -35.7547 75.0005 1.10395
    endloop
  endfacet
  facet normal 0 0 1
    outer loop
      vertex -34.5293 -76.2996 1.10395
      vertex -34.5535 -76.2796 1.10395
      vertex -34.542 -76.2904 1.10395
    endloop
  endfacet
  facet normal 0 0 1
    outer loop
      vertex -36.2357 74.2461 1.10395
      vertex -35.7547 75.0005 1.10395
      vertex -35.7647 74.9883 1.10395
    endloop
  endfacet
  facet normal 0 0 1
    outer loop
      vertex -28.7822 -70.0557 1.10395
      vertex -35.1943 -75.6778 1.10395
      vertex -34.5535 -76.2796 1.10395
    endloop
  endfacet
  facet normal 0 0 1
    outer loop
      vertex -35.7547 75.0005 1.10395
      vertex -36.2357 74.2461 1.10395
      vertex -37.1256 70.8 1.10395
    endloop
  endfacet
  facet normal 0 0 1
    outer loop
      vertex -28.7822 -70.0557 1.10395
      vertex -35.7547 -75.0005 1.10395
      vertex -35.1943 -75.6778 1.10395
    endloop
  endfacet
  facet normal 0 0 1
    outer loop
      vertex -36.2509 74.2185 1.10395
      vertex -36.2357 74.2461 1.10395
      vertex -36.2442 74.2328 1.10395
    endloop
  endfacet
  facet normal 0 0 1
    outer loop
      vertex -28.7822 -70.0557 1.10395
      vertex -36.2357 -74.2461 1.10395
      vertex -35.7547 -75.0005 1.10395
    endloop
  endfacet
  facet normal 0 0 1
    outer loop
      vertex -36.2357 74.2461 1.10395
      vertex -36.2509 74.2185 1.10395
      vertex -37.1256 70.8 1.10395
    endloop
  endfacet
  facet normal 0 0 1
    outer loop
      vertex -35.7547 -75.0005 1.10395
      vertex -36.2357 -74.2461 1.10395
      vertex -35.7647 -74.9883 1.10395
    endloop
  endfacet
  facet normal 0 0 1
    outer loop
      vertex -37.1256 70.8 1.10395
      vertex -36.2509 74.2185 1.10395
      vertex -36.6252 73.4231 1.10395
    endloop
  endfacet
  facet normal 0 0 1
    outer loop
      vertex -28.7822 -70.0557 1.10395
      vertex -36.2509 -74.2185 1.10395
      vertex -36.2357 -74.2461 1.10395
    endloop
  endfacet
  facet normal 0 0 1
    outer loop
      vertex -37.1256 70.8 1.10395
      vertex -36.6252 73.4231 1.10395
      vertex -36.8968 72.5871 1.10395
    endloop
  endfacet
  facet normal 0 0 1
    outer loop
      vertex -36.2357 -74.2461 1.10395
      vertex -36.2509 -74.2185 1.10395
      vertex -36.2442 -74.2328 1.10395
    endloop
  endfacet
  facet normal 0 0 1
    outer loop
      vertex -37.0664 71.7086 1.10395
      vertex -36.8968 72.5871 1.10395
      vertex -36.9017 72.5721 1.10395
    endloop
  endfacet
  facet normal 0 0 1
    outer loop
      vertex -28.7822 -70.0557 1.10395
      vertex -36.6252 -73.4231 1.10395
      vertex -36.2509 -74.2185 1.10395
    endloop
  endfacet
  facet normal 0 0 1
    outer loop
      vertex -36.8968 72.5871 1.10395
      vertex -37.0664 71.7086 1.10395
      vertex -37.1256 70.8 1.10395
    endloop
  endfacet
  facet normal 0 0 1
    outer loop
      vertex -29.2465 -69.3241 1.10395
      vertex -36.8968 -72.5871 1.10395
      vertex -36.6252 -73.4231 1.10395
    endloop
  endfacet
  facet normal 0 0 1
    outer loop
      vertex -37.0704 71.6773 1.10395
      vertex -37.0664 71.7086 1.10395
      vertex -37.0694 71.6931 1.10395
    endloop
  endfacet
  facet normal 0 0 1
    outer loop
      vertex -37.1256 70.8 1.10395
      vertex -37.0664 71.7086 1.10395
      vertex -37.0704 71.6773 1.10395
    endloop
  endfacet
  facet normal 0 0 1
    outer loop
      vertex -29.2465 -69.3241 1.10395
      vertex -37.0664 -71.7086 1.10395
      vertex -36.8968 -72.5871 1.10395
    endloop
  endfacet
  facet normal 0 0 1
    outer loop
      vertex -37.0664 -71.7086 1.10395
      vertex -37.0704 -71.6773 1.10395
      vertex -37.0694 -71.6931 1.10395
    endloop
  endfacet
  facet normal 0 0 1
    outer loop
      vertex -36.8968 -72.5871 1.10395
      vertex -37.0664 -71.7086 1.10395
      vertex -36.9017 -72.5721 1.10395
    endloop
  endfacet
  facet normal 0 0 1
    outer loop
      vertex -29.2465 -69.3241 1.10395
      vertex -37.0704 -71.6773 1.10395
      vertex -37.0664 -71.7086 1.10395
    endloop
  endfacet
  facet normal 0.210323 0.133698 0.968447
    outer loop
      vertex -36.4373 -74.3926 1.13543
      vertex -36.4626 -74.3528 1.13543
      vertex -36.6757 -74.47 1.19789
    endloop
  endfacet
  facet normal 0.23696 0.0770602 0.968458
    outer loop
      vertex -37.3547 -72.7683 1.19789
      vertex -37.1431 -72.634 1.13543
      vertex -37.3787 -72.6945 1.19789
    endloop
  endfacet
  facet normal 0.225293 0.1063 0.968475
    outer loop
      vertex -36.8368 -73.5574 1.13543
      vertex -36.8569 -73.5148 1.13543
      vertex -37.05 -73.6746 1.19789
    endloop
  endfacet
  facet normal 0.125324 0.00799942 0.992084
    outer loop
      vertex -37.3166 -71.7243 1.13543
      vertex -37.0704 -71.6773 1.10395
      vertex -37.3196 -71.6773 1.13543
    endloop
  endfacet
  facet normal 0.473938 0.0903422 0.875912
    outer loop
      vertex -37.8181 -72.8073 1.41135
      vertex -37.6049 -72.7526 1.29035
      vertex -37.8433 -72.6751 1.41135
    endloop
  endfacet
  facet normal 0.436644 0.205453 0.87586
    outer loop
      vertex -37.2547 -73.7871 1.29035
      vertex -37.3002 -73.6904 1.29035
      vertex -37.5048 -73.7714 1.41135
    endloop
  endfacet
  facet normal 0.362341 0.0690173 0.929487
    outer loop
      vertex -37.7696 -71.8891 1.29035
      vertex -37.558 -71.7548 1.19789
      vertex -37.7896 -71.7841 1.29035
    endloop
  endfacet
  facet normal 0.368148 0.023164 0.929478
    outer loop
      vertex -37.8448 -70.9067 1.29035
      vertex -37.558 -71.7548 1.19789
      vertex -37.6132 -70.8775 1.19789
    endloop
  endfacet
  facet normal 0.36814 0.0231609 0.929482
    outer loop
      vertex -37.558 -71.7548 1.19789
      vertex -37.8448 -70.9067 1.29035
      vertex -37.7896 -71.7841 1.29035
    endloop
  endfacet
  facet normal 0.3114 0.197599 0.929508
    outer loop
      vertex -36.352 -75.415 1.29035
      vertex -36.2047 -75.2122 1.19789
      vertex -36.4093 -75.3247 1.29035
    endloop
  endfacet
  facet normal 0.333592 0.156982 0.929555
    outer loop
      vertex -37.2547 -73.7871 1.29035
      vertex -36.6757 -74.47 1.19789
      vertex -37.05 -73.6746 1.19789
    endloop
  endfacet
  facet normal 0.333592 0.156982 0.929555
    outer loop
      vertex -36.6757 -74.47 1.19789
      vertex -37.2547 -73.7871 1.29035
      vertex -36.8804 -74.5825 1.29035
    endloop
  endfacet
  facet normal 0.532314 0.250717 0.808569
    outer loop
      vertex -37.6256 -73.991 1.55897
      vertex -37.5048 -73.7714 1.41135
      vertex -37.6938 -73.8462 1.55897
    endloop
  endfacet
  facet normal 0.333599 0.156968 0.929555
    outer loop
      vertex -37.2547 -73.7871 1.29035
      vertex -37.05 -73.6746 1.19789
      vertex -37.3002 -73.6904 1.29035
    endloop
  endfacet
  facet normal 0.210387 0.133511 0.968459
    outer loop
      vertex -36.4373 -74.3926 1.13543
      vertex -36.2047 -75.2122 1.19789
      vertex -35.9663 -75.1348 1.13543
    endloop
  endfacet
  facet normal 0.210387 0.133511 0.968459
    outer loop
      vertex -36.2047 -75.2122 1.19789
      vertex -36.4373 -74.3926 1.13543
      vertex -36.6757 -74.47 1.19789
    endloop
  endfacet
  facet normal 0.407386 0.258582 0.875884
    outer loop
      vertex -37.0011 -74.8022 1.41135
      vertex -36.4093 -75.3247 1.29035
      vertex -36.8804 -74.5825 1.29035
    endloop
  endfacet
  facet normal 0.407307 0.258477 0.875951
    outer loop
      vertex -36.4093 -75.3247 1.29035
      vertex -37.0011 -74.8022 1.41135
      vertex -36.5301 -75.5444 1.41135
    endloop
  endfacet
  facet normal 0.407322 0.258467 0.875947
    outer loop
      vertex -36.352 -75.415 1.29035
      vertex -36.4093 -75.3247 1.29035
      vertex -36.5301 -75.5444 1.41135
    endloop
  endfacet
  facet normal 0.651032 0.413106 0.63679
    outer loop
      vertex -37.3136 -75.0292 1.73091
      vertex -37.4117 -74.8746 1.73091
      vertex -37.552 -74.9518 1.92443
    endloop
  endfacet
  facet normal 0.578655 0.367214 0.728225
    outer loop
      vertex -37.3136 -75.0292 1.73091
      vertex -36.6945 -75.6638 1.55897
      vertex -37.1655 -74.9216 1.55897
    endloop
  endfacet
  facet normal 0.578589 0.367123 0.728324
    outer loop
      vertex -36.6945 -75.6638 1.55897
      vertex -37.3136 -75.0292 1.73091
      vertex -36.8426 -75.7715 1.73091
    endloop
  endfacet
  facet normal 0.248581 0.0158669 0.968481
    outer loop
      vertex -37.3166 -71.7243 1.13543
      vertex -37.3196 -71.6773 1.13543
      vertex -37.558 -71.7548 1.19789
    endloop
  endfacet
  facet normal 0.244696 0.0466088 0.968479
    outer loop
      vertex -37.3078 -71.7705 1.13543
      vertex -37.3166 -71.7243 1.13543
      vertex -37.558 -71.7548 1.19789
    endloop
  endfacet
  facet normal 0.684016 0.0430385 0.728196
    outer loop
      vertex -38.2648 -70.9598 1.55897
      vertex -38.4027 -71.6773 1.73091
      vertex -38.2096 -71.8371 1.55897
    endloop
  endfacet
  facet normal 0.684016 0.0430385 0.728196
    outer loop
      vertex -38.4027 -71.6773 1.73091
      vertex -38.2648 -70.9598 1.55897
      vertex -38.4579 -70.8 1.73091
    endloop
  endfacet
  facet normal 0.829769 -0.158205 0.535215
    outer loop
      vertex -38.5501 71.8801 1.92443
      vertex -38.583 71.9632 2
      vertex -38.5977 71.8861 2
    endloop
  endfacet
  facet normal 0.587318 -0.037172 0.808502
    outer loop
      vertex -38.0165 71.6773 1.41135
      vertex -38.008 71.8116 1.41135
      vertex -38.2096 71.8371 1.55897
    endloop
  endfacet
  facet normal 0.481459 -0.0304721 0.875939
    outer loop
      vertex -37.7896 71.7841 1.29035
      vertex -38.008 71.8116 1.41135
      vertex -38.0165 71.6773 1.41135
    endloop
  endfacet
  facet normal 0.58794 0 0.808905
    outer loop
      vertex -38.2748 70.8 1.55897
      vertex -38.0717 -70.8 1.41135
      vertex -38.0717 70.8 1.41135
    endloop
  endfacet
  facet normal 0.58794 0 0.808905
    outer loop
      vertex -38.0717 -70.8 1.41135
      vertex -38.2748 70.8 1.55897
      vertex -38.2748 -70.8 1.55897
    endloop
  endfacet
  facet normal 0.684016 -0.0430385 0.728196
    outer loop
      vertex -38.4027 71.6773 1.73091
      vertex -38.2648 70.9598 1.55897
      vertex -38.2096 71.8371 1.55897
    endloop
  endfacet
  facet normal 0.684016 -0.0430385 0.728196
    outer loop
      vertex -38.2648 70.9598 1.55897
      vertex -38.4027 71.6773 1.73091
      vertex -38.4579 70.8 1.73091
    endloop
  endfacet
  facet normal 0.673233 -0.128398 0.728197
    outer loop
      vertex -38.0449 72.7006 1.55897
      vertex -38.0149 72.8579 1.55897
      vertex -38.1922 72.9034 1.73091
    endloop
  endfacet
  facet normal 0.757365 -0.144481 0.636807
    outer loop
      vertex -38.2265 72.7236 1.73091
      vertex -38.1922 72.9034 1.73091
      vertex -38.3854 72.7436 1.92443
    endloop
  endfacet
  facet normal 0.75739 -0.144572 0.636757
    outer loop
      vertex -38.1922 72.9034 1.73091
      vertex -38.3473 72.9432 1.92443
      vertex -38.3854 72.7436 1.92443
    endloop
  endfacet
  facet normal 0.830159 -0.158437 0.534541
    outer loop
      vertex -38.583 71.9632 2
      vertex -38.3854 72.7436 1.92443
      vertex -38.4182 72.8267 2
    endloop
  endfacet
  facet normal 0.829731 -0.158259 0.535258
    outer loop
      vertex -38.3854 72.7436 1.92443
      vertex -38.583 71.9632 2
      vertex -38.5501 71.8801 1.92443
    endloop
  endfacet
  facet normal 0.244792 -0.0466905 0.968451
    outer loop
      vertex -37.3932 72.6183 1.19789
      vertex -37.3078 71.7705 1.13543
      vertex -37.1431 72.634 1.13543
    endloop
  endfacet
  facet normal 0.2447 -0.0467014 0.968473
    outer loop
      vertex -37.3078 71.7705 1.13543
      vertex -37.3932 72.6183 1.19789
      vertex -37.558 71.7548 1.19789
    endloop
  endfacet
  facet normal 0.0967824 0.0799855 0.992086
    outer loop
      vertex -35.376 -75.8484 1.13543
      vertex -35.1943 -75.6778 1.10395
      vertex -35.406 -75.8121 1.13543
    endloop
  endfacet
  facet normal 0.248649 -0.0156451 0.968467
    outer loop
      vertex -37.6132 70.8775 1.19789
      vertex -37.3196 71.6773 1.13543
      vertex -37.558 71.7548 1.19789
    endloop
  endfacet
  facet normal 0.248649 -0.0156451 0.968467
    outer loop
      vertex -37.3196 71.6773 1.13543
      vertex -37.6132 70.8775 1.19789
      vertex -37.3748 70.8 1.13543
    endloop
  endfacet
  facet normal 0.248581 -0.0158669 0.968481
    outer loop
      vertex -37.3196 71.6773 1.13543
      vertex -37.3166 71.7243 1.13543
      vertex -37.558 71.7548 1.19789
    endloop
  endfacet
  facet normal 0.764684 -0.359846 0.534574
    outer loop
      vertex -38.0574 73.9902 2
      vertex -37.6386 74.7679 1.92443
      vertex -37.6831 74.7856 2
    endloop
  endfacet
  facet normal 0.764306 -0.359572 0.535298
    outer loop
      vertex -37.6386 74.7679 1.92443
      vertex -38.0574 73.9902 2
      vertex -38.0128 73.9725 1.92443
    endloop
  endfacet
  facet normal 0.532381 -0.250661 0.808541
    outer loop
      vertex -37.1305 74.5668 1.41135
      vertex -37.0732 74.6885 1.41135
      vertex -37.2513 74.7864 1.55897
    endloop
  endfacet
  facet normal 0.65121 -0.53819 0.535049
    outer loop
      vertex -36.2823 76.6994 1.92443
      vertex -36.3172 76.7323 2
      vertex -36.3672 76.6718 2
    endloop
  endfacet
  facet normal 0.594234 -0.491583 0.636579
    outer loop
      vertex -36.8426 76.0221 1.92443
      vertex -36.2823 76.4488 1.73091
      vertex -36.2823 76.6994 1.92443
    endloop
  endfacet
  facet normal 0.594234 -0.491583 0.636579
    outer loop
      vertex -36.2823 76.4488 1.73091
      vertex -36.8426 76.0221 1.92443
      vertex -36.8426 75.7715 1.73091
    endloop
  endfacet
  facet normal 0.594318 -0.491545 0.636529
    outer loop
      vertex -36.1656 76.5899 1.73091
      vertex -36.2823 76.6994 1.92443
      vertex -36.2823 76.4488 1.73091
    endloop
  endfacet
  facet normal 0.191991 -0.158825 0.96846
    outer loop
      vertex -36.1136 75.3376 1.19789
      vertex -35.406 75.8121 1.13543
      vertex -35.5533 76.0149 1.19789
    endloop
  endfacet
  facet normal 0.191991 -0.158825 0.96846
    outer loop
      vertex -35.406 75.8121 1.13543
      vertex -36.1136 75.3376 1.19789
      vertex -35.9663 75.1348 1.13543
    endloop
  endfacet
  facet normal 0.311488 -0.197529 0.929493
    outer loop
      vertex -36.2047 75.2122 1.19789
      vertex -36.1631 75.2778 1.19789
      vertex -36.352 75.415 1.29035
    endloop
  endfacet
  facet normal 0.105786 -0.0676075 0.992088
    outer loop
      vertex -36.2442 74.2328 1.10395
      vertex -36.2357 74.2461 1.10395
      vertex -36.4373 74.3926 1.13543
    endloop
  endfacet
  facet normal 0.105982 -0.0673702 0.992083
    outer loop
      vertex -36.2442 74.2328 1.10395
      vertex -36.4373 74.3926 1.13543
      vertex -36.4626 74.3528 1.13543
    endloop
  endfacet
  facet normal 0.170557 -0.181681 0.968454
    outer loop
      vertex -35.376 75.8484 1.13543
      vertex -35.3417 75.8806 1.13543
      vertex -35.5533 76.0149 1.19789
    endloop
  endfacet
  facet normal 0.578651 -0.367221 0.728226
    outer loop
      vertex -37.2513 74.7864 1.55897
      vertex -37.1655 74.9216 1.55897
      vertex -37.3136 75.0292 1.73091
    endloop
  endfacet
  facet normal 0.578686 -0.3672 0.728208
    outer loop
      vertex -37.2513 74.7864 1.55897
      vertex -37.3136 75.0292 1.73091
      vertex -37.4117 74.8746 1.73091
    endloop
  endfacet
  facet normal 0.697716 -0.328244 0.636748
    outer loop
      vertex -38.0128 73.9725 1.92443
      vertex -37.4897 74.709 1.73091
      vertex -37.6386 74.7679 1.92443
    endloop
  endfacet
  facet normal 0.697844 -0.328392 0.636531
    outer loop
      vertex -37.4897 74.709 1.73091
      vertex -38.0128 73.9725 1.92443
      vertex -37.864 73.9136 1.73091
    endloop
  endfacet
  facet normal 0.651917 -0.211456 0.72821
    outer loop
      vertex -37.7432 73.6939 1.55897
      vertex -37.6938 73.8462 1.55897
      vertex -37.864 73.9136 1.73091
    endloop
  endfacet
  facet normal 0.559693 -0.181542 0.808571
    outer loop
      vertex -37.5048 73.7714 1.41135
      vertex -37.6938 73.8462 1.55897
      vertex -37.7432 73.6939 1.55897
    endloop
  endfacet
  facet normal 0.350822 -0.113961 0.929482
    outer loop
      vertex -37.3332 73.5886 1.29035
      vertex -37.3547 72.7683 1.19789
      vertex -37.0831 73.6044 1.19789
    endloop
  endfacet
  facet normal 0.350659 -0.113964 0.929543
    outer loop
      vertex -37.3547 72.7683 1.19789
      vertex -37.3332 73.5886 1.29035
      vertex -37.6049 72.7526 1.29035
    endloop
  endfacet
  facet normal 0.407573 -0.258452 0.875835
    outer loop
      vertex -36.8804 74.5825 1.29035
      vertex -37.0011 74.8022 1.41135
      vertex -37.0732 74.6885 1.41135
    endloop
  endfacet
  facet normal 0.333599 -0.156968 0.929555
    outer loop
      vertex -37.05 73.6746 1.19789
      vertex -37.2547 73.7871 1.29035
      vertex -37.3002 73.6904 1.29035
    endloop
  endfacet
  facet normal 0.52783 -0.56236 0.636511
    outer loop
      vertex -35.3913 77.317 1.73091
      vertex -35.4933 77.4403 1.92443
      vertex -35.6415 77.3012 1.92443
    endloop
  endfacet
  facet normal 0.402878 -0.428977 0.808498
    outer loop
      vertex -35.1451 77.0193 1.41135
      vertex -35.2746 77.1759 1.55897
      vertex -35.3913 77.0663 1.55897
    endloop
  endfacet
  facet normal -0.119983 0.467302 0.875918
    outer loop
      vertex 31.5125 -78.7287 1.41135
      vertex 31.5748 -78.4859 1.29035
      vertex 31.4712 -78.5125 1.29035
    endloop
  endfacet
  facet normal -0 0.771088 0.636729
    outer loop
      vertex -30.5311 -79.2412 1.73091
      vertex -6 -79.401 1.92443
      vertex -6 -79.2412 1.73091
    endloop
  endfacet
  facet normal 0 0.771088 0.636729
    outer loop
      vertex -6 -79.401 1.92443
      vertex -30.5311 -79.2412 1.73091
      vertex -30.5411 -79.401 1.92443
    endloop
  endfacet
  facet normal 0 0.771088 0.636729
    outer loop
      vertex 30.5311 -79.2412 1.73091
      vertex -4 -79.401 1.92443
      vertex 30.5411 -79.401 1.92443
    endloop
  endfacet
  facet normal 0 0.771088 0.636729
    outer loop
      vertex -4 -79.401 1.92443
      vertex 30.5311 -79.2412 1.73091
      vertex -4 -79.2412 1.73091
    endloop
  endfacet
  facet normal -0.146353 0.570012 0.808497
    outer loop
      vertex 31.5125 -78.7287 1.41135
      vertex 32.402 -78.7097 1.55897
      vertex 32.3639 -78.5101 1.41135
    endloop
  endfacet
  facet normal -0.146353 0.570012 0.808497
    outer loop
      vertex 32.402 -78.7097 1.55897
      vertex 31.5125 -78.7287 1.41135
      vertex 31.5506 -78.9283 1.55897
    endloop
  endfacet
  facet normal -0.192045 0.746927 0.636568
    outer loop
      vertex 32.6631 -78.9962 1.92443
      vertex 32.6136 -78.844 1.73091
      vertex 32.4663 -79.0468 1.92443
    endloop
  endfacet
  facet normal -0.76423 0.359882 0.535198
    outer loop
      vertex 37.552 -74.9518 1.92443
      vertex 37.6498 -74.8565 2
      vertex 37.6386 -74.7679 1.92443
    endloop
  endfacet
  facet normal -0.764144 0.359483 0.53559
    outer loop
      vertex 37.6498 -74.8565 2
      vertex 37.552 -74.9518 1.92443
      vertex 37.5941 -74.9749 2
    endloop
  endfacet
  facet normal -0.350659 -0.113964 0.929543
    outer loop
      vertex 37.3332 73.5886 1.29035
      vertex 37.3547 72.7683 1.19789
      vertex 37.6049 72.7526 1.29035
    endloop
  endfacet
  facet normal -0.350822 -0.113961 0.929482
    outer loop
      vertex 37.3547 72.7683 1.19789
      vertex 37.3332 73.5886 1.29035
      vertex 37.0831 73.6044 1.19789
    endloop
  endfacet
  facet normal -0.350818 -0.113723 0.929513
    outer loop
      vertex 37.3332 73.5886 1.29035
      vertex 37.3002 73.6904 1.29035
      vertex 37.0831 73.6044 1.19789
    endloop
  endfacet
  facet normal -0.225335 -0.106248 0.968471
    outer loop
      vertex 37.0831 73.6044 1.19789
      vertex 37.05 73.6746 1.19789
      vertex 36.8569 73.5148 1.13543
    endloop
  endfacet
  facet normal -0.225293 -0.1063 0.968475
    outer loop
      vertex 36.8569 73.5148 1.13543
      vertex 37.05 73.6746 1.19789
      vertex 36.8368 73.5574 1.13543
    endloop
  endfacet
  facet normal -0.673233 -0.128398 0.728197
    outer loop
      vertex 38.0449 72.7006 1.55897
      vertex 38.1922 72.9034 1.73091
      vertex 38.0149 72.8579 1.55897
    endloop
  endfacet
  facet normal -0.830159 -0.158437 0.534541
    outer loop
      vertex 38.3854 72.7436 1.92443
      vertex 38.583 71.9632 2
      vertex 38.4182 72.8267 2
    endloop
  endfacet
  facet normal -0.829731 -0.158259 0.535258
    outer loop
      vertex 38.583 71.9632 2
      vertex 38.3854 72.7436 1.92443
      vertex 38.5501 71.8801 1.92443
    endloop
  endfacet
  facet normal -0.757369 -0.144457 0.636808
    outer loop
      vertex 38.2265 72.7236 1.73091
      vertex 38.5501 71.8801 1.92443
      vertex 38.3854 72.7436 1.92443
    endloop
  endfacet
  facet normal -0.757369 -0.144457 0.636808
    outer loop
      vertex 38.5501 71.8801 1.92443
      vertex 38.2265 72.7236 1.73091
      vertex 38.3912 71.8601 1.73091
    endloop
  endfacet
  facet normal -0.578098 -0.110254 0.808484
    outer loop
      vertex 38.0449 72.7006 1.55897
      vertex 38.0149 72.8579 1.55897
      vertex 37.8181 72.8073 1.41135
    endloop
  endfacet
  facet normal -0.578082 -0.110194 0.808504
    outer loop
      vertex 37.8433 72.6751 1.41135
      vertex 38.0449 72.7006 1.55897
      vertex 37.8181 72.8073 1.41135
    endloop
  endfacet
  facet normal -0.481459 -0.0304721 0.875939
    outer loop
      vertex 38.0165 71.6773 1.41135
      vertex 38.008 71.8116 1.41135
      vertex 37.7896 71.7841 1.29035
    endloop
  endfacet
  facet normal -0.473923 -0.090271 0.875927
    outer loop
      vertex 37.7896 71.7841 1.29035
      vertex 38.008 71.8116 1.41135
      vertex 37.7696 71.8891 1.29035
    endloop
  endfacet
  facet normal -0.458854 -0.149127 0.875908
    outer loop
      vertex 37.8181 72.8073 1.41135
      vertex 37.7765 72.9353 1.41135
      vertex 37.6049 72.7526 1.29035
    endloop
  endfacet
  facet normal -0.559693 -0.181542 0.808571
    outer loop
      vertex 37.7432 73.6939 1.55897
      vertex 37.6938 73.8462 1.55897
      vertex 37.5048 73.7714 1.41135
    endloop
  endfacet
  facet normal -0.843042 0.0530445 0.535226
    outer loop
      vertex 38.5501 -71.8801 1.92443
      vertex 38.6529 -71.0088 2
      vertex 38.6053 -71.0028 1.92443
    endloop
  endfacet
  facet normal -0.843042 0.0530445 0.535226
    outer loop
      vertex 38.6529 -71.0088 2
      vertex 38.5501 -71.8801 1.92443
      vertex 38.5977 -71.8861 2
    endloop
  endfacet
  facet normal -0.683915 0.0427982 0.728305
    outer loop
      vertex 38.4579 -70.8 1.73091
      vertex 38.2748 -70.8 1.55897
      vertex 38.2648 -70.9598 1.55897
    endloop
  endfacet
  facet normal -0.473923 0.090271 0.875927
    outer loop
      vertex 38.008 -71.8116 1.41135
      vertex 37.7896 -71.7841 1.29035
      vertex 37.7696 -71.8891 1.29035
    endloop
  endfacet
  facet normal -0.587434 0.0369616 0.808427
    outer loop
      vertex 38.0165 -71.6773 1.41135
      vertex 38.2648 -70.9598 1.55897
      vertex 38.0717 -70.8 1.41135
    endloop
  endfacet
  facet normal -0.587434 0.0369616 0.808427
    outer loop
      vertex 38.2648 -70.9598 1.55897
      vertex 38.0165 -71.6773 1.41135
      vertex 38.2096 -71.8371 1.55897
    endloop
  endfacet
  facet normal -0.757369 0.144457 0.636808
    outer loop
      vertex 38.2265 -72.7236 1.73091
      vertex 38.5501 -71.8801 1.92443
      vertex 38.3912 -71.8601 1.73091
    endloop
  endfacet
  facet normal -0.757369 0.144457 0.636808
    outer loop
      vertex 38.5501 -71.8801 1.92443
      vertex 38.2265 -72.7236 1.73091
      vertex 38.3854 -72.7436 1.92443
    endloop
  endfacet
  facet normal -0.757365 0.144481 0.636807
    outer loop
      vertex 38.3854 -72.7436 1.92443
      vertex 38.2265 -72.7236 1.73091
      vertex 38.1922 -72.9034 1.73091
    endloop
  endfacet
  facet normal -0.362341 0.0690173 0.929487
    outer loop
      vertex 37.7696 -71.8891 1.29035
      vertex 37.7896 -71.7841 1.29035
      vertex 37.558 -71.7548 1.19789
    endloop
  endfacet
  facet normal -0.362271 0.0691399 0.929505
    outer loop
      vertex 37.3932 -72.6183 1.19789
      vertex 37.7696 -71.8891 1.29035
      vertex 37.558 -71.7548 1.19789
    endloop
  endfacet
  facet normal -0.362161 0.0690769 0.929553
    outer loop
      vertex 37.7696 -71.8891 1.29035
      vertex 37.3932 -72.6183 1.19789
      vertex 37.6049 -72.7526 1.29035
    endloop
  endfacet
  facet normal -0.713328 -0.452537 0.535139
    outer loop
      vertex 37.552 74.9518 1.92443
      vertex 37.524 75.0853 2
      vertex 37.4432 75.1233 1.92443
    endloop
  endfacet
  facet normal -0.712928 -0.452684 0.535547
    outer loop
      vertex 37.524 75.0853 2
      vertex 37.552 74.9518 1.92443
      vertex 37.5941 74.9749 2
    endloop
  endfacet
  facet normal -0.527948 -0.436748 0.728369
    outer loop
      vertex 36.2823 76.4488 1.73091
      vertex 36.5924 75.7872 1.55897
      vertex 36.8426 75.7715 1.73091
    endloop
  endfacet
  facet normal -0.527948 -0.436748 0.728369
    outer loop
      vertex 36.5924 75.7872 1.55897
      vertex 36.2823 76.4488 1.73091
      vertex 36.0321 76.4645 1.55897
    endloop
  endfacet
  facet normal -0.527967 -0.436668 0.728404
    outer loop
      vertex 36.2823 76.4488 1.73091
      vertex 36.1656 76.5899 1.73091
      vertex 36.0321 76.4645 1.55897
    endloop
  endfacet
  facet normal -0.527935 -0.436808 0.728343
    outer loop
      vertex 36.6945 75.6638 1.55897
      vertex 36.8426 75.7715 1.73091
      vertex 36.5924 75.7872 1.55897
    endloop
  endfacet
  facet normal -0.407307 -0.258477 0.875951
    outer loop
      vertex 36.4093 75.3247 1.29035
      vertex 37.0011 74.8022 1.41135
      vertex 36.5301 75.5444 1.41135
    endloop
  endfacet
  facet normal -0.407386 -0.258582 0.875884
    outer loop
      vertex 37.0011 74.8022 1.41135
      vertex 36.4093 75.3247 1.29035
      vertex 36.8804 74.5825 1.29035
    endloop
  endfacet
  facet normal -0.311279 -0.197579 0.929553
    outer loop
      vertex 36.4093 75.3247 1.29035
      vertex 36.6757 74.47 1.19789
      vertex 36.8804 74.5825 1.29035
    endloop
  endfacet
  facet normal -0.311394 -0.19761 0.929508
    outer loop
      vertex 36.6757 74.47 1.19789
      vertex 36.4093 75.3247 1.29035
      vertex 36.2047 75.2122 1.19789
    endloop
  endfacet
  facet normal -0.3114 -0.197599 0.929508
    outer loop
      vertex 36.4093 75.3247 1.29035
      vertex 36.352 75.415 1.29035
      vertex 36.2047 75.2122 1.19789
    endloop
  endfacet
  facet normal -0.469112 -0.499502 0.728307
    outer loop
      vertex 35.3913 77.0663 1.55897
      vertex 35.3913 77.317 1.73091
      vertex 35.2746 77.1759 1.55897
    endloop
  endfacet
  facet normal -0.371768 -0.307547 0.875901
    outer loop
      vertex 35.9698 76.2217 1.41135
      vertex 36.2839 75.4974 1.29035
      vertex 36.5301 75.5444 1.41135
    endloop
  endfacet
  facet normal -0.371749 -0.307541 0.875912
    outer loop
      vertex 36.2839 75.4974 1.29035
      vertex 35.9698 76.2217 1.41135
      vertex 35.7235 76.1748 1.29035
    endloop
  endfacet
  facet normal -0.371739 -0.307572 0.875905
    outer loop
      vertex 35.9698 76.2217 1.41135
      vertex 35.884 76.3254 1.41135
      vertex 35.7235 76.1748 1.29035
    endloop
  endfacet
  facet normal -0.0859346 -0.0915391 0.992087
    outer loop
      vertex 35.376 75.8484 1.13543
      vertex 35.3417 75.8806 1.13543
      vertex 35.1943 75.6778 1.10395
    endloop
  endfacet
  facet normal -0.105982 0.0673702 0.992083
    outer loop
      vertex 36.4373 -74.3926 1.13543
      vertex 36.4626 -74.3528 1.13543
      vertex 36.2442 -74.2328 1.10395
    endloop
  endfacet
  facet normal -0.496946 -0.315126 0.808542
    outer loop
      vertex 37.0732 74.6885 1.41135
      vertex 37.2513 74.7864 1.55897
      vertex 37.0011 74.8022 1.41135
    endloop
  endfacet
  facet normal -0.496922 -0.315347 0.808471
    outer loop
      vertex 36.5301 75.5444 1.41135
      vertex 37.1655 74.9216 1.55897
      vertex 36.6945 75.6638 1.55897
    endloop
  endfacet
  facet normal -0.496922 -0.315347 0.808471
    outer loop
      vertex 37.1655 74.9216 1.55897
      vertex 36.5301 75.5444 1.41135
      vertex 37.0011 74.8022 1.41135
    endloop
  endfacet
  facet normal -0.620012 -0.291766 0.728325
    outer loop
      vertex 37.4897 74.709 1.73091
      vertex 37.6256 73.991 1.55897
      vertex 37.864 73.9136 1.73091
    endloop
  endfacet
  facet normal -0.620012 -0.291766 0.728325
    outer loop
      vertex 37.6256 73.991 1.55897
      vertex 37.4897 74.709 1.73091
      vertex 37.2513 74.7864 1.55897
    endloop
  endfacet
  facet normal -0.620018 -0.292038 0.728211
    outer loop
      vertex 37.4897 74.709 1.73091
      vertex 37.4117 74.8746 1.73091
      vertex 37.2513 74.7864 1.55897
    endloop
  endfacet
  facet normal 0.310902 0.785326 0.535353
    outer loop
      vertex -33.6694 -78.5978 1.92443
      vertex -32.8725 -78.9648 2
      vertex -32.852 -78.9214 1.92443
    endloop
  endfacet
  facet normal 0.311003 0.785485 0.535061
    outer loop
      vertex -32.8725 -78.9648 2
      vertex -33.6694 -78.5978 1.92443
      vertex -33.6898 -78.6412 2
    endloop
  endfacet
  facet normal 0.191761 0.746868 0.636722
    outer loop
      vertex -31.7622 -79.0626 1.73091
      vertex -32.4663 -79.0468 1.92443
      vertex -31.6149 -79.2654 1.92443
    endloop
  endfacet
  facet normal 0.191761 0.746868 0.636722
    outer loop
      vertex -32.4663 -79.0468 1.92443
      vertex -31.7622 -79.0626 1.73091
      vertex -32.6136 -78.844 1.73091
    endloop
  endfacet
  facet normal 0.0965698 0.764928 0.636836
    outer loop
      vertex -31.4032 -79.1311 1.73091
      vertex -30.7427 -79.3756 1.92443
      vertex -30.5311 -79.2412 1.73091
    endloop
  endfacet
  facet normal 0.0966618 0.765049 0.636676
    outer loop
      vertex -30.7427 -79.3756 1.92443
      vertex -31.4032 -79.1311 1.73091
      vertex -31.6149 -79.2654 1.92443
    endloop
  endfacet
  facet normal 0.0968279 0.76494 0.636781
    outer loop
      vertex -31.4032 -79.1311 1.73091
      vertex -31.5849 -79.1081 1.73091
      vertex -31.6149 -79.2654 1.92443
    endloop
  endfacet
  facet normal -0.248581 0.0158669 0.968481
    outer loop
      vertex 37.558 -71.7548 1.19789
      vertex 37.3196 -71.6773 1.13543
      vertex 37.3166 -71.7243 1.13543
    endloop
  endfacet
  facet normal -0.248649 0.0156451 0.968467
    outer loop
      vertex 37.3196 -71.6773 1.13543
      vertex 37.6132 -70.8775 1.19789
      vertex 37.3748 -70.8 1.13543
    endloop
  endfacet
  facet normal -0.248649 0.0156451 0.968467
    outer loop
      vertex 37.6132 -70.8775 1.19789
      vertex 37.3196 -71.6773 1.13543
      vertex 37.558 -71.7548 1.19789
    endloop
  endfacet
  facet normal -0.0151913 0.124729 0.992075
    outer loop
      vertex 31.3819 -78.0441 1.13543
      vertex 31.3352 -77.7994 1.10395
      vertex 31.3196 -77.8013 1.10395
    endloop
  endfacet
  facet normal 0.119443 0.0388048 0.992082
    outer loop
      vertex -36.8968 -72.5871 1.10395
      vertex -36.8714 -73.4701 1.13543
      vertex -36.6252 -73.4231 1.10395
    endloop
  endfacet
  facet normal 0.119411 0.038804 0.992086
    outer loop
      vertex -36.8714 -73.4701 1.13543
      vertex -36.8968 -72.5871 1.10395
      vertex -37.1431 -72.634 1.13543
    endloop
  endfacet
  facet normal -0.135736 0.342822 0.929542
    outer loop
      vertex 32.4263 -78.0166 1.19789
      vertex 33.2436 -77.9437 1.29035
      vertex 33.2436 -77.693 1.19789
    endloop
  endfacet
  facet normal -0.135736 0.342822 0.929542
    outer loop
      vertex 33.2436 -77.9437 1.29035
      vertex 32.4263 -78.0166 1.19789
      vertex 32.4263 -78.2673 1.29035
    endloop
  endfacet
  facet normal 0.0463546 -0.116686 0.992087
    outer loop
      vertex -33.0339 77.2474 1.10395
      vertex -33.0193 77.2532 1.10395
      vertex -33.14 77.4729 1.13543
    endloop
  endfacet
  facet normal 0.120009 0.218343 0.968465
    outer loop
      vertex -33.14 -77.4729 1.13543
      vertex -33.1813 -77.4502 1.13543
      vertex -33.2436 -77.693 1.19789
    endloop
  endfacet
  facet normal -0.146403 0.201625 0.968459
    outer loop
      vertex 34.0819 -77.2321 1.19789
      vertex 34.1447 -77.1865 1.19789
      vertex 33.9516 -77.0267 1.13543
    endloop
  endfacet
  facet normal -0.216746 0.298335 0.929525
    outer loop
      vertex 34.8559 -76.6698 1.19789
      vertex 34.2936 -77.3664 1.29035
      vertex 35.0048 -76.8497 1.29035
    endloop
  endfacet
  facet normal -0.216746 0.298335 0.929525
    outer loop
      vertex 34.2936 -77.3664 1.29035
      vertex 34.8559 -76.6698 1.19789
      vertex 34.1447 -77.1865 1.19789
    endloop
  endfacet
  facet normal -0.0915069 -0.231676 0.96848
    outer loop
      vertex 32.3227 77.7965 1.13543
      vertex 32.3541 78.0452 1.19789
      vertex 32.2789 77.8138 1.13543
    endloop
  endfacet
  facet normal -0.031781 -0.121562 0.992075
    outer loop
      vertex 31.3505 77.7954 1.10395
      vertex 31.3819 78.0441 1.13543
      vertex 31.3352 77.7994 1.10395
    endloop
  endfacet
  facet normal 0.031781 0.121562 0.992075
    outer loop
      vertex -31.3352 -77.7994 1.10395
      vertex -31.3505 -77.7954 1.10395
      vertex -31.3819 -78.0441 1.13543
    endloop
  endfacet
  facet normal -0.37184 0.307309 0.875954
    outer loop
      vertex 36.5301 -75.5444 1.41135
      vertex 36.352 -75.415 1.29035
      vertex 36.2839 -75.4974 1.29035
    endloop
  endfacet
  facet normal -0.330404 0.351619 0.875898
    outer loop
      vertex 35.884 -76.3254 1.41135
      vertex 35.7235 -76.1748 1.29035
      vertex 35.6456 -76.248 1.29035
    endloop
  endfacet
  facet normal 0.125324 -0.00788545 0.992084
    outer loop
      vertex -37.3196 71.6773 1.13543
      vertex -37.1256 70.8 1.10395
      vertex -37.0704 71.6773 1.10395
    endloop
  endfacet
  facet normal 0.125324 -0.00788545 0.992084
    outer loop
      vertex -37.1256 70.8 1.10395
      vertex -37.3196 71.6773 1.13543
      vertex -37.3748 70.8 1.13543
    endloop
  endfacet
  facet normal 0.0157406 -0.124582 0.992084
    outer loop
      vertex -30.5098 78.1543 1.13543
      vertex -31.3196 77.8013 1.10395
      vertex -30.4474 77.9115 1.10395
    endloop
  endfacet
  facet normal 0.0157432 -0.124588 0.992084
    outer loop
      vertex -31.3196 77.8013 1.10395
      vertex -30.5098 78.1543 1.13543
      vertex -31.3819 78.0441 1.13543
    endloop
  endfacet
  facet normal -0.0462278 0.116755 0.992084
    outer loop
      vertex 33.0193 -77.2532 1.10395
      vertex 32.3227 -77.7965 1.13543
      vertex 33.14 -77.4729 1.13543
    endloop
  endfacet
  facet normal -0.0462164 0.116741 0.992087
    outer loop
      vertex 32.3227 -77.7965 1.13543
      vertex 33.0193 -77.2532 1.10395
      vertex 32.2019 -77.5768 1.10395
    endloop
  endfacet
  facet normal -0.216561 0.547309 0.808427
    outer loop
      vertex 32.5571 -78.6698 1.55897
      vertex 32.6194 -78.4271 1.41135
      vertex 32.4943 -78.4766 1.41135
    endloop
  endfacet
  facet normal -0.146458 0.570092 0.808422
    outer loop
      vertex 32.5571 -78.6698 1.55897
      vertex 32.4943 -78.4766 1.41135
      vertex 32.3639 -78.5101 1.41135
    endloop
  endfacet
  facet normal -0 0.685337 0.728226
    outer loop
      vertex -30.5196 -79.0585 1.55897
      vertex -6 -79.2412 1.73091
      vertex -6 -79.0585 1.55897
    endloop
  endfacet
  facet normal 0 0.685337 0.728226
    outer loop
      vertex -6 -79.2412 1.73091
      vertex -30.5196 -79.0585 1.55897
      vertex -30.5311 -79.2412 1.73091
    endloop
  endfacet
  facet normal 0 0.685337 0.728226
    outer loop
      vertex -4 -79.2412 1.73091
      vertex 30.5196 -79.0585 1.55897
      vertex -4 -79.0585 1.55897
    endloop
  endfacet
  facet normal 0 0.685337 0.728226
    outer loop
      vertex 30.5196 -79.0585 1.55897
      vertex -4 -79.2412 1.73091
      vertex 30.5311 -79.2412 1.73091
    endloop
  endfacet
  facet normal -0.330113 0.600439 0.728353
    outer loop
      vertex 34.2936 -77.8638 1.55897
      vertex 33.7617 -78.3648 1.73091
      vertex 34.532 -77.9413 1.73091
    endloop
  endfacet
  facet normal -0.330113 0.600439 0.728353
    outer loop
      vertex 33.7617 -78.3648 1.73091
      vertex 34.2936 -77.8638 1.55897
      vertex 33.5233 -78.2873 1.55897
    endloop
  endfacet
  facet normal -0.232437 0.422901 0.875858
    outer loop
      vertex 33.4367 -78.1034 1.41135
      vertex 33.4367 -77.8528 1.29035
      vertex 33.343 -77.9043 1.29035
    endloop
  endfacet
  facet normal -0.232702 0.422736 0.875867
    outer loop
      vertex 34.325 -77.6151 1.41135
      vertex 34.2071 -77.4293 1.29035
      vertex 34.2071 -77.68 1.41135
    endloop
  endfacet
  facet normal -0.283811 0.390296 0.875854
    outer loop
      vertex 34.325 -77.6151 1.41135
      vertex 34.2936 -77.3664 1.29035
      vertex 34.2071 -77.4293 1.29035
    endloop
  endfacet
  facet normal -0.283398 0.515703 0.80854
    outer loop
      vertex 34.4339 -77.7867 1.55897
      vertex 34.325 -77.6151 1.41135
      vertex 34.2936 -77.8638 1.55897
    endloop
  endfacet
  facet normal -0.283862 0.515675 0.808394
    outer loop
      vertex 34.2936 -77.8638 1.55897
      vertex 34.325 -77.6151 1.41135
      vertex 34.2071 -77.68 1.41135
    endloop
  endfacet
  facet normal -0.468885 0.49957 0.728407
    outer loop
      vertex 36.1656 -76.5899 1.73091
      vertex 36.0321 -76.4645 1.55897
      vertex 36.0321 -76.7152 1.73091
    endloop
  endfacet
  facet normal -0.527967 0.436668 0.728404
    outer loop
      vertex 36.1656 -76.5899 1.73091
      vertex 36.2823 -76.4488 1.73091
      vertex 36.0321 -76.4645 1.55897
    endloop
  endfacet
  facet normal -0.527948 0.436748 0.728369
    outer loop
      vertex 36.5924 -75.7872 1.55897
      vertex 36.2823 -76.4488 1.73091
      vertex 36.8426 -75.7715 1.73091
    endloop
  endfacet
  facet normal -0.527948 0.436748 0.728369
    outer loop
      vertex 36.2823 -76.4488 1.73091
      vertex 36.5924 -75.7872 1.55897
      vertex 36.0321 -76.4645 1.55897
    endloop
  endfacet
  facet normal -0.469104 0.499504 0.728311
    outer loop
      vertex 35.3913 -77.0663 1.55897
      vertex 36.0321 -76.7152 1.73091
      vertex 36.0321 -76.4645 1.55897
    endloop
  endfacet
  facet normal -0.469104 0.499504 0.728311
    outer loop
      vertex 36.0321 -76.7152 1.73091
      vertex 35.3913 -77.0663 1.55897
      vertex 35.3913 -77.317 1.73091
    endloop
  endfacet
  facet normal -0.469112 0.499502 0.728307
    outer loop
      vertex 35.3913 -77.317 1.73091
      vertex 35.3913 -77.0663 1.55897
      vertex 35.2746 -77.1759 1.55897
    endloop
  endfacet
  facet normal -0.453374 0.623948 0.636507
    outer loop
      vertex 35.3913 -77.317 1.73091
      vertex 34.7822 -77.957 1.92443
      vertex 35.4933 -77.4403 1.92443
    endloop
  endfacet
  facet normal -0.453265 0.623886 0.636645
    outer loop
      vertex 34.7822 -77.957 1.92443
      vertex 35.3913 -77.317 1.73091
      vertex 34.6801 -77.8337 1.73091
    endloop
  endfacet
  facet normal -0.578722 0.615364 0.535171
    outer loop
      vertex 36.3172 -76.7323 2
      vertex 36.2823 -76.6994 1.92443
      vertex 36.2601 -76.786 2
    endloop
  endfacet
  facet normal -0.579087 0.615927 0.534127
    outer loop
      vertex 35.6415 -77.3012 1.92443
      vertex 35.5239 -77.4773 2
      vertex 35.6192 -77.3877 2
    endloop
  endfacet
  facet normal -0.577963 0.615773 0.53552
    outer loop
      vertex 35.5239 -77.4773 2
      vertex 35.6415 -77.3012 1.92443
      vertex 35.4933 -77.4403 1.92443
    endloop
  endfacet
  facet normal 0.0916744 0.357198 0.929519
    outer loop
      vertex -31.4275 -78.2831 1.19789
      vertex -31.5027 -78.2638 1.19789
      vertex -31.5748 -78.4859 1.29035
    endloop
  endfacet
  facet normal 0.170433 0.663801 0.728231
    outer loop
      vertex -32.402 -78.7097 1.55897
      vertex -31.7622 -79.0626 1.73091
      vertex -31.5506 -78.9283 1.55897
    endloop
  endfacet
  facet normal 0.170433 0.663801 0.728231
    outer loop
      vertex -31.7622 -79.0626 1.73091
      vertex -32.402 -78.7097 1.55897
      vertex -32.6136 -78.844 1.73091
    endloop
  endfacet
  facet normal 0.091722 0.231658 0.968464
    outer loop
      vertex -33.14 -77.4729 1.13543
      vertex -32.4263 -78.0166 1.19789
      vertex -32.3227 -77.7965 1.13543
    endloop
  endfacet
  facet normal 0.091722 0.231658 0.968464
    outer loop
      vertex -32.4263 -78.0166 1.19789
      vertex -33.14 -77.4729 1.13543
      vertex -33.2436 -77.693 1.19789
    endloop
  endfacet
  facet normal 0.252369 0.268723 0.929569
    outer loop
      vertex -35.6456 -76.248 1.29035
      vertex -34.8559 -76.6698 1.19789
      vertex -35.4967 -76.068 1.19789
    endloop
  endfacet
  facet normal 0.252413 0.268816 0.92953
    outer loop
      vertex -34.8559 -76.6698 1.19789
      vertex -35.6456 -76.248 1.29035
      vertex -35.0048 -76.8497 1.29035
    endloop
  endfacet
  facet normal 0.527935 0.436808 0.728343
    outer loop
      vertex -36.5924 -75.7872 1.55897
      vertex -36.6945 -75.6638 1.55897
      vertex -36.8426 -75.7715 1.73091
    endloop
  endfacet
  facet normal 0.712928 0.452684 0.535547
    outer loop
      vertex -37.524 -75.0853 2
      vertex -37.552 -74.9518 1.92443
      vertex -37.5941 -74.9749 2
    endloop
  endfacet
  facet normal 0.713328 0.452537 0.535139
    outer loop
      vertex -37.552 -74.9518 1.92443
      vertex -37.524 -75.0853 2
      vertex -37.4432 -75.1233 1.92443
    endloop
  endfacet
  facet normal 0.578651 0.367221 0.728226
    outer loop
      vertex -37.1655 -74.9216 1.55897
      vertex -37.2513 -74.7864 1.55897
      vertex -37.3136 -75.0292 1.73091
    endloop
  endfacet
  facet normal 0.594234 0.491583 0.636579
    outer loop
      vertex -36.8426 -76.0221 1.92443
      vertex -36.2823 -76.4488 1.73091
      vertex -36.8426 -75.7715 1.73091
    endloop
  endfacet
  facet normal 0.594234 0.491583 0.636579
    outer loop
      vertex -36.2823 -76.4488 1.73091
      vertex -36.8426 -76.0221 1.92443
      vertex -36.2823 -76.6994 1.92443
    endloop
  endfacet
  facet normal 0.453272 0.623881 0.636645
    outer loop
      vertex -34.532 -77.9413 1.73091
      vertex -34.6801 -77.8337 1.73091
      vertex -34.7822 -77.957 1.92443
    endloop
  endfacet
  facet normal 0.345848 0.476142 0.808503
    outer loop
      vertex -35.0362 -77.0984 1.41135
      vertex -35.1451 -77.0193 1.41135
      vertex -35.2746 -77.1759 1.55897
    endloop
  endfacet
  facet normal 0.733341 0.23825 0.636748
    outer loop
      vertex -38.2845 -73.1365 1.92443
      vertex -38.1922 -72.9034 1.73091
      vertex -38.3473 -72.9432 1.92443
    endloop
  endfacet
  facet normal 0.75739 0.144572 0.636757
    outer loop
      vertex -38.3473 -72.9432 1.92443
      vertex -38.1922 -72.9034 1.73091
      vertex -38.3854 -72.7436 1.92443
    endloop
  endfacet
  facet normal 0.350822 0.113961 0.929482
    outer loop
      vertex -37.3547 -72.7683 1.19789
      vertex -37.3332 -73.5886 1.29035
      vertex -37.0831 -73.6044 1.19789
    endloop
  endfacet
  facet normal 0.350659 0.113964 0.929543
    outer loop
      vertex -37.3332 -73.5886 1.29035
      vertex -37.3547 -72.7683 1.19789
      vertex -37.6049 -72.7526 1.29035
    endloop
  endfacet
  facet normal 0.697844 0.328392 0.636531
    outer loop
      vertex -38.0128 -73.9725 1.92443
      vertex -37.4897 -74.709 1.73091
      vertex -37.864 -73.9136 1.73091
    endloop
  endfacet
  facet normal 0.697716 0.328244 0.636748
    outer loop
      vertex -37.4897 -74.709 1.73091
      vertex -38.0128 -73.9725 1.92443
      vertex -37.6386 -74.7679 1.92443
    endloop
  endfacet
  facet normal 0.803143 0.261614 0.535275
    outer loop
      vertex -38.0574 -73.9902 2
      vertex -38.0128 -73.9725 1.92443
      vertex -38.0817 -73.9156 2
    endloop
  endfacet
  facet normal 0.0915069 -0.231676 0.96848
    outer loop
      vertex -32.3227 77.7965 1.13543
      vertex -32.2789 77.8138 1.13543
      vertex -32.3541 78.0452 1.19789
    endloop
  endfacet
  facet normal 0.120078 -0.218324 0.96846
    outer loop
      vertex -33.9516 77.0267 1.13543
      vertex -34.0139 77.2695 1.19789
      vertex -34.0819 77.2321 1.19789
    endloop
  endfacet
  facet normal 0.310903 -0.785326 0.535353
    outer loop
      vertex -32.852 78.9214 1.92443
      vertex -32.7995 78.9937 2
      vertex -32.8725 78.9648 2
    endloop
  endfacet
  facet normal 0.37141 -0.675864 0.636602
    outer loop
      vertex -33.6012 78.453 1.73091
      vertex -33.6694 78.5978 1.92443
      vertex -33.7617 78.3648 1.73091
    endloop
  endfacet
  facet normal 0.330113 -0.600439 0.728353
    outer loop
      vertex -33.7617 78.3648 1.73091
      vertex -34.2936 77.8638 1.55897
      vertex -33.5233 78.2873 1.55897
    endloop
  endfacet
  facet normal 0.330113 -0.600439 0.728353
    outer loop
      vertex -34.2936 77.8638 1.55897
      vertex -33.7617 78.3648 1.73091
      vertex -34.532 77.9413 1.73091
    endloop
  endfacet
  facet normal 0.0312308 -0.247154 0.968473
    outer loop
      vertex -30.5553 78.3933 1.19789
      vertex -31.3819 78.0441 1.13543
      vertex -30.5098 78.1543 1.13543
    endloop
  endfacet
  facet normal 0.0312258 -0.247143 0.968476
    outer loop
      vertex -31.3819 78.0441 1.13543
      vertex -30.5553 78.3933 1.19789
      vertex -31.4275 78.2831 1.19789
    endloop
  endfacet
  facet normal 0.0460876 -0.36585 0.929532
    outer loop
      vertex -30.5553 78.3933 1.19789
      vertex -30.4783 78.403 1.19789
      vertex -30.5991 78.6227 1.29035
    endloop
  endfacet
  facet normal 0.091722 -0.231658 0.968464
    outer loop
      vertex -32.4263 78.0166 1.19789
      vertex -33.14 77.4729 1.13543
      vertex -32.3227 77.7965 1.13543
    endloop
  endfacet
  facet normal 0.091722 -0.231658 0.968464
    outer loop
      vertex -33.14 77.4729 1.13543
      vertex -32.4263 78.0166 1.19789
      vertex -33.2436 77.693 1.19789
    endloop
  endfacet
  facet normal 0.216611 -0.298315 0.929563
    outer loop
      vertex -34.1447 77.1865 1.19789
      vertex -34.0819 77.2321 1.19789
      vertex -34.2071 77.4293 1.29035
    endloop
  endfacet
  facet normal 0.232702 -0.422736 0.875867
    outer loop
      vertex -34.2071 77.4293 1.29035
      vertex -34.2071 77.68 1.41135
      vertex -34.325 77.6151 1.41135
    endloop
  endfacet
  facet normal 0.170433 -0.663801 0.728231
    outer loop
      vertex -31.7622 79.0626 1.73091
      vertex -32.402 78.7097 1.55897
      vertex -31.5506 78.9283 1.55897
    endloop
  endfacet
  facet normal 0.170433 -0.663801 0.728231
    outer loop
      vertex -32.402 78.7097 1.55897
      vertex -31.7622 79.0626 1.73091
      vertex -32.6136 78.844 1.73091
    endloop
  endfacet
  facet normal 0.283539 -0.39036 0.875914
    outer loop
      vertex -35.0048 76.8497 1.29035
      vertex -35.0362 77.0984 1.41135
      vertex -35.1451 77.0193 1.41135
    endloop
  endfacet
  facet normal 0.345848 -0.476142 0.808503
    outer loop
      vertex -35.1451 77.0193 1.41135
      vertex -35.0362 77.0984 1.41135
      vertex -35.2746 77.1759 1.55897
    endloop
  endfacet
  facet normal 0.371576 -0.675856 0.636513
    outer loop
      vertex -33.7617 78.3648 1.73091
      vertex -34.4397 78.1743 1.92443
      vertex -34.532 77.9413 1.73091
    endloop
  endfacet
  facet normal 0.371576 -0.675856 0.636513
    outer loop
      vertex -34.4397 78.1743 1.92443
      vertex -33.7617 78.3648 1.73091
      vertex -33.6694 78.5978 1.92443
    endloop
  endfacet
  facet normal 0 -0.685337 0.728226
    outer loop
      vertex -4 79.2412 1.73091
      vertex 30.5196 79.0585 1.55897
      vertex 30.5311 79.2412 1.73091
    endloop
  endfacet
  facet normal 0 -0.685337 0.728226
    outer loop
      vertex 30.5196 79.0585 1.55897
      vertex -4 79.2412 1.73091
      vertex -4 79.0585 1.55897
    endloop
  endfacet
  facet normal 0 -0.685337 0.728226
    outer loop
      vertex -6 79.2412 1.73091
      vertex -30.5196 79.0585 1.55897
      vertex -6 79.0585 1.55897
    endloop
  endfacet
  facet normal 0 -0.685337 0.728226
    outer loop
      vertex -30.5196 79.0585 1.55897
      vertex -6 79.2412 1.73091
      vertex -30.5311 79.2412 1.73091
    endloop
  endfacet
  facet normal 0.0858519 -0.680031 0.72814
    outer loop
      vertex -31.4032 79.1311 1.73091
      vertex -30.6784 79.0385 1.55897
      vertex -30.5311 79.2412 1.73091
    endloop
  endfacet
  facet normal 0.0859015 -0.679885 0.72827
    outer loop
      vertex -30.6784 79.0385 1.55897
      vertex -31.4032 79.1311 1.73091
      vertex -31.5506 78.9283 1.55897
    endloop
  endfacet
  facet normal 0.0461985 -0.365795 0.929548
    outer loop
      vertex -30.4783 78.403 1.19789
      vertex -30.493 78.6361 1.29035
      vertex -30.5991 78.6227 1.29035
    endloop
  endfacet
  facet normal 0.0735393 -0.583902 0.808486
    outer loop
      vertex -30.6403 78.8389 1.41135
      vertex -30.5196 79.0585 1.55897
      vertex -30.6784 79.0385 1.55897
    endloop
  endfacet
  facet normal -0.192045 -0.746927 0.636568
    outer loop
      vertex 32.6136 78.844 1.73091
      vertex 32.6631 78.9962 1.92443
      vertex 32.4663 79.0468 1.92443
    endloop
  endfacet
  facet normal -0.406922 -0.740274 0.535172
    outer loop
      vertex 34.6178 78.0764 1.92443
      vertex 34.5289 78.1799 2
      vertex 34.4397 78.1743 1.92443
    endloop
  endfacet
  facet normal -0.40696 -0.740279 0.535135
    outer loop
      vertex 34.5289 78.1799 2
      vertex 34.6178 78.0764 1.92443
      vertex 34.6435 78.1169 2
    endloop
  endfacet
  facet normal -0.345867 -0.476061 0.808543
    outer loop
      vertex 34.325 77.6151 1.41135
      vertex 35.1451 77.27 1.55897
      vertex 34.4339 77.7867 1.55897
    endloop
  endfacet
  facet normal -0.345867 -0.476061 0.808543
    outer loop
      vertex 35.1451 77.27 1.55897
      vertex 34.325 77.6151 1.41135
      vertex 35.0362 77.0984 1.41135
    endloop
  endfacet
  facet normal -0.177818 -0.448607 0.875861
    outer loop
      vertex 33.343 77.9043 1.29035
      vertex 33.4367 78.1034 1.41135
      vertex 33.2436 77.9437 1.29035
    endloop
  endfacet
  facet normal 0 -0.588508 0.808491
    outer loop
      vertex -6 79.0585 1.55897
      vertex -30.5068 78.8557 1.41135
      vertex -6 78.8557 1.41135
    endloop
  endfacet
  facet normal 0 -0.588508 0.808491
    outer loop
      vertex -30.5068 78.8557 1.41135
      vertex -6 79.0585 1.55897
      vertex -30.5196 79.0585 1.55897
    endloop
  endfacet
  facet normal 0 -0.588508 0.808491
    outer loop
      vertex -4 79.0585 1.55897
      vertex 30.5068 78.8557 1.41135
      vertex 30.5196 79.0585 1.55897
    endloop
  endfacet
  facet normal 0 -0.588508 0.808491
    outer loop
      vertex 30.5068 78.8557 1.41135
      vertex -4 79.0585 1.55897
      vertex -4 78.8557 1.41135
    endloop
  endfacet
  facet normal -0.0735393 -0.583902 0.808486
    outer loop
      vertex 30.6403 78.8389 1.41135
      vertex 30.6784 79.0385 1.55897
      vertex 30.5196 79.0585 1.55897
    endloop
  endfacet
  facet normal -0.105586 -0.838223 0.535008
    outer loop
      vertex 30.7427 79.3756 1.92443
      vertex 30.7517 79.4227 2
      vertex 30.6739 79.4325 2
    endloop
  endfacet
  facet normal -0.252413 -0.268816 0.92953
    outer loop
      vertex 34.8559 76.6698 1.19789
      vertex 35.6456 76.248 1.29035
      vertex 35.0048 76.8497 1.29035
    endloop
  endfacet
  facet normal -0.252369 -0.268723 0.929569
    outer loop
      vertex 35.6456 76.248 1.29035
      vertex 34.8559 76.6698 1.19789
      vertex 35.4967 76.068 1.19789
    endloop
  endfacet
  facet normal -0.52783 -0.56236 0.636511
    outer loop
      vertex 35.6415 77.3012 1.92443
      vertex 35.4933 77.4403 1.92443
      vertex 35.3913 77.317 1.73091
    endloop
  endfacet
  facet normal -0.33003 -0.60056 0.728291
    outer loop
      vertex 34.4339 77.7867 1.55897
      vertex 34.532 77.9413 1.73091
      vertex 34.2936 77.8638 1.55897
    endloop
  endfacet
  facet normal -0.216611 -0.298315 0.929563
    outer loop
      vertex 34.1447 77.1865 1.19789
      vertex 34.2071 77.4293 1.29035
      vertex 34.0819 77.2321 1.19789
    endloop
  endfacet
  facet normal -0.578457 -0.616143 0.534561
    outer loop
      vertex 35.6415 77.3012 1.92443
      vertex 36.2601 76.786 2
      vertex 35.6192 77.3877 2
    endloop
  endfacet
  facet normal -0.578109 -0.615574 0.535592
    outer loop
      vertex 36.2601 76.786 2
      vertex 35.6415 77.3012 1.92443
      vertex 36.2823 76.6994 1.92443
    endloop
  endfacet
  facet normal 0.236989 0.0770123 0.968455
    outer loop
      vertex -37.3547 -72.7683 1.19789
      vertex -36.8714 -73.4701 1.13543
      vertex -37.1431 -72.634 1.13543
    endloop
  endfacet
  facet normal 0.236917 0.0769604 0.968477
    outer loop
      vertex -36.8714 -73.4701 1.13543
      vertex -37.3547 -72.7683 1.19789
      vertex -37.0831 -73.6044 1.19789
    endloop
  endfacet
  facet normal 0.362271 0.0691399 0.929505
    outer loop
      vertex -37.7696 -71.8891 1.29035
      vertex -37.3932 -72.6183 1.19789
      vertex -37.558 -71.7548 1.19789
    endloop
  endfacet
  facet normal 0.362161 0.0690769 0.929553
    outer loop
      vertex -37.3932 -72.6183 1.19789
      vertex -37.7696 -71.8891 1.29035
      vertex -37.6049 -72.7526 1.29035
    endloop
  endfacet
  facet normal 0.733223 0.238371 0.636838
    outer loop
      vertex -38.1356 -73.0775 1.73091
      vertex -38.1922 -72.9034 1.73091
      vertex -38.2845 -73.1365 1.92443
    endloop
  endfacet
  facet normal 0.362244 0.0689309 0.929531
    outer loop
      vertex -37.3787 -72.6945 1.19789
      vertex -37.3932 -72.6183 1.19789
      vertex -37.6049 -72.7526 1.29035
    endloop
  endfacet
  facet normal 0.532381 0.250661 0.808541
    outer loop
      vertex -37.0732 -74.6885 1.41135
      vertex -37.1305 -74.5668 1.41135
      vertex -37.2513 -74.7864 1.55897
    endloop
  endfacet
  facet normal 0.436639 0.205583 0.875832
    outer loop
      vertex -37.0732 -74.6885 1.41135
      vertex -36.8804 -74.5825 1.29035
      vertex -37.1305 -74.5668 1.41135
    endloop
  endfacet
  facet normal 0.284131 0.235192 0.929491
    outer loop
      vertex -36.1136 -75.3376 1.19789
      vertex -36.1631 -75.2778 1.19789
      vertex -36.352 -75.415 1.29035
    endloop
  endfacet
  facet normal 0.210413 0.133433 0.968464
    outer loop
      vertex -36.1631 -75.2778 1.19789
      vertex -35.9663 -75.1348 1.13543
      vertex -36.2047 -75.2122 1.19789
    endloop
  endfacet
  facet normal 0.311394 0.19761 0.929508
    outer loop
      vertex -36.6757 -74.47 1.19789
      vertex -36.4093 -75.3247 1.29035
      vertex -36.2047 -75.2122 1.19789
    endloop
  endfacet
  facet normal 0.311279 0.197579 0.929553
    outer loop
      vertex -36.4093 -75.3247 1.29035
      vertex -36.6757 -74.47 1.19789
      vertex -36.8804 -74.5825 1.29035
    endloop
  endfacet
  facet normal 0.684542 0 0.728973
    outer loop
      vertex -38.4579 70.8 1.73091
      vertex -38.2748 -70.8 1.55897
      vertex -38.2748 70.8 1.55897
    endloop
  endfacet
  facet normal 0.684542 0 0.728973
    outer loop
      vertex -38.2748 -70.8 1.55897
      vertex -38.4579 70.8 1.73091
      vertex -38.4579 -70.8 1.73091
    endloop
  endfacet
  facet normal 0.770501 -0 0.637439
    outer loop
      vertex -38.618 -70.8 1.92443
      vertex -38.4579 70.8 1.73091
      vertex -38.618 70.8 1.92443
    endloop
  endfacet
  facet normal 0.770501 0 0.637439
    outer loop
      vertex -38.4579 70.8 1.73091
      vertex -38.618 -70.8 1.92443
      vertex -38.4579 -70.8 1.73091
    endloop
  endfacet
  facet normal 0.458854 -0.149127 0.875908
    outer loop
      vertex -37.6049 72.7526 1.29035
      vertex -37.7765 72.9353 1.41135
      vertex -37.8181 72.8073 1.41135
    endloop
  endfacet
  facet normal 0.559686 -0.181898 0.808496
    outer loop
      vertex -37.8181 72.8073 1.41135
      vertex -37.7765 72.9353 1.41135
      vertex -38.0149 72.8579 1.55897
    endloop
  endfacet
  facet normal 0.559738 -0.181893 0.80846
    outer loop
      vertex -37.7432 73.6939 1.55897
      vertex -37.7765 72.9353 1.41135
      vertex -37.5048 73.7714 1.41135
    endloop
  endfacet
  facet normal 0.559686 -0.181898 0.808496
    outer loop
      vertex -37.7765 72.9353 1.41135
      vertex -37.7432 73.6939 1.55897
      vertex -38.0149 72.8579 1.55897
    endloop
  endfacet
  facet normal 0.651796 -0.211899 0.72819
    outer loop
      vertex -38.0149 72.8579 1.55897
      vertex -38.1356 73.0775 1.73091
      vertex -38.1922 72.9034 1.73091
    endloop
  endfacet
  facet normal 0.757369 -0.144457 0.636808
    outer loop
      vertex -38.5501 71.8801 1.92443
      vertex -38.2265 72.7236 1.73091
      vertex -38.3854 72.7436 1.92443
    endloop
  endfacet
  facet normal 0.757369 -0.144457 0.636808
    outer loop
      vertex -38.2265 72.7236 1.73091
      vertex -38.5501 71.8801 1.92443
      vertex -38.3912 71.8601 1.73091
    endloop
  endfacet
  facet normal 0.733481 -0.238381 0.636537
    outer loop
      vertex -38.2845 73.1365 1.92443
      vertex -37.864 73.9136 1.73091
      vertex -38.0128 73.9725 1.92443
    endloop
  endfacet
  facet normal 0.733284 -0.238201 0.636832
    outer loop
      vertex -37.864 73.9136 1.73091
      vertex -38.2845 73.1365 1.92443
      vertex -38.1356 73.0775 1.73091
    endloop
  endfacet
  facet normal 0.733223 -0.238371 0.636838
    outer loop
      vertex -38.1922 72.9034 1.73091
      vertex -38.1356 73.0775 1.73091
      vertex -38.2845 73.1365 1.92443
    endloop
  endfacet
  facet normal 0.803076 -0.261 0.535676
    outer loop
      vertex -38.0817 73.9156 2
      vertex -38.2845 73.1365 1.92443
      vertex -38.0128 73.9725 1.92443
    endloop
  endfacet
  facet normal 0.803667 -0.261064 0.534757
    outer loop
      vertex -38.2845 73.1365 1.92443
      vertex -38.0817 73.9156 2
      vertex -38.3533 73.0795 2
    endloop
  endfacet
  facet normal 0.713455 -0.452855 0.5347
    outer loop
      vertex -37.482 75.1515 2
      vertex -36.9721 75.8656 1.92443
      vertex -37.0109 75.8937 2
    endloop
  endfacet
  facet normal 0.713255 -0.452667 0.535126
    outer loop
      vertex -36.9721 75.8656 1.92443
      vertex -37.482 75.1515 2
      vertex -37.4432 75.1233 1.92443
    endloop
  endfacet
  facet normal 0.764144 -0.359483 0.53559
    outer loop
      vertex -37.6498 74.8565 2
      vertex -37.552 74.9518 1.92443
      vertex -37.5941 74.9749 2
    endloop
  endfacet
  facet normal 0.76423 -0.359882 0.535198
    outer loop
      vertex -37.552 74.9518 1.92443
      vertex -37.6498 74.8565 2
      vertex -37.6386 74.7679 1.92443
    endloop
  endfacet
  facet normal 0.578109 -0.615574 0.535592
    outer loop
      vertex -35.6415 77.3012 1.92443
      vertex -36.2601 76.786 2
      vertex -36.2823 76.6994 1.92443
    endloop
  endfacet
  facet normal 0.578457 -0.616143 0.534561
    outer loop
      vertex -36.2601 76.786 2
      vertex -35.6415 77.3012 1.92443
      vertex -35.6192 77.3877 2
    endloop
  endfacet
  facet normal 0.594131 -0.491629 0.636639
    outer loop
      vertex -36.8426 75.7715 1.73091
      vertex -36.8426 76.0221 1.92443
      vertex -36.9721 75.8656 1.92443
    endloop
  endfacet
  facet normal 0.527967 -0.436668 0.728404
    outer loop
      vertex -36.0321 76.4645 1.55897
      vertex -36.1656 76.5899 1.73091
      vertex -36.2823 76.4488 1.73091
    endloop
  endfacet
  facet normal 0.402811 -0.554347 0.728315
    outer loop
      vertex -35.2746 77.1759 1.55897
      vertex -35.1451 77.27 1.55897
      vertex -35.3913 77.317 1.73091
    endloop
  endfacet
  facet normal 0.651041 -0.413022 0.636835
    outer loop
      vertex -37.3136 75.0292 1.73091
      vertex -37.4432 75.1233 1.92443
      vertex -37.552 74.9518 1.92443
    endloop
  endfacet
  facet normal 0.210387 -0.133511 0.968459
    outer loop
      vertex -36.2047 75.2122 1.19789
      vertex -36.4373 74.3926 1.13543
      vertex -35.9663 75.1348 1.13543
    endloop
  endfacet
  facet normal 0.210387 -0.133511 0.968459
    outer loop
      vertex -36.4373 74.3926 1.13543
      vertex -36.2047 75.2122 1.19789
      vertex -36.6757 74.47 1.19789
    endloop
  endfacet
  facet normal 0.191929 -0.158871 0.968464
    outer loop
      vertex -35.9663 75.1348 1.13543
      vertex -36.1136 75.3376 1.19789
      vertex -36.1631 75.2778 1.19789
    endloop
  endfacet
  facet normal 0.532314 -0.250717 0.808569
    outer loop
      vertex -37.5048 73.7714 1.41135
      vertex -37.6256 73.991 1.55897
      vertex -37.6938 73.8462 1.55897
    endloop
  endfacet
  facet normal 0.620018 -0.292025 0.728216
    outer loop
      vertex -37.6938 73.8462 1.55897
      vertex -37.6256 73.991 1.55897
      vertex -37.864 73.9136 1.73091
    endloop
  endfacet
  facet normal 0.651684 -0.211694 0.72835
    outer loop
      vertex -38.1356 73.0775 1.73091
      vertex -37.7432 73.6939 1.55897
      vertex -37.864 73.9136 1.73091
    endloop
  endfacet
  facet normal 0.651845 -0.21185 0.72816
    outer loop
      vertex -37.7432 73.6939 1.55897
      vertex -38.1356 73.0775 1.73091
      vertex -38.0149 72.8579 1.55897
    endloop
  endfacet
  facet normal 0.3114 -0.197599 0.929508
    outer loop
      vertex -36.2047 75.2122 1.19789
      vertex -36.352 75.415 1.29035
      vertex -36.4093 75.3247 1.29035
    endloop
  endfacet
  facet normal 0.311394 -0.19761 0.929508
    outer loop
      vertex -36.4093 75.3247 1.29035
      vertex -36.6757 74.47 1.19789
      vertex -36.2047 75.2122 1.19789
    endloop
  endfacet
  facet normal 0.311279 -0.197579 0.929553
    outer loop
      vertex -36.6757 74.47 1.19789
      vertex -36.4093 75.3247 1.29035
      vertex -36.8804 74.5825 1.29035
    endloop
  endfacet
  facet normal 0.496946 -0.315126 0.808542
    outer loop
      vertex -37.0732 74.6885 1.41135
      vertex -37.0011 74.8022 1.41135
      vertex -37.2513 74.7864 1.55897
    endloop
  endfacet
  facet normal 0.496919 -0.315352 0.808471
    outer loop
      vertex -37.0011 74.8022 1.41135
      vertex -37.1655 74.9216 1.55897
      vertex -37.2513 74.7864 1.55897
    endloop
  endfacet
  facet normal -0 0.249137 0.968468
    outer loop
      vertex -30.4631 -78.1602 1.13543
      vertex -6 -78.403 1.19789
      vertex -6 -78.1602 1.13543
    endloop
  endfacet
  facet normal 0 0.249137 0.968468
    outer loop
      vertex -6 -78.403 1.19789
      vertex -30.4631 -78.1602 1.13543
      vertex -30.4783 -78.403 1.19789
    endloop
  endfacet
  facet normal 0 0.249137 0.968468
    outer loop
      vertex -4 -78.403 1.19789
      vertex 30.4631 -78.1602 1.13543
      vertex -4 -78.1602 1.13543
    endloop
  endfacet
  facet normal 0 0.249137 0.968468
    outer loop
      vertex 30.4631 -78.1602 1.13543
      vertex -4 -78.403 1.19789
      vertex 30.4783 -78.403 1.19789
    endloop
  endfacet
  facet normal -0.407016 0.740318 0.535039
    outer loop
      vertex 34.4397 -78.1743 1.92443
      vertex 33.6898 -78.6412 2
      vertex 34.4601 -78.2177 2
    endloop
  endfacet
  facet normal -0.407016 0.740318 0.535039
    outer loop
      vertex 33.6898 -78.6412 2
      vertex 34.4397 -78.1743 1.92443
      vertex 33.6694 -78.5978 1.92443
    endloop
  endfacet
  facet normal -0.210685 0.818183 0.534965
    outer loop
      vertex 32.6631 -78.9962 1.92443
      vertex 32.5513 -79.0744 2
      vertex 32.6779 -79.0418 2
    endloop
  endfacet
  facet normal -0.210327 0.818032 0.535338
    outer loop
      vertex 32.5513 -79.0744 2
      vertex 32.6631 -78.9962 1.92443
      vertex 32.4663 -79.0468 1.92443
    endloop
  endfacet
  facet normal -0.371514 0.675859 0.636547
    outer loop
      vertex 34.6178 -78.0764 1.92443
      vertex 34.532 -77.9413 1.73091
      vertex 34.4397 -78.1743 1.92443
    endloop
  endfacet
  facet normal -0.40696 0.740279 0.535135
    outer loop
      vertex 34.6178 -78.0764 1.92443
      vertex 34.5289 -78.1799 2
      vertex 34.6435 -78.1169 2
    endloop
  endfacet
  facet normal -0.406922 0.740274 0.535172
    outer loop
      vertex 34.5289 -78.1799 2
      vertex 34.6178 -78.0764 1.92443
      vertex 34.4397 -78.1743 1.92443
    endloop
  endfacet
  facet normal -0.330028 0.600562 0.72829
    outer loop
      vertex 33.6012 -78.453 1.73091
      vertex 33.7617 -78.3648 1.73091
      vertex 33.5233 -78.2873 1.55897
    endloop
  endfacet
  facet normal -0.37141 0.675864 0.636602
    outer loop
      vertex 33.6694 -78.5978 1.92443
      vertex 33.7617 -78.3648 1.73091
      vertex 33.6012 -78.453 1.73091
    endloop
  endfacet
  facet normal -0.578109 0.615574 0.535592
    outer loop
      vertex 35.6415 -77.3012 1.92443
      vertex 36.2601 -76.786 2
      vertex 36.2823 -76.6994 1.92443
    endloop
  endfacet
  facet normal -0.578457 0.616143 0.534561
    outer loop
      vertex 36.2601 -76.786 2
      vertex 35.6415 -77.3012 1.92443
      vertex 35.6192 -77.3877 2
    endloop
  endfacet
  facet normal -0.764941 0.359274 0.534591
    outer loop
      vertex 37.6498 -74.8565 2
      vertex 37.6831 -74.7856 2
      vertex 37.6386 -74.7679 1.92443
    endloop
  endfacet
  facet normal -0.764306 0.359572 0.535298
    outer loop
      vertex 37.6386 -74.7679 1.92443
      vertex 38.0574 -73.9902 2
      vertex 38.0128 -73.9725 1.92443
    endloop
  endfacet
  facet normal -0.764684 0.359846 0.534574
    outer loop
      vertex 38.0574 -73.9902 2
      vertex 37.6386 -74.7679 1.92443
      vertex 37.6831 -74.7856 2
    endloop
  endfacet
  facet normal -0.436644 -0.205453 0.87586
    outer loop
      vertex 37.3002 73.6904 1.29035
      vertex 37.5048 73.7714 1.41135
      vertex 37.2547 73.7871 1.29035
    endloop
  endfacet
  facet normal -0.757365 -0.144481 0.636807
    outer loop
      vertex 38.2265 72.7236 1.73091
      vertex 38.3854 72.7436 1.92443
      vertex 38.1922 72.9034 1.73091
    endloop
  endfacet
  facet normal -0.75739 -0.144572 0.636757
    outer loop
      vertex 38.3854 72.7436 1.92443
      vertex 38.3473 72.9432 1.92443
      vertex 38.1922 72.9034 1.73091
    endloop
  endfacet
  facet normal -0.733341 -0.23825 0.636748
    outer loop
      vertex 38.3473 72.9432 1.92443
      vertex 38.2845 73.1365 1.92443
      vertex 38.1922 72.9034 1.73091
    endloop
  endfacet
  facet normal -0.458816 -0.149097 0.875933
    outer loop
      vertex 37.3332 73.5886 1.29035
      vertex 37.7765 72.9353 1.41135
      vertex 37.5048 73.7714 1.41135
    endloop
  endfacet
  facet normal -0.458854 -0.149127 0.875908
    outer loop
      vertex 37.7765 72.9353 1.41135
      vertex 37.3332 73.5886 1.29035
      vertex 37.6049 72.7526 1.29035
    endloop
  endfacet
  facet normal -0.829769 0.158205 0.535215
    outer loop
      vertex 38.583 -71.9632 2
      vertex 38.5977 -71.8861 2
      vertex 38.5501 -71.8801 1.92443
    endloop
  endfacet
  facet normal -0.481384 0.0302889 0.875986
    outer loop
      vertex 37.8448 -70.9067 1.29035
      vertex 38.0165 -71.6773 1.41135
      vertex 38.0717 -70.8 1.41135
    endloop
  endfacet
  facet normal -0.481394 0.030286 0.875981
    outer loop
      vertex 38.0165 -71.6773 1.41135
      vertex 37.8448 -70.9067 1.29035
      vertex 37.7896 -71.7841 1.29035
    endloop
  endfacet
  facet normal -0.578073 0.110259 0.808502
    outer loop
      vertex 38.008 -71.8116 1.41135
      vertex 38.0449 -72.7006 1.55897
      vertex 38.2096 -71.8371 1.55897
    endloop
  endfacet
  facet normal -0.578073 0.110259 0.808502
    outer loop
      vertex 38.0449 -72.7006 1.55897
      vertex 38.008 -71.8116 1.41135
      vertex 37.8433 -72.6751 1.41135
    endloop
  endfacet
  facet normal -0.830143 0.158459 0.534559
    outer loop
      vertex 38.3473 -72.9432 1.92443
      vertex 38.4182 -72.8267 2
      vertex 38.3854 -72.7436 1.92443
    endloop
  endfacet
  facet normal -0.83011 0.158393 0.53463
    outer loop
      vertex 38.4182 -72.8267 2
      vertex 38.3473 -72.9432 1.92443
      vertex 38.3937 -72.9551 2
    endloop
  endfacet
  facet normal -0.244787 0.0465801 0.968457
    outer loop
      vertex 37.3787 -72.6945 1.19789
      vertex 37.3932 -72.6183 1.19789
      vertex 37.1431 -72.634 1.13543
    endloop
  endfacet
  facet normal -0.362244 0.0689309 0.929531
    outer loop
      vertex 37.6049 -72.7526 1.29035
      vertex 37.3932 -72.6183 1.19789
      vertex 37.3787 -72.6945 1.19789
    endloop
  endfacet
  facet normal -0.764941 -0.359274 0.534591
    outer loop
      vertex 37.6831 74.7856 2
      vertex 37.6498 74.8565 2
      vertex 37.6386 74.7679 1.92443
    endloop
  endfacet
  facet normal -0.713455 -0.452855 0.5347
    outer loop
      vertex 36.9721 75.8656 1.92443
      vertex 37.482 75.1515 2
      vertex 37.0109 75.8937 2
    endloop
  endfacet
  facet normal -0.713255 -0.452667 0.535126
    outer loop
      vertex 37.482 75.1515 2
      vertex 36.9721 75.8656 1.92443
      vertex 37.4432 75.1233 1.92443
    endloop
  endfacet
  facet normal -0.37184 -0.307309 0.875954
    outer loop
      vertex 36.352 75.415 1.29035
      vertex 36.5301 75.5444 1.41135
      vertex 36.2839 75.4974 1.29035
    endloop
  endfacet
  facet normal -0.330113 -0.600439 0.728353
    outer loop
      vertex 33.7617 78.3648 1.73091
      vertex 34.2936 77.8638 1.55897
      vertex 34.532 77.9413 1.73091
    endloop
  endfacet
  facet normal -0.330113 -0.600439 0.728353
    outer loop
      vertex 34.2936 77.8638 1.55897
      vertex 33.7617 78.3648 1.73091
      vertex 33.5233 78.2873 1.55897
    endloop
  endfacet
  facet normal -0.330227 -0.35174 0.875916
    outer loop
      vertex 35.2432 76.9272 1.41135
      vertex 35.1451 77.0193 1.41135
      vertex 35.0048 76.8497 1.29035
    endloop
  endfacet
  facet normal -0.402811 -0.554347 0.728315
    outer loop
      vertex 35.2746 77.1759 1.55897
      vertex 35.3913 77.317 1.73091
      vertex 35.1451 77.27 1.55897
    endloop
  endfacet
  facet normal -0.578686 -0.3672 0.728208
    outer loop
      vertex 37.4117 74.8746 1.73091
      vertex 37.3136 75.0292 1.73091
      vertex 37.2513 74.7864 1.55897
    endloop
  endfacet
  facet normal -0.578651 -0.367221 0.728226
    outer loop
      vertex 37.2513 74.7864 1.55897
      vertex 37.3136 75.0292 1.73091
      vertex 37.1655 74.9216 1.55897
    endloop
  endfacet
  facet normal 0.371514 0.675859 0.636547
    outer loop
      vertex -34.4397 -78.1743 1.92443
      vertex -34.532 -77.9413 1.73091
      vertex -34.6178 -78.0764 1.92443
    endloop
  endfacet
  facet normal 0.252301 0.637117 0.728304
    outer loop
      vertex -33.431 -78.5204 1.73091
      vertex -33.5233 -78.2873 1.55897
      vertex -33.6012 -78.453 1.73091
    endloop
  endfacet
  facet normal 0.283948 0.717032 0.636583
    outer loop
      vertex -33.431 -78.5204 1.73091
      vertex -33.6012 -78.453 1.73091
      vertex -33.6694 -78.5978 1.92443
    endloop
  endfacet
  facet normal -0.244696 0.0466088 0.968479
    outer loop
      vertex 37.558 -71.7548 1.19789
      vertex 37.3166 -71.7243 1.13543
      vertex 37.3078 -71.7705 1.13543
    endloop
  endfacet
  facet normal 0.0462164 -0.116741 0.992087
    outer loop
      vertex -32.3227 77.7965 1.13543
      vertex -33.0193 77.2532 1.10395
      vertex -32.2019 77.5768 1.10395
    endloop
  endfacet
  facet normal 0.0462278 -0.116755 0.992084
    outer loop
      vertex -33.0193 77.2532 1.10395
      vertex -32.3227 77.7965 1.13543
      vertex -33.14 77.4729 1.13543
    endloop
  endfacet
  facet normal 0.0605764 0.109994 0.992085
    outer loop
      vertex -33.0339 -77.2474 1.10395
      vertex -33.0477 -77.2398 1.10395
      vertex -33.14 -77.4729 1.13543
    endloop
  endfacet
  facet normal 0.0157406 0.124582 0.992084
    outer loop
      vertex -31.3196 -77.8013 1.10395
      vertex -30.5098 -78.1543 1.13543
      vertex -30.4474 -77.9115 1.10395
    endloop
  endfacet
  facet normal 0.0157432 0.124588 0.992084
    outer loop
      vertex -30.5098 -78.1543 1.13543
      vertex -31.3196 -77.8013 1.10395
      vertex -31.3819 -78.0441 1.13543
    endloop
  endfacet
  facet normal 0.0151913 0.124729 0.992075
    outer loop
      vertex -31.3196 -77.8013 1.10395
      vertex -31.3352 -77.7994 1.10395
      vertex -31.3819 -78.0441 1.13543
    endloop
  endfacet
  facet normal 0.0462164 0.116741 0.992087
    outer loop
      vertex -33.0193 -77.2532 1.10395
      vertex -32.3227 -77.7965 1.13543
      vertex -32.2019 -77.5768 1.10395
    endloop
  endfacet
  facet normal 0.0462278 0.116755 0.992084
    outer loop
      vertex -32.3227 -77.7965 1.13543
      vertex -33.0193 -77.2532 1.10395
      vertex -33.14 -77.4729 1.13543
    endloop
  endfacet
  facet normal -0.17767 0.323036 0.929559
    outer loop
      vertex 34.2071 -77.4293 1.29035
      vertex 34.0819 -77.2321 1.19789
      vertex 34.0139 -77.2695 1.19789
    endloop
  endfacet
  facet normal -0.0605764 0.109994 0.992085
    outer loop
      vertex 33.14 -77.4729 1.13543
      vertex 33.0477 -77.2398 1.10395
      vertex 33.0339 -77.2474 1.10395
    endloop
  endfacet
  facet normal -0.0463546 0.116686 0.992087
    outer loop
      vertex 33.14 -77.4729 1.13543
      vertex 33.0339 -77.2474 1.10395
      vertex 33.0193 -77.2532 1.10395
    endloop
  endfacet
  facet normal 0.0736674 0.101693 0.992084
    outer loop
      vertex -34.6628 -76.51 1.13543
      vertex -34.5293 -76.2996 1.10395
      vertex -34.7009 -76.4824 1.13543
    endloop
  endfacet
  facet normal 0.106022 0.0672817 0.992085
    outer loop
      vertex -36.4373 -74.3926 1.13543
      vertex -35.7647 -74.9883 1.10395
      vertex -36.2357 -74.2461 1.10395
    endloop
  endfacet
  facet normal 0.106022 0.0672817 0.992085
    outer loop
      vertex -35.7647 -74.9883 1.10395
      vertex -36.4373 -74.3926 1.13543
      vertex -35.9663 -75.1348 1.13543
    endloop
  endfacet
  facet normal 0.120038 -0.218335 0.968463
    outer loop
      vertex -34.0139 77.2695 1.19789
      vertex -33.1813 77.4502 1.13543
      vertex -33.2436 77.693 1.19789
    endloop
  endfacet
  facet normal 0.120038 -0.218335 0.968463
    outer loop
      vertex -33.1813 77.4502 1.13543
      vertex -34.0139 77.2695 1.19789
      vertex -33.9516 77.0267 1.13543
    endloop
  endfacet
  facet normal 0.123349 0.0234951 0.992085
    outer loop
      vertex -37.3078 -71.7705 1.13543
      vertex -37.0664 -71.7086 1.10395
      vertex -37.3166 -71.7243 1.13543
    endloop
  endfacet
  facet normal 0.0604783 0.110033 0.992086
    outer loop
      vertex -33.14 -77.4729 1.13543
      vertex -33.0477 -77.2398 1.10395
      vertex -33.1813 -77.4502 1.13543
    endloop
  endfacet
  facet normal -0.453458 0.375185 0.808463
    outer loop
      vertex 36.0321 -76.4645 1.55897
      vertex 35.9698 -76.2217 1.41135
      vertex 35.884 -76.3254 1.41135
    endloop
  endfacet
  facet normal -0.371739 0.307572 0.875905
    outer loop
      vertex 35.884 -76.3254 1.41135
      vertex 35.9698 -76.2217 1.41135
      vertex 35.7235 -76.1748 1.29035
    endloop
  endfacet
  facet normal -0.135884 0.342815 0.929523
    outer loop
      vertex 33.343 -77.9043 1.29035
      vertex 33.2436 -77.693 1.19789
      vertex 33.2436 -77.9437 1.29035
    endloop
  endfacet
  facet normal -0.0619257 0.241285 0.968476
    outer loop
      vertex 31.4275 -78.2831 1.19789
      vertex 31.5027 -78.2638 1.19789
      vertex 31.3819 -78.0441 1.13543
    endloop
  endfacet
  facet normal -0.0619479 0.241274 0.968478
    outer loop
      vertex 32.2333 -77.8255 1.13543
      vertex 31.5027 -78.2638 1.19789
      vertex 32.3541 -78.0452 1.19789
    endloop
  endfacet
  facet normal -0.0619479 0.241274 0.968478
    outer loop
      vertex 31.5027 -78.2638 1.19789
      vertex 32.2333 -77.8255 1.13543
      vertex 31.3819 -78.0441 1.13543
    endloop
  endfacet
  facet normal -0.135798 0.342819 0.929534
    outer loop
      vertex 32.4263 -78.2673 1.29035
      vertex 32.4263 -78.0166 1.19789
      vertex 32.3541 -78.0452 1.19789
    endloop
  endfacet
  facet normal -0.091758 0.231641 0.968464
    outer loop
      vertex 32.3541 -78.0452 1.19789
      vertex 32.4263 -78.0166 1.19789
      vertex 32.3227 -77.7965 1.13543
    endloop
  endfacet
  facet normal -0.177536 0.448682 0.87588
    outer loop
      vertex 32.4943 -78.4766 1.41135
      vertex 32.6194 -78.4271 1.41135
      vertex 32.4263 -78.2673 1.29035
    endloop
  endfacet
  facet normal -0.177715 0.448708 0.87583
    outer loop
      vertex 33.2436 -77.9437 1.29035
      vertex 32.6194 -78.4271 1.41135
      vertex 33.4367 -78.1034 1.41135
    endloop
  endfacet
  facet normal -0.177618 0.448601 0.875905
    outer loop
      vertex 32.6194 -78.4271 1.41135
      vertex 33.2436 -77.9437 1.29035
      vertex 32.4263 -78.2673 1.29035
    endloop
  endfacet
  facet normal -0.402811 0.554347 0.728315
    outer loop
      vertex 35.3913 -77.317 1.73091
      vertex 35.2746 -77.1759 1.55897
      vertex 35.1451 -77.27 1.55897
    endloop
  endfacet
  facet normal -0.283594 0.390347 0.875902
    outer loop
      vertex 34.2936 -77.3664 1.29035
      vertex 35.0362 -77.0984 1.41135
      vertex 35.0048 -76.8497 1.29035
    endloop
  endfacet
  facet normal -0.283594 0.390347 0.875902
    outer loop
      vertex 35.0362 -77.0984 1.41135
      vertex 34.2936 -77.3664 1.29035
      vertex 34.325 -77.6151 1.41135
    endloop
  endfacet
  facet normal -0.33003 0.60056 0.728291
    outer loop
      vertex 34.532 -77.9413 1.73091
      vertex 34.4339 -77.7867 1.55897
      vertex 34.2936 -77.8638 1.55897
    endloop
  endfacet
  facet normal -0.453272 0.623881 0.636645
    outer loop
      vertex 34.7822 -77.957 1.92443
      vertex 34.6801 -77.8337 1.73091
      vertex 34.532 -77.9413 1.73091
    endloop
  endfacet
  facet normal -0.402787 0.554394 0.728293
    outer loop
      vertex 34.532 -77.9413 1.73091
      vertex 34.6801 -77.8337 1.73091
      vertex 34.4339 -77.7867 1.55897
    endloop
  endfacet
  facet normal -0.283505 0.515853 0.808406
    outer loop
      vertex 33.4367 -78.1034 1.41135
      vertex 34.2936 -77.8638 1.55897
      vertex 34.2071 -77.68 1.41135
    endloop
  endfacet
  facet normal -0.283462 0.515587 0.808591
    outer loop
      vertex 34.2936 -77.8638 1.55897
      vertex 33.4367 -78.1034 1.41135
      vertex 33.5233 -78.2873 1.55897
    endloop
  endfacet
  facet normal 0.177627 0.323177 0.929519
    outer loop
      vertex -33.343 -77.9043 1.29035
      vertex -33.2436 -77.693 1.19789
      vertex -33.4367 -77.8528 1.29035
    endloop
  endfacet
  facet normal 0.232437 0.422901 0.875858
    outer loop
      vertex -33.343 -77.9043 1.29035
      vertex -33.4367 -77.8528 1.29035
      vertex -33.4367 -78.1034 1.41135
    endloop
  endfacet
  facet normal 0.402783 0.554401 0.728289
    outer loop
      vertex -35.1451 -77.27 1.55897
      vertex -34.6801 -77.8337 1.73091
      vertex -34.4339 -77.7867 1.55897
    endloop
  endfacet
  facet normal 0.402783 0.554401 0.728289
    outer loop
      vertex -34.6801 -77.8337 1.73091
      vertex -35.1451 -77.27 1.55897
      vertex -35.3913 -77.317 1.73091
    endloop
  endfacet
  facet normal 0.216746 0.298335 0.929525
    outer loop
      vertex -34.8559 -76.6698 1.19789
      vertex -34.2936 -77.3664 1.29035
      vertex -34.1447 -77.1865 1.19789
    endloop
  endfacet
  facet normal 0.216746 0.298335 0.929525
    outer loop
      vertex -34.2936 -77.3664 1.29035
      vertex -34.8559 -76.6698 1.19789
      vertex -35.0048 -76.8497 1.29035
    endloop
  endfacet
  facet normal 0.283539 0.39036 0.875914
    outer loop
      vertex -35.0362 -77.0984 1.41135
      vertex -35.0048 -76.8497 1.29035
      vertex -35.1451 -77.0193 1.41135
    endloop
  endfacet
  facet normal 0.402878 0.428977 0.808498
    outer loop
      vertex -35.2746 -77.1759 1.55897
      vertex -35.1451 -77.0193 1.41135
      vertex -35.3913 -77.0663 1.55897
    endloop
  endfacet
  facet normal 0.469104 0.499504 0.728311
    outer loop
      vertex -36.0321 -76.7152 1.73091
      vertex -35.3913 -77.0663 1.55897
      vertex -36.0321 -76.4645 1.55897
    endloop
  endfacet
  facet normal 0.469104 0.499504 0.728311
    outer loop
      vertex -35.3913 -77.0663 1.55897
      vertex -36.0321 -76.7152 1.73091
      vertex -35.3913 -77.317 1.73091
    endloop
  endfacet
  facet normal 0.713324 0.452562 0.535123
    outer loop
      vertex -37.482 -75.1515 2
      vertex -37.4432 -75.1233 1.92443
      vertex -37.524 -75.0853 2
    endloop
  endfacet
  facet normal 0.697543 0.328553 0.636779
    outer loop
      vertex -37.4117 -74.8746 1.73091
      vertex -37.4897 -74.709 1.73091
      vertex -37.552 -74.9518 1.92443
    endloop
  endfacet
  facet normal 0.651007 0.413073 0.636837
    outer loop
      vertex -37.4432 -75.1233 1.92443
      vertex -36.8426 -75.7715 1.73091
      vertex -37.3136 -75.0292 1.73091
    endloop
  endfacet
  facet normal 0.651105 0.413223 0.636639
    outer loop
      vertex -36.8426 -75.7715 1.73091
      vertex -37.4432 -75.1233 1.92443
      vertex -36.9721 -75.8656 1.92443
    endloop
  endfacet
  facet normal 0.651041 0.413022 0.636835
    outer loop
      vertex -37.4432 -75.1233 1.92443
      vertex -37.3136 -75.0292 1.73091
      vertex -37.552 -74.9518 1.92443
    endloop
  endfacet
  facet normal 0.468885 0.49957 0.728407
    outer loop
      vertex -36.0321 -76.7152 1.73091
      vertex -36.0321 -76.4645 1.55897
      vertex -36.1656 -76.5899 1.73091
    endloop
  endfacet
  facet normal 0.527826 0.562369 0.636506
    outer loop
      vertex -36.0321 -76.7152 1.73091
      vertex -36.1656 -76.5899 1.73091
      vertex -36.2823 -76.6994 1.92443
    endloop
  endfacet
  facet normal 0.453265 0.623886 0.636645
    outer loop
      vertex -35.3913 -77.317 1.73091
      vertex -34.7822 -77.957 1.92443
      vertex -34.6801 -77.8337 1.73091
    endloop
  endfacet
  facet normal 0.453374 0.623948 0.636507
    outer loop
      vertex -34.7822 -77.957 1.92443
      vertex -35.3913 -77.317 1.73091
      vertex -35.4933 -77.4403 1.92443
    endloop
  endfacet
  facet normal 0.496468 0.683353 0.535302
    outer loop
      vertex -34.7822 -77.957 1.92443
      vertex -35.4605 -77.5234 2
      vertex -34.7493 -78.0401 2
    endloop
  endfacet
  facet normal 0.496354 0.6831 0.535731
    outer loop
      vertex -35.4605 -77.5234 2
      vertex -34.7822 -77.957 1.92443
      vertex -35.4933 -77.4403 1.92443
    endloop
  endfacet
  facet normal 0.345867 0.476061 0.808543
    outer loop
      vertex -35.1451 -77.27 1.55897
      vertex -34.325 -77.6151 1.41135
      vertex -35.0362 -77.0984 1.41135
    endloop
  endfacet
  facet normal 0.345867 0.476061 0.808543
    outer loop
      vertex -34.325 -77.6151 1.41135
      vertex -35.1451 -77.27 1.55897
      vertex -34.4339 -77.7867 1.55897
    endloop
  endfacet
  facet normal 0.402903 0.429013 0.808466
    outer loop
      vertex -35.884 -76.3254 1.41135
      vertex -35.3913 -77.0663 1.55897
      vertex -35.2432 -76.9272 1.41135
    endloop
  endfacet
  facet normal 0.402903 0.429013 0.808466
    outer loop
      vertex -35.3913 -77.0663 1.55897
      vertex -35.884 -76.3254 1.41135
      vertex -36.0321 -76.4645 1.55897
    endloop
  endfacet
  facet normal 0.578082 0.110194 0.808504
    outer loop
      vertex -37.8181 -72.8073 1.41135
      vertex -37.8433 -72.6751 1.41135
      vertex -38.0449 -72.7006 1.55897
    endloop
  endfacet
  facet normal 0.757365 0.144481 0.636807
    outer loop
      vertex -38.1922 -72.9034 1.73091
      vertex -38.2265 -72.7236 1.73091
      vertex -38.3854 -72.7436 1.92443
    endloop
  endfacet
  facet normal 0.436643 0.205476 0.875855
    outer loop
      vertex -37.2547 -73.7871 1.29035
      vertex -37.1305 -74.5668 1.41135
      vertex -36.8804 -74.5825 1.29035
    endloop
  endfacet
  facet normal 0.436643 0.205476 0.875855
    outer loop
      vertex -37.1305 -74.5668 1.41135
      vertex -37.2547 -73.7871 1.29035
      vertex -37.5048 -73.7714 1.41135
    endloop
  endfacet
  facet normal 0.764306 0.359572 0.535298
    outer loop
      vertex -38.0574 -73.9902 2
      vertex -37.6386 -74.7679 1.92443
      vertex -38.0128 -73.9725 1.92443
    endloop
  endfacet
  facet normal 0.764684 0.359846 0.534574
    outer loop
      vertex -37.6386 -74.7679 1.92443
      vertex -38.0574 -73.9902 2
      vertex -37.6831 -74.7856 2
    endloop
  endfacet
  facet normal 0.764941 0.359274 0.534591
    outer loop
      vertex -37.6498 -74.8565 2
      vertex -37.6386 -74.7679 1.92443
      vertex -37.6831 -74.7856 2
    endloop
  endfacet
  facet normal -0.65121 -0.53819 0.535049
    outer loop
      vertex 36.3672 76.6718 2
      vertex 36.3172 76.7323 2
      vertex 36.2823 76.6994 1.92443
    endloop
  endfacet
  facet normal 0.105921 -0.838238 0.534918
    outer loop
      vertex -31.6149 79.2654 1.92443
      vertex -30.7517 79.4227 2
      vertex -31.6238 79.3125 2
    endloop
  endfacet
  facet normal 0.105901 -0.838177 0.535017
    outer loop
      vertex -30.7517 79.4227 2
      vertex -31.6149 79.2654 1.92443
      vertex -30.7427 79.3756 1.92443
    endloop
  endfacet
  facet normal 0.209996 -0.818444 0.534838
    outer loop
      vertex -31.6149 79.2654 1.92443
      vertex -31.6238 79.3125 2
      vertex -31.6998 79.293 2
    endloop
  endfacet
  facet normal 0.402787 -0.554394 0.728293
    outer loop
      vertex -34.4339 77.7867 1.55897
      vertex -34.532 77.9413 1.73091
      vertex -34.6801 77.8337 1.73091
    endloop
  endfacet
  facet normal 0.0311372 -0.247171 0.968471
    outer loop
      vertex -30.5098 78.1543 1.13543
      vertex -30.4783 78.403 1.19789
      vertex -30.5553 78.3933 1.19789
    endloop
  endfacet
  facet normal 0.0312285 -0.247182 0.968466
    outer loop
      vertex -30.4631 78.1602 1.13543
      vertex -30.4783 78.403 1.19789
      vertex -30.5098 78.1543 1.13543
    endloop
  endfacet
  facet normal 0.0916744 -0.357198 0.929519
    outer loop
      vertex -31.5027 78.2638 1.19789
      vertex -31.4275 78.2831 1.19789
      vertex -31.5748 78.4859 1.29035
    endloop
  endfacet
  facet normal 0.0619257 -0.241285 0.968476
    outer loop
      vertex -31.3819 78.0441 1.13543
      vertex -31.4275 78.2831 1.19789
      vertex -31.5027 78.2638 1.19789
    endloop
  endfacet
  facet normal 0.232437 -0.422901 0.875858
    outer loop
      vertex -33.343 77.9043 1.29035
      vertex -33.4367 78.1034 1.41135
      vertex -33.4367 77.8528 1.29035
    endloop
  endfacet
  facet normal 0.177627 -0.323177 0.929519
    outer loop
      vertex -33.2436 77.693 1.19789
      vertex -33.343 77.9043 1.29035
      vertex -33.4367 77.8528 1.29035
    endloop
  endfacet
  facet normal 0.17767 -0.323036 0.929559
    outer loop
      vertex -34.0819 77.2321 1.19789
      vertex -34.0139 77.2695 1.19789
      vertex -34.2071 77.4293 1.29035
    endloop
  endfacet
  facet normal 0.177659 -0.323142 0.929525
    outer loop
      vertex -33.4367 77.8528 1.29035
      vertex -34.0139 77.2695 1.19789
      vertex -33.2436 77.693 1.19789
    endloop
  endfacet
  facet normal 0.177613 -0.3231 0.929549
    outer loop
      vertex -34.0139 77.2695 1.19789
      vertex -33.4367 77.8528 1.29035
      vertex -34.2071 77.4293 1.29035
    endloop
  endfacet
  facet normal 0.146447 -0.201573 0.968464
    outer loop
      vertex -34.1447 77.1865 1.19789
      vertex -34.6628 76.51 1.13543
      vertex -33.9516 77.0267 1.13543
    endloop
  endfacet
  facet normal 0.146447 -0.201573 0.968464
    outer loop
      vertex -34.6628 76.51 1.13543
      vertex -34.1447 77.1865 1.19789
      vertex -34.8559 76.6698 1.19789
    endloop
  endfacet
  facet normal 0.252448 -0.268657 0.929566
    outer loop
      vertex -35.4967 76.068 1.19789
      vertex -35.6456 76.248 1.29035
      vertex -35.7235 76.1748 1.29035
    endloop
  endfacet
  facet normal 0.216746 -0.298335 0.929525
    outer loop
      vertex -34.2936 77.3664 1.29035
      vertex -34.8559 76.6698 1.19789
      vertex -34.1447 77.1865 1.19789
    endloop
  endfacet
  facet normal 0.216746 -0.298335 0.929525
    outer loop
      vertex -34.8559 76.6698 1.19789
      vertex -34.2936 77.3664 1.29035
      vertex -35.0048 76.8497 1.29035
    endloop
  endfacet
  facet normal 0.216751 -0.547267 0.808404
    outer loop
      vertex -32.7059 78.6109 1.55897
      vertex -33.4367 78.1034 1.41135
      vertex -32.6194 78.4271 1.41135
    endloop
  endfacet
  facet normal 0.216581 -0.547074 0.808581
    outer loop
      vertex -33.4367 78.1034 1.41135
      vertex -32.7059 78.6109 1.55897
      vertex -33.5233 78.2873 1.55897
    endloop
  endfacet
  facet normal 0.135798 -0.342819 0.929534
    outer loop
      vertex -32.3541 78.0452 1.19789
      vertex -32.4263 78.2673 1.29035
      vertex -32.4263 78.0166 1.19789
    endloop
  endfacet
  facet normal 0.177536 -0.448682 0.87588
    outer loop
      vertex -32.4263 78.2673 1.29035
      vertex -32.4943 78.4766 1.41135
      vertex -32.6194 78.4271 1.41135
    endloop
  endfacet
  facet normal 0.135736 -0.342822 0.929542
    outer loop
      vertex -33.2436 77.9437 1.29035
      vertex -32.4263 78.0166 1.19789
      vertex -32.4263 78.2673 1.29035
    endloop
  endfacet
  facet normal 0.135736 -0.342822 0.929542
    outer loop
      vertex -32.4263 78.0166 1.19789
      vertex -33.2436 77.9437 1.29035
      vertex -33.2436 77.693 1.19789
    endloop
  endfacet
  facet normal 0.496325 -0.683382 0.535397
    outer loop
      vertex -34.6178 78.0764 1.92443
      vertex -34.7493 78.0401 2
      vertex -34.7822 77.957 1.92443
    endloop
  endfacet
  facet normal 0.496249 -0.683635 0.535144
    outer loop
      vertex -34.7493 78.0401 2
      vertex -34.6178 78.0764 1.92443
      vertex -34.6435 78.1169 2
    endloop
  endfacet
  facet normal 0.311003 -0.785485 0.535061
    outer loop
      vertex -33.6694 78.5978 1.92443
      vertex -32.8725 78.9648 2
      vertex -33.6898 78.6412 2
    endloop
  endfacet
  facet normal 0.310902 -0.785326 0.535353
    outer loop
      vertex -32.8725 78.9648 2
      vertex -33.6694 78.5978 1.92443
      vertex -32.852 78.9214 1.92443
    endloop
  endfacet
  facet normal 0.283462 -0.515587 0.808591
    outer loop
      vertex -34.2936 77.8638 1.55897
      vertex -33.4367 78.1034 1.41135
      vertex -33.5233 78.2873 1.55897
    endloop
  endfacet
  facet normal 0.283505 -0.515853 0.808406
    outer loop
      vertex -33.4367 78.1034 1.41135
      vertex -34.2936 77.8638 1.55897
      vertex -34.2071 77.68 1.41135
    endloop
  endfacet
  facet normal 0.252225 -0.63711 0.728336
    outer loop
      vertex -33.431 78.5204 1.73091
      vertex -32.7059 78.6109 1.55897
      vertex -32.6136 78.844 1.73091
    endloop
  endfacet
  facet normal 0.252225 -0.63711 0.728336
    outer loop
      vertex -32.7059 78.6109 1.55897
      vertex -33.431 78.5204 1.73091
      vertex -33.5233 78.2873 1.55897
    endloop
  endfacet
  facet normal 0.252301 -0.637117 0.728304
    outer loop
      vertex -33.5233 78.2873 1.55897
      vertex -33.431 78.5204 1.73091
      vertex -33.6012 78.453 1.73091
    endloop
  endfacet
  facet normal 0.0737695 -0.583864 0.808493
    outer loop
      vertex -30.6784 79.0385 1.55897
      vertex -31.5125 78.7287 1.41135
      vertex -30.6403 78.8389 1.41135
    endloop
  endfacet
  facet normal 0.0737695 -0.583864 0.808493
    outer loop
      vertex -31.5125 78.7287 1.41135
      vertex -30.6784 79.0385 1.55897
      vertex -31.5506 78.9283 1.55897
    endloop
  endfacet
  facet normal 0.0604875 -0.478686 0.8759
    outer loop
      vertex -30.6403 78.8389 1.41135
      vertex -31.4712 78.5125 1.29035
      vertex -30.5991 78.6227 1.29035
    endloop
  endfacet
  facet normal 0.0604781 -0.478666 0.875912
    outer loop
      vertex -31.4712 78.5125 1.29035
      vertex -30.6403 78.8389 1.41135
      vertex -31.5125 78.7287 1.41135
    endloop
  endfacet
  facet normal -0.252301 -0.637117 0.728304
    outer loop
      vertex 33.5233 78.2873 1.55897
      vertex 33.6012 78.453 1.73091
      vertex 33.431 78.5204 1.73091
    endloop
  endfacet
  facet normal -0.310902 -0.785326 0.535353
    outer loop
      vertex 33.6694 78.5978 1.92443
      vertex 32.8725 78.9648 2
      vertex 32.852 78.9214 1.92443
    endloop
  endfacet
  facet normal -0.311003 -0.785485 0.535061
    outer loop
      vertex 32.8725 78.9648 2
      vertex 33.6694 78.5978 1.92443
      vertex 33.6898 78.6412 2
    endloop
  endfacet
  facet normal -0.191661 -0.746848 0.636777
    outer loop
      vertex 31.7622 79.0626 1.73091
      vertex 31.6149 79.2654 1.92443
      vertex 31.5849 79.1081 1.73091
    endloop
  endfacet
  facet normal -0.252225 -0.63711 0.728336
    outer loop
      vertex 33.431 78.5204 1.73091
      vertex 32.7059 78.6109 1.55897
      vertex 33.5233 78.2873 1.55897
    endloop
  endfacet
  facet normal -0.252225 -0.63711 0.728336
    outer loop
      vertex 32.7059 78.6109 1.55897
      vertex 33.431 78.5204 1.73091
      vertex 32.6136 78.844 1.73091
    endloop
  endfacet
  facet normal -0.283462 -0.515587 0.808591
    outer loop
      vertex 33.4367 78.1034 1.41135
      vertex 34.2936 77.8638 1.55897
      vertex 33.5233 78.2873 1.55897
    endloop
  endfacet
  facet normal -0.283505 -0.515853 0.808406
    outer loop
      vertex 34.2936 77.8638 1.55897
      vertex 33.4367 78.1034 1.41135
      vertex 34.2071 77.68 1.41135
    endloop
  endfacet
  facet normal -0.177536 -0.448682 0.87588
    outer loop
      vertex 32.6194 78.4271 1.41135
      vertex 32.4943 78.4766 1.41135
      vertex 32.4263 78.2673 1.29035
    endloop
  endfacet
  facet normal -0.232421 -0.422902 0.875862
    outer loop
      vertex 33.4367 77.8528 1.29035
      vertex 34.2071 77.68 1.41135
      vertex 33.4367 78.1034 1.41135
    endloop
  endfacet
  facet normal -0.232401 -0.422767 0.875932
    outer loop
      vertex 34.2071 77.68 1.41135
      vertex 33.4367 77.8528 1.29035
      vertex 34.2071 77.4293 1.29035
    endloop
  endfacet
  facet normal -0.0619479 -0.241274 0.968478
    outer loop
      vertex 31.5027 78.2638 1.19789
      vertex 32.2333 77.8255 1.13543
      vertex 32.3541 78.0452 1.19789
    endloop
  endfacet
  facet normal -0.0619479 -0.241274 0.968478
    outer loop
      vertex 32.2333 77.8255 1.13543
      vertex 31.5027 78.2638 1.19789
      vertex 31.3819 78.0441 1.13543
    endloop
  endfacet
  facet normal -0.0311372 -0.247171 0.968471
    outer loop
      vertex 30.5098 78.1543 1.13543
      vertex 30.5553 78.3933 1.19789
      vertex 30.4783 78.403 1.19789
    endloop
  endfacet
  facet normal -0.146353 -0.570012 0.808497
    outer loop
      vertex 31.5125 78.7287 1.41135
      vertex 32.402 78.7097 1.55897
      vertex 31.5506 78.9283 1.55897
    endloop
  endfacet
  facet normal -0.146353 -0.570012 0.808497
    outer loop
      vertex 32.402 78.7097 1.55897
      vertex 31.5125 78.7287 1.41135
      vertex 32.3639 78.5101 1.41135
    endloop
  endfacet
  facet normal -0.0462283 -0.365841 0.929528
    outer loop
      vertex 30.5991 78.6227 1.29035
      vertex 31.4275 78.2831 1.19789
      vertex 31.4712 78.5125 1.29035
    endloop
  endfacet
  facet normal -0.046221 -0.365825 0.929535
    outer loop
      vertex 31.4275 78.2831 1.19789
      vertex 30.5991 78.6227 1.29035
      vertex 30.5553 78.3933 1.19789
    endloop
  endfacet
  facet normal -0.105901 -0.838177 0.535017
    outer loop
      vertex 31.6149 79.2654 1.92443
      vertex 30.7517 79.4227 2
      vertex 30.7427 79.3756 1.92443
    endloop
  endfacet
  facet normal -0.105921 -0.838238 0.534918
    outer loop
      vertex 30.7517 79.4227 2
      vertex 31.6149 79.2654 1.92443
      vertex 31.6238 79.3125 2
    endloop
  endfacet
  facet normal -0.453204 -0.624009 0.636568
    outer loop
      vertex 34.7822 77.957 1.92443
      vertex 34.6178 78.0764 1.92443
      vertex 34.532 77.9413 1.73091
    endloop
  endfacet
  facet normal -0.496249 -0.683635 0.535144
    outer loop
      vertex 34.6178 78.0764 1.92443
      vertex 34.7493 78.0401 2
      vertex 34.6435 78.1169 2
    endloop
  endfacet
  facet normal -0.496325 -0.683382 0.535397
    outer loop
      vertex 34.7493 78.0401 2
      vertex 34.6178 78.0764 1.92443
      vertex 34.7822 77.957 1.92443
    endloop
  endfacet
  facet normal -0.406805 -0.740429 0.535046
    outer loop
      vertex 34.5289 78.1799 2
      vertex 34.4601 78.2177 2
      vertex 34.4397 78.1743 1.92443
    endloop
  endfacet
  facet normal -0.0462278 -0.116755 0.992084
    outer loop
      vertex 32.3227 77.7965 1.13543
      vertex 33.0193 77.2532 1.10395
      vertex 33.14 77.4729 1.13543
    endloop
  endfacet
  facet normal -0.0462164 -0.116741 0.992087
    outer loop
      vertex 33.0193 77.2532 1.10395
      vertex 32.3227 77.7965 1.13543
      vertex 32.2019 77.5768 1.10395
    endloop
  endfacet
  facet normal -0.060502 -0.110046 0.992083
    outer loop
      vertex 33.1813 77.4502 1.13543
      vertex 33.8181 76.8163 1.10395
      vertex 33.9516 77.0267 1.13543
    endloop
  endfacet
  facet normal -0.0604846 -0.110029 0.992086
    outer loop
      vertex 33.8181 76.8163 1.10395
      vertex 33.1813 77.4502 1.13543
      vertex 33.0477 77.2398 1.10395
    endloop
  endfacet
  facet normal -0.283594 -0.390347 0.875902
    outer loop
      vertex 34.2936 77.3664 1.29035
      vertex 35.0362 77.0984 1.41135
      vertex 34.325 77.6151 1.41135
    endloop
  endfacet
  facet normal -0.283594 -0.390347 0.875902
    outer loop
      vertex 35.0362 77.0984 1.41135
      vertex 34.2936 77.3664 1.29035
      vertex 35.0048 76.8497 1.29035
    endloop
  endfacet
  facet normal -0.402787 -0.554394 0.728293
    outer loop
      vertex 34.6801 77.8337 1.73091
      vertex 34.532 77.9413 1.73091
      vertex 34.4339 77.7867 1.55897
    endloop
  endfacet
  facet normal -0.453272 -0.623881 0.636645
    outer loop
      vertex 34.6801 77.8337 1.73091
      vertex 34.7822 77.957 1.92443
      vertex 34.532 77.9413 1.73091
    endloop
  endfacet
  facet normal 0.0463546 0.116686 0.992087
    outer loop
      vertex -33.0193 -77.2532 1.10395
      vertex -33.0339 -77.2474 1.10395
      vertex -33.14 -77.4729 1.13543
    endloop
  endfacet
  facet normal -0.0312092 -0.121636 0.992084
    outer loop
      vertex 32.2789 77.8138 1.13543
      vertex 32.2333 77.8255 1.13543
      vertex 32.2019 77.5768 1.10395
    endloop
  endfacet
  facet normal -0.0619108 -0.241293 0.968475
    outer loop
      vertex 32.2789 77.8138 1.13543
      vertex 32.3541 78.0452 1.19789
      vertex 32.2333 77.8255 1.13543
    endloop
  endfacet
  facet normal 0.350818 0.113723 0.929513
    outer loop
      vertex -37.3002 -73.6904 1.29035
      vertex -37.0831 -73.6044 1.19789
      vertex -37.3332 -73.5886 1.29035
    endloop
  endfacet
  facet normal 0.458854 0.149127 0.875908
    outer loop
      vertex -37.7765 -72.9353 1.41135
      vertex -37.6049 -72.7526 1.29035
      vertex -37.8181 -72.8073 1.41135
    endloop
  endfacet
  facet normal 0.651845 0.21185 0.72816
    outer loop
      vertex -38.1356 -73.0775 1.73091
      vertex -37.7432 -73.6939 1.55897
      vertex -38.0149 -72.8579 1.55897
    endloop
  endfacet
  facet normal 0.651684 0.211694 0.72835
    outer loop
      vertex -37.7432 -73.6939 1.55897
      vertex -38.1356 -73.0775 1.73091
      vertex -37.864 -73.9136 1.73091
    endloop
  endfacet
  facet normal 0.37184 0.307309 0.875954
    outer loop
      vertex -36.2839 -75.4974 1.29035
      vertex -36.352 -75.415 1.29035
      vertex -36.5301 -75.5444 1.41135
    endloop
  endfacet
  facet normal 0.284238 0.23491 0.92953
    outer loop
      vertex -36.2839 -75.4974 1.29035
      vertex -36.1136 -75.3376 1.19789
      vertex -36.352 -75.415 1.29035
    endloop
  endfacet
  facet normal 0.587542 -0.0367673 0.808358
    outer loop
      vertex -38.0717 70.8 1.41135
      vertex -38.2648 70.9598 1.55897
      vertex -38.2748 70.8 1.55897
    endloop
  endfacet
  facet normal 0.578073 -0.110259 0.808502
    outer loop
      vertex -38.0449 72.7006 1.55897
      vertex -38.008 71.8116 1.41135
      vertex -37.8433 72.6751 1.41135
    endloop
  endfacet
  facet normal 0.578073 -0.110259 0.808502
    outer loop
      vertex -38.008 71.8116 1.41135
      vertex -38.0449 72.7006 1.55897
      vertex -38.2096 71.8371 1.55897
    endloop
  endfacet
  facet normal 0.473938 -0.0903422 0.875912
    outer loop
      vertex -37.6049 72.7526 1.29035
      vertex -37.8181 72.8073 1.41135
      vertex -37.8433 72.6751 1.41135
    endloop
  endfacet
  facet normal 0.458816 -0.149097 0.875933
    outer loop
      vertex -37.7765 72.9353 1.41135
      vertex -37.3332 73.5886 1.29035
      vertex -37.5048 73.7714 1.41135
    endloop
  endfacet
  facet normal 0.458854 -0.149127 0.875908
    outer loop
      vertex -37.3332 73.5886 1.29035
      vertex -37.7765 72.9353 1.41135
      vertex -37.6049 72.7526 1.29035
    endloop
  endfacet
  facet normal 0.712928 -0.452684 0.535547
    outer loop
      vertex -37.552 74.9518 1.92443
      vertex -37.524 75.0853 2
      vertex -37.5941 74.9749 2
    endloop
  endfacet
  facet normal 0.713328 -0.452537 0.535139
    outer loop
      vertex -37.524 75.0853 2
      vertex -37.552 74.9518 1.92443
      vertex -37.4432 75.1233 1.92443
    endloop
  endfacet
  facet normal 0.713324 -0.452562 0.535123
    outer loop
      vertex -37.4432 75.1233 1.92443
      vertex -37.482 75.1515 2
      vertex -37.524 75.0853 2
    endloop
  endfacet
  facet normal 0.764941 -0.359274 0.534591
    outer loop
      vertex -37.6386 74.7679 1.92443
      vertex -37.6498 74.8565 2
      vertex -37.6831 74.7856 2
    endloop
  endfacet
  facet normal 0.468885 -0.49957 0.728407
    outer loop
      vertex -36.0321 76.4645 1.55897
      vertex -36.0321 76.7152 1.73091
      vertex -36.1656 76.5899 1.73091
    endloop
  endfacet
  facet normal 0.527826 -0.562369 0.636506
    outer loop
      vertex -36.1656 76.5899 1.73091
      vertex -36.0321 76.7152 1.73091
      vertex -36.2823 76.6994 1.92443
    endloop
  endfacet
  facet normal 0.469104 -0.499504 0.728311
    outer loop
      vertex -36.0321 76.7152 1.73091
      vertex -35.3913 77.0663 1.55897
      vertex -35.3913 77.317 1.73091
    endloop
  endfacet
  facet normal 0.469104 -0.499504 0.728311
    outer loop
      vertex -35.3913 77.0663 1.55897
      vertex -36.0321 76.7152 1.73091
      vertex -36.0321 76.4645 1.55897
    endloop
  endfacet
  facet normal 0.402783 -0.554401 0.728289
    outer loop
      vertex -34.6801 77.8337 1.73091
      vertex -35.1451 77.27 1.55897
      vertex -34.4339 77.7867 1.55897
    endloop
  endfacet
  facet normal 0.402783 -0.554401 0.728289
    outer loop
      vertex -35.1451 77.27 1.55897
      vertex -34.6801 77.8337 1.73091
      vertex -35.3913 77.317 1.73091
    endloop
  endfacet
  facet normal 0.283862 -0.515675 0.808394
    outer loop
      vertex -34.2071 77.68 1.41135
      vertex -34.2936 77.8638 1.55897
      vertex -34.325 77.6151 1.41135
    endloop
  endfacet
  facet normal 0.453456 -0.375186 0.808463
    outer loop
      vertex -36.5301 75.5444 1.41135
      vertex -36.5924 75.7872 1.55897
      vertex -36.6945 75.6638 1.55897
    endloop
  endfacet
  facet normal 0.496922 -0.315347 0.808471
    outer loop
      vertex -37.1655 74.9216 1.55897
      vertex -36.5301 75.5444 1.41135
      vertex -36.6945 75.6638 1.55897
    endloop
  endfacet
  facet normal 0.496922 -0.315347 0.808471
    outer loop
      vertex -36.5301 75.5444 1.41135
      vertex -37.1655 74.9216 1.55897
      vertex -37.0011 74.8022 1.41135
    endloop
  endfacet
  facet normal 0.650918 -0.537911 0.535684
    outer loop
      vertex -37.0109 75.8937 2
      vertex -36.8426 76.0221 1.92443
      vertex -36.9276 75.9945 2
    endloop
  endfacet
  facet normal 0.651089 -0.53876 0.534622
    outer loop
      vertex -36.8426 76.0221 1.92443
      vertex -37.0109 75.8937 2
      vertex -36.9721 75.8656 1.92443
    endloop
  endfacet
  facet normal 0.651092 -0.538619 0.53476
    outer loop
      vertex -36.3672 76.6718 2
      vertex -36.8426 76.0221 1.92443
      vertex -36.2823 76.6994 1.92443
    endloop
  endfacet
  facet normal 0.650771 -0.538449 0.535322
    outer loop
      vertex -36.8426 76.0221 1.92443
      vertex -36.3672 76.6718 2
      vertex -36.9276 75.9945 2
    endloop
  endfacet
  facet normal 0.532484 -0.250577 0.8085
    outer loop
      vertex -37.6256 73.991 1.55897
      vertex -37.1305 74.5668 1.41135
      vertex -37.2513 74.7864 1.55897
    endloop
  endfacet
  facet normal 0.532484 -0.250577 0.8085
    outer loop
      vertex -37.1305 74.5668 1.41135
      vertex -37.6256 73.991 1.55897
      vertex -37.5048 73.7714 1.41135
    endloop
  endfacet
  facet normal 0.436639 -0.205583 0.875832
    outer loop
      vertex -36.8804 74.5825 1.29035
      vertex -37.0732 74.6885 1.41135
      vertex -37.1305 74.5668 1.41135
    endloop
  endfacet
  facet normal 0.37184 -0.307309 0.875954
    outer loop
      vertex -36.352 75.415 1.29035
      vertex -36.2839 75.4974 1.29035
      vertex -36.5301 75.5444 1.41135
    endloop
  endfacet
  facet normal 0.284238 -0.23491 0.92953
    outer loop
      vertex -36.1136 75.3376 1.19789
      vertex -36.2839 75.4974 1.29035
      vertex -36.352 75.415 1.29035
    endloop
  endfacet
  facet normal -0 0.588508 0.808491
    outer loop
      vertex -30.5068 -78.8557 1.41135
      vertex -6 -79.0585 1.55897
      vertex -6 -78.8557 1.41135
    endloop
  endfacet
  facet normal 0 0.588508 0.808491
    outer loop
      vertex -6 -79.0585 1.55897
      vertex -30.5068 -78.8557 1.41135
      vertex -30.5196 -79.0585 1.55897
    endloop
  endfacet
  facet normal 0 0.588508 0.808491
    outer loop
      vertex -4 -79.0585 1.55897
      vertex 30.5068 -78.8557 1.41135
      vertex -4 -78.8557 1.41135
    endloop
  endfacet
  facet normal 0 0.588508 0.808491
    outer loop
      vertex 30.5068 -78.8557 1.41135
      vertex -4 -79.0585 1.55897
      vertex 30.5196 -79.0585 1.55897
    endloop
  endfacet
  facet normal -0.0968279 0.76494 0.636781
    outer loop
      vertex 31.6149 -79.2654 1.92443
      vertex 31.5849 -79.1081 1.73091
      vertex 31.4032 -79.1311 1.73091
    endloop
  endfacet
  facet normal -0.105921 0.838238 0.534918
    outer loop
      vertex 31.6149 -79.2654 1.92443
      vertex 30.7517 -79.4227 2
      vertex 31.6238 -79.3125 2
    endloop
  endfacet
  facet normal -0.105901 0.838177 0.535017
    outer loop
      vertex 30.7517 -79.4227 2
      vertex 31.6149 -79.2654 1.92443
      vertex 30.7427 -79.3756 1.92443
    endloop
  endfacet
  facet normal -0.10561 0.83823 0.534992
    outer loop
      vertex 30.5411 -79.401 1.92443
      vertex 30.6739 -79.4325 2
      vertex 30.7427 -79.3756 1.92443
    endloop
  endfacet
  facet normal -0.105876 0.837969 0.535349
    outer loop
      vertex 30.6739 -79.4325 2
      vertex 30.5411 -79.401 1.92443
      vertex 30.5441 -79.4489 2
    endloop
  endfacet
  facet normal -0.311003 0.785485 0.535061
    outer loop
      vertex 33.6694 -78.5978 1.92443
      vertex 32.8725 -78.9648 2
      vertex 33.6898 -78.6412 2
    endloop
  endfacet
  facet normal -0.310902 0.785326 0.535353
    outer loop
      vertex 32.8725 -78.9648 2
      vertex 33.6694 -78.5978 1.92443
      vertex 32.852 -78.9214 1.92443
    endloop
  endfacet
  facet normal -0.310972 0.785329 0.535308
    outer loop
      vertex 32.6631 -78.9962 1.92443
      vertex 32.7995 -78.9937 2
      vertex 32.852 -78.9214 1.92443
    endloop
  endfacet
  facet normal -0.310774 0.785658 0.53494
    outer loop
      vertex 32.7995 -78.9937 2
      vertex 32.6631 -78.9962 1.92443
      vertex 32.6779 -79.0418 2
    endloop
  endfacet
  facet normal -0.209996 0.818444 0.534838
    outer loop
      vertex 31.6238 -79.3125 2
      vertex 31.6998 -79.293 2
      vertex 31.6149 -79.2654 1.92443
    endloop
  endfacet
  facet normal -0.283948 0.717032 0.636583
    outer loop
      vertex 33.6694 -78.5978 1.92443
      vertex 33.6012 -78.453 1.73091
      vertex 33.431 -78.5204 1.73091
    endloop
  endfacet
  facet normal -0.23696 0.0770602 0.968458
    outer loop
      vertex 37.3547 -72.7683 1.19789
      vertex 37.3787 -72.6945 1.19789
      vertex 37.1431 -72.634 1.13543
    endloop
  endfacet
  facet normal -0.283811 -0.390296 0.875854
    outer loop
      vertex 34.2936 77.3664 1.29035
      vertex 34.325 77.6151 1.41135
      vertex 34.2071 77.4293 1.29035
    endloop
  endfacet
  facet normal -0.345907 -0.476035 0.808541
    outer loop
      vertex 35.2746 77.1759 1.55897
      vertex 35.1451 77.27 1.55897
      vertex 35.0362 77.0984 1.41135
    endloop
  endfacet
  facet normal -0.330345 -0.351753 0.875867
    outer loop
      vertex 35.2432 76.9272 1.41135
      vertex 35.6456 76.248 1.29035
      vertex 35.884 76.3254 1.41135
    endloop
  endfacet
  facet normal -0.330243 -0.351703 0.875925
    outer loop
      vertex 35.6456 76.248 1.29035
      vertex 35.2432 76.9272 1.41135
      vertex 35.0048 76.8497 1.29035
    endloop
  endfacet
  facet normal -0.402837 -0.429081 0.808463
    outer loop
      vertex 35.2432 76.9272 1.41135
      vertex 35.3913 77.0663 1.55897
      vertex 35.1451 77.0193 1.41135
    endloop
  endfacet
  facet normal -0.402878 -0.428977 0.808498
    outer loop
      vertex 35.3913 77.0663 1.55897
      vertex 35.2746 77.1759 1.55897
      vertex 35.1451 77.0193 1.41135
    endloop
  endfacet
  facet normal -0.578589 -0.367123 0.728324
    outer loop
      vertex 36.6945 75.6638 1.55897
      vertex 37.3136 75.0292 1.73091
      vertex 36.8426 75.7715 1.73091
    endloop
  endfacet
  facet normal -0.578655 -0.367214 0.728225
    outer loop
      vertex 37.3136 75.0292 1.73091
      vertex 36.6945 75.6638 1.55897
      vertex 37.1655 74.9216 1.55897
    endloop
  endfacet
  facet normal 0.37141 0.675864 0.636602
    outer loop
      vertex -33.6694 -78.5978 1.92443
      vertex -33.6012 -78.453 1.73091
      vertex -33.7617 -78.3648 1.73091
    endloop
  endfacet
  facet normal 0.0604846 0.110029 0.992086
    outer loop
      vertex -33.8181 -76.8163 1.10395
      vertex -33.1813 -77.4502 1.13543
      vertex -33.0477 -77.2398 1.10395
    endloop
  endfacet
  facet normal 0.060502 0.110046 0.992083
    outer loop
      vertex -33.1813 -77.4502 1.13543
      vertex -33.8181 -76.8163 1.10395
      vertex -33.9516 -77.0267 1.13543
    endloop
  endfacet
  facet normal -0.0604783 0.110033 0.992086
    outer loop
      vertex 33.14 -77.4729 1.13543
      vertex 33.1813 -77.4502 1.13543
      vertex 33.0477 -77.2398 1.10395
    endloop
  endfacet
  facet normal -0.120078 0.218324 0.96846
    outer loop
      vertex 34.0139 -77.2695 1.19789
      vertex 34.0819 -77.2321 1.19789
      vertex 33.9516 -77.0267 1.13543
    endloop
  endfacet
  facet normal -0.091722 0.231658 0.968464
    outer loop
      vertex 33.14 -77.4729 1.13543
      vertex 32.4263 -78.0166 1.19789
      vertex 33.2436 -77.693 1.19789
    endloop
  endfacet
  facet normal -0.091722 0.231658 0.968464
    outer loop
      vertex 32.4263 -78.0166 1.19789
      vertex 33.14 -77.4729 1.13543
      vertex 32.3227 -77.7965 1.13543
    endloop
  endfacet
  facet normal -0.0738141 0.1016 0.992083
    outer loop
      vertex 33.8181 -76.8163 1.10395
      vertex 34.6628 -76.51 1.13543
      vertex 34.5293 -76.2996 1.10395
    endloop
  endfacet
  facet normal -0.0738141 0.1016 0.992083
    outer loop
      vertex 34.6628 -76.51 1.13543
      vertex 33.8181 -76.8163 1.10395
      vertex 33.9516 -77.0267 1.13543
    endloop
  endfacet
  facet normal -0.216868 0.298236 0.929529
    outer loop
      vertex 34.2071 -77.4293 1.29035
      vertex 34.2936 -77.3664 1.29035
      vertex 34.1447 -77.1865 1.19789
    endloop
  endfacet
  facet normal -0.216611 0.298315 0.929563
    outer loop
      vertex 34.2071 -77.4293 1.29035
      vertex 34.1447 -77.1865 1.19789
      vertex 34.0819 -77.2321 1.19789
    endloop
  endfacet
  facet normal 0.0151913 -0.124729 0.992075
    outer loop
      vertex -31.3352 77.7994 1.10395
      vertex -31.3196 77.8013 1.10395
      vertex -31.3819 78.0441 1.13543
    endloop
  endfacet
  facet normal 0.113649 0.0534811 0.99208
    outer loop
      vertex -36.8368 -73.5574 1.13543
      vertex -36.2509 -74.2185 1.10395
      vertex -36.6252 -73.4231 1.10395
    endloop
  endfacet
  facet normal 0.113615 0.053451 0.992086
    outer loop
      vertex -36.2509 -74.2185 1.10395
      vertex -36.8368 -73.5574 1.13543
      vertex -36.4626 -74.3528 1.13543
    endloop
  endfacet
  facet normal -0.252188 0.637107 0.728351
    outer loop
      vertex 32.6136 -78.844 1.73091
      vertex 32.7059 -78.6109 1.55897
      vertex 32.5571 -78.6698 1.55897
    endloop
  endfacet
  facet normal -0.216645 0.547314 0.808401
    outer loop
      vertex 32.7059 -78.6109 1.55897
      vertex 32.6194 -78.4271 1.41135
      vertex 32.5571 -78.6698 1.55897
    endloop
  endfacet
  facet normal -0.345867 0.476061 0.808543
    outer loop
      vertex 34.325 -77.6151 1.41135
      vertex 35.1451 -77.27 1.55897
      vertex 35.0362 -77.0984 1.41135
    endloop
  endfacet
  facet normal -0.345867 0.476061 0.808543
    outer loop
      vertex 35.1451 -77.27 1.55897
      vertex 34.325 -77.6151 1.41135
      vertex 34.4339 -77.7867 1.55897
    endloop
  endfacet
  facet normal 0.527967 0.436668 0.728404
    outer loop
      vertex -36.1656 -76.5899 1.73091
      vertex -36.0321 -76.4645 1.55897
      vertex -36.2823 -76.4488 1.73091
    endloop
  endfacet
  facet normal 0.594318 0.491545 0.636529
    outer loop
      vertex -36.1656 -76.5899 1.73091
      vertex -36.2823 -76.4488 1.73091
      vertex -36.2823 -76.6994 1.92443
    endloop
  endfacet
  facet normal 0.651796 0.211899 0.72819
    outer loop
      vertex -38.1356 -73.0775 1.73091
      vertex -38.0149 -72.8579 1.55897
      vertex -38.1922 -72.9034 1.73091
    endloop
  endfacet
  facet normal 0.673214 0.128406 0.728213
    outer loop
      vertex -38.2096 -71.8371 1.55897
      vertex -38.2265 -72.7236 1.73091
      vertex -38.0449 -72.7006 1.55897
    endloop
  endfacet
  facet normal 0.673214 0.128406 0.728213
    outer loop
      vertex -38.2265 -72.7236 1.73091
      vertex -38.2096 -71.8371 1.55897
      vertex -38.3912 -71.8601 1.73091
    endloop
  endfacet
  facet normal 0.697601 0.328506 0.636739
    outer loop
      vertex -37.552 -74.9518 1.92443
      vertex -37.4897 -74.709 1.73091
      vertex -37.6386 -74.7679 1.92443
    endloop
  endfacet
  facet normal -0.578722 -0.615364 0.535171
    outer loop
      vertex 36.2823 76.6994 1.92443
      vertex 36.3172 76.7323 2
      vertex 36.2601 76.786 2
    endloop
  endfacet
  facet normal -0.496468 -0.683353 0.535302
    outer loop
      vertex 34.7822 77.957 1.92443
      vertex 35.4605 77.5234 2
      vertex 34.7493 78.0401 2
    endloop
  endfacet
  facet normal -0.496354 -0.6831 0.535731
    outer loop
      vertex 35.4605 77.5234 2
      vertex 34.7822 77.957 1.92443
      vertex 35.4933 77.4403 1.92443
    endloop
  endfacet
  facet normal 0.031781 -0.121562 0.992075
    outer loop
      vertex -31.3505 77.7954 1.10395
      vertex -31.3352 77.7994 1.10395
      vertex -31.3819 78.0441 1.13543
    endloop
  endfacet
  facet normal 0.125324 0.00788545 0.992084
    outer loop
      vertex -37.1256 -70.8 1.10395
      vertex -37.3196 -71.6773 1.13543
      vertex -37.0704 -71.6773 1.10395
    endloop
  endfacet
  facet normal 0.125324 0.00788545 0.992084
    outer loop
      vertex -37.3196 -71.6773 1.13543
      vertex -37.1256 -70.8 1.10395
      vertex -37.3748 -70.8 1.13543
    endloop
  endfacet
  facet normal 0.170511 -0.18175 0.968449
    outer loop
      vertex -35.3417 75.8806 1.13543
      vertex -35.4967 76.068 1.19789
      vertex -35.5533 76.0149 1.19789
    endloop
  endfacet
  facet normal 0.330404 -0.351619 0.875898
    outer loop
      vertex -35.7235 76.1748 1.29035
      vertex -35.6456 76.248 1.29035
      vertex -35.884 76.3254 1.41135
    endloop
  endfacet
  facet normal 0.402903 -0.429013 0.808466
    outer loop
      vertex -35.3913 77.0663 1.55897
      vertex -35.884 76.3254 1.41135
      vertex -35.2432 76.9272 1.41135
    endloop
  endfacet
  facet normal 0.402903 -0.429013 0.808466
    outer loop
      vertex -35.884 76.3254 1.41135
      vertex -35.3913 77.0663 1.55897
      vertex -36.0321 76.4645 1.55897
    endloop
  endfacet
  facet normal 0.345867 -0.476061 0.808543
    outer loop
      vertex -35.1451 77.27 1.55897
      vertex -34.325 77.6151 1.41135
      vertex -34.4339 77.7867 1.55897
    endloop
  endfacet
  facet normal 0.345867 -0.476061 0.808543
    outer loop
      vertex -34.325 77.6151 1.41135
      vertex -35.1451 77.27 1.55897
      vertex -35.0362 77.0984 1.41135
    endloop
  endfacet
  facet normal 0.216868 -0.298236 0.929529
    outer loop
      vertex -34.1447 77.1865 1.19789
      vertex -34.2071 77.4293 1.29035
      vertex -34.2936 77.3664 1.29035
    endloop
  endfacet
  facet normal 0.406805 -0.740429 0.535046
    outer loop
      vertex -34.4397 78.1743 1.92443
      vertex -34.4601 78.2177 2
      vertex -34.5289 78.1799 2
    endloop
  endfacet
  facet normal 0.283398 -0.515703 0.80854
    outer loop
      vertex -34.325 77.6151 1.41135
      vertex -34.2936 77.8638 1.55897
      vertex -34.4339 77.7867 1.55897
    endloop
  endfacet
  facet normal 0.33003 -0.60056 0.728291
    outer loop
      vertex -34.4339 77.7867 1.55897
      vertex -34.2936 77.8638 1.55897
      vertex -34.532 77.9413 1.73091
    endloop
  endfacet
  facet normal 0.453272 -0.623881 0.636645
    outer loop
      vertex -34.6801 77.8337 1.73091
      vertex -34.532 77.9413 1.73091
      vertex -34.7822 77.957 1.92443
    endloop
  endfacet
  facet normal 0.453204 -0.624009 0.636568
    outer loop
      vertex -34.532 77.9413 1.73091
      vertex -34.6178 78.0764 1.92443
      vertex -34.7822 77.957 1.92443
    endloop
  endfacet
  facet normal 0.283811 -0.390296 0.875854
    outer loop
      vertex -34.2936 77.3664 1.29035
      vertex -34.2071 77.4293 1.29035
      vertex -34.325 77.6151 1.41135
    endloop
  endfacet
  facet normal 0.345907 -0.476035 0.808541
    outer loop
      vertex -35.0362 77.0984 1.41135
      vertex -35.1451 77.27 1.55897
      vertex -35.2746 77.1759 1.55897
    endloop
  endfacet
  facet normal -0.283398 -0.515703 0.80854
    outer loop
      vertex 34.325 77.6151 1.41135
      vertex 34.4339 77.7867 1.55897
      vertex 34.2936 77.8638 1.55897
    endloop
  endfacet
  facet normal -0.330028 -0.600562 0.72829
    outer loop
      vertex 33.7617 78.3648 1.73091
      vertex 33.6012 78.453 1.73091
      vertex 33.5233 78.2873 1.55897
    endloop
  endfacet
  facet normal -0.283948 -0.717032 0.636583
    outer loop
      vertex 33.6012 78.453 1.73091
      vertex 33.6694 78.5978 1.92443
      vertex 33.431 78.5204 1.73091
    endloop
  endfacet
  facet normal -0.283891 -0.717096 0.636537
    outer loop
      vertex 33.431 78.5204 1.73091
      vertex 32.852 78.9214 1.92443
      vertex 32.6136 78.844 1.73091
    endloop
  endfacet
  facet normal -0.283891 -0.717096 0.636537
    outer loop
      vertex 32.852 78.9214 1.92443
      vertex 33.431 78.5204 1.73091
      vertex 33.6694 78.5978 1.92443
    endloop
  endfacet
  facet normal -0.283934 -0.717048 0.636572
    outer loop
      vertex 32.852 78.9214 1.92443
      vertex 32.6631 78.9962 1.92443
      vertex 32.6136 78.844 1.73091
    endloop
  endfacet
  facet normal -0.210114 -0.818349 0.534936
    outer loop
      vertex 32.4663 79.0468 1.92443
      vertex 31.6998 79.293 2
      vertex 31.6149 79.2654 1.92443
    endloop
  endfacet
  facet normal -0.210062 -0.818244 0.535118
    outer loop
      vertex 31.6998 79.293 2
      vertex 32.4663 79.0468 1.92443
      vertex 32.5513 79.0744 2
    endloop
  endfacet
  facet normal -0.210327 -0.818032 0.535338
    outer loop
      vertex 32.6631 78.9962 1.92443
      vertex 32.5513 79.0744 2
      vertex 32.4663 79.0468 1.92443
    endloop
  endfacet
  facet normal -0.210685 -0.818183 0.534965
    outer loop
      vertex 32.5513 79.0744 2
      vertex 32.6631 78.9962 1.92443
      vertex 32.6779 79.0418 2
    endloop
  endfacet
  facet normal -0.0968279 -0.76494 0.636781
    outer loop
      vertex 31.5849 79.1081 1.73091
      vertex 31.6149 79.2654 1.92443
      vertex 31.4032 79.1311 1.73091
    endloop
  endfacet
  facet normal -0.120064 -0.467354 0.87588
    outer loop
      vertex 32.4263 78.2673 1.29035
      vertex 32.4943 78.4766 1.41135
      vertex 32.3639 78.5101 1.41135
    endloop
  endfacet
  facet normal -0.0460876 -0.36585 0.929532
    outer loop
      vertex 30.5553 78.3933 1.19789
      vertex 30.5991 78.6227 1.29035
      vertex 30.4783 78.403 1.19789
    endloop
  endfacet
  facet normal -0.135736 -0.342822 0.929542
    outer loop
      vertex 32.4263 78.0166 1.19789
      vertex 33.2436 77.9437 1.29035
      vertex 32.4263 78.2673 1.29035
    endloop
  endfacet
  facet normal -0.135736 -0.342822 0.929542
    outer loop
      vertex 33.2436 77.9437 1.29035
      vertex 32.4263 78.0166 1.19789
      vertex 33.2436 77.693 1.19789
    endloop
  endfacet
  facet normal -0.135798 -0.342819 0.929534
    outer loop
      vertex 32.4263 78.0166 1.19789
      vertex 32.4263 78.2673 1.29035
      vertex 32.3541 78.0452 1.19789
    endloop
  endfacet
  facet normal -0.0917074 -0.357176 0.929524
    outer loop
      vertex 31.5748 78.4859 1.29035
      vertex 31.4712 78.5125 1.29035
      vertex 31.4275 78.2831 1.19789
    endloop
  endfacet
  facet normal -0.0916744 -0.357198 0.929519
    outer loop
      vertex 31.5027 78.2638 1.19789
      vertex 31.5748 78.4859 1.29035
      vertex 31.4275 78.2831 1.19789
    endloop
  endfacet
  facet normal -0.0860688 -0.679943 0.728196
    outer loop
      vertex 31.5506 78.9283 1.55897
      vertex 31.5849 79.1081 1.73091
      vertex 31.4032 79.1311 1.73091
    endloop
  endfacet
  facet normal -0.0856368 -0.679956 0.728235
    outer loop
      vertex 30.6784 79.0385 1.55897
      vertex 30.5311 79.2412 1.73091
      vertex 30.5196 79.0585 1.55897
    endloop
  endfacet
  facet normal -0.0916906 -0.357157 0.929533
    outer loop
      vertex 31.5748 78.4859 1.29035
      vertex 32.3541 78.0452 1.19789
      vertex 32.4263 78.2673 1.29035
    endloop
  endfacet
  facet normal -0.091709 -0.357187 0.92952
    outer loop
      vertex 32.3541 78.0452 1.19789
      vertex 31.5748 78.4859 1.29035
      vertex 31.5027 78.2638 1.19789
    endloop
  endfacet
  facet normal -0.0312258 -0.247143 0.968476
    outer loop
      vertex 30.5553 78.3933 1.19789
      vertex 31.3819 78.0441 1.13543
      vertex 31.4275 78.2831 1.19789
    endloop
  endfacet
  facet normal -0.0312308 -0.247154 0.968473
    outer loop
      vertex 31.3819 78.0441 1.13543
      vertex 30.5553 78.3933 1.19789
      vertex 30.5098 78.1543 1.13543
    endloop
  endfacet
  facet normal 0 -0.249137 0.968468
    outer loop
      vertex -4 78.403 1.19789
      vertex 30.4631 78.1602 1.13543
      vertex 30.4783 78.403 1.19789
    endloop
  endfacet
  facet normal 0 -0.249137 0.968468
    outer loop
      vertex 30.4631 78.1602 1.13543
      vertex -4 78.403 1.19789
      vertex -4 78.1602 1.13543
    endloop
  endfacet
  facet normal 0 -0.249137 0.968468
    outer loop
      vertex -6 78.403 1.19789
      vertex -30.4631 78.1602 1.13543
      vertex -6 78.1602 1.13543
    endloop
  endfacet
  facet normal 0 -0.249137 0.968468
    outer loop
      vertex -30.4631 78.1602 1.13543
      vertex -6 78.403 1.19789
      vertex -30.4783 78.403 1.19789
    endloop
  endfacet
  facet normal 0 -0.482592 0.875845
    outer loop
      vertex -6 78.8557 1.41135
      vertex -30.493 78.6361 1.29035
      vertex -6 78.6361 1.29035
    endloop
  endfacet
  facet normal 0 -0.482592 0.875845
    outer loop
      vertex -30.493 78.6361 1.29035
      vertex -6 78.8557 1.41135
      vertex -30.5068 78.8557 1.41135
    endloop
  endfacet
  facet normal 0 -0.482592 0.875845
    outer loop
      vertex -4 78.8557 1.41135
      vertex 30.493 78.6361 1.29035
      vertex 30.5068 78.8557 1.41135
    endloop
  endfacet
  facet normal 0 -0.482592 0.875845
    outer loop
      vertex 30.493 78.6361 1.29035
      vertex -4 78.8557 1.41135
      vertex -4 78.6361 1.29035
    endloop
  endfacet
  facet normal -0.407016 -0.740318 0.535039
    outer loop
      vertex 34.4397 78.1743 1.92443
      vertex 33.6898 78.6412 2
      vertex 33.6694 78.5978 1.92443
    endloop
  endfacet
  facet normal -0.407016 -0.740318 0.535039
    outer loop
      vertex 33.6898 78.6412 2
      vertex 34.4397 78.1743 1.92443
      vertex 34.4601 78.2177 2
    endloop
  endfacet
  facet normal -0.0604783 -0.110033 0.992086
    outer loop
      vertex 33.1813 77.4502 1.13543
      vertex 33.14 77.4729 1.13543
      vertex 33.0477 77.2398 1.10395
    endloop
  endfacet
  facet normal -0.091722 -0.231658 0.968464
    outer loop
      vertex 32.4263 78.0166 1.19789
      vertex 33.14 77.4729 1.13543
      vertex 33.2436 77.693 1.19789
    endloop
  endfacet
  facet normal -0.091722 -0.231658 0.968464
    outer loop
      vertex 33.14 77.4729 1.13543
      vertex 32.4263 78.0166 1.19789
      vertex 32.3227 77.7965 1.13543
    endloop
  endfacet
  facet normal -0.232702 -0.422736 0.875867
    outer loop
      vertex 34.325 77.6151 1.41135
      vertex 34.2071 77.68 1.41135
      vertex 34.2071 77.4293 1.29035
    endloop
  endfacet
  facet normal -0.177627 -0.323177 0.929519
    outer loop
      vertex 33.4367 77.8528 1.29035
      vertex 33.343 77.9043 1.29035
      vertex 33.2436 77.693 1.19789
    endloop
  endfacet
  facet normal -0.345848 -0.476142 0.808503
    outer loop
      vertex 35.1451 77.0193 1.41135
      vertex 35.2746 77.1759 1.55897
      vertex 35.0362 77.0984 1.41135
    endloop
  endfacet
  facet normal -0.283539 -0.39036 0.875914
    outer loop
      vertex 35.1451 77.0193 1.41135
      vertex 35.0362 77.0984 1.41135
      vertex 35.0048 76.8497 1.29035
    endloop
  endfacet
  facet normal 0.496919 0.315352 0.808471
    outer loop
      vertex -37.1655 -74.9216 1.55897
      vertex -37.0011 -74.8022 1.41135
      vertex -37.2513 -74.7864 1.55897
    endloop
  endfacet
  facet normal 0.496946 0.315126 0.808542
    outer loop
      vertex -37.0011 -74.8022 1.41135
      vertex -37.0732 -74.6885 1.41135
      vertex -37.2513 -74.7864 1.55897
    endloop
  endfacet
  facet normal 0.578098 -0.110254 0.808484
    outer loop
      vertex -37.8181 72.8073 1.41135
      vertex -38.0149 72.8579 1.55897
      vertex -38.0449 72.7006 1.55897
    endloop
  endfacet
  facet normal 0.578082 -0.110194 0.808504
    outer loop
      vertex -37.8433 72.6751 1.41135
      vertex -37.8181 72.8073 1.41135
      vertex -38.0449 72.7006 1.55897
    endloop
  endfacet
  facet normal 0.527935 -0.436808 0.728343
    outer loop
      vertex -36.6945 75.6638 1.55897
      vertex -36.5924 75.7872 1.55897
      vertex -36.8426 75.7715 1.73091
    endloop
  endfacet
  facet normal 0.527948 -0.436748 0.728369
    outer loop
      vertex -36.2823 76.4488 1.73091
      vertex -36.5924 75.7872 1.55897
      vertex -36.0321 76.4645 1.55897
    endloop
  endfacet
  facet normal 0.527948 -0.436748 0.728369
    outer loop
      vertex -36.5924 75.7872 1.55897
      vertex -36.2823 76.4488 1.73091
      vertex -36.8426 75.7715 1.73091
    endloop
  endfacet
  facet normal 0.407322 -0.258467 0.875947
    outer loop
      vertex -36.4093 75.3247 1.29035
      vertex -36.352 75.415 1.29035
      vertex -36.5301 75.5444 1.41135
    endloop
  endfacet
  facet normal 0 0.482592 0.875845
    outer loop
      vertex -4 -78.8557 1.41135
      vertex 30.493 -78.6361 1.29035
      vertex -4 -78.6361 1.29035
    endloop
  endfacet
  facet normal 0 0.482592 0.875845
    outer loop
      vertex 30.493 -78.6361 1.29035
      vertex -4 -78.8557 1.41135
      vertex 30.5068 -78.8557 1.41135
    endloop
  endfacet
  facet normal -0 0.482592 0.875845
    outer loop
      vertex -30.493 -78.6361 1.29035
      vertex -6 -78.8557 1.41135
      vertex -6 -78.6361 1.29035
    endloop
  endfacet
  facet normal 0 0.482592 0.875845
    outer loop
      vertex -6 -78.8557 1.41135
      vertex -30.493 -78.6361 1.29035
      vertex -30.5068 -78.8557 1.41135
    endloop
  endfacet
  facet normal -0.0462283 0.365841 0.929528
    outer loop
      vertex 31.4275 -78.2831 1.19789
      vertex 30.5991 -78.6227 1.29035
      vertex 31.4712 -78.5125 1.29035
    endloop
  endfacet
  facet normal -0.046221 0.365825 0.929535
    outer loop
      vertex 30.5991 -78.6227 1.29035
      vertex 31.4275 -78.2831 1.19789
      vertex 30.5553 -78.3933 1.19789
    endloop
  endfacet
  facet normal -0.0860688 0.679943 0.728196
    outer loop
      vertex 31.5849 -79.1081 1.73091
      vertex 31.5506 -78.9283 1.55897
      vertex 31.4032 -79.1311 1.73091
    endloop
  endfacet
  facet normal -0.0311372 0.247171 0.968471
    outer loop
      vertex 30.5553 -78.3933 1.19789
      vertex 30.5098 -78.1543 1.13543
      vertex 30.4783 -78.403 1.19789
    endloop
  endfacet
  facet normal -0.191761 0.746868 0.636722
    outer loop
      vertex 31.7622 -79.0626 1.73091
      vertex 32.4663 -79.0468 1.92443
      vertex 32.6136 -78.844 1.73091
    endloop
  endfacet
  facet normal -0.191761 0.746868 0.636722
    outer loop
      vertex 32.4663 -79.0468 1.92443
      vertex 31.7622 -79.0626 1.73091
      vertex 31.6149 -79.2654 1.92443
    endloop
  endfacet
  facet normal -0.191661 0.746848 0.636777
    outer loop
      vertex 31.6149 -79.2654 1.92443
      vertex 31.7622 -79.0626 1.73091
      vertex 31.5849 -79.1081 1.73091
    endloop
  endfacet
  facet normal -0.0737695 0.583864 0.808493
    outer loop
      vertex 31.5125 -78.7287 1.41135
      vertex 30.6784 -79.0385 1.55897
      vertex 31.5506 -78.9283 1.55897
    endloop
  endfacet
  facet normal -0.0737695 0.583864 0.808493
    outer loop
      vertex 30.6784 -79.0385 1.55897
      vertex 31.5125 -78.7287 1.41135
      vertex 30.6403 -78.8389 1.41135
    endloop
  endfacet
  facet normal -0.105586 0.838223 0.535008
    outer loop
      vertex 30.7517 -79.4227 2
      vertex 30.7427 -79.3756 1.92443
      vertex 30.6739 -79.4325 2
    endloop
  endfacet
  facet normal -0.310903 0.785326 0.535353
    outer loop
      vertex 32.8725 -78.9648 2
      vertex 32.852 -78.9214 1.92443
      vertex 32.7995 -78.9937 2
    endloop
  endfacet
  facet normal -0.216868 -0.298236 0.929529
    outer loop
      vertex 34.2936 77.3664 1.29035
      vertex 34.2071 77.4293 1.29035
      vertex 34.1447 77.1865 1.19789
    endloop
  endfacet
  facet normal -0.060502 0.110046 0.992083
    outer loop
      vertex 33.8181 -76.8163 1.10395
      vertex 33.1813 -77.4502 1.13543
      vertex 33.9516 -77.0267 1.13543
    endloop
  endfacet
  facet normal -0.0604846 0.110029 0.992086
    outer loop
      vertex 33.1813 -77.4502 1.13543
      vertex 33.8181 -76.8163 1.10395
      vertex 33.0477 -77.2398 1.10395
    endloop
  endfacet
  facet normal 0.125337 0.00793271 0.992083
    outer loop
      vertex -37.0694 -71.6931 1.10395
      vertex -37.0704 -71.6773 1.10395
      vertex -37.3166 -71.7243 1.13543
    endloop
  endfacet
  facet normal 0.0859543 0.0915247 0.992086
    outer loop
      vertex -35.3417 -75.8806 1.13543
      vertex -34.5535 -76.2796 1.10395
      vertex -35.1943 -75.6778 1.10395
    endloop
  endfacet
  facet normal 0.0859543 0.0915247 0.992086
    outer loop
      vertex -34.5535 -76.2796 1.10395
      vertex -35.3417 -75.8806 1.13543
      vertex -34.7009 -76.4824 1.13543
    endloop
  endfacet
  facet normal 0.170511 0.18175 0.968449
    outer loop
      vertex -35.4967 -76.068 1.19789
      vertex -35.3417 -75.8806 1.13543
      vertex -35.5533 -76.0149 1.19789
    endloop
  endfacet
  facet normal 0.170557 0.181681 0.968454
    outer loop
      vertex -35.3417 -75.8806 1.13543
      vertex -35.376 -75.8484 1.13543
      vertex -35.5533 -76.0149 1.19789
    endloop
  endfacet
  facet normal 0.0970865 0.0795791 0.992089
    outer loop
      vertex -35.7547 -75.0005 1.10395
      vertex -35.7647 -74.9883 1.10395
      vertex -35.9663 -75.1348 1.13543
    endloop
  endfacet
  facet normal 0.0967438 0.0800461 0.992085
    outer loop
      vertex -35.7547 -75.0005 1.10395
      vertex -35.406 -75.8121 1.13543
      vertex -35.1943 -75.6778 1.10395
    endloop
  endfacet
  facet normal 0.0967792 0.0800611 0.992081
    outer loop
      vertex -35.406 -75.8121 1.13543
      vertex -35.7547 -75.0005 1.10395
      vertex -35.9663 -75.1348 1.13543
    endloop
  endfacet
  facet normal 0.559686 0.181898 0.808496
    outer loop
      vertex -37.7765 -72.9353 1.41135
      vertex -37.8181 -72.8073 1.41135
      vertex -38.0149 -72.8579 1.55897
    endloop
  endfacet
  facet normal 0.559693 0.181542 0.808571
    outer loop
      vertex -37.6938 -73.8462 1.55897
      vertex -37.5048 -73.7714 1.41135
      vertex -37.7432 -73.6939 1.55897
    endloop
  endfacet
  facet normal 0.120009 -0.218343 0.968465
    outer loop
      vertex -33.1813 77.4502 1.13543
      vertex -33.14 77.4729 1.13543
      vertex -33.2436 77.693 1.19789
    endloop
  endfacet
  facet normal 0.0604783 -0.110033 0.992086
    outer loop
      vertex -33.0477 77.2398 1.10395
      vertex -33.14 77.4729 1.13543
      vertex -33.1813 77.4502 1.13543
    endloop
  endfacet
  facet normal -0.577963 -0.615773 0.53552
    outer loop
      vertex 35.6415 77.3012 1.92443
      vertex 35.5239 77.4773 2
      vertex 35.4933 77.4403 1.92443
    endloop
  endfacet
  facet normal -0.579087 -0.615927 0.534127
    outer loop
      vertex 35.5239 77.4773 2
      vertex 35.6415 77.3012 1.92443
      vertex 35.6192 77.3877 2
    endloop
  endfacet
  facet normal 0.0619108 -0.241293 0.968475
    outer loop
      vertex -32.2789 77.8138 1.13543
      vertex -32.2333 77.8255 1.13543
      vertex -32.3541 78.0452 1.19789
    endloop
  endfacet
  facet normal 0.0619479 -0.241274 0.968478
    outer loop
      vertex -31.5027 78.2638 1.19789
      vertex -32.2333 77.8255 1.13543
      vertex -31.3819 78.0441 1.13543
    endloop
  endfacet
  facet normal 0.0619479 -0.241274 0.968478
    outer loop
      vertex -32.2333 77.8255 1.13543
      vertex -31.5027 78.2638 1.19789
      vertex -32.3541 78.0452 1.19789
    endloop
  endfacet
  facet normal 0.453504 -0.375163 0.808447
    outer loop
      vertex -36.5924 75.7872 1.55897
      vertex -35.9698 76.2217 1.41135
      vertex -36.0321 76.4645 1.55897
    endloop
  endfacet
  facet normal 0.453504 -0.375163 0.808447
    outer loop
      vertex -35.9698 76.2217 1.41135
      vertex -36.5924 75.7872 1.55897
      vertex -36.5301 75.5444 1.41135
    endloop
  endfacet
  facet normal 0.252413 -0.268816 0.92953
    outer loop
      vertex -35.6456 76.248 1.29035
      vertex -34.8559 76.6698 1.19789
      vertex -35.0048 76.8497 1.29035
    endloop
  endfacet
  facet normal 0.252369 -0.268723 0.929569
    outer loop
      vertex -34.8559 76.6698 1.19789
      vertex -35.6456 76.248 1.29035
      vertex -35.4967 76.068 1.19789
    endloop
  endfacet
  facet normal 0.402837 -0.429081 0.808463
    outer loop
      vertex -35.2432 76.9272 1.41135
      vertex -35.1451 77.0193 1.41135
      vertex -35.3913 77.0663 1.55897
    endloop
  endfacet
  facet normal 0.330227 -0.35174 0.875916
    outer loop
      vertex -35.0048 76.8497 1.29035
      vertex -35.1451 77.0193 1.41135
      vertex -35.2432 76.9272 1.41135
    endloop
  endfacet
  facet normal 0.40696 -0.740279 0.535135
    outer loop
      vertex -34.6178 78.0764 1.92443
      vertex -34.5289 78.1799 2
      vertex -34.6435 78.1169 2
    endloop
  endfacet
  facet normal 0.406922 -0.740274 0.535172
    outer loop
      vertex -34.5289 78.1799 2
      vertex -34.6178 78.0764 1.92443
      vertex -34.4397 78.1743 1.92443
    endloop
  endfacet
  facet normal 0.371514 -0.675859 0.636547
    outer loop
      vertex -34.532 77.9413 1.73091
      vertex -34.4397 78.1743 1.92443
      vertex -34.6178 78.0764 1.92443
    endloop
  endfacet
  facet normal 0.283594 -0.390347 0.875902
    outer loop
      vertex -35.0362 77.0984 1.41135
      vertex -34.2936 77.3664 1.29035
      vertex -34.325 77.6151 1.41135
    endloop
  endfacet
  facet normal 0.283594 -0.390347 0.875902
    outer loop
      vertex -34.2936 77.3664 1.29035
      vertex -35.0362 77.0984 1.41135
      vertex -35.0048 76.8497 1.29035
    endloop
  endfacet
  facet normal -0.310903 -0.785326 0.535353
    outer loop
      vertex 32.852 78.9214 1.92443
      vertex 32.8725 78.9648 2
      vertex 32.7995 78.9937 2
    endloop
  endfacet
  facet normal -0.310774 -0.785658 0.53494
    outer loop
      vertex 32.6631 78.9962 1.92443
      vertex 32.7995 78.9937 2
      vertex 32.6779 79.0418 2
    endloop
  endfacet
  facet normal -0.310972 -0.785329 0.535308
    outer loop
      vertex 32.7995 78.9937 2
      vertex 32.6631 78.9962 1.92443
      vertex 32.852 78.9214 1.92443
    endloop
  endfacet
  facet normal -0.135884 -0.342815 0.929523
    outer loop
      vertex 33.343 77.9043 1.29035
      vertex 33.2436 77.9437 1.29035
      vertex 33.2436 77.693 1.19789
    endloop
  endfacet
  facet normal -0.232437 -0.422901 0.875858
    outer loop
      vertex 33.4367 77.8528 1.29035
      vertex 33.4367 78.1034 1.41135
      vertex 33.343 77.9043 1.29035
    endloop
  endfacet
  facet normal -0.119977 -0.467341 0.875899
    outer loop
      vertex 32.3639 78.5101 1.41135
      vertex 31.5748 78.4859 1.29035
      vertex 32.4263 78.2673 1.29035
    endloop
  endfacet
  facet normal -0.119982 -0.467302 0.875918
    outer loop
      vertex 31.5748 78.4859 1.29035
      vertex 32.3639 78.5101 1.41135
      vertex 31.5125 78.7287 1.41135
    endloop
  endfacet
  facet normal -0.146623 -0.569954 0.808489
    outer loop
      vertex 32.5571 78.6698 1.55897
      vertex 32.402 78.7097 1.55897
      vertex 32.3639 78.5101 1.41135
    endloop
  endfacet
  facet normal -0.252188 -0.637107 0.728351
    outer loop
      vertex 32.7059 78.6109 1.55897
      vertex 32.6136 78.844 1.73091
      vertex 32.5571 78.6698 1.55897
    endloop
  endfacet
  facet normal -0.170705 -0.663566 0.728382
    outer loop
      vertex 32.5571 78.6698 1.55897
      vertex 32.6136 78.844 1.73091
      vertex 32.402 78.7097 1.55897
    endloop
  endfacet
  facet normal -0.119983 -0.467302 0.875918
    outer loop
      vertex 31.5748 78.4859 1.29035
      vertex 31.5125 78.7287 1.41135
      vertex 31.4712 78.5125 1.29035
    endloop
  endfacet
  facet normal -0.0157396 -0.124583 0.992084
    outer loop
      vertex 30.5098 78.1543 1.13543
      vertex 30.4631 78.1602 1.13543
      vertex 30.4474 77.9115 1.10395
    endloop
  endfacet
  facet normal -0.0312285 -0.247182 0.968466
    outer loop
      vertex 30.5098 78.1543 1.13543
      vertex 30.4783 78.403 1.19789
      vertex 30.4631 78.1602 1.13543
    endloop
  endfacet
  facet normal -0.0604567 -0.478691 0.875899
    outer loop
      vertex 30.5991 78.6227 1.29035
      vertex 30.6403 78.8389 1.41135
      vertex 30.493 78.6361 1.29035
    endloop
  endfacet
  facet normal -0.0602545 -0.478808 0.875849
    outer loop
      vertex 30.6403 78.8389 1.41135
      vertex 30.5068 78.8557 1.41135
      vertex 30.493 78.6361 1.29035
    endloop
  endfacet
  facet normal -0.177613 -0.3231 0.929549
    outer loop
      vertex 33.4367 77.8528 1.29035
      vertex 34.0139 77.2695 1.19789
      vertex 34.2071 77.4293 1.29035
    endloop
  endfacet
  facet normal -0.177659 -0.323142 0.929525
    outer loop
      vertex 34.0139 77.2695 1.19789
      vertex 33.4367 77.8528 1.29035
      vertex 33.2436 77.693 1.19789
    endloop
  endfacet
  facet normal -0.120009 -0.218343 0.968465
    outer loop
      vertex 33.1813 77.4502 1.13543
      vertex 33.2436 77.693 1.19789
      vertex 33.14 77.4729 1.13543
    endloop
  endfacet
  facet normal -0.0738141 -0.1016 0.992083
    outer loop
      vertex 33.8181 76.8163 1.10395
      vertex 34.6628 76.51 1.13543
      vertex 33.9516 77.0267 1.13543
    endloop
  endfacet
  facet normal -0.0738141 -0.1016 0.992083
    outer loop
      vertex 34.6628 76.51 1.13543
      vertex 33.8181 76.8163 1.10395
      vertex 34.5293 76.2996 1.10395
    endloop
  endfacet
  facet normal -0.283862 -0.515675 0.808394
    outer loop
      vertex 34.325 77.6151 1.41135
      vertex 34.2936 77.8638 1.55897
      vertex 34.2071 77.68 1.41135
    endloop
  endfacet
  facet normal -0.0460876 0.36585 0.929532
    outer loop
      vertex 30.5991 -78.6227 1.29035
      vertex 30.5553 -78.3933 1.19789
      vertex 30.4783 -78.403 1.19789
    endloop
  endfacet
  facet normal -0.0917074 0.357176 0.929524
    outer loop
      vertex 31.4712 -78.5125 1.29035
      vertex 31.5748 -78.4859 1.29035
      vertex 31.4275 -78.2831 1.19789
    endloop
  endfacet
  facet normal -0.0916744 0.357198 0.929519
    outer loop
      vertex 31.5748 -78.4859 1.29035
      vertex 31.5027 -78.2638 1.19789
      vertex 31.4275 -78.2831 1.19789
    endloop
  endfacet
  facet normal -0.146623 0.569954 0.808489
    outer loop
      vertex 32.402 -78.7097 1.55897
      vertex 32.5571 -78.6698 1.55897
      vertex 32.3639 -78.5101 1.41135
    endloop
  endfacet
  facet normal -0.170365 0.66386 0.728193
    outer loop
      vertex 31.5849 -79.1081 1.73091
      vertex 31.7622 -79.0626 1.73091
      vertex 31.5506 -78.9283 1.55897
    endloop
  endfacet
  facet normal -0.170433 0.663801 0.728231
    outer loop
      vertex 32.402 -78.7097 1.55897
      vertex 31.7622 -79.0626 1.73091
      vertex 32.6136 -78.844 1.73091
    endloop
  endfacet
  facet normal -0.170433 0.663801 0.728231
    outer loop
      vertex 31.7622 -79.0626 1.73091
      vertex 32.402 -78.7097 1.55897
      vertex 31.5506 -78.9283 1.55897
    endloop
  endfacet
  facet normal -0.0735393 0.583902 0.808486
    outer loop
      vertex 30.6784 -79.0385 1.55897
      vertex 30.6403 -78.8389 1.41135
      vertex 30.5196 -79.0585 1.55897
    endloop
  endfacet
  facet normal -0.120038 -0.218335 0.968463
    outer loop
      vertex 33.1813 77.4502 1.13543
      vertex 34.0139 77.2695 1.19789
      vertex 33.2436 77.693 1.19789
    endloop
  endfacet
  facet normal -0.120038 -0.218335 0.968463
    outer loop
      vertex 34.0139 77.2695 1.19789
      vertex 33.1813 77.4502 1.13543
      vertex 33.9516 77.0267 1.13543
    endloop
  endfacet
  facet normal -0.120078 -0.218324 0.96846
    outer loop
      vertex 34.0819 77.2321 1.19789
      vertex 34.0139 77.2695 1.19789
      vertex 33.9516 77.0267 1.13543
    endloop
  endfacet
  facet normal 0.105786 0.0676075 0.992088
    outer loop
      vertex -36.2357 -74.2461 1.10395
      vertex -36.2442 -74.2328 1.10395
      vertex -36.4373 -74.3926 1.13543
    endloop
  endfacet
  facet normal 0.673233 0.128398 0.728197
    outer loop
      vertex -38.0149 -72.8579 1.55897
      vertex -38.0449 -72.7006 1.55897
      vertex -38.1922 -72.9034 1.73091
    endloop
  endfacet
  facet normal 0.673211 0.128427 0.728213
    outer loop
      vertex -38.1922 -72.9034 1.73091
      vertex -38.0449 -72.7006 1.55897
      vertex -38.2265 -72.7236 1.73091
    endloop
  endfacet
  facet normal 0.330243 -0.351703 0.875925
    outer loop
      vertex -35.2432 76.9272 1.41135
      vertex -35.6456 76.248 1.29035
      vertex -35.0048 76.8497 1.29035
    endloop
  endfacet
  facet normal 0.330345 -0.351753 0.875867
    outer loop
      vertex -35.6456 76.248 1.29035
      vertex -35.2432 76.9272 1.41135
      vertex -35.884 76.3254 1.41135
    endloop
  endfacet
  facet normal 0.371749 -0.307541 0.875912
    outer loop
      vertex -35.9698 76.2217 1.41135
      vertex -36.2839 75.4974 1.29035
      vertex -35.7235 76.1748 1.29035
    endloop
  endfacet
  facet normal 0.371768 -0.307547 0.875901
    outer loop
      vertex -36.2839 75.4974 1.29035
      vertex -35.9698 76.2217 1.41135
      vertex -36.5301 75.5444 1.41135
    endloop
  endfacet
  facet normal 0.453265 -0.623886 0.636645
    outer loop
      vertex -34.7822 77.957 1.92443
      vertex -35.3913 77.317 1.73091
      vertex -34.6801 77.8337 1.73091
    endloop
  endfacet
  facet normal 0.453374 -0.623948 0.636507
    outer loop
      vertex -35.3913 77.317 1.73091
      vertex -34.7822 77.957 1.92443
      vertex -35.4933 77.4403 1.92443
    endloop
  endfacet
  facet normal 0.496354 -0.6831 0.535731
    outer loop
      vertex -34.7822 77.957 1.92443
      vertex -35.4605 77.5234 2
      vertex -35.4933 77.4403 1.92443
    endloop
  endfacet
  facet normal 0.496468 -0.683353 0.535302
    outer loop
      vertex -35.4605 77.5234 2
      vertex -34.7822 77.957 1.92443
      vertex -34.7493 78.0401 2
    endloop
  endfacet
  facet normal -0.216581 -0.547074 0.808581
    outer loop
      vertex 32.7059 78.6109 1.55897
      vertex 33.4367 78.1034 1.41135
      vertex 33.5233 78.2873 1.55897
    endloop
  endfacet
  facet normal -0.216751 -0.547267 0.808404
    outer loop
      vertex 33.4367 78.1034 1.41135
      vertex 32.7059 78.6109 1.55897
      vertex 32.6194 78.4271 1.41135
    endloop
  endfacet
  facet normal -0.216561 -0.547309 0.808427
    outer loop
      vertex 32.6194 78.4271 1.41135
      vertex 32.5571 78.6698 1.55897
      vertex 32.4943 78.4766 1.41135
    endloop
  endfacet
  facet normal -0.216645 -0.547314 0.808401
    outer loop
      vertex 32.6194 78.4271 1.41135
      vertex 32.7059 78.6109 1.55897
      vertex 32.5571 78.6698 1.55897
    endloop
  endfacet
  facet normal -0.0734773 -0.583882 0.808507
    outer loop
      vertex 30.6403 78.8389 1.41135
      vertex 30.5196 79.0585 1.55897
      vertex 30.5068 78.8557 1.41135
    endloop
  endfacet
  facet normal -0.146458 -0.570092 0.808422
    outer loop
      vertex 32.4943 78.4766 1.41135
      vertex 32.5571 78.6698 1.55897
      vertex 32.3639 78.5101 1.41135
    endloop
  endfacet
  facet normal -0.0737695 -0.583864 0.808493
    outer loop
      vertex 30.6784 79.0385 1.55897
      vertex 31.5125 78.7287 1.41135
      vertex 31.5506 78.9283 1.55897
    endloop
  endfacet
  facet normal -0.0737695 -0.583864 0.808493
    outer loop
      vertex 31.5125 78.7287 1.41135
      vertex 30.6784 79.0385 1.55897
      vertex 30.6403 78.8389 1.41135
    endloop
  endfacet
  facet normal -0.119977 0.467341 0.875899
    outer loop
      vertex 31.5748 -78.4859 1.29035
      vertex 32.3639 -78.5101 1.41135
      vertex 32.4263 -78.2673 1.29035
    endloop
  endfacet
  facet normal -0.119982 0.467302 0.875918
    outer loop
      vertex 32.3639 -78.5101 1.41135
      vertex 31.5748 -78.4859 1.29035
      vertex 31.5125 -78.7287 1.41135
    endloop
  endfacet
  facet normal -0.0604781 0.478666 0.875912
    outer loop
      vertex 31.4712 -78.5125 1.29035
      vertex 30.6403 -78.8389 1.41135
      vertex 31.5125 -78.7287 1.41135
    endloop
  endfacet
  facet normal -0.0604875 0.478686 0.8759
    outer loop
      vertex 30.6403 -78.8389 1.41135
      vertex 31.4712 -78.5125 1.29035
      vertex 30.5991 -78.6227 1.29035
    endloop
  endfacet
  facet normal -0.0859015 0.679885 0.72827
    outer loop
      vertex 30.6784 -79.0385 1.55897
      vertex 31.4032 -79.1311 1.73091
      vertex 31.5506 -78.9283 1.55897
    endloop
  endfacet
  facet normal -0.0858519 0.680031 0.72814
    outer loop
      vertex 31.4032 -79.1311 1.73091
      vertex 30.6784 -79.0385 1.55897
      vertex 30.5311 -79.2412 1.73091
    endloop
  endfacet
  facet normal -0.0856368 0.679956 0.728235
    outer loop
      vertex 30.5311 -79.2412 1.73091
      vertex 30.6784 -79.0385 1.55897
      vertex 30.5196 -79.0585 1.55897
    endloop
  endfacet
  facet normal -0.17767 -0.323036 0.929559
    outer loop
      vertex 34.0819 77.2321 1.19789
      vertex 34.2071 77.4293 1.29035
      vertex 34.0139 77.2695 1.19789
    endloop
  endfacet
  facet normal 0.11358 0.0535906 0.992082
    outer loop
      vertex -36.8368 -73.5574 1.13543
      vertex -36.6252 -73.4231 1.10395
      vertex -36.8569 -73.5148 1.13543
    endloop
  endfacet
  facet normal 0.119454 0.0387491 0.992083
    outer loop
      vertex -36.8569 -73.5148 1.13543
      vertex -36.6252 -73.4231 1.10395
      vertex -36.8714 -73.4701 1.13543
    endloop
  endfacet
  facet normal 0.578098 0.110254 0.808484
    outer loop
      vertex -38.0149 -72.8579 1.55897
      vertex -37.8181 -72.8073 1.41135
      vertex -38.0449 -72.7006 1.55897
    endloop
  endfacet
  facet normal 0.620018 0.292025 0.728216
    outer loop
      vertex -37.6256 -73.991 1.55897
      vertex -37.6938 -73.8462 1.55897
      vertex -37.864 -73.9136 1.73091
    endloop
  endfacet
  facet normal 0.532484 0.250577 0.8085
    outer loop
      vertex -37.6256 -73.991 1.55897
      vertex -37.1305 -74.5668 1.41135
      vertex -37.5048 -73.7714 1.41135
    endloop
  endfacet
  facet normal 0.532484 0.250577 0.8085
    outer loop
      vertex -37.1305 -74.5668 1.41135
      vertex -37.6256 -73.991 1.55897
      vertex -37.2513 -74.7864 1.55897
    endloop
  endfacet
  facet normal -0.496656 -0.683037 0.535531
    outer loop
      vertex 35.4933 77.4403 1.92443
      vertex 35.5239 77.4773 2
      vertex 35.4605 77.5234 2
    endloop
  endfacet
  facet normal -0.170433 -0.663801 0.728231
    outer loop
      vertex 31.7622 79.0626 1.73091
      vertex 32.402 78.7097 1.55897
      vertex 32.6136 78.844 1.73091
    endloop
  endfacet
  facet normal -0.170433 -0.663801 0.728231
    outer loop
      vertex 32.402 78.7097 1.55897
      vertex 31.7622 79.0626 1.73091
      vertex 31.5506 78.9283 1.55897
    endloop
  endfacet
  facet normal -0.120064 0.467354 0.87588
    outer loop
      vertex 32.4943 -78.4766 1.41135
      vertex 32.4263 -78.2673 1.29035
      vertex 32.3639 -78.5101 1.41135
    endloop
  endfacet
  facet normal -0.0734773 0.583882 0.808507
    outer loop
      vertex 30.5196 -79.0585 1.55897
      vertex 30.6403 -78.8389 1.41135
      vertex 30.5068 -78.8557 1.41135
    endloop
  endfacet
  facet normal -0.0602545 0.478808 0.875849
    outer loop
      vertex 30.5068 -78.8557 1.41135
      vertex 30.6403 -78.8389 1.41135
      vertex 30.493 -78.6361 1.29035
    endloop
  endfacet
  facet normal 0.123341 0.0235256 0.992085
    outer loop
      vertex -37.3078 -71.7705 1.13543
      vertex -36.9017 -72.5721 1.10395
      vertex -37.0664 -71.7086 1.10395
    endloop
  endfacet
  facet normal 0.123341 0.0235256 0.992085
    outer loop
      vertex -36.9017 -72.5721 1.10395
      vertex -37.3078 -71.7705 1.13543
      vertex -37.1431 -72.634 1.13543
    endloop
  endfacet
  facet normal 0.578073 0.110259 0.808502
    outer loop
      vertex -38.008 -71.8116 1.41135
      vertex -38.0449 -72.7006 1.55897
      vertex -37.8433 -72.6751 1.41135
    endloop
  endfacet
  facet normal 0.578073 0.110259 0.808502
    outer loop
      vertex -38.0449 -72.7006 1.55897
      vertex -38.008 -71.8116 1.41135
      vertex -38.2096 -71.8371 1.55897
    endloop
  endfacet
  facet normal 0.459063 0.148812 0.875852
    outer loop
      vertex -37.3002 -73.6904 1.29035
      vertex -37.3332 -73.5886 1.29035
      vertex -37.5048 -73.7714 1.41135
    endloop
  endfacet
  facet normal 0.651917 0.211456 0.72821
    outer loop
      vertex -37.6938 -73.8462 1.55897
      vertex -37.7432 -73.6939 1.55897
      vertex -37.864 -73.9136 1.73091
    endloop
  endfacet
  facet normal 0.620012 0.291766 0.728325
    outer loop
      vertex -37.6256 -73.991 1.55897
      vertex -37.4897 -74.709 1.73091
      vertex -37.2513 -74.7864 1.55897
    endloop
  endfacet
  facet normal 0.620012 0.291766 0.728325
    outer loop
      vertex -37.4897 -74.709 1.73091
      vertex -37.6256 -73.991 1.55897
      vertex -37.864 -73.9136 1.73091
    endloop
  endfacet
  facet normal -0.170705 0.663566 0.728382
    outer loop
      vertex 32.6136 -78.844 1.73091
      vertex 32.5571 -78.6698 1.55897
      vertex 32.402 -78.7097 1.55897
    endloop
  endfacet
  facet normal 0.123325 0.0238693 0.992079
    outer loop
      vertex -37.0664 -71.7086 1.10395
      vertex -37.0694 -71.6931 1.10395
      vertex -37.3166 -71.7243 1.13543
    endloop
  endfacet
  facet normal 0.119374 0.0389956 0.992083
    outer loop
      vertex -36.8968 -72.5871 1.10395
      vertex -36.9017 -72.5721 1.10395
      vertex -37.1431 -72.634 1.13543
    endloop
  endfacet
  facet normal 0.458854 0.149127 0.875908
    outer loop
      vertex -37.7765 -72.9353 1.41135
      vertex -37.3332 -73.5886 1.29035
      vertex -37.6049 -72.7526 1.29035
    endloop
  endfacet
  facet normal 0.458816 0.149097 0.875933
    outer loop
      vertex -37.3332 -73.5886 1.29035
      vertex -37.7765 -72.9353 1.41135
      vertex -37.5048 -73.7714 1.41135
    endloop
  endfacet
  facet normal -0.125341 -0.992114 0
    outer loop
      vertex -24.4929 -72.7778 1.10395
      vertex -23.6333 -72.8864 1.75
      vertex -24.4929 -72.7778 1.75
    endloop
  endfacet
  facet normal -0.125341 -0.992114 -0
    outer loop
      vertex -23.6333 -72.8864 1.75
      vertex -24.4929 -72.7778 1.10395
      vertex -23.6333 -72.8864 1.10395
    endloop
  endfacet
  facet normal 0.481728 -0.876321 0
    outer loop
      vertex -20.2621 -72.2433 1.10395
      vertex -19.5028 -71.8259 1.75
      vertex -20.2621 -72.2433 1.75
    endloop
  endfacet
  facet normal 0.481728 -0.876321 0
    outer loop
      vertex -19.5028 -71.8259 1.75
      vertex -20.2621 -72.2433 1.10395
      vertex -19.5028 -71.8259 1.10395
    endloop
  endfacet
  facet normal 0.844321 -0.535837 0
    outer loop
      vertex -17.6178 -70.0557 1.75
      vertex -17.1535 -69.3241 1.10395
      vertex -17.1535 -69.3241 1.75
    endloop
  endfacet
  facet normal 0.844321 -0.535837 0
    outer loop
      vertex -17.1535 -69.3241 1.10395
      vertex -17.6178 -70.0557 1.75
      vertex -17.6178 -70.0557 1.10395
    endloop
  endfacet
  facet normal -0.998027 0.0627806 0
    outer loop
      vertex -30.1 -38 1.10395
      vertex -30.0456 -37.1352 1.75
      vertex -30.0456 -37.1352 1.10395
    endloop
  endfacet
  facet normal -0.998027 0.0627806 0
    outer loop
      vertex -30.0456 -37.1352 1.75
      vertex -30.1 -38 1.10395
      vertex -30.1 -38 1.75
    endloop
  endfacet
  facet normal -0.770553 0.637376 0
    outer loop
      vertex -28.7822 -33.9443 1.10395
      vertex -28.2299 -33.2766 1.75
      vertex -28.2299 -33.2766 1.10395
    endloop
  endfacet
  facet normal -0.770553 0.637376 0
    outer loop
      vertex -28.2299 -33.2766 1.75
      vertex -28.7822 -33.9443 1.10395
      vertex -28.7822 -33.9443 1.75
    endloop
  endfacet
  facet normal -0.481728 0.876321 0
    outer loop
      vertex -26.1379 -31.7567 1.10395
      vertex -26.8972 -32.1741 1.75
      vertex -26.1379 -31.7567 1.75
    endloop
  endfacet
  facet normal -0.481728 0.876321 0
    outer loop
      vertex -26.8972 -32.1741 1.75
      vertex -26.1379 -31.7567 1.10395
      vertex -26.8972 -32.1741 1.10395
    endloop
  endfacet
  facet normal -0.248695 -0.968582 0
    outer loop
      vertex -25.3322 -72.5623 1.10395
      vertex -24.4929 -72.7778 1.75
      vertex -25.3322 -72.5623 1.75
    endloop
  endfacet
  facet normal -0.248695 -0.968582 -0
    outer loop
      vertex -24.4929 -72.7778 1.75
      vertex -25.3322 -72.5623 1.10395
      vertex -24.4929 -72.7778 1.10395
    endloop
  endfacet
  facet normal -0.770553 -0.637376 0
    outer loop
      vertex -28.2299 -70.7234 1.10395
      vertex -28.7822 -70.0557 1.75
      vertex -28.7822 -70.0557 1.10395
    endloop
  endfacet
  facet normal -0.770553 -0.637376 0
    outer loop
      vertex -28.7822 -70.0557 1.75
      vertex -28.2299 -70.7234 1.10395
      vertex -28.2299 -70.7234 1.75
    endloop
  endfacet
  facet normal 1 -0 0
    outer loop
      vertex -16.3 -66 1.75
      vertex -16.3 -38 1.10395
      vertex -16.3 -38 1.75
    endloop
  endfacet
  facet normal 1 0 0
    outer loop
      vertex -16.3 -38 1.10395
      vertex -16.3 -66 1.75
      vertex -16.3 -66 1.10395
    endloop
  endfacet
  facet normal -0.481728 -0.876321 0
    outer loop
      vertex -26.8972 -71.8259 1.10395
      vertex -26.1379 -72.2433 1.75
      vertex -26.8972 -71.8259 1.75
    endloop
  endfacet
  facet normal -0.481728 -0.876321 -0
    outer loop
      vertex -26.1379 -72.2433 1.75
      vertex -26.8972 -71.8259 1.10395
      vertex -26.1379 -72.2433 1.10395
    endloop
  endfacet
  facet normal 0.844321 0.535837 0
    outer loop
      vertex -17.1535 -34.6759 1.75
      vertex -17.6178 -33.9443 1.10395
      vertex -17.6178 -33.9443 1.75
    endloop
  endfacet
  facet normal 0.844321 0.535837 0
    outer loop
      vertex -17.6178 -33.9443 1.10395
      vertex -17.1535 -34.6759 1.75
      vertex -17.1535 -34.6759 1.10395
    endloop
  endfacet
  facet normal 0.998027 -0.0627806 0
    outer loop
      vertex -16.3544 -66.8648 1.75
      vertex -16.3 -66 1.10395
      vertex -16.3 -66 1.75
    endloop
  endfacet
  facet normal 0.998027 -0.0627806 0
    outer loop
      vertex -16.3 -66 1.10395
      vertex -16.3544 -66.8648 1.75
      vertex -16.3544 -66.8648 1.10395
    endloop
  endfacet
  facet normal -0.951079 0.308948 0
    outer loop
      vertex -29.8832 -36.284 1.10395
      vertex -29.6155 -35.4599 1.75
      vertex -29.6155 -35.4599 1.10395
    endloop
  endfacet
  facet normal -0.951079 0.308948 0
    outer loop
      vertex -29.6155 -35.4599 1.75
      vertex -29.8832 -36.284 1.10395
      vertex -29.8832 -36.284 1.75
    endloop
  endfacet
  facet normal -0.844321 0.535837 0
    outer loop
      vertex -29.2465 -34.6759 1.10395
      vertex -28.7822 -33.9443 1.75
      vertex -28.7822 -33.9443 1.10395
    endloop
  endfacet
  facet normal -0.844321 0.535837 0
    outer loop
      vertex -28.7822 -33.9443 1.75
      vertex -29.2465 -34.6759 1.10395
      vertex -29.2465 -34.6759 1.75
    endloop
  endfacet
  facet normal 0.368125 0.929776 -0
    outer loop
      vertex -20.2621 -31.7567 1.10395
      vertex -21.0678 -31.4377 1.75
      vertex -20.2621 -31.7567 1.75
    endloop
  endfacet
  facet normal 0.368125 0.929776 0
    outer loop
      vertex -21.0678 -31.4377 1.75
      vertex -20.2621 -31.7567 1.10395
      vertex -21.0678 -31.4377 1.10395
    endloop
  endfacet
  facet normal -0.982282 -0.187409 0
    outer loop
      vertex -29.8832 -67.716 1.10395
      vertex -30.0456 -66.8648 1.75
      vertex -30.0456 -66.8648 1.10395
    endloop
  endfacet
  facet normal -0.982282 -0.187409 0
    outer loop
      vertex -30.0456 -66.8648 1.75
      vertex -29.8832 -67.716 1.10395
      vertex -29.8832 -67.716 1.75
    endloop
  endfacet
  facet normal 0.125341 -0.992114 0
    outer loop
      vertex -22.7667 -72.8864 1.10395
      vertex -21.9071 -72.7778 1.75
      vertex -22.7667 -72.8864 1.75
    endloop
  endfacet
  facet normal 0.125341 -0.992114 0
    outer loop
      vertex -21.9071 -72.7778 1.75
      vertex -22.7667 -72.8864 1.10395
      vertex -21.9071 -72.7778 1.10395
    endloop
  endfacet
  facet normal 0 -1 0
    outer loop
      vertex -23.6333 -72.8864 1.10395
      vertex -22.7667 -72.8864 1.75
      vertex -23.6333 -72.8864 1.75
    endloop
  endfacet
  facet normal 0 -1 -0
    outer loop
      vertex -22.7667 -72.8864 1.75
      vertex -23.6333 -72.8864 1.10395
      vertex -22.7667 -72.8864 1.10395
    endloop
  endfacet
  facet normal -0.368125 -0.929776 0
    outer loop
      vertex -26.1379 -72.2433 1.10395
      vertex -25.3322 -72.5623 1.75
      vertex -26.1379 -72.2433 1.75
    endloop
  endfacet
  facet normal -0.368125 -0.929776 -0
    outer loop
      vertex -25.3322 -72.5623 1.75
      vertex -26.1379 -72.2433 1.10395
      vertex -25.3322 -72.5623 1.10395
    endloop
  endfacet
  facet normal -1 0 0
    outer loop
      vertex -30.1 -66 1.10395
      vertex -30.1 -38 1.75
      vertex -30.1 -38 1.10395
    endloop
  endfacet
  facet normal -1 -0 0
    outer loop
      vertex -30.1 -38 1.75
      vertex -30.1 -66 1.10395
      vertex -30.1 -66 1.75
    endloop
  endfacet
  facet normal -0.587856 -0.808966 0
    outer loop
      vertex -27.5982 -71.3165 1.10395
      vertex -26.8972 -71.8259 1.75
      vertex -27.5982 -71.3165 1.75
    endloop
  endfacet
  facet normal -0.587856 -0.808966 -0
    outer loop
      vertex -26.8972 -71.8259 1.75
      vertex -27.5982 -71.3165 1.10395
      vertex -26.8972 -71.8259 1.10395
    endloop
  endfacet
  facet normal 0.587856 -0.808966 0
    outer loop
      vertex -19.5028 -71.8259 1.10395
      vertex -18.8018 -71.3165 1.75
      vertex -19.5028 -71.8259 1.75
    endloop
  endfacet
  facet normal 0.587856 -0.808966 0
    outer loop
      vertex -18.8018 -71.3165 1.75
      vertex -19.5028 -71.8259 1.10395
      vertex -18.8018 -71.3165 1.10395
    endloop
  endfacet
  facet normal -0.248695 0.968582 0
    outer loop
      vertex -24.4929 -31.2222 1.10395
      vertex -25.3322 -31.4377 1.75
      vertex -24.4929 -31.2222 1.75
    endloop
  endfacet
  facet normal -0.248695 0.968582 0
    outer loop
      vertex -25.3322 -31.4377 1.75
      vertex -24.4929 -31.2222 1.10395
      vertex -25.3322 -31.4377 1.10395
    endloop
  endfacet
  facet normal -0.368125 0.929776 0
    outer loop
      vertex -25.3322 -31.4377 1.10395
      vertex -26.1379 -31.7567 1.75
      vertex -25.3322 -31.4377 1.75
    endloop
  endfacet
  facet normal -0.368125 0.929776 0
    outer loop
      vertex -26.1379 -31.7567 1.75
      vertex -25.3322 -31.4377 1.10395
      vertex -26.1379 -31.7567 1.10395
    endloop
  endfacet
  facet normal 0.248695 0.968582 -0
    outer loop
      vertex -21.0678 -31.4377 1.10395
      vertex -21.9071 -31.2222 1.75
      vertex -21.0678 -31.4377 1.75
    endloop
  endfacet
  facet normal 0.248695 0.968582 0
    outer loop
      vertex -21.9071 -31.2222 1.75
      vertex -21.0678 -31.4377 1.10395
      vertex -21.9071 -31.2222 1.10395
    endloop
  endfacet
  facet normal -0.587856 0.808966 0
    outer loop
      vertex -26.8972 -32.1741 1.10395
      vertex -27.5982 -32.6835 1.75
      vertex -26.8972 -32.1741 1.75
    endloop
  endfacet
  facet normal -0.587856 0.808966 0
    outer loop
      vertex -27.5982 -32.6835 1.75
      vertex -26.8972 -32.1741 1.10395
      vertex -27.5982 -32.6835 1.10395
    endloop
  endfacet
  facet normal 0.904793 0.425853 0
    outer loop
      vertex -16.7845 -35.4599 1.75
      vertex -17.1535 -34.6759 1.10395
      vertex -17.1535 -34.6759 1.75
    endloop
  endfacet
  facet normal 0.904793 0.425853 0
    outer loop
      vertex -17.1535 -34.6759 1.10395
      vertex -16.7845 -35.4599 1.75
      vertex -16.7845 -35.4599 1.10395
    endloop
  endfacet
  facet normal -0.982282 0.187409 0
    outer loop
      vertex -30.0456 -37.1352 1.10395
      vertex -29.8832 -36.284 1.75
      vertex -29.8832 -36.284 1.10395
    endloop
  endfacet
  facet normal -0.982282 0.187409 0
    outer loop
      vertex -29.8832 -36.284 1.75
      vertex -30.0456 -37.1352 1.10395
      vertex -30.0456 -37.1352 1.75
    endloop
  endfacet
  facet normal 0.684482 -0.72903 0
    outer loop
      vertex -18.8018 -71.3165 1.10395
      vertex -18.1701 -70.7234 1.75
      vertex -18.8018 -71.3165 1.75
    endloop
  endfacet
  facet normal 0.684482 -0.72903 0
    outer loop
      vertex -18.1701 -70.7234 1.75
      vertex -18.8018 -71.3165 1.10395
      vertex -18.1701 -70.7234 1.10395
    endloop
  endfacet
  facet normal 0.125341 0.992114 -0
    outer loop
      vertex -21.9071 -31.2222 1.10395
      vertex -22.7667 -31.1136 1.75
      vertex -21.9071 -31.2222 1.75
    endloop
  endfacet
  facet normal 0.125341 0.992114 0
    outer loop
      vertex -22.7667 -31.1136 1.75
      vertex -21.9071 -31.2222 1.10395
      vertex -22.7667 -31.1136 1.10395
    endloop
  endfacet
  facet normal 0 1 -0
    outer loop
      vertex -22.7667 -31.1136 1.10395
      vertex -23.6333 -31.1136 1.75
      vertex -22.7667 -31.1136 1.75
    endloop
  endfacet
  facet normal 0 1 0
    outer loop
      vertex -23.6333 -31.1136 1.75
      vertex -22.7667 -31.1136 1.10395
      vertex -23.6333 -31.1136 1.10395
    endloop
  endfacet
  facet normal -0.904793 0.425853 0
    outer loop
      vertex -29.6155 -35.4599 1.10395
      vertex -29.2465 -34.6759 1.75
      vertex -29.2465 -34.6759 1.10395
    endloop
  endfacet
  facet normal -0.904793 0.425853 0
    outer loop
      vertex -29.2465 -34.6759 1.75
      vertex -29.6155 -35.4599 1.10395
      vertex -29.6155 -35.4599 1.75
    endloop
  endfacet
  facet normal 0.998027 0.0627806 0
    outer loop
      vertex -16.3 -38 1.75
      vertex -16.3544 -37.1352 1.10395
      vertex -16.3544 -37.1352 1.75
    endloop
  endfacet
  facet normal 0.998027 0.0627806 0
    outer loop
      vertex -16.3544 -37.1352 1.10395
      vertex -16.3 -38 1.75
      vertex -16.3 -38 1.10395
    endloop
  endfacet
  facet normal 0.982282 0.187409 0
    outer loop
      vertex -16.3544 -37.1352 1.75
      vertex -16.5168 -36.284 1.10395
      vertex -16.5168 -36.284 1.75
    endloop
  endfacet
  facet normal 0.982282 0.187409 0
    outer loop
      vertex -16.5168 -36.284 1.10395
      vertex -16.3544 -37.1352 1.75
      vertex -16.3544 -37.1352 1.10395
    endloop
  endfacet
  facet normal 0.368125 -0.929776 0
    outer loop
      vertex -21.0678 -72.5623 1.10395
      vertex -20.2621 -72.2433 1.75
      vertex -21.0678 -72.5623 1.75
    endloop
  endfacet
  facet normal 0.368125 -0.929776 0
    outer loop
      vertex -20.2621 -72.2433 1.75
      vertex -21.0678 -72.5623 1.10395
      vertex -20.2621 -72.2433 1.10395
    endloop
  endfacet
  facet normal -0.684482 -0.72903 0
    outer loop
      vertex -28.2299 -70.7234 1.10395
      vertex -27.5982 -71.3165 1.75
      vertex -28.2299 -70.7234 1.75
    endloop
  endfacet
  facet normal -0.684482 -0.72903 -0
    outer loop
      vertex -27.5982 -71.3165 1.75
      vertex -28.2299 -70.7234 1.10395
      vertex -27.5982 -71.3165 1.10395
    endloop
  endfacet
  facet normal 0.770553 0.637376 0
    outer loop
      vertex -17.6178 -33.9443 1.75
      vertex -18.1701 -33.2766 1.10395
      vertex -18.1701 -33.2766 1.75
    endloop
  endfacet
  facet normal 0.770553 0.637376 0
    outer loop
      vertex -18.1701 -33.2766 1.10395
      vertex -17.6178 -33.9443 1.75
      vertex -17.6178 -33.9443 1.10395
    endloop
  endfacet
  facet normal 0.587856 0.808966 -0
    outer loop
      vertex -18.8018 -32.6835 1.10395
      vertex -19.5028 -32.1741 1.75
      vertex -18.8018 -32.6835 1.75
    endloop
  endfacet
  facet normal 0.587856 0.808966 0
    outer loop
      vertex -19.5028 -32.1741 1.75
      vertex -18.8018 -32.6835 1.10395
      vertex -19.5028 -32.1741 1.10395
    endloop
  endfacet
  facet normal 0.770553 -0.637376 0
    outer loop
      vertex -18.1701 -70.7234 1.75
      vertex -17.6178 -70.0557 1.10395
      vertex -17.6178 -70.0557 1.75
    endloop
  endfacet
  facet normal 0.770553 -0.637376 0
    outer loop
      vertex -17.6178 -70.0557 1.10395
      vertex -18.1701 -70.7234 1.75
      vertex -18.1701 -70.7234 1.10395
    endloop
  endfacet
  facet normal -0.951079 -0.308948 0
    outer loop
      vertex -29.6155 -68.5401 1.10395
      vertex -29.8832 -67.716 1.75
      vertex -29.8832 -67.716 1.10395
    endloop
  endfacet
  facet normal -0.951079 -0.308948 0
    outer loop
      vertex -29.8832 -67.716 1.75
      vertex -29.6155 -68.5401 1.10395
      vertex -29.6155 -68.5401 1.75
    endloop
  endfacet
  facet normal -0.998027 -0.0627806 0
    outer loop
      vertex -30.0456 -66.8648 1.10395
      vertex -30.1 -66 1.75
      vertex -30.1 -66 1.10395
    endloop
  endfacet
  facet normal -0.998027 -0.0627806 0
    outer loop
      vertex -30.1 -66 1.75
      vertex -30.0456 -66.8648 1.10395
      vertex -30.0456 -66.8648 1.75
    endloop
  endfacet
  facet normal 0.904793 -0.425853 0
    outer loop
      vertex -17.1535 -69.3241 1.75
      vertex -16.7845 -68.5401 1.10395
      vertex -16.7845 -68.5401 1.75
    endloop
  endfacet
  facet normal 0.904793 -0.425853 0
    outer loop
      vertex -16.7845 -68.5401 1.10395
      vertex -17.1535 -69.3241 1.75
      vertex -17.1535 -69.3241 1.10395
    endloop
  endfacet
  facet normal 0 0 1
    outer loop
      vertex -17.2 -38 1.75
      vertex -16.3 -38 1.75
      vertex -16.3544 -37.1352 1.75
    endloop
  endfacet
  facet normal 0 0 1
    outer loop
      vertex -16.3 -38 1.75
      vertex -17.2 -38 1.75
      vertex -16.3 -66 1.75
    endloop
  endfacet
  facet normal 0 0 1
    outer loop
      vertex -17.2473 -37.248 1.75
      vertex -16.3544 -37.1352 1.75
      vertex -16.5168 -36.284 1.75
    endloop
  endfacet
  facet normal 0 0 1
    outer loop
      vertex -17.2 -66 1.75
      vertex -16.3 -66 1.75
      vertex -17.2 -38 1.75
    endloop
  endfacet
  facet normal 0 0 1
    outer loop
      vertex -17.3885 -36.5079 1.75
      vertex -16.5168 -36.284 1.75
      vertex -16.7845 -35.4599 1.75
    endloop
  endfacet
  facet normal 0 0 1
    outer loop
      vertex -16.3 -66 1.75
      vertex -17.2 -66 1.75
      vertex -16.3544 -66.8648 1.75
    endloop
  endfacet
  facet normal 0 0 1
    outer loop
      vertex -17.6213 -35.7913 1.75
      vertex -16.7845 -35.4599 1.75
      vertex -17.1535 -34.6759 1.75
    endloop
  endfacet
  facet normal -0 0 1
    outer loop
      vertex -17.2473 -66.752 1.75
      vertex -16.3544 -66.8648 1.75
      vertex -17.2 -66 1.75
    endloop
  endfacet
  facet normal 0 0 1
    outer loop
      vertex -16.3544 -66.8648 1.75
      vertex -17.2473 -66.752 1.75
      vertex -16.5168 -67.716 1.75
    endloop
  endfacet
  facet normal 0 0 1
    outer loop
      vertex -16.3544 -37.1352 1.75
      vertex -17.2473 -37.248 1.75
      vertex -17.2 -38 1.75
    endloop
  endfacet
  facet normal 0 0 1
    outer loop
      vertex -16.5168 -36.284 1.75
      vertex -17.3885 -36.5079 1.75
      vertex -17.2473 -37.248 1.75
    endloop
  endfacet
  facet normal 0 0 1
    outer loop
      vertex -17.9422 -35.1095 1.75
      vertex -17.1535 -34.6759 1.75
      vertex -17.6178 -33.9443 1.75
    endloop
  endfacet
  facet normal 0 0 1
    outer loop
      vertex -16.7845 -35.4599 1.75
      vertex -17.6213 -35.7913 1.75
      vertex -17.3885 -36.5079 1.75
    endloop
  endfacet
  facet normal 0 0 1
    outer loop
      vertex -17.1535 -34.6759 1.75
      vertex -17.9422 -35.1095 1.75
      vertex -17.6213 -35.7913 1.75
    endloop
  endfacet
  facet normal 0 0 1
    outer loop
      vertex -18.3459 -34.4733 1.75
      vertex -17.6178 -33.9443 1.75
      vertex -18.1701 -33.2766 1.75
    endloop
  endfacet
  facet normal 0 0 1
    outer loop
      vertex -17.6178 -33.9443 1.75
      vertex -18.3459 -34.4733 1.75
      vertex -17.9422 -35.1095 1.75
    endloop
  endfacet
  facet normal 0 0 1
    outer loop
      vertex -18.8262 -33.8927 1.75
      vertex -18.1701 -33.2766 1.75
      vertex -18.8018 -32.6835 1.75
    endloop
  endfacet
  facet normal 0 0 1
    outer loop
      vertex -18.1701 -33.2766 1.75
      vertex -18.8262 -33.8927 1.75
      vertex -18.3459 -34.4733 1.75
    endloop
  endfacet
  facet normal 0 0 1
    outer loop
      vertex -18.8018 -32.6835 1.75
      vertex -19.3755 -33.3769 1.75
      vertex -18.8262 -33.8927 1.75
    endloop
  endfacet
  facet normal 0 0 1
    outer loop
      vertex -19.5028 -32.1741 1.75
      vertex -19.3755 -33.3769 1.75
      vertex -18.8018 -32.6835 1.75
    endloop
  endfacet
  facet normal 0 0 1
    outer loop
      vertex -19.5028 -32.1741 1.75
      vertex -19.985 -32.934 1.75
      vertex -19.3755 -33.3769 1.75
    endloop
  endfacet
  facet normal 0 0 1
    outer loop
      vertex -20.2621 -31.7567 1.75
      vertex -19.985 -32.934 1.75
      vertex -19.5028 -32.1741 1.75
    endloop
  endfacet
  facet normal 0 0 1
    outer loop
      vertex -20.2621 -31.7567 1.75
      vertex -20.6453 -32.571 1.75
      vertex -19.985 -32.934 1.75
    endloop
  endfacet
  facet normal 0 0 1
    outer loop
      vertex -21.0678 -31.4377 1.75
      vertex -20.6453 -32.571 1.75
      vertex -20.2621 -31.7567 1.75
    endloop
  endfacet
  facet normal 0 0 1
    outer loop
      vertex -21.0678 -31.4377 1.75
      vertex -21.3459 -32.2937 1.75
      vertex -20.6453 -32.571 1.75
    endloop
  endfacet
  facet normal 0 0 1
    outer loop
      vertex -21.9071 -31.2222 1.75
      vertex -21.3459 -32.2937 1.75
      vertex -21.0678 -31.4377 1.75
    endloop
  endfacet
  facet normal 0 0 1
    outer loop
      vertex -21.9071 -31.2222 1.75
      vertex -22.0757 -32.1063 1.75
      vertex -21.3459 -32.2937 1.75
    endloop
  endfacet
  facet normal 0 0 1
    outer loop
      vertex -22.7667 -31.1136 1.75
      vertex -22.0757 -32.1063 1.75
      vertex -21.9071 -31.2222 1.75
    endloop
  endfacet
  facet normal 0 0 1
    outer loop
      vertex -22.7667 -31.1136 1.75
      vertex -22.8233 -32.0118 1.75
      vertex -22.0757 -32.1063 1.75
    endloop
  endfacet
  facet normal 0 0 1
    outer loop
      vertex -22.7667 -31.1136 1.75
      vertex -23.5767 -32.0118 1.75
      vertex -22.8233 -32.0118 1.75
    endloop
  endfacet
  facet normal -0 0 1
    outer loop
      vertex -23.6333 -31.1136 1.75
      vertex -23.5767 -32.0118 1.75
      vertex -22.7667 -31.1136 1.75
    endloop
  endfacet
  facet normal 0 0 1
    outer loop
      vertex -23.6333 -31.1136 1.75
      vertex -24.3243 -32.1063 1.75
      vertex -23.5767 -32.0118 1.75
    endloop
  endfacet
  facet normal -0 0 1
    outer loop
      vertex -24.4929 -31.2222 1.75
      vertex -24.3243 -32.1063 1.75
      vertex -23.6333 -31.1136 1.75
    endloop
  endfacet
  facet normal 0 0 1
    outer loop
      vertex -24.4929 -31.2222 1.75
      vertex -25.0541 -32.2937 1.75
      vertex -24.3243 -32.1063 1.75
    endloop
  endfacet
  facet normal -0 0 1
    outer loop
      vertex -25.3322 -31.4377 1.75
      vertex -25.0541 -32.2937 1.75
      vertex -24.4929 -31.2222 1.75
    endloop
  endfacet
  facet normal 0 0 1
    outer loop
      vertex -25.3322 -31.4377 1.75
      vertex -25.7547 -32.571 1.75
      vertex -25.0541 -32.2937 1.75
    endloop
  endfacet
  facet normal -0 0 1
    outer loop
      vertex -26.1379 -31.7567 1.75
      vertex -25.7547 -32.571 1.75
      vertex -25.3322 -31.4377 1.75
    endloop
  endfacet
  facet normal 0 0 1
    outer loop
      vertex -26.1379 -31.7567 1.75
      vertex -26.415 -32.934 1.75
      vertex -25.7547 -32.571 1.75
    endloop
  endfacet
  facet normal -0 0 1
    outer loop
      vertex -26.8972 -32.1741 1.75
      vertex -26.415 -32.934 1.75
      vertex -26.1379 -31.7567 1.75
    endloop
  endfacet
  facet normal 0 0 1
    outer loop
      vertex -26.8972 -32.1741 1.75
      vertex -27.0245 -33.3769 1.75
      vertex -26.415 -32.934 1.75
    endloop
  endfacet
  facet normal -0 0 1
    outer loop
      vertex -27.5982 -32.6835 1.75
      vertex -27.0245 -33.3769 1.75
      vertex -26.8972 -32.1741 1.75
    endloop
  endfacet
  facet normal 0 0 1
    outer loop
      vertex -27.0245 -33.3769 1.75
      vertex -27.5982 -32.6835 1.75
      vertex -27.5738 -33.8927 1.75
    endloop
  endfacet
  facet normal -0 0 1
    outer loop
      vertex -28.2299 -33.2766 1.75
      vertex -27.5738 -33.8927 1.75
      vertex -27.5982 -32.6835 1.75
    endloop
  endfacet
  facet normal 0 0 1
    outer loop
      vertex -27.5738 -33.8927 1.75
      vertex -28.2299 -33.2766 1.75
      vertex -28.0541 -34.4733 1.75
    endloop
  endfacet
  facet normal -0 0 1
    outer loop
      vertex -28.7822 -33.9443 1.75
      vertex -28.0541 -34.4733 1.75
      vertex -28.2299 -33.2766 1.75
    endloop
  endfacet
  facet normal 0 0 1
    outer loop
      vertex -28.0541 -34.4733 1.75
      vertex -28.7822 -33.9443 1.75
      vertex -28.4578 -35.1095 1.75
    endloop
  endfacet
  facet normal -0 0 1
    outer loop
      vertex -29.2465 -34.6759 1.75
      vertex -28.4578 -35.1095 1.75
      vertex -28.7822 -33.9443 1.75
    endloop
  endfacet
  facet normal 0 0 1
    outer loop
      vertex -28.4578 -35.1095 1.75
      vertex -29.2465 -34.6759 1.75
      vertex -28.7787 -35.7913 1.75
    endloop
  endfacet
  facet normal -0 0 1
    outer loop
      vertex -29.6155 -35.4599 1.75
      vertex -28.7787 -35.7913 1.75
      vertex -29.2465 -34.6759 1.75
    endloop
  endfacet
  facet normal 0 0 1
    outer loop
      vertex -29.0115 -36.5079 1.75
      vertex -29.8832 -36.284 1.75
      vertex -29.1527 -37.248 1.75
    endloop
  endfacet
  facet normal -0 0 1
    outer loop
      vertex -29.8832 -36.284 1.75
      vertex -29.0115 -36.5079 1.75
      vertex -29.6155 -35.4599 1.75
    endloop
  endfacet
  facet normal 0 0 1
    outer loop
      vertex -28.7787 -35.7913 1.75
      vertex -29.6155 -35.4599 1.75
      vertex -29.0115 -36.5079 1.75
    endloop
  endfacet
  facet normal -0 0 1
    outer loop
      vertex -17.3885 -67.4921 1.75
      vertex -16.5168 -67.716 1.75
      vertex -17.2473 -66.752 1.75
    endloop
  endfacet
  facet normal 0 0 1
    outer loop
      vertex -16.5168 -67.716 1.75
      vertex -17.3885 -67.4921 1.75
      vertex -16.7845 -68.5401 1.75
    endloop
  endfacet
  facet normal -0 0 1
    outer loop
      vertex -17.6213 -68.2087 1.75
      vertex -16.7845 -68.5401 1.75
      vertex -17.3885 -67.4921 1.75
    endloop
  endfacet
  facet normal 0 0 1
    outer loop
      vertex -16.7845 -68.5401 1.75
      vertex -17.6213 -68.2087 1.75
      vertex -17.1535 -69.3241 1.75
    endloop
  endfacet
  facet normal -0 0 1
    outer loop
      vertex -17.9422 -68.8905 1.75
      vertex -17.1535 -69.3241 1.75
      vertex -17.6213 -68.2087 1.75
    endloop
  endfacet
  facet normal 0 0 1
    outer loop
      vertex -17.1535 -69.3241 1.75
      vertex -17.9422 -68.8905 1.75
      vertex -17.6178 -70.0557 1.75
    endloop
  endfacet
  facet normal -0 0 1
    outer loop
      vertex -18.3459 -69.5267 1.75
      vertex -17.6178 -70.0557 1.75
      vertex -17.9422 -68.8905 1.75
    endloop
  endfacet
  facet normal 0 0 1
    outer loop
      vertex -17.6178 -70.0557 1.75
      vertex -18.3459 -69.5267 1.75
      vertex -18.1701 -70.7234 1.75
    endloop
  endfacet
  facet normal -0 0 1
    outer loop
      vertex -18.8262 -70.1073 1.75
      vertex -18.1701 -70.7234 1.75
      vertex -18.3459 -69.5267 1.75
    endloop
  endfacet
  facet normal 0 0 1
    outer loop
      vertex -18.1701 -70.7234 1.75
      vertex -18.8262 -70.1073 1.75
      vertex -18.8018 -71.3165 1.75
    endloop
  endfacet
  facet normal -0 0 1
    outer loop
      vertex -19.3755 -70.6231 1.75
      vertex -18.8018 -71.3165 1.75
      vertex -18.8262 -70.1073 1.75
    endloop
  endfacet
  facet normal 0 0 1
    outer loop
      vertex -19.3755 -70.6231 1.75
      vertex -19.5028 -71.8259 1.75
      vertex -18.8018 -71.3165 1.75
    endloop
  endfacet
  facet normal -0 0 1
    outer loop
      vertex -19.985 -71.066 1.75
      vertex -19.5028 -71.8259 1.75
      vertex -19.3755 -70.6231 1.75
    endloop
  endfacet
  facet normal 0 0 1
    outer loop
      vertex -19.985 -71.066 1.75
      vertex -20.2621 -72.2433 1.75
      vertex -19.5028 -71.8259 1.75
    endloop
  endfacet
  facet normal -0 0 1
    outer loop
      vertex -20.6453 -71.429 1.75
      vertex -20.2621 -72.2433 1.75
      vertex -19.985 -71.066 1.75
    endloop
  endfacet
  facet normal 0 0 1
    outer loop
      vertex -20.6453 -71.429 1.75
      vertex -21.0678 -72.5623 1.75
      vertex -20.2621 -72.2433 1.75
    endloop
  endfacet
  facet normal -0 0 1
    outer loop
      vertex -21.3459 -71.7063 1.75
      vertex -21.0678 -72.5623 1.75
      vertex -20.6453 -71.429 1.75
    endloop
  endfacet
  facet normal 0 0 1
    outer loop
      vertex -21.3459 -71.7063 1.75
      vertex -21.9071 -72.7778 1.75
      vertex -21.0678 -72.5623 1.75
    endloop
  endfacet
  facet normal -0 0 1
    outer loop
      vertex -22.0757 -71.8937 1.75
      vertex -21.9071 -72.7778 1.75
      vertex -21.3459 -71.7063 1.75
    endloop
  endfacet
  facet normal 0 0 1
    outer loop
      vertex -22.0757 -71.8937 1.75
      vertex -22.7667 -72.8864 1.75
      vertex -21.9071 -72.7778 1.75
    endloop
  endfacet
  facet normal -0 0 1
    outer loop
      vertex -22.8233 -71.9882 1.75
      vertex -22.7667 -72.8864 1.75
      vertex -22.0757 -71.8937 1.75
    endloop
  endfacet
  facet normal -0 0 1
    outer loop
      vertex -23.5767 -71.9882 1.75
      vertex -22.7667 -72.8864 1.75
      vertex -22.8233 -71.9882 1.75
    endloop
  endfacet
  facet normal 0 0 1
    outer loop
      vertex -23.5767 -71.9882 1.75
      vertex -23.6333 -72.8864 1.75
      vertex -22.7667 -72.8864 1.75
    endloop
  endfacet
  facet normal 0 0 1
    outer loop
      vertex -24.3243 -71.8937 1.75
      vertex -23.6333 -72.8864 1.75
      vertex -23.5767 -71.9882 1.75
    endloop
  endfacet
  facet normal 0 0 1
    outer loop
      vertex -24.3243 -71.8937 1.75
      vertex -24.4929 -72.7778 1.75
      vertex -23.6333 -72.8864 1.75
    endloop
  endfacet
  facet normal 0 0 1
    outer loop
      vertex -25.0541 -71.7063 1.75
      vertex -24.4929 -72.7778 1.75
      vertex -24.3243 -71.8937 1.75
    endloop
  endfacet
  facet normal 0 0 1
    outer loop
      vertex -25.0541 -71.7063 1.75
      vertex -25.3322 -72.5623 1.75
      vertex -24.4929 -72.7778 1.75
    endloop
  endfacet
  facet normal 0 0 1
    outer loop
      vertex -25.7547 -71.429 1.75
      vertex -25.3322 -72.5623 1.75
      vertex -25.0541 -71.7063 1.75
    endloop
  endfacet
  facet normal 0 0 1
    outer loop
      vertex -25.7547 -71.429 1.75
      vertex -26.1379 -72.2433 1.75
      vertex -25.3322 -72.5623 1.75
    endloop
  endfacet
  facet normal 0 0 1
    outer loop
      vertex -26.415 -71.066 1.75
      vertex -26.1379 -72.2433 1.75
      vertex -25.7547 -71.429 1.75
    endloop
  endfacet
  facet normal 0 0 1
    outer loop
      vertex -26.415 -71.066 1.75
      vertex -26.8972 -71.8259 1.75
      vertex -26.1379 -72.2433 1.75
    endloop
  endfacet
  facet normal 0 0 1
    outer loop
      vertex -27.0245 -70.6231 1.75
      vertex -26.8972 -71.8259 1.75
      vertex -26.415 -71.066 1.75
    endloop
  endfacet
  facet normal 0 0 1
    outer loop
      vertex -27.5982 -71.3165 1.75
      vertex -27.0245 -70.6231 1.75
      vertex -27.5738 -70.1073 1.75
    endloop
  endfacet
  facet normal 0 0 1
    outer loop
      vertex -27.0245 -70.6231 1.75
      vertex -27.5982 -71.3165 1.75
      vertex -26.8972 -71.8259 1.75
    endloop
  endfacet
  facet normal 0 0 1
    outer loop
      vertex -28.2299 -70.7234 1.75
      vertex -27.5738 -70.1073 1.75
      vertex -28.0541 -69.5267 1.75
    endloop
  endfacet
  facet normal 0 0 1
    outer loop
      vertex -27.5738 -70.1073 1.75
      vertex -28.2299 -70.7234 1.75
      vertex -27.5982 -71.3165 1.75
    endloop
  endfacet
  facet normal 0 0 1
    outer loop
      vertex -28.7822 -70.0557 1.75
      vertex -28.0541 -69.5267 1.75
      vertex -28.4578 -68.8905 1.75
    endloop
  endfacet
  facet normal 0 0 1
    outer loop
      vertex -29.2465 -69.3241 1.75
      vertex -28.4578 -68.8905 1.75
      vertex -28.7787 -68.2087 1.75
    endloop
  endfacet
  facet normal 0 0 1
    outer loop
      vertex -28.0541 -69.5267 1.75
      vertex -28.7822 -70.0557 1.75
      vertex -28.2299 -70.7234 1.75
    endloop
  endfacet
  facet normal 0 0 1
    outer loop
      vertex -29.6155 -68.5401 1.75
      vertex -28.7787 -68.2087 1.75
      vertex -29.0115 -67.4921 1.75
    endloop
  endfacet
  facet normal 0 0 1
    outer loop
      vertex -29.8832 -67.716 1.75
      vertex -29.0115 -67.4921 1.75
      vertex -29.1527 -66.752 1.75
    endloop
  endfacet
  facet normal 0 0 1
    outer loop
      vertex -28.4578 -68.8905 1.75
      vertex -29.2465 -69.3241 1.75
      vertex -28.7822 -70.0557 1.75
    endloop
  endfacet
  facet normal 0 0 1
    outer loop
      vertex -30.0456 -66.8648 1.75
      vertex -29.1527 -66.752 1.75
      vertex -29.2 -66 1.75
    endloop
  endfacet
  facet normal 0 0 1
    outer loop
      vertex -29.2 -38 1.75
      vertex -30.1 -38 1.75
      vertex -29.2 -66 1.75
    endloop
  endfacet
  facet normal -0 0 1
    outer loop
      vertex -30.0456 -37.1352 1.75
      vertex -29.1527 -37.248 1.75
      vertex -29.8832 -36.284 1.75
    endloop
  endfacet
  facet normal 0 0 1
    outer loop
      vertex -30.1 -66 1.75
      vertex -29.2 -66 1.75
      vertex -30.1 -38 1.75
    endloop
  endfacet
  facet normal 0 0 1
    outer loop
      vertex -29.1527 -37.248 1.75
      vertex -30.0456 -37.1352 1.75
      vertex -29.2 -38 1.75
    endloop
  endfacet
  facet normal 0 -0 1
    outer loop
      vertex -30.0456 -66.8648 1.75
      vertex -29.2 -66 1.75
      vertex -30.1 -66 1.75
    endloop
  endfacet
  facet normal 0 0 1
    outer loop
      vertex -29.2 -38 1.75
      vertex -30.0456 -37.1352 1.75
      vertex -30.1 -38 1.75
    endloop
  endfacet
  facet normal 0 0 1
    outer loop
      vertex -28.7787 -68.2087 1.75
      vertex -29.6155 -68.5401 1.75
      vertex -29.2465 -69.3241 1.75
    endloop
  endfacet
  facet normal 0 0 1
    outer loop
      vertex -29.0115 -67.4921 1.75
      vertex -29.8832 -67.716 1.75
      vertex -29.6155 -68.5401 1.75
    endloop
  endfacet
  facet normal 0 0 1
    outer loop
      vertex -29.1527 -66.752 1.75
      vertex -30.0456 -66.8648 1.75
      vertex -29.8832 -67.716 1.75
    endloop
  endfacet
  facet normal -0.844321 -0.535837 0
    outer loop
      vertex -28.7822 -70.0557 1.10395
      vertex -29.2465 -69.3241 1.75
      vertex -29.2465 -69.3241 1.10395
    endloop
  endfacet
  facet normal -0.844321 -0.535837 0
    outer loop
      vertex -29.2465 -69.3241 1.75
      vertex -28.7822 -70.0557 1.10395
      vertex -28.7822 -70.0557 1.75
    endloop
  endfacet
  facet normal 0.248695 -0.968582 0
    outer loop
      vertex -21.9071 -72.7778 1.10395
      vertex -21.0678 -72.5623 1.75
      vertex -21.9071 -72.7778 1.75
    endloop
  endfacet
  facet normal 0.248695 -0.968582 0
    outer loop
      vertex -21.0678 -72.5623 1.75
      vertex -21.9071 -72.7778 1.10395
      vertex -21.0678 -72.5623 1.10395
    endloop
  endfacet
  facet normal 0.684482 0.72903 -0
    outer loop
      vertex -18.1701 -33.2766 1.10395
      vertex -18.8018 -32.6835 1.75
      vertex -18.1701 -33.2766 1.75
    endloop
  endfacet
  facet normal 0.684482 0.72903 0
    outer loop
      vertex -18.8018 -32.6835 1.75
      vertex -18.1701 -33.2766 1.10395
      vertex -18.8018 -32.6835 1.10395
    endloop
  endfacet
  facet normal 0.481728 0.876321 -0
    outer loop
      vertex -19.5028 -32.1741 1.10395
      vertex -20.2621 -31.7567 1.75
      vertex -19.5028 -32.1741 1.75
    endloop
  endfacet
  facet normal 0.481728 0.876321 0
    outer loop
      vertex -20.2621 -31.7567 1.75
      vertex -19.5028 -32.1741 1.10395
      vertex -20.2621 -31.7567 1.10395
    endloop
  endfacet
  facet normal 0.951079 0.308948 0
    outer loop
      vertex -16.5168 -36.284 1.75
      vertex -16.7845 -35.4599 1.10395
      vertex -16.7845 -35.4599 1.75
    endloop
  endfacet
  facet normal 0.951079 0.308948 0
    outer loop
      vertex -16.7845 -35.4599 1.10395
      vertex -16.5168 -36.284 1.75
      vertex -16.5168 -36.284 1.10395
    endloop
  endfacet
  facet normal -0.125341 0.992114 0
    outer loop
      vertex -23.6333 -31.1136 1.10395
      vertex -24.4929 -31.2222 1.75
      vertex -23.6333 -31.1136 1.75
    endloop
  endfacet
  facet normal -0.125341 0.992114 0
    outer loop
      vertex -24.4929 -31.2222 1.75
      vertex -23.6333 -31.1136 1.10395
      vertex -24.4929 -31.2222 1.10395
    endloop
  endfacet
  facet normal -0.684482 0.72903 0
    outer loop
      vertex -27.5982 -32.6835 1.10395
      vertex -28.2299 -33.2766 1.75
      vertex -27.5982 -32.6835 1.75
    endloop
  endfacet
  facet normal -0.684482 0.72903 0
    outer loop
      vertex -28.2299 -33.2766 1.75
      vertex -27.5982 -32.6835 1.10395
      vertex -28.2299 -33.2766 1.10395
    endloop
  endfacet
  facet normal 0.982282 -0.187409 0
    outer loop
      vertex -16.5168 -67.716 1.75
      vertex -16.3544 -66.8648 1.10395
      vertex -16.3544 -66.8648 1.75
    endloop
  endfacet
  facet normal 0.982282 -0.187409 0
    outer loop
      vertex -16.3544 -66.8648 1.10395
      vertex -16.5168 -67.716 1.75
      vertex -16.5168 -67.716 1.10395
    endloop
  endfacet
  facet normal 0.951079 -0.308948 0
    outer loop
      vertex -16.7845 -68.5401 1.75
      vertex -16.5168 -67.716 1.10395
      vertex -16.5168 -67.716 1.75
    endloop
  endfacet
  facet normal 0.951079 -0.308948 0
    outer loop
      vertex -16.5168 -67.716 1.10395
      vertex -16.7845 -68.5401 1.75
      vertex -16.7845 -68.5401 1.10395
    endloop
  endfacet
  facet normal -0.904793 -0.425853 0
    outer loop
      vertex -29.2465 -69.3241 1.10395
      vertex -29.6155 -68.5401 1.75
      vertex -29.6155 -68.5401 1.10395
    endloop
  endfacet
  facet normal -0.904793 -0.425853 0
    outer loop
      vertex -29.6155 -68.5401 1.75
      vertex -29.2465 -69.3241 1.10395
      vertex -29.2465 -69.3241 1.75
    endloop
  endfacet
  facet normal -0.742187 0.0549768 -0.667934
    outer loop
      vertex -25.4 50 2.1
      vertex -24.5034 50.0027 1.10395
      vertex -24.5036 50 1.10395
    endloop
  endfacet
  facet normal -0.742488 0.0467346 -0.668228
    outer loop
      vertex -24.5034 50.0027 1.10395
      vertex -25.4 50 2.1
      vertex -25.3574 50.6768 2.1
    endloop
  endfacet
  facet normal 0.628134 0.398664 -0.668218
    outer loop
      vertex -16.0549 52.1719 1.10395
      vertex -16.3565 52.6471 1.10395
      vertex -15.6313 53.174 2.1
    endloop
  endfacet
  facet normal -0.358384 -0.651937 -0.668235
    outer loop
      vertex -22.8935 45.4406 2.1
      vertex -22.4108 46.1962 1.10395
      vertex -22.2992 45.1139 2.1
    endloop
  endfacet
  facet normal -0.36595 -0.64745 -0.668498
    outer loop
      vertex -22.4108 46.1962 1.10395
      vertex -22.8935 45.4406 2.1
      vertex -22.4131 46.1975 1.10395
    endloop
  endfacet
  facet normal 0.742488 0.0467346 -0.668228
    outer loop
      vertex -14.6 50 2.1
      vertex -15.4966 50.0027 1.10395
      vertex -14.6426 50.6768 2.1
    endloop
  endfacet
  facet normal 0.742187 0.0549768 -0.667934
    outer loop
      vertex -15.4966 50.0027 1.10395
      vertex -14.6 50 2.1
      vertex -15.4964 50 1.10395
    endloop
  endfacet
  facet normal 0.742466 0.0467924 -0.668248
    outer loop
      vertex -15.4966 50.0027 1.10395
      vertex -15.532 50.5644 1.10395
      vertex -14.6426 50.6768 2.1
    endloop
  endfacet
  facet normal 0.509273 -0.542296 -0.668248
    outer loop
      vertex -16.719 46.9153 1.10395
      vertex -16.0636 46.3034 2.1
      vertex -16.5579 45.8392 2.1
    endloop
  endfacet
  facet normal 0.511576 -0.539997 -0.668351
    outer loop
      vertex -16.0636 46.3034 2.1
      vertex -16.719 46.9153 1.10395
      vertex -16.7171 46.9171 1.10395
    endloop
  endfacet
  facet normal 0 -0.743979 -0.668203
    outer loop
      vertex -20.2828 45.5053 1.10395
      vertex -19.6609 44.6107 2.1
      vertex -20.3391 44.6107 2.1
    endloop
  endfacet
  facet normal 0 -0.743979 -0.668203
    outer loop
      vertex -19.6609 44.6107 2.1
      vertex -20.2828 45.5053 1.10395
      vertex -19.7172 45.5053 1.10395
    endloop
  endfacet
  facet normal 0.635181 0.386632 -0.668626
    outer loop
      vertex -16.0549 52.1719 1.10395
      vertex -15.2679 52.6015 2.1
      vertex -16.0535 52.1696 1.10395
    endloop
  endfacet
  facet normal 0.6281 0.398693 -0.668233
    outer loop
      vertex -15.2679 52.6015 2.1
      vertex -16.0549 52.1719 1.10395
      vertex -15.6313 53.174 2.1
    endloop
  endfacet
  facet normal -0.437568 0.601656 -0.66824
    outer loop
      vertex -22.4153 53.8009 1.10395
      vertex -22.8935 54.5594 2.1
      vertex -22.4131 53.8025 1.10395
    endloop
  endfacet
  facet normal -0.437288 0.601847 -0.668251
    outer loop
      vertex -22.8935 54.5594 2.1
      vertex -22.4153 53.8009 1.10395
      vertex -23.4421 54.1608 2.1
    endloop
  endfacet
  facet normal -0.358292 0.651956 -0.668266
    outer loop
      vertex -21.9175 54.0749 1.10395
      vertex -22.4108 53.8038 1.10395
      vertex -22.2992 54.8861 2.1
    endloop
  endfacet
  facet normal 0.18503 -0.72056 -0.66825
    outer loop
      vertex -18.9881 44.6956 2.1
      vertex -19.1561 45.5762 1.10395
      vertex -18.6109 45.7162 1.10395
    endloop
  endfacet
  facet normal 0.573239 -0.474189 -0.668238
    outer loop
      vertex -16.3583 47.3508 1.10395
      vertex -15.6313 46.826 2.1
      vertex -16.0636 46.3034 2.1
    endloop
  endfacet
  facet normal 0.565177 -0.484437 -0.667754
    outer loop
      vertex -15.6313 46.826 2.1
      vertex -16.3583 47.3508 1.10395
      vertex -16.3565 47.3529 1.10395
    endloop
  endfacet
  facet normal 0.0933205 0.738104 -0.668201
    outer loop
      vertex -19.1588 54.4241 1.10395
      vertex -19.7172 54.4947 1.10395
      vertex -19.6609 55.3893 2.1
    endloop
  endfacet
  facet normal -0.6742 -0.309009 -0.670796
    outer loop
      vertex -23.9465 47.8304 1.10395
      vertex -25.0208 48.0121 2.1
      vertex -23.9476 47.8328 1.10395
    endloop
  endfacet
  facet normal -0.673147 -0.316717 -0.668254
    outer loop
      vertex -25.0208 48.0121 2.1
      vertex -23.9465 47.8304 1.10395
      vertex -24.7321 47.3985 2.1
    endloop
  endfacet
  facet normal 0.742187 -0.0549768 -0.667934
    outer loop
      vertex -14.6 50 2.1
      vertex -15.4966 49.9973 1.10395
      vertex -15.4964 50 1.10395
    endloop
  endfacet
  facet normal 0.742488 -0.0467346 -0.668228
    outer loop
      vertex -15.4966 49.9973 1.10395
      vertex -14.6 50 2.1
      vertex -14.6426 49.3232 2.1
    endloop
  endfacet
  facet normal -0.730825 0.139318 -0.668196
    outer loop
      vertex -24.4675 50.5671 1.10395
      vertex -25.2303 51.3429 2.1
      vertex -24.3621 51.12 1.10395
    endloop
  endfacet
  facet normal -0.565177 0.484437 -0.667754
    outer loop
      vertex -24.3687 53.174 2.1
      vertex -23.6417 52.6492 1.10395
      vertex -23.6435 52.6471 1.10395
    endloop
  endfacet
  facet normal -0.573239 0.474189 -0.668238
    outer loop
      vertex -23.6417 52.6492 1.10395
      vertex -24.3687 53.174 2.1
      vertex -23.9364 53.6966 2.1
    endloop
  endfacet
  facet normal 0.437299 -0.601832 -0.668258
    outer loop
      vertex -16.5579 45.8392 2.1
      vertex -17.5847 46.1991 1.10395
      vertex -17.1293 46.53 1.10395
    endloop
  endfacet
  facet normal 0.358292 -0.651956 -0.668266
    outer loop
      vertex -17.7008 45.1139 2.1
      vertex -18.0825 45.9251 1.10395
      vertex -17.5892 46.1962 1.10395
    endloop
  endfacet
  facet normal 0.573204 -0.474212 -0.668252
    outer loop
      vertex -16.0636 46.3034 2.1
      vertex -16.7171 46.9171 1.10395
      vertex -16.3583 47.3508 1.10395
    endloop
  endfacet
  facet normal -0.707563 0.229821 -0.668235
    outer loop
      vertex -24.3612 51.1225 1.10395
      vertex -25.2303 51.3429 2.1
      vertex -25.0208 51.9879 2.1
    endloop
  endfacet
  facet normal -0.700777 0.25228 -0.667283
    outer loop
      vertex -25.2303 51.3429 2.1
      vertex -24.3612 51.1225 1.10395
      vertex -24.3621 51.12 1.10395
    endloop
  endfacet
  facet normal 0.673125 -0.316804 -0.668235
    outer loop
      vertex -14.9792 48.0121 2.1
      vertex -16.0524 47.8328 1.10395
      vertex -15.8127 48.3421 1.10395
    endloop
  endfacet
  facet normal -0.509273 -0.542296 -0.668248
    outer loop
      vertex -23.9364 46.3034 2.1
      vertex -23.281 46.9153 1.10395
      vertex -23.4421 45.8392 2.1
    endloop
  endfacet
  facet normal -0.511576 -0.539997 -0.668351
    outer loop
      vertex -23.281 46.9153 1.10395
      vertex -23.9364 46.3034 2.1
      vertex -23.2829 46.9171 1.10395
    endloop
  endfacet
  facet normal 0.6742 -0.309009 -0.670796
    outer loop
      vertex -14.9792 48.0121 2.1
      vertex -16.0535 47.8304 1.10395
      vertex -16.0524 47.8328 1.10395
    endloop
  endfacet
  facet normal 0.673147 -0.316717 -0.668254
    outer loop
      vertex -16.0535 47.8304 1.10395
      vertex -14.9792 48.0121 2.1
      vertex -15.2679 47.3985 2.1
    endloop
  endfacet
  facet normal 0.707564 -0.229819 -0.668234
    outer loop
      vertex -14.9792 48.0121 2.1
      vertex -15.8127 48.3421 1.10395
      vertex -15.6388 48.8775 1.10395
    endloop
  endfacet
  facet normal -0.700777 -0.25228 -0.667283
    outer loop
      vertex -24.3612 48.8775 1.10395
      vertex -25.2303 48.6571 2.1
      vertex -24.3621 48.88 1.10395
    endloop
  endfacet
  facet normal -0.707563 -0.229821 -0.668235
    outer loop
      vertex -25.2303 48.6571 2.1
      vertex -24.3612 48.8775 1.10395
      vertex -25.0208 48.0121 2.1
    endloop
  endfacet
  facet normal -0.635181 0.386632 -0.668626
    outer loop
      vertex -24.7321 52.6015 2.1
      vertex -23.9451 52.1719 1.10395
      vertex -23.9465 52.1696 1.10395
    endloop
  endfacet
  facet normal -0.6281 0.398693 -0.668233
    outer loop
      vertex -23.9451 52.1719 1.10395
      vertex -24.7321 52.6015 2.1
      vertex -24.3687 53.174 2.1
    endloop
  endfacet
  facet normal 0.730825 -0.139318 -0.668196
    outer loop
      vertex -14.7697 48.6571 2.1
      vertex -15.6379 48.88 1.10395
      vertex -15.5325 49.4329 1.10395
    endloop
  endfacet
  facet normal 0.742466 -0.0467924 -0.668248
    outer loop
      vertex -14.6426 49.3232 2.1
      vertex -15.532 49.4356 1.10395
      vertex -15.4966 49.9973 1.10395
    endloop
  endfacet
  facet normal 0.700777 -0.25228 -0.667283
    outer loop
      vertex -14.7697 48.6571 2.1
      vertex -15.6388 48.8775 1.10395
      vertex -15.6379 48.88 1.10395
    endloop
  endfacet
  facet normal 0.707563 -0.229821 -0.668235
    outer loop
      vertex -15.6388 48.8775 1.10395
      vertex -14.7697 48.6571 2.1
      vertex -14.9792 48.0121 2.1
    endloop
  endfacet
  facet normal -0.628134 -0.398664 -0.668218
    outer loop
      vertex -23.6435 47.3529 1.10395
      vertex -24.3687 46.826 2.1
      vertex -23.9451 47.8281 1.10395
    endloop
  endfacet
  facet normal -0.185077 0.720562 -0.668234
    outer loop
      vertex -21.3891 54.2838 1.10395
      vertex -21.6687 55.1357 2.1
      vertex -21.0119 55.3044 2.1
    endloop
  endfacet
  facet normal -0.193348 0.718148 -0.668491
    outer loop
      vertex -21.6687 55.1357 2.1
      vertex -21.3891 54.2838 1.10395
      vertex -21.3917 54.2831 1.10395
    endloop
  endfacet
  facet normal -0.731396 -0.135444 -0.668367
    outer loop
      vertex -24.4675 49.4329 1.10395
      vertex -25.3574 49.3232 2.1
      vertex -24.468 49.4356 1.10395
    endloop
  endfacet
  facet normal -0.730761 -0.139438 -0.66824
    outer loop
      vertex -25.3574 49.3232 2.1
      vertex -24.4675 49.4329 1.10395
      vertex -25.2303 48.6571 2.1
    endloop
  endfacet
  facet normal 0.50926 0.542303 -0.668253
    outer loop
      vertex -16.719 53.0847 1.10395
      vertex -17.1293 53.47 1.10395
      vertex -16.5579 54.1608 2.1
    endloop
  endfacet
  facet normal 0.0933205 -0.738104 -0.668201
    outer loop
      vertex -19.6609 44.6107 2.1
      vertex -19.7172 45.5053 1.10395
      vertex -19.1588 45.5759 1.10395
    endloop
  endfacet
  facet normal 0.437288 -0.601847 -0.668251
    outer loop
      vertex -17.1065 45.4406 2.1
      vertex -17.5847 46.1991 1.10395
      vertex -16.5579 45.8392 2.1
    endloop
  endfacet
  facet normal 0.437568 -0.601656 -0.66824
    outer loop
      vertex -17.5847 46.1991 1.10395
      vertex -17.1065 45.4406 2.1
      vertex -17.5869 46.1975 1.10395
    endloop
  endfacet
  facet normal 0.273826 0.691696 -0.668263
    outer loop
      vertex -18.0825 54.0749 1.10395
      vertex -18.3313 55.1357 2.1
      vertex -17.7008 54.8861 2.1
    endloop
  endfacet
  facet normal 0.276593 0.691482 -0.667344
    outer loop
      vertex -18.3313 55.1357 2.1
      vertex -18.0825 54.0749 1.10395
      vertex -18.085 54.0759 1.10395
    endloop
  endfacet
  facet normal -0.358292 -0.651956 -0.668266
    outer loop
      vertex -22.2992 45.1139 2.1
      vertex -22.4108 46.1962 1.10395
      vertex -21.9175 45.9251 1.10395
    endloop
  endfacet
  facet normal -0.437299 0.601832 -0.668258
    outer loop
      vertex -22.8707 53.47 1.10395
      vertex -23.4421 54.1608 2.1
      vertex -22.4153 53.8009 1.10395
    endloop
  endfacet
  facet normal 0.185077 -0.720562 -0.668234
    outer loop
      vertex -18.6109 45.7162 1.10395
      vertex -18.3313 44.8643 2.1
      vertex -18.9881 44.6956 2.1
    endloop
  endfacet
  facet normal 0.193348 -0.718148 -0.668491
    outer loop
      vertex -18.3313 44.8643 2.1
      vertex -18.6109 45.7162 1.10395
      vertex -18.6083 45.7169 1.10395
    endloop
  endfacet
  facet normal -0.36595 0.64745 -0.668498
    outer loop
      vertex -22.8935 54.5594 2.1
      vertex -22.4108 53.8038 1.10395
      vertex -22.4131 53.8025 1.10395
    endloop
  endfacet
  facet normal -0.358384 0.651937 -0.668235
    outer loop
      vertex -22.4108 53.8038 1.10395
      vertex -22.8935 54.5594 2.1
      vertex -22.2992 54.8861 2.1
    endloop
  endfacet
  facet normal -0.0821929 -0.739736 -0.667858
    outer loop
      vertex -20.8412 45.5759 1.10395
      vertex -21.0119 44.6956 2.1
      vertex -20.8439 45.5762 1.10395
    endloop
  endfacet
  facet normal -0.0931366 -0.738072 -0.668263
    outer loop
      vertex -21.0119 44.6956 2.1
      vertex -20.8412 45.5759 1.10395
      vertex -20.3391 44.6107 2.1
    endloop
  endfacet
  facet normal 0.673125 0.316804 -0.668235
    outer loop
      vertex -15.8127 51.6579 1.10395
      vertex -16.0524 52.1672 1.10395
      vertex -14.9792 51.9879 2.1
    endloop
  endfacet
  facet normal -0.742466 -0.0467924 -0.668248
    outer loop
      vertex -24.468 49.4356 1.10395
      vertex -25.3574 49.3232 2.1
      vertex -24.5034 49.9973 1.10395
    endloop
  endfacet
  facet normal 0.0931366 -0.738072 -0.668263
    outer loop
      vertex -19.1588 45.5759 1.10395
      vertex -18.9881 44.6956 2.1
      vertex -19.6609 44.6107 2.1
    endloop
  endfacet
  facet normal 0.0821929 -0.739736 -0.667858
    outer loop
      vertex -18.9881 44.6956 2.1
      vertex -19.1588 45.5759 1.10395
      vertex -19.1561 45.5762 1.10395
    endloop
  endfacet
  facet normal -0.273826 -0.691696 -0.668263
    outer loop
      vertex -21.9175 45.9251 1.10395
      vertex -21.6687 44.8643 2.1
      vertex -22.2992 45.1139 2.1
    endloop
  endfacet
  facet normal -0.276593 -0.691482 -0.667344
    outer loop
      vertex -21.6687 44.8643 2.1
      vertex -21.9175 45.9251 1.10395
      vertex -21.915 45.9241 1.10395
    endloop
  endfacet
  facet normal 0.673147 0.316717 -0.668254
    outer loop
      vertex -14.9792 51.9879 2.1
      vertex -16.0535 52.1696 1.10395
      vertex -15.2679 52.6015 2.1
    endloop
  endfacet
  facet normal 0.6742 0.309009 -0.670796
    outer loop
      vertex -16.0535 52.1696 1.10395
      vertex -14.9792 51.9879 2.1
      vertex -16.0524 52.1672 1.10395
    endloop
  endfacet
  facet normal 0.437299 0.601832 -0.668258
    outer loop
      vertex -17.1293 53.47 1.10395
      vertex -17.5847 53.8009 1.10395
      vertex -16.5579 54.1608 2.1
    endloop
  endfacet
  facet normal 0.565177 0.484437 -0.667754
    outer loop
      vertex -16.3583 52.6492 1.10395
      vertex -15.6313 53.174 2.1
      vertex -16.3565 52.6471 1.10395
    endloop
  endfacet
  facet normal 0.573239 0.474189 -0.668238
    outer loop
      vertex -15.6313 53.174 2.1
      vertex -16.3583 52.6492 1.10395
      vertex -16.0636 53.6966 2.1
    endloop
  endfacet
  facet normal 0.731396 -0.135444 -0.668367
    outer loop
      vertex -14.6426 49.3232 2.1
      vertex -15.5325 49.4329 1.10395
      vertex -15.532 49.4356 1.10395
    endloop
  endfacet
  facet normal 0.730761 -0.139438 -0.66824
    outer loop
      vertex -15.5325 49.4329 1.10395
      vertex -14.6426 49.3232 2.1
      vertex -14.7697 48.6571 2.1
    endloop
  endfacet
  facet normal -0.437568 -0.601656 -0.66824
    outer loop
      vertex -22.8935 45.4406 2.1
      vertex -22.4153 46.1991 1.10395
      vertex -22.4131 46.1975 1.10395
    endloop
  endfacet
  facet normal -0.437288 -0.601847 -0.668251
    outer loop
      vertex -22.4153 46.1991 1.10395
      vertex -22.8935 45.4406 2.1
      vertex -23.4421 45.8392 2.1
    endloop
  endfacet
  facet normal -0.511576 0.539997 -0.668351
    outer loop
      vertex -23.9364 53.6966 2.1
      vertex -23.281 53.0847 1.10395
      vertex -23.2829 53.0829 1.10395
    endloop
  endfacet
  facet normal -0.509273 0.542296 -0.668248
    outer loop
      vertex -23.281 53.0847 1.10395
      vertex -23.9364 53.6966 2.1
      vertex -23.4421 54.1608 2.1
    endloop
  endfacet
  facet normal -0.730761 0.139438 -0.66824
    outer loop
      vertex -24.4675 50.5671 1.10395
      vertex -25.3574 50.6768 2.1
      vertex -25.2303 51.3429 2.1
    endloop
  endfacet
  facet normal -0.731396 0.135444 -0.668367
    outer loop
      vertex -25.3574 50.6768 2.1
      vertex -24.4675 50.5671 1.10395
      vertex -24.468 50.5644 1.10395
    endloop
  endfacet
  facet normal -0.573204 0.474212 -0.668252
    outer loop
      vertex -23.6417 52.6492 1.10395
      vertex -23.9364 53.6966 2.1
      vertex -23.2829 53.0829 1.10395
    endloop
  endfacet
  facet normal -0.628134 0.398664 -0.668218
    outer loop
      vertex -23.9451 52.1719 1.10395
      vertex -24.3687 53.174 2.1
      vertex -23.6435 52.6471 1.10395
    endloop
  endfacet
  facet normal 0.573204 0.474212 -0.668252
    outer loop
      vertex -16.3583 52.6492 1.10395
      vertex -16.7171 53.0829 1.10395
      vertex -16.0636 53.6966 2.1
    endloop
  endfacet
  facet normal -0.730825 -0.139318 -0.668196
    outer loop
      vertex -24.3621 48.88 1.10395
      vertex -25.2303 48.6571 2.1
      vertex -24.4675 49.4329 1.10395
    endloop
  endfacet
  facet normal 0.36595 -0.64745 -0.668498
    outer loop
      vertex -17.1065 45.4406 2.1
      vertex -17.5892 46.1962 1.10395
      vertex -17.5869 46.1975 1.10395
    endloop
  endfacet
  facet normal 0.358384 -0.651937 -0.668235
    outer loop
      vertex -17.5892 46.1962 1.10395
      vertex -17.1065 45.4406 2.1
      vertex -17.7008 45.1139 2.1
    endloop
  endfacet
  facet normal -0.276593 0.691482 -0.667344
    outer loop
      vertex -21.9175 54.0749 1.10395
      vertex -21.6687 55.1357 2.1
      vertex -21.915 54.0759 1.10395
    endloop
  endfacet
  facet normal -0.273826 0.691696 -0.668263
    outer loop
      vertex -21.6687 55.1357 2.1
      vertex -21.9175 54.0749 1.10395
      vertex -22.2992 54.8861 2.1
    endloop
  endfacet
  facet normal 0.6281 -0.398693 -0.668233
    outer loop
      vertex -16.0549 47.8281 1.10395
      vertex -15.2679 47.3985 2.1
      vertex -15.6313 46.826 2.1
    endloop
  endfacet
  facet normal 0.635181 -0.386632 -0.668626
    outer loop
      vertex -15.2679 47.3985 2.1
      vertex -16.0549 47.8281 1.10395
      vertex -16.0535 47.8304 1.10395
    endloop
  endfacet
  facet normal -0.742466 0.0467924 -0.668248
    outer loop
      vertex -24.5034 50.0027 1.10395
      vertex -25.3574 50.6768 2.1
      vertex -24.468 50.5644 1.10395
    endloop
  endfacet
  facet normal -0.6742 0.309009 -0.670796
    outer loop
      vertex -25.0208 51.9879 2.1
      vertex -23.9465 52.1696 1.10395
      vertex -23.9476 52.1672 1.10395
    endloop
  endfacet
  facet normal -0.673147 0.316717 -0.668254
    outer loop
      vertex -23.9465 52.1696 1.10395
      vertex -25.0208 51.9879 2.1
      vertex -24.7321 52.6015 2.1
    endloop
  endfacet
  facet normal 0.437288 0.601847 -0.668251
    outer loop
      vertex -17.5847 53.8009 1.10395
      vertex -17.1065 54.5594 2.1
      vertex -16.5579 54.1608 2.1
    endloop
  endfacet
  facet normal 0.437568 0.601656 -0.66824
    outer loop
      vertex -17.1065 54.5594 2.1
      vertex -17.5847 53.8009 1.10395
      vertex -17.5869 53.8025 1.10395
    endloop
  endfacet
  facet normal -0.573204 -0.474212 -0.668252
    outer loop
      vertex -23.2829 46.9171 1.10395
      vertex -23.9364 46.3034 2.1
      vertex -23.6417 47.3508 1.10395
    endloop
  endfacet
  facet normal -0.707564 -0.229819 -0.668234
    outer loop
      vertex -24.1873 48.3421 1.10395
      vertex -25.0208 48.0121 2.1
      vertex -24.3612 48.8775 1.10395
    endloop
  endfacet
  facet normal -0.742187 -0.0549768 -0.667934
    outer loop
      vertex -24.5034 49.9973 1.10395
      vertex -25.4 50 2.1
      vertex -24.5036 50 1.10395
    endloop
  endfacet
  facet normal -0.742488 -0.0467346 -0.668228
    outer loop
      vertex -25.4 50 2.1
      vertex -24.5034 49.9973 1.10395
      vertex -25.3574 49.3232 2.1
    endloop
  endfacet
  facet normal -0.673125 -0.316804 -0.668235
    outer loop
      vertex -23.9476 47.8328 1.10395
      vertex -25.0208 48.0121 2.1
      vertex -24.1873 48.3421 1.10395
    endloop
  endfacet
  facet normal 0.50926 -0.542303 -0.668253
    outer loop
      vertex -16.5579 45.8392 2.1
      vertex -17.1293 46.53 1.10395
      vertex -16.719 46.9153 1.10395
    endloop
  endfacet
  facet normal -0.193348 -0.718148 -0.668491
    outer loop
      vertex -21.3891 45.7162 1.10395
      vertex -21.6687 44.8643 2.1
      vertex -21.3917 45.7169 1.10395
    endloop
  endfacet
  facet normal -0.185077 -0.720562 -0.668234
    outer loop
      vertex -21.6687 44.8643 2.1
      vertex -21.3891 45.7162 1.10395
      vertex -21.0119 44.6956 2.1
    endloop
  endfacet
  facet normal -0.6281 -0.398693 -0.668233
    outer loop
      vertex -24.7321 47.3985 2.1
      vertex -23.9451 47.8281 1.10395
      vertex -24.3687 46.826 2.1
    endloop
  endfacet
  facet normal -0.635181 -0.386632 -0.668626
    outer loop
      vertex -23.9451 47.8281 1.10395
      vertex -24.7321 47.3985 2.1
      vertex -23.9465 47.8304 1.10395
    endloop
  endfacet
  facet normal -0.673125 0.316804 -0.668235
    outer loop
      vertex -24.1873 51.6579 1.10395
      vertex -25.0208 51.9879 2.1
      vertex -23.9476 52.1672 1.10395
    endloop
  endfacet
  facet normal 0.628134 -0.398664 -0.668218
    outer loop
      vertex -15.6313 46.826 2.1
      vertex -16.3565 47.3529 1.10395
      vertex -16.0549 47.8281 1.10395
    endloop
  endfacet
  facet normal 0.730825 0.139318 -0.668196
    outer loop
      vertex -15.5325 50.5671 1.10395
      vertex -15.6379 51.12 1.10395
      vertex -14.7697 51.3429 2.1
    endloop
  endfacet
  facet normal 0.707563 0.229821 -0.668235
    outer loop
      vertex -14.7697 51.3429 2.1
      vertex -15.6388 51.1225 1.10395
      vertex -14.9792 51.9879 2.1
    endloop
  endfacet
  facet normal 0.700777 0.25228 -0.667283
    outer loop
      vertex -15.6388 51.1225 1.10395
      vertex -14.7697 51.3429 2.1
      vertex -15.6379 51.12 1.10395
    endloop
  endfacet
  facet normal 0.273876 -0.691696 -0.668243
    outer loop
      vertex -18.3313 44.8643 2.1
      vertex -18.6083 45.7169 1.10395
      vertex -18.085 45.9241 1.10395
    endloop
  endfacet
  facet normal 0.276593 -0.691482 -0.667344
    outer loop
      vertex -18.0825 45.9251 1.10395
      vertex -18.3313 44.8643 2.1
      vertex -18.085 45.9241 1.10395
    endloop
  endfacet
  facet normal 0.273826 -0.691696 -0.668263
    outer loop
      vertex -18.3313 44.8643 2.1
      vertex -18.0825 45.9251 1.10395
      vertex -17.7008 45.1139 2.1
    endloop
  endfacet
  facet normal 0.0821929 0.739736 -0.667858
    outer loop
      vertex -19.1588 54.4241 1.10395
      vertex -18.9881 55.3044 2.1
      vertex -19.1561 54.4238 1.10395
    endloop
  endfacet
  facet normal 0.0931366 0.738072 -0.668263
    outer loop
      vertex -18.9881 55.3044 2.1
      vertex -19.1588 54.4241 1.10395
      vertex -19.6609 55.3893 2.1
    endloop
  endfacet
  facet normal -0.707564 0.229819 -0.668234
    outer loop
      vertex -24.3612 51.1225 1.10395
      vertex -25.0208 51.9879 2.1
      vertex -24.1873 51.6579 1.10395
    endloop
  endfacet
  facet normal -0.0931366 0.738072 -0.668263
    outer loop
      vertex -20.8412 54.4241 1.10395
      vertex -21.0119 55.3044 2.1
      vertex -20.3391 55.3893 2.1
    endloop
  endfacet
  facet normal -0.0821929 0.739736 -0.667858
    outer loop
      vertex -21.0119 55.3044 2.1
      vertex -20.8412 54.4241 1.10395
      vertex -20.8439 54.4238 1.10395
    endloop
  endfacet
  facet normal -0.273876 -0.691696 -0.668243
    outer loop
      vertex -21.6687 44.8643 2.1
      vertex -21.915 45.9241 1.10395
      vertex -21.3917 45.7169 1.10395
    endloop
  endfacet
  facet normal -0.437299 -0.601832 -0.668258
    outer loop
      vertex -22.4153 46.1991 1.10395
      vertex -23.4421 45.8392 2.1
      vertex -22.8707 46.53 1.10395
    endloop
  endfacet
  facet normal -0.50926 -0.542303 -0.668253
    outer loop
      vertex -22.8707 46.53 1.10395
      vertex -23.4421 45.8392 2.1
      vertex -23.281 46.9153 1.10395
    endloop
  endfacet
  facet normal -0.0933205 0.738104 -0.668201
    outer loop
      vertex -20.2828 54.4947 1.10395
      vertex -20.8412 54.4241 1.10395
      vertex -20.3391 55.3893 2.1
    endloop
  endfacet
  facet normal -0.50926 0.542303 -0.668253
    outer loop
      vertex -23.281 53.0847 1.10395
      vertex -23.4421 54.1608 2.1
      vertex -22.8707 53.47 1.10395
    endloop
  endfacet
  facet normal 0.193348 0.718148 -0.668491
    outer loop
      vertex -18.6109 54.2838 1.10395
      vertex -18.3313 55.1357 2.1
      vertex -18.6083 54.2831 1.10395
    endloop
  endfacet
  facet normal 0.185077 0.720562 -0.668234
    outer loop
      vertex -18.3313 55.1357 2.1
      vertex -18.6109 54.2838 1.10395
      vertex -18.9881 55.3044 2.1
    endloop
  endfacet
  facet normal 0.511576 0.539997 -0.668351
    outer loop
      vertex -16.719 53.0847 1.10395
      vertex -16.0636 53.6966 2.1
      vertex -16.7171 53.0829 1.10395
    endloop
  endfacet
  facet normal 0.509273 0.542296 -0.668248
    outer loop
      vertex -16.0636 53.6966 2.1
      vertex -16.719 53.0847 1.10395
      vertex -16.5579 54.1608 2.1
    endloop
  endfacet
  facet normal 0.36595 0.64745 -0.668498
    outer loop
      vertex -17.5892 53.8038 1.10395
      vertex -17.1065 54.5594 2.1
      vertex -17.5869 53.8025 1.10395
    endloop
  endfacet
  facet normal 0.358384 0.651937 -0.668235
    outer loop
      vertex -17.1065 54.5594 2.1
      vertex -17.5892 53.8038 1.10395
      vertex -17.7008 54.8861 2.1
    endloop
  endfacet
  facet normal 0.273876 0.691696 -0.668243
    outer loop
      vertex -18.085 54.0759 1.10395
      vertex -18.6083 54.2831 1.10395
      vertex -18.3313 55.1357 2.1
    endloop
  endfacet
  facet normal 0.358292 0.651956 -0.668266
    outer loop
      vertex -17.5892 53.8038 1.10395
      vertex -18.0825 54.0749 1.10395
      vertex -17.7008 54.8861 2.1
    endloop
  endfacet
  facet normal 0.18503 0.72056 -0.66825
    outer loop
      vertex -18.6109 54.2838 1.10395
      vertex -19.1561 54.4238 1.10395
      vertex -18.9881 55.3044 2.1
    endloop
  endfacet
  facet normal -0.573239 -0.474189 -0.668238
    outer loop
      vertex -24.3687 46.826 2.1
      vertex -23.6417 47.3508 1.10395
      vertex -23.9364 46.3034 2.1
    endloop
  endfacet
  facet normal -0.565177 -0.484437 -0.667754
    outer loop
      vertex -23.6417 47.3508 1.10395
      vertex -24.3687 46.826 2.1
      vertex -23.6435 47.3529 1.10395
    endloop
  endfacet
  facet normal -0.18503 -0.72056 -0.66825
    outer loop
      vertex -21.0119 44.6956 2.1
      vertex -21.3891 45.7162 1.10395
      vertex -20.8439 45.5762 1.10395
    endloop
  endfacet
  facet normal -0.0933205 -0.738104 -0.668201
    outer loop
      vertex -20.3391 44.6107 2.1
      vertex -20.8412 45.5759 1.10395
      vertex -20.2828 45.5053 1.10395
    endloop
  endfacet
  facet normal -0.18503 0.72056 -0.66825
    outer loop
      vertex -20.8439 54.4238 1.10395
      vertex -21.3891 54.2838 1.10395
      vertex -21.0119 55.3044 2.1
    endloop
  endfacet
  facet normal -0.273876 0.691696 -0.668243
    outer loop
      vertex -21.3917 54.2831 1.10395
      vertex -21.915 54.0759 1.10395
      vertex -21.6687 55.1357 2.1
    endloop
  endfacet
  facet normal 0.707564 0.229819 -0.668234
    outer loop
      vertex -15.6388 51.1225 1.10395
      vertex -15.8127 51.6579 1.10395
      vertex -14.9792 51.9879 2.1
    endloop
  endfacet
  facet normal 0 0.743979 -0.668203
    outer loop
      vertex -19.7172 54.4947 1.10395
      vertex -20.3391 55.3893 2.1
      vertex -19.6609 55.3893 2.1
    endloop
  endfacet
  facet normal 0 0.743979 -0.668203
    outer loop
      vertex -20.3391 55.3893 2.1
      vertex -19.7172 54.4947 1.10395
      vertex -20.2828 54.4947 1.10395
    endloop
  endfacet
  facet normal 0.730761 0.139438 -0.66824
    outer loop
      vertex -14.6426 50.6768 2.1
      vertex -15.5325 50.5671 1.10395
      vertex -14.7697 51.3429 2.1
    endloop
  endfacet
  facet normal 0.731396 0.135444 -0.668367
    outer loop
      vertex -15.5325 50.5671 1.10395
      vertex -14.6426 50.6768 2.1
      vertex -15.532 50.5644 1.10395
    endloop
  endfacet
  facet normal 0 0 1
    outer loop
      vertex -14.6426 50.6768 2.1
      vertex -14.6426 49.3232 2.1
      vertex -14.6 50 2.1
    endloop
  endfacet
  facet normal 0 0 1
    outer loop
      vertex -14.7697 51.3429 2.1
      vertex -14.6426 49.3232 2.1
      vertex -14.6426 50.6768 2.1
    endloop
  endfacet
  facet normal 0 0 1
    outer loop
      vertex -14.7697 51.3429 2.1
      vertex -14.7697 48.6571 2.1
      vertex -14.6426 49.3232 2.1
    endloop
  endfacet
  facet normal 0 0 1
    outer loop
      vertex -14.9792 51.9879 2.1
      vertex -14.7697 48.6571 2.1
      vertex -14.7697 51.3429 2.1
    endloop
  endfacet
  facet normal 0 0 1
    outer loop
      vertex -14.9792 51.9879 2.1
      vertex -14.9792 48.0121 2.1
      vertex -14.7697 48.6571 2.1
    endloop
  endfacet
  facet normal 0 0 1
    outer loop
      vertex -15.2679 52.6015 2.1
      vertex -14.9792 48.0121 2.1
      vertex -14.9792 51.9879 2.1
    endloop
  endfacet
  facet normal 0 0 1
    outer loop
      vertex -15.2679 52.6015 2.1
      vertex -15.2679 47.3985 2.1
      vertex -14.9792 48.0121 2.1
    endloop
  endfacet
  facet normal 0 0 1
    outer loop
      vertex -15.6313 53.174 2.1
      vertex -15.2679 47.3985 2.1
      vertex -15.2679 52.6015 2.1
    endloop
  endfacet
  facet normal 0 0 1
    outer loop
      vertex -15.6313 53.174 2.1
      vertex -15.6313 46.826 2.1
      vertex -15.2679 47.3985 2.1
    endloop
  endfacet
  facet normal 0 0 1
    outer loop
      vertex -16.0636 53.6966 2.1
      vertex -15.6313 46.826 2.1
      vertex -15.6313 53.174 2.1
    endloop
  endfacet
  facet normal 0 0 1
    outer loop
      vertex -16.0636 53.6966 2.1
      vertex -16.0636 46.3034 2.1
      vertex -15.6313 46.826 2.1
    endloop
  endfacet
  facet normal 0 0 1
    outer loop
      vertex -16.5579 54.1608 2.1
      vertex -16.0636 46.3034 2.1
      vertex -16.0636 53.6966 2.1
    endloop
  endfacet
  facet normal 0 0 1
    outer loop
      vertex -16.5579 54.1608 2.1
      vertex -16.5579 45.8392 2.1
      vertex -16.0636 46.3034 2.1
    endloop
  endfacet
  facet normal 0 0 1
    outer loop
      vertex -17.1065 54.5594 2.1
      vertex -16.5579 45.8392 2.1
      vertex -16.5579 54.1608 2.1
    endloop
  endfacet
  facet normal 0 0 1
    outer loop
      vertex -17.1065 54.5594 2.1
      vertex -17.1065 45.4406 2.1
      vertex -16.5579 45.8392 2.1
    endloop
  endfacet
  facet normal 0 0 1
    outer loop
      vertex -17.7008 54.8861 2.1
      vertex -17.1065 45.4406 2.1
      vertex -17.1065 54.5594 2.1
    endloop
  endfacet
  facet normal 0 0 1
    outer loop
      vertex -17.7008 54.8861 2.1
      vertex -17.7008 45.1139 2.1
      vertex -17.1065 45.4406 2.1
    endloop
  endfacet
  facet normal 0 0 1
    outer loop
      vertex -18.3313 55.1357 2.1
      vertex -17.7008 45.1139 2.1
      vertex -17.7008 54.8861 2.1
    endloop
  endfacet
  facet normal 0 0 1
    outer loop
      vertex -18.3313 55.1357 2.1
      vertex -18.3313 44.8643 2.1
      vertex -17.7008 45.1139 2.1
    endloop
  endfacet
  facet normal 0 0 1
    outer loop
      vertex -18.9881 55.3044 2.1
      vertex -18.3313 44.8643 2.1
      vertex -18.3313 55.1357 2.1
    endloop
  endfacet
  facet normal 0 0 1
    outer loop
      vertex -18.9881 55.3044 2.1
      vertex -18.9881 44.6956 2.1
      vertex -18.3313 44.8643 2.1
    endloop
  endfacet
  facet normal 0 0 1
    outer loop
      vertex -19.6609 55.3893 2.1
      vertex -18.9881 44.6956 2.1
      vertex -18.9881 55.3044 2.1
    endloop
  endfacet
  facet normal 0 0 1
    outer loop
      vertex -19.6609 55.3893 2.1
      vertex -19.6609 44.6107 2.1
      vertex -18.9881 44.6956 2.1
    endloop
  endfacet
  facet normal -0 0 1
    outer loop
      vertex -20.3391 55.3893 2.1
      vertex -19.6609 44.6107 2.1
      vertex -19.6609 55.3893 2.1
    endloop
  endfacet
  facet normal 0 0 1
    outer loop
      vertex -20.3391 55.3893 2.1
      vertex -20.3391 44.6107 2.1
      vertex -19.6609 44.6107 2.1
    endloop
  endfacet
  facet normal -0 0 1
    outer loop
      vertex -21.0119 55.3044 2.1
      vertex -20.3391 44.6107 2.1
      vertex -20.3391 55.3893 2.1
    endloop
  endfacet
  facet normal 0 0 1
    outer loop
      vertex -21.0119 55.3044 2.1
      vertex -21.0119 44.6956 2.1
      vertex -20.3391 44.6107 2.1
    endloop
  endfacet
  facet normal -0 0 1
    outer loop
      vertex -21.6687 55.1357 2.1
      vertex -21.0119 44.6956 2.1
      vertex -21.0119 55.3044 2.1
    endloop
  endfacet
  facet normal 0 0 1
    outer loop
      vertex -21.6687 55.1357 2.1
      vertex -21.6687 44.8643 2.1
      vertex -21.0119 44.6956 2.1
    endloop
  endfacet
  facet normal -0 0 1
    outer loop
      vertex -22.2992 54.8861 2.1
      vertex -21.6687 44.8643 2.1
      vertex -21.6687 55.1357 2.1
    endloop
  endfacet
  facet normal 0 0 1
    outer loop
      vertex -22.2992 54.8861 2.1
      vertex -22.2992 45.1139 2.1
      vertex -21.6687 44.8643 2.1
    endloop
  endfacet
  facet normal -0 0 1
    outer loop
      vertex -22.8935 54.5594 2.1
      vertex -22.2992 45.1139 2.1
      vertex -22.2992 54.8861 2.1
    endloop
  endfacet
  facet normal 0 0 1
    outer loop
      vertex -22.8935 54.5594 2.1
      vertex -22.8935 45.4406 2.1
      vertex -22.2992 45.1139 2.1
    endloop
  endfacet
  facet normal -0 0 1
    outer loop
      vertex -23.4421 54.1608 2.1
      vertex -22.8935 45.4406 2.1
      vertex -22.8935 54.5594 2.1
    endloop
  endfacet
  facet normal 0 0 1
    outer loop
      vertex -23.4421 54.1608 2.1
      vertex -23.4421 45.8392 2.1
      vertex -22.8935 45.4406 2.1
    endloop
  endfacet
  facet normal -0 0 1
    outer loop
      vertex -23.9364 53.6966 2.1
      vertex -23.4421 45.8392 2.1
      vertex -23.4421 54.1608 2.1
    endloop
  endfacet
  facet normal 0 0 1
    outer loop
      vertex -23.9364 53.6966 2.1
      vertex -23.9364 46.3034 2.1
      vertex -23.4421 45.8392 2.1
    endloop
  endfacet
  facet normal -0 0 1
    outer loop
      vertex -24.3687 53.174 2.1
      vertex -23.9364 46.3034 2.1
      vertex -23.9364 53.6966 2.1
    endloop
  endfacet
  facet normal 0 0 1
    outer loop
      vertex -24.3687 53.174 2.1
      vertex -24.3687 46.826 2.1
      vertex -23.9364 46.3034 2.1
    endloop
  endfacet
  facet normal -0 0 1
    outer loop
      vertex -24.7321 52.6015 2.1
      vertex -24.3687 46.826 2.1
      vertex -24.3687 53.174 2.1
    endloop
  endfacet
  facet normal 0 0 1
    outer loop
      vertex -24.7321 52.6015 2.1
      vertex -24.7321 47.3985 2.1
      vertex -24.3687 46.826 2.1
    endloop
  endfacet
  facet normal -0 0 1
    outer loop
      vertex -25.0208 51.9879 2.1
      vertex -24.7321 47.3985 2.1
      vertex -24.7321 52.6015 2.1
    endloop
  endfacet
  facet normal 0 0 1
    outer loop
      vertex -25.0208 51.9879 2.1
      vertex -25.0208 48.0121 2.1
      vertex -24.7321 47.3985 2.1
    endloop
  endfacet
  facet normal -0 0 1
    outer loop
      vertex -25.2303 51.3429 2.1
      vertex -25.0208 48.0121 2.1
      vertex -25.0208 51.9879 2.1
    endloop
  endfacet
  facet normal 0 0 1
    outer loop
      vertex -25.2303 51.3429 2.1
      vertex -25.2303 48.6571 2.1
      vertex -25.0208 48.0121 2.1
    endloop
  endfacet
  facet normal -0 0 1
    outer loop
      vertex -25.3574 50.6768 2.1
      vertex -25.2303 48.6571 2.1
      vertex -25.2303 51.3429 2.1
    endloop
  endfacet
  facet normal 0 0 1
    outer loop
      vertex -25.3574 50.6768 2.1
      vertex -25.3574 49.3232 2.1
      vertex -25.2303 48.6571 2.1
    endloop
  endfacet
  facet normal 0 -0 1
    outer loop
      vertex -25.3574 49.3232 2.1
      vertex -25.3574 50.6768 2.1
      vertex -25.4 50 2.1
    endloop
  endfacet
  facet normal -0.742187 0.0549768 -0.667934
    outer loop
      vertex -25.4 20 2.1
      vertex -24.5034 20.0027 1.10395
      vertex -24.5036 20 1.10395
    endloop
  endfacet
  facet normal -0.742488 0.0467346 -0.668228
    outer loop
      vertex -24.5034 20.0027 1.10395
      vertex -25.4 20 2.1
      vertex -25.3574 20.6768 2.1
    endloop
  endfacet
  facet normal 0.628134 0.398664 -0.668218
    outer loop
      vertex -16.0549 22.1719 1.10395
      vertex -16.3565 22.6471 1.10395
      vertex -15.6313 23.174 2.1
    endloop
  endfacet
  facet normal -0.358384 -0.651937 -0.668235
    outer loop
      vertex -22.8935 15.4406 2.1
      vertex -22.4108 16.1962 1.10395
      vertex -22.2992 15.1139 2.1
    endloop
  endfacet
  facet normal -0.36595 -0.64745 -0.668498
    outer loop
      vertex -22.4108 16.1962 1.10395
      vertex -22.8935 15.4406 2.1
      vertex -22.4131 16.1975 1.10395
    endloop
  endfacet
  facet normal 0.742488 0.0467346 -0.668228
    outer loop
      vertex -14.6 20 2.1
      vertex -15.4966 20.0027 1.10395
      vertex -14.6426 20.6768 2.1
    endloop
  endfacet
  facet normal 0.742187 0.0549768 -0.667934
    outer loop
      vertex -15.4966 20.0027 1.10395
      vertex -14.6 20 2.1
      vertex -15.4964 20 1.10395
    endloop
  endfacet
  facet normal 0.742466 0.0467924 -0.668248
    outer loop
      vertex -15.4966 20.0027 1.10395
      vertex -15.532 20.5644 1.10395
      vertex -14.6426 20.6768 2.1
    endloop
  endfacet
  facet normal 0.509273 -0.542296 -0.668248
    outer loop
      vertex -16.719 16.9153 1.10395
      vertex -16.0636 16.3034 2.1
      vertex -16.5579 15.8392 2.1
    endloop
  endfacet
  facet normal 0.511576 -0.539997 -0.668351
    outer loop
      vertex -16.0636 16.3034 2.1
      vertex -16.719 16.9153 1.10395
      vertex -16.7171 16.9171 1.10395
    endloop
  endfacet
  facet normal 0 -0.743979 -0.668203
    outer loop
      vertex -20.2828 15.5053 1.10395
      vertex -19.6609 14.6107 2.1
      vertex -20.3391 14.6107 2.1
    endloop
  endfacet
  facet normal 0 -0.743979 -0.668203
    outer loop
      vertex -19.6609 14.6107 2.1
      vertex -20.2828 15.5053 1.10395
      vertex -19.7172 15.5053 1.10395
    endloop
  endfacet
  facet normal 0.635181 0.386632 -0.668626
    outer loop
      vertex -16.0549 22.1719 1.10395
      vertex -15.2679 22.6015 2.1
      vertex -16.0535 22.1696 1.10395
    endloop
  endfacet
  facet normal 0.6281 0.398693 -0.668233
    outer loop
      vertex -15.2679 22.6015 2.1
      vertex -16.0549 22.1719 1.10395
      vertex -15.6313 23.174 2.1
    endloop
  endfacet
  facet normal -0.437568 0.601656 -0.66824
    outer loop
      vertex -22.4153 23.8009 1.10395
      vertex -22.8935 24.5594 2.1
      vertex -22.4131 23.8025 1.10395
    endloop
  endfacet
  facet normal -0.437288 0.601847 -0.668251
    outer loop
      vertex -22.8935 24.5594 2.1
      vertex -22.4153 23.8009 1.10395
      vertex -23.4421 24.1608 2.1
    endloop
  endfacet
  facet normal -0.358292 0.651956 -0.668266
    outer loop
      vertex -21.9175 24.0749 1.10395
      vertex -22.4108 23.8038 1.10395
      vertex -22.2992 24.8861 2.1
    endloop
  endfacet
  facet normal 0.18503 -0.72056 -0.66825
    outer loop
      vertex -18.9881 14.6956 2.1
      vertex -19.1561 15.5762 1.10395
      vertex -18.6109 15.7162 1.10395
    endloop
  endfacet
  facet normal 0.573239 -0.474189 -0.668238
    outer loop
      vertex -16.3583 17.3508 1.10395
      vertex -15.6313 16.826 2.1
      vertex -16.0636 16.3034 2.1
    endloop
  endfacet
  facet normal 0.565177 -0.484437 -0.667754
    outer loop
      vertex -15.6313 16.826 2.1
      vertex -16.3583 17.3508 1.10395
      vertex -16.3565 17.3529 1.10395
    endloop
  endfacet
  facet normal 0.0933205 0.738104 -0.668201
    outer loop
      vertex -19.1588 24.4241 1.10395
      vertex -19.7172 24.4947 1.10395
      vertex -19.6609 25.3893 2.1
    endloop
  endfacet
  facet normal -0.6742 -0.309009 -0.670796
    outer loop
      vertex -23.9465 17.8304 1.10395
      vertex -25.0208 18.0121 2.1
      vertex -23.9476 17.8328 1.10395
    endloop
  endfacet
  facet normal -0.673147 -0.316717 -0.668254
    outer loop
      vertex -25.0208 18.0121 2.1
      vertex -23.9465 17.8304 1.10395
      vertex -24.7321 17.3985 2.1
    endloop
  endfacet
  facet normal 0.742187 -0.0549768 -0.667934
    outer loop
      vertex -14.6 20 2.1
      vertex -15.4966 19.9973 1.10395
      vertex -15.4964 20 1.10395
    endloop
  endfacet
  facet normal 0.742488 -0.0467346 -0.668228
    outer loop
      vertex -15.4966 19.9973 1.10395
      vertex -14.6 20 2.1
      vertex -14.6426 19.3232 2.1
    endloop
  endfacet
  facet normal -0.730825 0.139318 -0.668196
    outer loop
      vertex -24.4675 20.5671 1.10395
      vertex -25.2303 21.3429 2.1
      vertex -24.3621 21.12 1.10395
    endloop
  endfacet
  facet normal -0.565177 0.484437 -0.667754
    outer loop
      vertex -24.3687 23.174 2.1
      vertex -23.6417 22.6492 1.10395
      vertex -23.6435 22.6471 1.10395
    endloop
  endfacet
  facet normal -0.573239 0.474189 -0.668238
    outer loop
      vertex -23.6417 22.6492 1.10395
      vertex -24.3687 23.174 2.1
      vertex -23.9364 23.6966 2.1
    endloop
  endfacet
  facet normal 0.437299 -0.601832 -0.668258
    outer loop
      vertex -16.5579 15.8392 2.1
      vertex -17.5847 16.1991 1.10395
      vertex -17.1293 16.53 1.10395
    endloop
  endfacet
  facet normal 0.358292 -0.651956 -0.668266
    outer loop
      vertex -17.7008 15.1139 2.1
      vertex -18.0825 15.9251 1.10395
      vertex -17.5892 16.1962 1.10395
    endloop
  endfacet
  facet normal 0.573204 -0.474212 -0.668252
    outer loop
      vertex -16.0636 16.3034 2.1
      vertex -16.7171 16.9171 1.10395
      vertex -16.3583 17.3508 1.10395
    endloop
  endfacet
  facet normal -0.707563 0.229821 -0.668235
    outer loop
      vertex -24.3612 21.1225 1.10395
      vertex -25.2303 21.3429 2.1
      vertex -25.0208 21.9879 2.1
    endloop
  endfacet
  facet normal -0.700777 0.25228 -0.667283
    outer loop
      vertex -25.2303 21.3429 2.1
      vertex -24.3612 21.1225 1.10395
      vertex -24.3621 21.12 1.10395
    endloop
  endfacet
  facet normal 0.673125 -0.316804 -0.668235
    outer loop
      vertex -14.9792 18.0121 2.1
      vertex -16.0524 17.8328 1.10395
      vertex -15.8127 18.3421 1.10395
    endloop
  endfacet
  facet normal -0.509273 -0.542296 -0.668248
    outer loop
      vertex -23.9364 16.3034 2.1
      vertex -23.281 16.9153 1.10395
      vertex -23.4421 15.8392 2.1
    endloop
  endfacet
  facet normal -0.511576 -0.539997 -0.668351
    outer loop
      vertex -23.281 16.9153 1.10395
      vertex -23.9364 16.3034 2.1
      vertex -23.2829 16.9171 1.10395
    endloop
  endfacet
  facet normal 0.6742 -0.309009 -0.670796
    outer loop
      vertex -14.9792 18.0121 2.1
      vertex -16.0535 17.8304 1.10395
      vertex -16.0524 17.8328 1.10395
    endloop
  endfacet
  facet normal 0.673147 -0.316717 -0.668254
    outer loop
      vertex -16.0535 17.8304 1.10395
      vertex -14.9792 18.0121 2.1
      vertex -15.2679 17.3985 2.1
    endloop
  endfacet
  facet normal 0.707564 -0.229819 -0.668234
    outer loop
      vertex -14.9792 18.0121 2.1
      vertex -15.8127 18.3421 1.10395
      vertex -15.6388 18.8775 1.10395
    endloop
  endfacet
  facet normal -0.700777 -0.25228 -0.667283
    outer loop
      vertex -24.3612 18.8775 1.10395
      vertex -25.2303 18.6571 2.1
      vertex -24.3621 18.88 1.10395
    endloop
  endfacet
  facet normal -0.707563 -0.229821 -0.668235
    outer loop
      vertex -25.2303 18.6571 2.1
      vertex -24.3612 18.8775 1.10395
      vertex -25.0208 18.0121 2.1
    endloop
  endfacet
  facet normal -0.635181 0.386632 -0.668626
    outer loop
      vertex -24.7321 22.6015 2.1
      vertex -23.9451 22.1719 1.10395
      vertex -23.9465 22.1696 1.10395
    endloop
  endfacet
  facet normal -0.6281 0.398693 -0.668233
    outer loop
      vertex -23.9451 22.1719 1.10395
      vertex -24.7321 22.6015 2.1
      vertex -24.3687 23.174 2.1
    endloop
  endfacet
  facet normal 0.730825 -0.139318 -0.668196
    outer loop
      vertex -14.7697 18.6571 2.1
      vertex -15.6379 18.88 1.10395
      vertex -15.5325 19.4329 1.10395
    endloop
  endfacet
  facet normal 0.742466 -0.0467924 -0.668248
    outer loop
      vertex -14.6426 19.3232 2.1
      vertex -15.532 19.4356 1.10395
      vertex -15.4966 19.9973 1.10395
    endloop
  endfacet
  facet normal 0.700777 -0.25228 -0.667283
    outer loop
      vertex -14.7697 18.6571 2.1
      vertex -15.6388 18.8775 1.10395
      vertex -15.6379 18.88 1.10395
    endloop
  endfacet
  facet normal 0.707563 -0.229821 -0.668235
    outer loop
      vertex -15.6388 18.8775 1.10395
      vertex -14.7697 18.6571 2.1
      vertex -14.9792 18.0121 2.1
    endloop
  endfacet
  facet normal -0.628134 -0.398664 -0.668218
    outer loop
      vertex -23.6435 17.3529 1.10395
      vertex -24.3687 16.826 2.1
      vertex -23.9451 17.8281 1.10395
    endloop
  endfacet
  facet normal -0.185077 0.720562 -0.668234
    outer loop
      vertex -21.3891 24.2838 1.10395
      vertex -21.6687 25.1357 2.1
      vertex -21.0119 25.3044 2.1
    endloop
  endfacet
  facet normal -0.193348 0.718148 -0.668491
    outer loop
      vertex -21.6687 25.1357 2.1
      vertex -21.3891 24.2838 1.10395
      vertex -21.3917 24.2831 1.10395
    endloop
  endfacet
  facet normal -0.731396 -0.135444 -0.668367
    outer loop
      vertex -24.4675 19.4329 1.10395
      vertex -25.3574 19.3232 2.1
      vertex -24.468 19.4356 1.10395
    endloop
  endfacet
  facet normal -0.730761 -0.139438 -0.66824
    outer loop
      vertex -25.3574 19.3232 2.1
      vertex -24.4675 19.4329 1.10395
      vertex -25.2303 18.6571 2.1
    endloop
  endfacet
  facet normal 0.50926 0.542303 -0.668253
    outer loop
      vertex -16.719 23.0847 1.10395
      vertex -17.1293 23.47 1.10395
      vertex -16.5579 24.1608 2.1
    endloop
  endfacet
  facet normal 0.0933205 -0.738104 -0.668201
    outer loop
      vertex -19.6609 14.6107 2.1
      vertex -19.7172 15.5053 1.10395
      vertex -19.1588 15.5759 1.10395
    endloop
  endfacet
  facet normal 0.437288 -0.601847 -0.668251
    outer loop
      vertex -17.1065 15.4406 2.1
      vertex -17.5847 16.1991 1.10395
      vertex -16.5579 15.8392 2.1
    endloop
  endfacet
  facet normal 0.437568 -0.601656 -0.66824
    outer loop
      vertex -17.5847 16.1991 1.10395
      vertex -17.1065 15.4406 2.1
      vertex -17.5869 16.1975 1.10395
    endloop
  endfacet
  facet normal 0.273826 0.691696 -0.668263
    outer loop
      vertex -18.0825 24.0749 1.10395
      vertex -18.3313 25.1357 2.1
      vertex -17.7008 24.8861 2.1
    endloop
  endfacet
  facet normal 0.276593 0.691482 -0.667344
    outer loop
      vertex -18.3313 25.1357 2.1
      vertex -18.0825 24.0749 1.10395
      vertex -18.085 24.0759 1.10395
    endloop
  endfacet
  facet normal -0.358292 -0.651956 -0.668266
    outer loop
      vertex -22.2992 15.1139 2.1
      vertex -22.4108 16.1962 1.10395
      vertex -21.9175 15.9251 1.10395
    endloop
  endfacet
  facet normal -0.437299 0.601832 -0.668258
    outer loop
      vertex -22.8707 23.47 1.10395
      vertex -23.4421 24.1608 2.1
      vertex -22.4153 23.8009 1.10395
    endloop
  endfacet
  facet normal 0.185077 -0.720562 -0.668234
    outer loop
      vertex -18.6109 15.7162 1.10395
      vertex -18.3313 14.8643 2.1
      vertex -18.9881 14.6956 2.1
    endloop
  endfacet
  facet normal 0.193348 -0.718148 -0.668491
    outer loop
      vertex -18.3313 14.8643 2.1
      vertex -18.6109 15.7162 1.10395
      vertex -18.6083 15.7169 1.10395
    endloop
  endfacet
  facet normal -0.36595 0.64745 -0.668498
    outer loop
      vertex -22.8935 24.5594 2.1
      vertex -22.4108 23.8038 1.10395
      vertex -22.4131 23.8025 1.10395
    endloop
  endfacet
  facet normal -0.358384 0.651937 -0.668235
    outer loop
      vertex -22.4108 23.8038 1.10395
      vertex -22.8935 24.5594 2.1
      vertex -22.2992 24.8861 2.1
    endloop
  endfacet
  facet normal -0.0821929 -0.739736 -0.667858
    outer loop
      vertex -20.8412 15.5759 1.10395
      vertex -21.0119 14.6956 2.1
      vertex -20.8439 15.5762 1.10395
    endloop
  endfacet
  facet normal -0.0931366 -0.738072 -0.668263
    outer loop
      vertex -21.0119 14.6956 2.1
      vertex -20.8412 15.5759 1.10395
      vertex -20.3391 14.6107 2.1
    endloop
  endfacet
  facet normal 0.673125 0.316804 -0.668235
    outer loop
      vertex -15.8127 21.6579 1.10395
      vertex -16.0524 22.1672 1.10395
      vertex -14.9792 21.9879 2.1
    endloop
  endfacet
  facet normal -0.742466 -0.0467924 -0.668248
    outer loop
      vertex -24.468 19.4356 1.10395
      vertex -25.3574 19.3232 2.1
      vertex -24.5034 19.9973 1.10395
    endloop
  endfacet
  facet normal 0.0931366 -0.738072 -0.668263
    outer loop
      vertex -19.1588 15.5759 1.10395
      vertex -18.9881 14.6956 2.1
      vertex -19.6609 14.6107 2.1
    endloop
  endfacet
  facet normal 0.0821929 -0.739736 -0.667858
    outer loop
      vertex -18.9881 14.6956 2.1
      vertex -19.1588 15.5759 1.10395
      vertex -19.1561 15.5762 1.10395
    endloop
  endfacet
  facet normal -0.273826 -0.691696 -0.668263
    outer loop
      vertex -21.9175 15.9251 1.10395
      vertex -21.6687 14.8643 2.1
      vertex -22.2992 15.1139 2.1
    endloop
  endfacet
  facet normal -0.276593 -0.691482 -0.667344
    outer loop
      vertex -21.6687 14.8643 2.1
      vertex -21.9175 15.9251 1.10395
      vertex -21.915 15.9241 1.10395
    endloop
  endfacet
  facet normal 0.673147 0.316717 -0.668254
    outer loop
      vertex -14.9792 21.9879 2.1
      vertex -16.0535 22.1696 1.10395
      vertex -15.2679 22.6015 2.1
    endloop
  endfacet
  facet normal 0.6742 0.309009 -0.670796
    outer loop
      vertex -16.0535 22.1696 1.10395
      vertex -14.9792 21.9879 2.1
      vertex -16.0524 22.1672 1.10395
    endloop
  endfacet
  facet normal 0.437299 0.601832 -0.668258
    outer loop
      vertex -17.1293 23.47 1.10395
      vertex -17.5847 23.8009 1.10395
      vertex -16.5579 24.1608 2.1
    endloop
  endfacet
  facet normal 0.565177 0.484437 -0.667754
    outer loop
      vertex -16.3583 22.6492 1.10395
      vertex -15.6313 23.174 2.1
      vertex -16.3565 22.6471 1.10395
    endloop
  endfacet
  facet normal 0.573239 0.474189 -0.668238
    outer loop
      vertex -15.6313 23.174 2.1
      vertex -16.3583 22.6492 1.10395
      vertex -16.0636 23.6966 2.1
    endloop
  endfacet
  facet normal 0.731396 -0.135444 -0.668367
    outer loop
      vertex -14.6426 19.3232 2.1
      vertex -15.5325 19.4329 1.10395
      vertex -15.532 19.4356 1.10395
    endloop
  endfacet
  facet normal 0.730761 -0.139438 -0.66824
    outer loop
      vertex -15.5325 19.4329 1.10395
      vertex -14.6426 19.3232 2.1
      vertex -14.7697 18.6571 2.1
    endloop
  endfacet
  facet normal -0.437568 -0.601656 -0.66824
    outer loop
      vertex -22.8935 15.4406 2.1
      vertex -22.4153 16.1991 1.10395
      vertex -22.4131 16.1975 1.10395
    endloop
  endfacet
  facet normal -0.437288 -0.601847 -0.668251
    outer loop
      vertex -22.4153 16.1991 1.10395
      vertex -22.8935 15.4406 2.1
      vertex -23.4421 15.8392 2.1
    endloop
  endfacet
  facet normal -0.511576 0.539997 -0.668351
    outer loop
      vertex -23.9364 23.6966 2.1
      vertex -23.281 23.0847 1.10395
      vertex -23.2829 23.0829 1.10395
    endloop
  endfacet
  facet normal -0.509273 0.542296 -0.668248
    outer loop
      vertex -23.281 23.0847 1.10395
      vertex -23.9364 23.6966 2.1
      vertex -23.4421 24.1608 2.1
    endloop
  endfacet
  facet normal -0.730761 0.139438 -0.66824
    outer loop
      vertex -24.4675 20.5671 1.10395
      vertex -25.3574 20.6768 2.1
      vertex -25.2303 21.3429 2.1
    endloop
  endfacet
  facet normal -0.731396 0.135444 -0.668367
    outer loop
      vertex -25.3574 20.6768 2.1
      vertex -24.4675 20.5671 1.10395
      vertex -24.468 20.5644 1.10395
    endloop
  endfacet
  facet normal -0.573204 0.474212 -0.668252
    outer loop
      vertex -23.6417 22.6492 1.10395
      vertex -23.9364 23.6966 2.1
      vertex -23.2829 23.0829 1.10395
    endloop
  endfacet
  facet normal -0.628134 0.398664 -0.668218
    outer loop
      vertex -23.9451 22.1719 1.10395
      vertex -24.3687 23.174 2.1
      vertex -23.6435 22.6471 1.10395
    endloop
  endfacet
  facet normal 0.573204 0.474212 -0.668252
    outer loop
      vertex -16.3583 22.6492 1.10395
      vertex -16.7171 23.0829 1.10395
      vertex -16.0636 23.6966 2.1
    endloop
  endfacet
  facet normal -0.730825 -0.139318 -0.668196
    outer loop
      vertex -24.3621 18.88 1.10395
      vertex -25.2303 18.6571 2.1
      vertex -24.4675 19.4329 1.10395
    endloop
  endfacet
  facet normal 0.36595 -0.64745 -0.668498
    outer loop
      vertex -17.1065 15.4406 2.1
      vertex -17.5892 16.1962 1.10395
      vertex -17.5869 16.1975 1.10395
    endloop
  endfacet
  facet normal 0.358384 -0.651937 -0.668235
    outer loop
      vertex -17.5892 16.1962 1.10395
      vertex -17.1065 15.4406 2.1
      vertex -17.7008 15.1139 2.1
    endloop
  endfacet
  facet normal -0.276593 0.691482 -0.667344
    outer loop
      vertex -21.9175 24.0749 1.10395
      vertex -21.6687 25.1357 2.1
      vertex -21.915 24.0759 1.10395
    endloop
  endfacet
  facet normal -0.273826 0.691696 -0.668263
    outer loop
      vertex -21.6687 25.1357 2.1
      vertex -21.9175 24.0749 1.10395
      vertex -22.2992 24.8861 2.1
    endloop
  endfacet
  facet normal 0.6281 -0.398693 -0.668233
    outer loop
      vertex -16.0549 17.8281 1.10395
      vertex -15.2679 17.3985 2.1
      vertex -15.6313 16.826 2.1
    endloop
  endfacet
  facet normal 0.635181 -0.386632 -0.668626
    outer loop
      vertex -15.2679 17.3985 2.1
      vertex -16.0549 17.8281 1.10395
      vertex -16.0535 17.8304 1.10395
    endloop
  endfacet
  facet normal -0.742466 0.0467924 -0.668248
    outer loop
      vertex -24.5034 20.0027 1.10395
      vertex -25.3574 20.6768 2.1
      vertex -24.468 20.5644 1.10395
    endloop
  endfacet
  facet normal -0.6742 0.309009 -0.670796
    outer loop
      vertex -25.0208 21.9879 2.1
      vertex -23.9465 22.1696 1.10395
      vertex -23.9476 22.1672 1.10395
    endloop
  endfacet
  facet normal -0.673147 0.316717 -0.668254
    outer loop
      vertex -23.9465 22.1696 1.10395
      vertex -25.0208 21.9879 2.1
      vertex -24.7321 22.6015 2.1
    endloop
  endfacet
  facet normal 0.437288 0.601847 -0.668251
    outer loop
      vertex -17.5847 23.8009 1.10395
      vertex -17.1065 24.5594 2.1
      vertex -16.5579 24.1608 2.1
    endloop
  endfacet
  facet normal 0.437568 0.601656 -0.66824
    outer loop
      vertex -17.1065 24.5594 2.1
      vertex -17.5847 23.8009 1.10395
      vertex -17.5869 23.8025 1.10395
    endloop
  endfacet
  facet normal -0.573204 -0.474212 -0.668252
    outer loop
      vertex -23.2829 16.9171 1.10395
      vertex -23.9364 16.3034 2.1
      vertex -23.6417 17.3508 1.10395
    endloop
  endfacet
  facet normal -0.707564 -0.229819 -0.668234
    outer loop
      vertex -24.1873 18.3421 1.10395
      vertex -25.0208 18.0121 2.1
      vertex -24.3612 18.8775 1.10395
    endloop
  endfacet
  facet normal -0.742187 -0.0549768 -0.667934
    outer loop
      vertex -24.5034 19.9973 1.10395
      vertex -25.4 20 2.1
      vertex -24.5036 20 1.10395
    endloop
  endfacet
  facet normal -0.742488 -0.0467346 -0.668228
    outer loop
      vertex -25.4 20 2.1
      vertex -24.5034 19.9973 1.10395
      vertex -25.3574 19.3232 2.1
    endloop
  endfacet
  facet normal -0.673125 -0.316804 -0.668235
    outer loop
      vertex -23.9476 17.8328 1.10395
      vertex -25.0208 18.0121 2.1
      vertex -24.1873 18.3421 1.10395
    endloop
  endfacet
  facet normal 0.50926 -0.542303 -0.668253
    outer loop
      vertex -16.5579 15.8392 2.1
      vertex -17.1293 16.53 1.10395
      vertex -16.719 16.9153 1.10395
    endloop
  endfacet
  facet normal -0.193348 -0.718148 -0.668491
    outer loop
      vertex -21.3891 15.7162 1.10395
      vertex -21.6687 14.8643 2.1
      vertex -21.3917 15.7169 1.10395
    endloop
  endfacet
  facet normal -0.185077 -0.720562 -0.668234
    outer loop
      vertex -21.6687 14.8643 2.1
      vertex -21.3891 15.7162 1.10395
      vertex -21.0119 14.6956 2.1
    endloop
  endfacet
  facet normal -0.6281 -0.398693 -0.668233
    outer loop
      vertex -24.7321 17.3985 2.1
      vertex -23.9451 17.8281 1.10395
      vertex -24.3687 16.826 2.1
    endloop
  endfacet
  facet normal -0.635181 -0.386632 -0.668626
    outer loop
      vertex -23.9451 17.8281 1.10395
      vertex -24.7321 17.3985 2.1
      vertex -23.9465 17.8304 1.10395
    endloop
  endfacet
  facet normal -0.673125 0.316804 -0.668235
    outer loop
      vertex -24.1873 21.6579 1.10395
      vertex -25.0208 21.9879 2.1
      vertex -23.9476 22.1672 1.10395
    endloop
  endfacet
  facet normal 0.628134 -0.398664 -0.668218
    outer loop
      vertex -15.6313 16.826 2.1
      vertex -16.3565 17.3529 1.10395
      vertex -16.0549 17.8281 1.10395
    endloop
  endfacet
  facet normal 0.730825 0.139318 -0.668196
    outer loop
      vertex -15.5325 20.5671 1.10395
      vertex -15.6379 21.12 1.10395
      vertex -14.7697 21.3429 2.1
    endloop
  endfacet
  facet normal 0.707563 0.229821 -0.668235
    outer loop
      vertex -14.7697 21.3429 2.1
      vertex -15.6388 21.1225 1.10395
      vertex -14.9792 21.9879 2.1
    endloop
  endfacet
  facet normal 0.700777 0.25228 -0.667283
    outer loop
      vertex -15.6388 21.1225 1.10395
      vertex -14.7697 21.3429 2.1
      vertex -15.6379 21.12 1.10395
    endloop
  endfacet
  facet normal 0.273876 -0.691696 -0.668243
    outer loop
      vertex -18.3313 14.8643 2.1
      vertex -18.6083 15.7169 1.10395
      vertex -18.085 15.9241 1.10395
    endloop
  endfacet
  facet normal 0.276593 -0.691482 -0.667344
    outer loop
      vertex -18.0825 15.9251 1.10395
      vertex -18.3313 14.8643 2.1
      vertex -18.085 15.9241 1.10395
    endloop
  endfacet
  facet normal 0.273826 -0.691696 -0.668263
    outer loop
      vertex -18.3313 14.8643 2.1
      vertex -18.0825 15.9251 1.10395
      vertex -17.7008 15.1139 2.1
    endloop
  endfacet
  facet normal 0.0821929 0.739736 -0.667858
    outer loop
      vertex -19.1588 24.4241 1.10395
      vertex -18.9881 25.3044 2.1
      vertex -19.1561 24.4238 1.10395
    endloop
  endfacet
  facet normal 0.0931366 0.738072 -0.668263
    outer loop
      vertex -18.9881 25.3044 2.1
      vertex -19.1588 24.4241 1.10395
      vertex -19.6609 25.3893 2.1
    endloop
  endfacet
  facet normal -0.707564 0.229819 -0.668234
    outer loop
      vertex -24.3612 21.1225 1.10395
      vertex -25.0208 21.9879 2.1
      vertex -24.1873 21.6579 1.10395
    endloop
  endfacet
  facet normal -0.0931366 0.738072 -0.668263
    outer loop
      vertex -20.8412 24.4241 1.10395
      vertex -21.0119 25.3044 2.1
      vertex -20.3391 25.3893 2.1
    endloop
  endfacet
  facet normal -0.0821929 0.739736 -0.667858
    outer loop
      vertex -21.0119 25.3044 2.1
      vertex -20.8412 24.4241 1.10395
      vertex -20.8439 24.4238 1.10395
    endloop
  endfacet
  facet normal -0.273876 -0.691696 -0.668243
    outer loop
      vertex -21.6687 14.8643 2.1
      vertex -21.915 15.9241 1.10395
      vertex -21.3917 15.7169 1.10395
    endloop
  endfacet
  facet normal -0.437299 -0.601832 -0.668258
    outer loop
      vertex -22.4153 16.1991 1.10395
      vertex -23.4421 15.8392 2.1
      vertex -22.8707 16.53 1.10395
    endloop
  endfacet
  facet normal -0.50926 -0.542303 -0.668253
    outer loop
      vertex -22.8707 16.53 1.10395
      vertex -23.4421 15.8392 2.1
      vertex -23.281 16.9153 1.10395
    endloop
  endfacet
  facet normal -0.0933205 0.738104 -0.668201
    outer loop
      vertex -20.2828 24.4947 1.10395
      vertex -20.8412 24.4241 1.10395
      vertex -20.3391 25.3893 2.1
    endloop
  endfacet
  facet normal -0.50926 0.542303 -0.668253
    outer loop
      vertex -23.281 23.0847 1.10395
      vertex -23.4421 24.1608 2.1
      vertex -22.8707 23.47 1.10395
    endloop
  endfacet
  facet normal 0.193348 0.718148 -0.668491
    outer loop
      vertex -18.6109 24.2838 1.10395
      vertex -18.3313 25.1357 2.1
      vertex -18.6083 24.2831 1.10395
    endloop
  endfacet
  facet normal 0.185077 0.720562 -0.668234
    outer loop
      vertex -18.3313 25.1357 2.1
      vertex -18.6109 24.2838 1.10395
      vertex -18.9881 25.3044 2.1
    endloop
  endfacet
  facet normal 0.511576 0.539997 -0.668351
    outer loop
      vertex -16.719 23.0847 1.10395
      vertex -16.0636 23.6966 2.1
      vertex -16.7171 23.0829 1.10395
    endloop
  endfacet
  facet normal 0.509273 0.542296 -0.668248
    outer loop
      vertex -16.0636 23.6966 2.1
      vertex -16.719 23.0847 1.10395
      vertex -16.5579 24.1608 2.1
    endloop
  endfacet
  facet normal 0.36595 0.64745 -0.668498
    outer loop
      vertex -17.5892 23.8038 1.10395
      vertex -17.1065 24.5594 2.1
      vertex -17.5869 23.8025 1.10395
    endloop
  endfacet
  facet normal 0.358384 0.651937 -0.668235
    outer loop
      vertex -17.1065 24.5594 2.1
      vertex -17.5892 23.8038 1.10395
      vertex -17.7008 24.8861 2.1
    endloop
  endfacet
  facet normal 0.273876 0.691696 -0.668243
    outer loop
      vertex -18.085 24.0759 1.10395
      vertex -18.6083 24.2831 1.10395
      vertex -18.3313 25.1357 2.1
    endloop
  endfacet
  facet normal 0.358292 0.651956 -0.668266
    outer loop
      vertex -17.5892 23.8038 1.10395
      vertex -18.0825 24.0749 1.10395
      vertex -17.7008 24.8861 2.1
    endloop
  endfacet
  facet normal 0.18503 0.72056 -0.66825
    outer loop
      vertex -18.6109 24.2838 1.10395
      vertex -19.1561 24.4238 1.10395
      vertex -18.9881 25.3044 2.1
    endloop
  endfacet
  facet normal -0.573239 -0.474189 -0.668238
    outer loop
      vertex -24.3687 16.826 2.1
      vertex -23.6417 17.3508 1.10395
      vertex -23.9364 16.3034 2.1
    endloop
  endfacet
  facet normal -0.565177 -0.484437 -0.667754
    outer loop
      vertex -23.6417 17.3508 1.10395
      vertex -24.3687 16.826 2.1
      vertex -23.6435 17.3529 1.10395
    endloop
  endfacet
  facet normal -0.18503 -0.72056 -0.66825
    outer loop
      vertex -21.0119 14.6956 2.1
      vertex -21.3891 15.7162 1.10395
      vertex -20.8439 15.5762 1.10395
    endloop
  endfacet
  facet normal -0.0933205 -0.738104 -0.668201
    outer loop
      vertex -20.3391 14.6107 2.1
      vertex -20.8412 15.5759 1.10395
      vertex -20.2828 15.5053 1.10395
    endloop
  endfacet
  facet normal -0.18503 0.72056 -0.66825
    outer loop
      vertex -20.8439 24.4238 1.10395
      vertex -21.3891 24.2838 1.10395
      vertex -21.0119 25.3044 2.1
    endloop
  endfacet
  facet normal -0.273876 0.691696 -0.668243
    outer loop
      vertex -21.3917 24.2831 1.10395
      vertex -21.915 24.0759 1.10395
      vertex -21.6687 25.1357 2.1
    endloop
  endfacet
  facet normal 0.707564 0.229819 -0.668234
    outer loop
      vertex -15.6388 21.1225 1.10395
      vertex -15.8127 21.6579 1.10395
      vertex -14.9792 21.9879 2.1
    endloop
  endfacet
  facet normal 0 0.743979 -0.668203
    outer loop
      vertex -19.7172 24.4947 1.10395
      vertex -20.3391 25.3893 2.1
      vertex -19.6609 25.3893 2.1
    endloop
  endfacet
  facet normal 0 0.743979 -0.668203
    outer loop
      vertex -20.3391 25.3893 2.1
      vertex -19.7172 24.4947 1.10395
      vertex -20.2828 24.4947 1.10395
    endloop
  endfacet
  facet normal 0.730761 0.139438 -0.66824
    outer loop
      vertex -14.6426 20.6768 2.1
      vertex -15.5325 20.5671 1.10395
      vertex -14.7697 21.3429 2.1
    endloop
  endfacet
  facet normal 0.731396 0.135444 -0.668367
    outer loop
      vertex -15.5325 20.5671 1.10395
      vertex -14.6426 20.6768 2.1
      vertex -15.532 20.5644 1.10395
    endloop
  endfacet
  facet normal 0 0 1
    outer loop
      vertex -14.6426 20.6768 2.1
      vertex -14.6426 19.3232 2.1
      vertex -14.6 20 2.1
    endloop
  endfacet
  facet normal 0 0 1
    outer loop
      vertex -14.7697 21.3429 2.1
      vertex -14.6426 19.3232 2.1
      vertex -14.6426 20.6768 2.1
    endloop
  endfacet
  facet normal 0 0 1
    outer loop
      vertex -14.7697 21.3429 2.1
      vertex -14.7697 18.6571 2.1
      vertex -14.6426 19.3232 2.1
    endloop
  endfacet
  facet normal 0 0 1
    outer loop
      vertex -14.9792 21.9879 2.1
      vertex -14.7697 18.6571 2.1
      vertex -14.7697 21.3429 2.1
    endloop
  endfacet
  facet normal 0 0 1
    outer loop
      vertex -14.9792 21.9879 2.1
      vertex -14.9792 18.0121 2.1
      vertex -14.7697 18.6571 2.1
    endloop
  endfacet
  facet normal 0 0 1
    outer loop
      vertex -15.2679 22.6015 2.1
      vertex -14.9792 18.0121 2.1
      vertex -14.9792 21.9879 2.1
    endloop
  endfacet
  facet normal 0 0 1
    outer loop
      vertex -15.2679 22.6015 2.1
      vertex -15.2679 17.3985 2.1
      vertex -14.9792 18.0121 2.1
    endloop
  endfacet
  facet normal 0 0 1
    outer loop
      vertex -15.6313 23.174 2.1
      vertex -15.2679 17.3985 2.1
      vertex -15.2679 22.6015 2.1
    endloop
  endfacet
  facet normal 0 0 1
    outer loop
      vertex -15.6313 23.174 2.1
      vertex -15.6313 16.826 2.1
      vertex -15.2679 17.3985 2.1
    endloop
  endfacet
  facet normal 0 0 1
    outer loop
      vertex -16.0636 23.6966 2.1
      vertex -15.6313 16.826 2.1
      vertex -15.6313 23.174 2.1
    endloop
  endfacet
  facet normal 0 0 1
    outer loop
      vertex -16.0636 23.6966 2.1
      vertex -16.0636 16.3034 2.1
      vertex -15.6313 16.826 2.1
    endloop
  endfacet
  facet normal 0 0 1
    outer loop
      vertex -16.5579 24.1608 2.1
      vertex -16.0636 16.3034 2.1
      vertex -16.0636 23.6966 2.1
    endloop
  endfacet
  facet normal 0 0 1
    outer loop
      vertex -16.5579 24.1608 2.1
      vertex -16.5579 15.8392 2.1
      vertex -16.0636 16.3034 2.1
    endloop
  endfacet
  facet normal 0 0 1
    outer loop
      vertex -17.1065 24.5594 2.1
      vertex -16.5579 15.8392 2.1
      vertex -16.5579 24.1608 2.1
    endloop
  endfacet
  facet normal 0 0 1
    outer loop
      vertex -17.1065 24.5594 2.1
      vertex -17.1065 15.4406 2.1
      vertex -16.5579 15.8392 2.1
    endloop
  endfacet
  facet normal 0 0 1
    outer loop
      vertex -17.7008 24.8861 2.1
      vertex -17.1065 15.4406 2.1
      vertex -17.1065 24.5594 2.1
    endloop
  endfacet
  facet normal 0 0 1
    outer loop
      vertex -17.7008 24.8861 2.1
      vertex -17.7008 15.1139 2.1
      vertex -17.1065 15.4406 2.1
    endloop
  endfacet
  facet normal 0 0 1
    outer loop
      vertex -18.3313 25.1357 2.1
      vertex -17.7008 15.1139 2.1
      vertex -17.7008 24.8861 2.1
    endloop
  endfacet
  facet normal 0 0 1
    outer loop
      vertex -18.3313 25.1357 2.1
      vertex -18.3313 14.8643 2.1
      vertex -17.7008 15.1139 2.1
    endloop
  endfacet
  facet normal 0 0 1
    outer loop
      vertex -18.9881 25.3044 2.1
      vertex -18.3313 14.8643 2.1
      vertex -18.3313 25.1357 2.1
    endloop
  endfacet
  facet normal 0 0 1
    outer loop
      vertex -18.9881 25.3044 2.1
      vertex -18.9881 14.6956 2.1
      vertex -18.3313 14.8643 2.1
    endloop
  endfacet
  facet normal 0 0 1
    outer loop
      vertex -19.6609 25.3893 2.1
      vertex -18.9881 14.6956 2.1
      vertex -18.9881 25.3044 2.1
    endloop
  endfacet
  facet normal 0 0 1
    outer loop
      vertex -19.6609 25.3893 2.1
      vertex -19.6609 14.6107 2.1
      vertex -18.9881 14.6956 2.1
    endloop
  endfacet
  facet normal -0 0 1
    outer loop
      vertex -20.3391 25.3893 2.1
      vertex -19.6609 14.6107 2.1
      vertex -19.6609 25.3893 2.1
    endloop
  endfacet
  facet normal 0 0 1
    outer loop
      vertex -20.3391 25.3893 2.1
      vertex -20.3391 14.6107 2.1
      vertex -19.6609 14.6107 2.1
    endloop
  endfacet
  facet normal -0 0 1
    outer loop
      vertex -21.0119 25.3044 2.1
      vertex -20.3391 14.6107 2.1
      vertex -20.3391 25.3893 2.1
    endloop
  endfacet
  facet normal 0 0 1
    outer loop
      vertex -21.0119 25.3044 2.1
      vertex -21.0119 14.6956 2.1
      vertex -20.3391 14.6107 2.1
    endloop
  endfacet
  facet normal -0 0 1
    outer loop
      vertex -21.6687 25.1357 2.1
      vertex -21.0119 14.6956 2.1
      vertex -21.0119 25.3044 2.1
    endloop
  endfacet
  facet normal 0 0 1
    outer loop
      vertex -21.6687 25.1357 2.1
      vertex -21.6687 14.8643 2.1
      vertex -21.0119 14.6956 2.1
    endloop
  endfacet
  facet normal -0 0 1
    outer loop
      vertex -22.2992 24.8861 2.1
      vertex -21.6687 14.8643 2.1
      vertex -21.6687 25.1357 2.1
    endloop
  endfacet
  facet normal 0 0 1
    outer loop
      vertex -22.2992 24.8861 2.1
      vertex -22.2992 15.1139 2.1
      vertex -21.6687 14.8643 2.1
    endloop
  endfacet
  facet normal -0 0 1
    outer loop
      vertex -22.8935 24.5594 2.1
      vertex -22.2992 15.1139 2.1
      vertex -22.2992 24.8861 2.1
    endloop
  endfacet
  facet normal 0 0 1
    outer loop
      vertex -22.8935 24.5594 2.1
      vertex -22.8935 15.4406 2.1
      vertex -22.2992 15.1139 2.1
    endloop
  endfacet
  facet normal -0 0 1
    outer loop
      vertex -23.4421 24.1608 2.1
      vertex -22.8935 15.4406 2.1
      vertex -22.8935 24.5594 2.1
    endloop
  endfacet
  facet normal 0 0 1
    outer loop
      vertex -23.4421 24.1608 2.1
      vertex -23.4421 15.8392 2.1
      vertex -22.8935 15.4406 2.1
    endloop
  endfacet
  facet normal -0 0 1
    outer loop
      vertex -23.9364 23.6966 2.1
      vertex -23.4421 15.8392 2.1
      vertex -23.4421 24.1608 2.1
    endloop
  endfacet
  facet normal 0 0 1
    outer loop
      vertex -23.9364 23.6966 2.1
      vertex -23.9364 16.3034 2.1
      vertex -23.4421 15.8392 2.1
    endloop
  endfacet
  facet normal -0 0 1
    outer loop
      vertex -24.3687 23.174 2.1
      vertex -23.9364 16.3034 2.1
      vertex -23.9364 23.6966 2.1
    endloop
  endfacet
  facet normal 0 0 1
    outer loop
      vertex -24.3687 23.174 2.1
      vertex -24.3687 16.826 2.1
      vertex -23.9364 16.3034 2.1
    endloop
  endfacet
  facet normal -0 0 1
    outer loop
      vertex -24.7321 22.6015 2.1
      vertex -24.3687 16.826 2.1
      vertex -24.3687 23.174 2.1
    endloop
  endfacet
  facet normal 0 0 1
    outer loop
      vertex -24.7321 22.6015 2.1
      vertex -24.7321 17.3985 2.1
      vertex -24.3687 16.826 2.1
    endloop
  endfacet
  facet normal -0 0 1
    outer loop
      vertex -25.0208 21.9879 2.1
      vertex -24.7321 17.3985 2.1
      vertex -24.7321 22.6015 2.1
    endloop
  endfacet
  facet normal 0 0 1
    outer loop
      vertex -25.0208 21.9879 2.1
      vertex -25.0208 18.0121 2.1
      vertex -24.7321 17.3985 2.1
    endloop
  endfacet
  facet normal -0 0 1
    outer loop
      vertex -25.2303 21.3429 2.1
      vertex -25.0208 18.0121 2.1
      vertex -25.0208 21.9879 2.1
    endloop
  endfacet
  facet normal 0 0 1
    outer loop
      vertex -25.2303 21.3429 2.1
      vertex -25.2303 18.6571 2.1
      vertex -25.0208 18.0121 2.1
    endloop
  endfacet
  facet normal -0 0 1
    outer loop
      vertex -25.3574 20.6768 2.1
      vertex -25.2303 18.6571 2.1
      vertex -25.2303 21.3429 2.1
    endloop
  endfacet
  facet normal 0 0 1
    outer loop
      vertex -25.3574 20.6768 2.1
      vertex -25.3574 19.3232 2.1
      vertex -25.2303 18.6571 2.1
    endloop
  endfacet
  facet normal 0 -0 1
    outer loop
      vertex -25.3574 19.3232 2.1
      vertex -25.3574 20.6768 2.1
      vertex -25.4 20 2.1
    endloop
  endfacet
  facet normal -0.742161 0.0555926 -0.667912
    outer loop
      vertex -25.4 -10 2.1
      vertex -24.5034 -9.99733 1.10395
      vertex -24.5036 -10 1.10395
    endloop
  endfacet
  facet normal -0.742487 0.0467345 -0.668228
    outer loop
      vertex -24.5034 -9.99733 1.10395
      vertex -25.4 -10 2.1
      vertex -25.3574 -9.3232 2.1
    endloop
  endfacet
  facet normal 0.628154 0.398627 -0.668221
    outer loop
      vertex -16.0549 -7.82814 1.10395
      vertex -16.3565 -7.35288 1.10395
      vertex -15.6313 -6.82596 2.1
    endloop
  endfacet
  facet normal -0.358384 -0.651937 -0.668235
    outer loop
      vertex -22.8935 -14.5594 2.1
      vertex -22.4108 -13.8038 1.10395
      vertex -22.2992 -14.8861 2.1
    endloop
  endfacet
  facet normal -0.36595 -0.64745 -0.668498
    outer loop
      vertex -22.4108 -13.8038 1.10395
      vertex -22.8935 -14.5594 2.1
      vertex -22.4131 -13.8025 1.10395
    endloop
  endfacet
  facet normal 0.742487 0.0467345 -0.668228
    outer loop
      vertex -14.6 -10 2.1
      vertex -15.4966 -9.99733 1.10395
      vertex -14.6426 -9.3232 2.1
    endloop
  endfacet
  facet normal 0.742161 0.0555926 -0.667912
    outer loop
      vertex -15.4966 -9.99733 1.10395
      vertex -14.6 -10 2.1
      vertex -15.4964 -10 1.10395
    endloop
  endfacet
  facet normal 0.742467 0.0467866 -0.668247
    outer loop
      vertex -15.4966 -9.99733 1.10395
      vertex -15.532 -9.43556 1.10395
      vertex -14.6426 -9.3232 2.1
    endloop
  endfacet
  facet normal 0.509273 -0.542296 -0.668248
    outer loop
      vertex -16.719 -13.0847 1.10395
      vertex -16.0636 -13.6966 2.1
      vertex -16.5579 -14.1608 2.1
    endloop
  endfacet
  facet normal 0.511576 -0.539997 -0.668351
    outer loop
      vertex -16.0636 -13.6966 2.1
      vertex -16.719 -13.0847 1.10395
      vertex -16.7171 -13.0829 1.10395
    endloop
  endfacet
  facet normal 0 -0.743979 -0.668203
    outer loop
      vertex -20.2828 -14.4947 1.10395
      vertex -19.6609 -15.3893 2.1
      vertex -20.3391 -15.3893 2.1
    endloop
  endfacet
  facet normal 0 -0.743979 -0.668203
    outer loop
      vertex -19.6609 -15.3893 2.1
      vertex -20.2828 -14.4947 1.10395
      vertex -19.7172 -14.4947 1.10395
    endloop
  endfacet
  facet normal 0.632248 0.391658 -0.66848
    outer loop
      vertex -16.0549 -7.82814 1.10395
      vertex -15.2679 -7.39853 2.1
      vertex -16.0535 -7.8304 1.10395
    endloop
  endfacet
  facet normal 0.628119 0.398656 -0.668236
    outer loop
      vertex -15.2679 -7.39853 2.1
      vertex -16.0549 -7.82814 1.10395
      vertex -15.6313 -6.82596 2.1
    endloop
  endfacet
  facet normal -0.432047 0.605416 -0.668436
    outer loop
      vertex -22.4153 -6.1991 1.10395
      vertex -22.8935 -5.44063 2.1
      vertex -22.4131 -6.19753 1.10395
    endloop
  endfacet
  facet normal -0.437293 0.601854 -0.668241
    outer loop
      vertex -22.8935 -5.44063 2.1
      vertex -22.4153 -6.1991 1.10395
      vertex -23.4421 -5.83923 2.1
    endloop
  endfacet
  facet normal -0.358385 0.651934 -0.668238
    outer loop
      vertex -21.9175 -5.92506 1.10395
      vertex -22.4108 -6.19624 1.10395
      vertex -22.2992 -5.11393 2.1
    endloop
  endfacet
  facet normal 0.18503 -0.72056 -0.66825
    outer loop
      vertex -18.9881 -15.3044 2.1
      vertex -19.1561 -14.4238 1.10395
      vertex -18.6109 -14.2838 1.10395
    endloop
  endfacet
  facet normal 0.573239 -0.474189 -0.668238
    outer loop
      vertex -16.3583 -12.6492 1.10395
      vertex -15.6313 -13.174 2.1
      vertex -16.0636 -13.6966 2.1
    endloop
  endfacet
  facet normal 0.565177 -0.484437 -0.667754
    outer loop
      vertex -15.6313 -13.174 2.1
      vertex -16.3583 -12.6492 1.10395
      vertex -16.3565 -12.6471 1.10395
    endloop
  endfacet
  facet normal 0.093252 0.738085 -0.668232
    outer loop
      vertex -19.1588 -5.57588 1.10395
      vertex -19.7172 -5.50533 1.10395
      vertex -19.6609 -4.61066 2.1
    endloop
  endfacet
  facet normal -0.6742 -0.309009 -0.670796
    outer loop
      vertex -23.9465 -12.1696 1.10395
      vertex -25.0208 -11.9879 2.1
      vertex -23.9476 -12.1672 1.10395
    endloop
  endfacet
  facet normal -0.673147 -0.316717 -0.668254
    outer loop
      vertex -25.0208 -11.9879 2.1
      vertex -23.9465 -12.1696 1.10395
      vertex -24.7321 -12.6015 2.1
    endloop
  endfacet
  facet normal 0.742187 -0.0549768 -0.667934
    outer loop
      vertex -14.6 -10 2.1
      vertex -15.4966 -10.0027 1.10395
      vertex -15.4964 -10 1.10395
    endloop
  endfacet
  facet normal 0.742488 -0.0467346 -0.668228
    outer loop
      vertex -15.4966 -10.0027 1.10395
      vertex -14.6 -10 2.1
      vertex -14.6426 -10.6768 2.1
    endloop
  endfacet
  facet normal -0.730823 0.139313 -0.668199
    outer loop
      vertex -24.4675 -9.43293 1.10395
      vertex -25.2303 -8.65707 2.1
      vertex -24.3621 -8.88001 1.10395
    endloop
  endfacet
  facet normal -0.560741 0.489968 -0.667459
    outer loop
      vertex -24.3687 -6.82596 2.1
      vertex -23.6417 -7.35082 1.10395
      vertex -23.6435 -7.35288 1.10395
    endloop
  endfacet
  facet normal -0.573189 0.474229 -0.668252
    outer loop
      vertex -23.6417 -7.35082 1.10395
      vertex -24.3687 -6.82596 2.1
      vertex -23.9364 -6.30345 2.1
    endloop
  endfacet
  facet normal 0.437299 -0.601832 -0.668258
    outer loop
      vertex -16.5579 -14.1608 2.1
      vertex -17.5847 -13.8009 1.10395
      vertex -17.1293 -13.47 1.10395
    endloop
  endfacet
  facet normal 0.358292 -0.651956 -0.668266
    outer loop
      vertex -17.7008 -14.8861 2.1
      vertex -18.0825 -14.0749 1.10395
      vertex -17.5892 -13.8038 1.10395
    endloop
  endfacet
  facet normal 0.573204 -0.474212 -0.668252
    outer loop
      vertex -16.0636 -13.6966 2.1
      vertex -16.7171 -13.0829 1.10395
      vertex -16.3583 -12.6492 1.10395
    endloop
  endfacet
  facet normal -0.707557 0.22984 -0.668234
    outer loop
      vertex -24.3612 -8.87747 1.10395
      vertex -25.2303 -8.65707 2.1
      vertex -25.0208 -8.01213 2.1
    endloop
  endfacet
  facet normal -0.701887 0.2487 -0.66746
    outer loop
      vertex -25.2303 -8.65707 2.1
      vertex -24.3612 -8.87747 1.10395
      vertex -24.3621 -8.88001 1.10395
    endloop
  endfacet
  facet normal 0.673125 -0.316804 -0.668235
    outer loop
      vertex -14.9792 -11.9879 2.1
      vertex -16.0524 -12.1672 1.10395
      vertex -15.8127 -11.6579 1.10395
    endloop
  endfacet
  facet normal -0.509273 -0.542296 -0.668248
    outer loop
      vertex -23.9364 -13.6966 2.1
      vertex -23.281 -13.0847 1.10395
      vertex -23.4421 -14.1608 2.1
    endloop
  endfacet
  facet normal -0.511576 -0.539997 -0.668351
    outer loop
      vertex -23.281 -13.0847 1.10395
      vertex -23.9364 -13.6966 2.1
      vertex -23.2829 -13.0829 1.10395
    endloop
  endfacet
  facet normal 0.6742 -0.309009 -0.670796
    outer loop
      vertex -14.9792 -11.9879 2.1
      vertex -16.0535 -12.1696 1.10395
      vertex -16.0524 -12.1672 1.10395
    endloop
  endfacet
  facet normal 0.673147 -0.316717 -0.668254
    outer loop
      vertex -16.0535 -12.1696 1.10395
      vertex -14.9792 -11.9879 2.1
      vertex -15.2679 -12.6015 2.1
    endloop
  endfacet
  facet normal 0.707564 -0.229819 -0.668234
    outer loop
      vertex -14.9792 -11.9879 2.1
      vertex -15.8127 -11.6579 1.10395
      vertex -15.6388 -11.1225 1.10395
    endloop
  endfacet
  facet normal -0.700777 -0.25228 -0.667283
    outer loop
      vertex -24.3612 -11.1225 1.10395
      vertex -25.2303 -11.3429 2.1
      vertex -24.3621 -11.12 1.10395
    endloop
  endfacet
  facet normal -0.707563 -0.229821 -0.668235
    outer loop
      vertex -25.2303 -11.3429 2.1
      vertex -24.3612 -11.1225 1.10395
      vertex -25.0208 -11.9879 2.1
    endloop
  endfacet
  facet normal -0.632248 0.391658 -0.66848
    outer loop
      vertex -24.7321 -7.39853 2.1
      vertex -23.9451 -7.82814 1.10395
      vertex -23.9465 -7.8304 1.10395
    endloop
  endfacet
  facet normal -0.628119 0.398656 -0.668236
    outer loop
      vertex -23.9451 -7.82814 1.10395
      vertex -24.7321 -7.39853 2.1
      vertex -24.3687 -6.82596 2.1
    endloop
  endfacet
  facet normal 0.730825 -0.139318 -0.668196
    outer loop
      vertex -14.7697 -11.3429 2.1
      vertex -15.6379 -11.12 1.10395
      vertex -15.5325 -10.5671 1.10395
    endloop
  endfacet
  facet normal 0.742466 -0.0467924 -0.668248
    outer loop
      vertex -14.6426 -10.6768 2.1
      vertex -15.532 -10.5644 1.10395
      vertex -15.4966 -10.0027 1.10395
    endloop
  endfacet
  facet normal 0.700777 -0.25228 -0.667283
    outer loop
      vertex -14.7697 -11.3429 2.1
      vertex -15.6388 -11.1225 1.10395
      vertex -15.6379 -11.12 1.10395
    endloop
  endfacet
  facet normal 0.707563 -0.229821 -0.668235
    outer loop
      vertex -15.6388 -11.1225 1.10395
      vertex -14.7697 -11.3429 2.1
      vertex -14.9792 -11.9879 2.1
    endloop
  endfacet
  facet normal -0.628134 -0.398664 -0.668218
    outer loop
      vertex -23.6435 -12.6471 1.10395
      vertex -24.3687 -13.174 2.1
      vertex -23.9451 -12.1719 1.10395
    endloop
  endfacet
  facet normal -0.185026 0.720577 -0.668232
    outer loop
      vertex -21.3891 -5.7162 1.10395
      vertex -21.6687 -4.8643 2.1
      vertex -21.0119 -4.69565 2.1
    endloop
  endfacet
  facet normal -0.185641 0.720399 -0.668253
    outer loop
      vertex -21.6687 -4.8643 2.1
      vertex -21.3891 -5.7162 1.10395
      vertex -21.3917 -5.71687 1.10395
    endloop
  endfacet
  facet normal -0.731396 -0.135444 -0.668367
    outer loop
      vertex -24.4675 -10.5671 1.10395
      vertex -25.3574 -10.6768 2.1
      vertex -24.468 -10.5644 1.10395
    endloop
  endfacet
  facet normal -0.730761 -0.139438 -0.66824
    outer loop
      vertex -25.3574 -10.6768 2.1
      vertex -24.4675 -10.5671 1.10395
      vertex -25.2303 -11.3429 2.1
    endloop
  endfacet
  facet normal 0.509289 0.542306 -0.668229
    outer loop
      vertex -16.719 -6.91527 1.10395
      vertex -17.1293 -6.52995 1.10395
      vertex -16.5579 -5.83923 2.1
    endloop
  endfacet
  facet normal 0.0933205 -0.738104 -0.668201
    outer loop
      vertex -19.6609 -15.3893 2.1
      vertex -19.7172 -14.4947 1.10395
      vertex -19.1588 -14.4241 1.10395
    endloop
  endfacet
  facet normal 0.437288 -0.601847 -0.668251
    outer loop
      vertex -17.1065 -14.5594 2.1
      vertex -17.5847 -13.8009 1.10395
      vertex -16.5579 -14.1608 2.1
    endloop
  endfacet
  facet normal 0.437568 -0.601656 -0.66824
    outer loop
      vertex -17.5847 -13.8009 1.10395
      vertex -17.1065 -14.5594 2.1
      vertex -17.5869 -13.8025 1.10395
    endloop
  endfacet
  facet normal 0.273863 0.691707 -0.668237
    outer loop
      vertex -18.0825 -5.92506 1.10395
      vertex -18.3313 -4.8643 2.1
      vertex -17.7008 -5.11393 2.1
    endloop
  endfacet
  facet normal 0.271227 0.691905 -0.669107
    outer loop
      vertex -18.3313 -4.8643 2.1
      vertex -18.0825 -5.92506 1.10395
      vertex -18.085 -5.92408 1.10395
    endloop
  endfacet
  facet normal -0.358292 -0.651956 -0.668266
    outer loop
      vertex -22.2992 -14.8861 2.1
      vertex -22.4108 -13.8038 1.10395
      vertex -21.9175 -14.0749 1.10395
    endloop
  endfacet
  facet normal -0.437271 0.601884 -0.668229
    outer loop
      vertex -22.8707 -6.52995 1.10395
      vertex -23.4421 -5.83923 2.1
      vertex -22.4153 -6.1991 1.10395
    endloop
  endfacet
  facet normal 0.185077 -0.720562 -0.668234
    outer loop
      vertex -18.6109 -14.2838 1.10395
      vertex -18.3313 -15.1357 2.1
      vertex -18.9881 -15.3044 2.1
    endloop
  endfacet
  facet normal 0.193348 -0.718148 -0.668491
    outer loop
      vertex -18.3313 -15.1357 2.1
      vertex -18.6109 -14.2838 1.10395
      vertex -18.6083 -14.2831 1.10395
    endloop
  endfacet
  facet normal -0.363839 0.648705 -0.668433
    outer loop
      vertex -22.8935 -5.44063 2.1
      vertex -22.4108 -6.19624 1.10395
      vertex -22.4131 -6.19753 1.10395
    endloop
  endfacet
  facet normal -0.358383 0.651934 -0.668239
    outer loop
      vertex -22.4108 -6.19624 1.10395
      vertex -22.8935 -5.44063 2.1
      vertex -22.2992 -5.11393 2.1
    endloop
  endfacet
  facet normal -0.0821929 -0.739736 -0.667858
    outer loop
      vertex -20.8412 -14.4241 1.10395
      vertex -21.0119 -15.3044 2.1
      vertex -20.8439 -14.4238 1.10395
    endloop
  endfacet
  facet normal -0.0931366 -0.738072 -0.668263
    outer loop
      vertex -21.0119 -15.3044 2.1
      vertex -20.8412 -14.4241 1.10395
      vertex -20.3391 -15.3893 2.1
    endloop
  endfacet
  facet normal 0.673128 0.316799 -0.668235
    outer loop
      vertex -15.8127 -8.34213 1.10395
      vertex -16.0524 -7.83282 1.10395
      vertex -14.9792 -8.01213 2.1
    endloop
  endfacet
  facet normal -0.742466 -0.0467924 -0.668248
    outer loop
      vertex -24.468 -10.5644 1.10395
      vertex -25.3574 -10.6768 2.1
      vertex -24.5034 -10.0027 1.10395
    endloop
  endfacet
  facet normal 0.0931366 -0.738072 -0.668263
    outer loop
      vertex -19.1588 -14.4241 1.10395
      vertex -18.9881 -15.3044 2.1
      vertex -19.6609 -15.3893 2.1
    endloop
  endfacet
  facet normal 0.0821929 -0.739736 -0.667858
    outer loop
      vertex -18.9881 -15.3044 2.1
      vertex -19.1588 -14.4241 1.10395
      vertex -19.1561 -14.4238 1.10395
    endloop
  endfacet
  facet normal -0.273826 -0.691696 -0.668263
    outer loop
      vertex -21.9175 -14.0749 1.10395
      vertex -21.6687 -15.1357 2.1
      vertex -22.2992 -14.8861 2.1
    endloop
  endfacet
  facet normal -0.276593 -0.691482 -0.667344
    outer loop
      vertex -21.6687 -15.1357 2.1
      vertex -21.9175 -14.0749 1.10395
      vertex -21.915 -14.0759 1.10395
    endloop
  endfacet
  facet normal 0.673151 0.316719 -0.668249
    outer loop
      vertex -14.9792 -8.01213 2.1
      vertex -16.0535 -7.8304 1.10395
      vertex -15.2679 -7.39853 2.1
    endloop
  endfacet
  facet normal 0.674524 0.306602 -0.671575
    outer loop
      vertex -16.0535 -7.8304 1.10395
      vertex -14.9792 -8.01213 2.1
      vertex -16.0524 -7.83282 1.10395
    endloop
  endfacet
  facet normal 0.437271 0.601884 -0.668229
    outer loop
      vertex -17.1293 -6.52995 1.10395
      vertex -17.5847 -6.1991 1.10395
      vertex -16.5579 -5.83923 2.1
    endloop
  endfacet
  facet normal 0.560741 0.489968 -0.667459
    outer loop
      vertex -16.3583 -7.35082 1.10395
      vertex -15.6313 -6.82596 2.1
      vertex -16.3565 -7.35288 1.10395
    endloop
  endfacet
  facet normal 0.573189 0.474229 -0.668252
    outer loop
      vertex -15.6313 -6.82596 2.1
      vertex -16.3583 -7.35082 1.10395
      vertex -16.0636 -6.30345 2.1
    endloop
  endfacet
  facet normal 0.731396 -0.135444 -0.668367
    outer loop
      vertex -14.6426 -10.6768 2.1
      vertex -15.5325 -10.5671 1.10395
      vertex -15.532 -10.5644 1.10395
    endloop
  endfacet
  facet normal 0.730761 -0.139438 -0.66824
    outer loop
      vertex -15.5325 -10.5671 1.10395
      vertex -14.6426 -10.6768 2.1
      vertex -14.7697 -11.3429 2.1
    endloop
  endfacet
  facet normal -0.437568 -0.601656 -0.66824
    outer loop
      vertex -22.8935 -14.5594 2.1
      vertex -22.4153 -13.8009 1.10395
      vertex -22.4131 -13.8025 1.10395
    endloop
  endfacet
  facet normal -0.437288 -0.601847 -0.668251
    outer loop
      vertex -22.4153 -13.8009 1.10395
      vertex -22.8935 -14.5594 2.1
      vertex -23.4421 -14.1608 2.1
    endloop
  endfacet
  facet normal -0.517347 0.534217 -0.668554
    outer loop
      vertex -23.9364 -6.30345 2.1
      vertex -23.281 -6.91527 1.10395
      vertex -23.2829 -6.91711 1.10395
    endloop
  endfacet
  facet normal -0.509299 0.5423 -0.668225
    outer loop
      vertex -23.281 -6.91527 1.10395
      vertex -23.9364 -6.30345 2.1
      vertex -23.4421 -5.83923 2.1
    endloop
  endfacet
  facet normal -0.73076 0.139432 -0.668243
    outer loop
      vertex -24.4675 -9.43293 1.10395
      vertex -25.3574 -9.3232 2.1
      vertex -25.2303 -8.65707 2.1
    endloop
  endfacet
  facet normal -0.730838 0.138943 -0.668259
    outer loop
      vertex -25.3574 -9.3232 2.1
      vertex -24.4675 -9.43293 1.10395
      vertex -24.468 -9.43556 1.10395
    endloop
  endfacet
  facet normal -0.573217 0.474211 -0.668241
    outer loop
      vertex -23.6417 -7.35082 1.10395
      vertex -23.9364 -6.30345 2.1
      vertex -23.2829 -6.91711 1.10395
    endloop
  endfacet
  facet normal -0.628154 0.398627 -0.668221
    outer loop
      vertex -23.9451 -7.82814 1.10395
      vertex -24.3687 -6.82596 2.1
      vertex -23.6435 -7.35288 1.10395
    endloop
  endfacet
  facet normal 0.573217 0.474211 -0.668241
    outer loop
      vertex -16.3583 -7.35082 1.10395
      vertex -16.7171 -6.91711 1.10395
      vertex -16.0636 -6.30345 2.1
    endloop
  endfacet
  facet normal -0.730825 -0.139318 -0.668196
    outer loop
      vertex -24.3621 -11.12 1.10395
      vertex -25.2303 -11.3429 2.1
      vertex -24.4675 -10.5671 1.10395
    endloop
  endfacet
  facet normal 0.36595 -0.64745 -0.668498
    outer loop
      vertex -17.1065 -14.5594 2.1
      vertex -17.5892 -13.8038 1.10395
      vertex -17.5869 -13.8025 1.10395
    endloop
  endfacet
  facet normal 0.358384 -0.651937 -0.668235
    outer loop
      vertex -17.5892 -13.8038 1.10395
      vertex -17.1065 -14.5594 2.1
      vertex -17.7008 -14.8861 2.1
    endloop
  endfacet
  facet normal -0.271227 0.691905 -0.669107
    outer loop
      vertex -21.9175 -5.92506 1.10395
      vertex -21.6687 -4.8643 2.1
      vertex -21.915 -5.92408 1.10395
    endloop
  endfacet
  facet normal -0.273863 0.691707 -0.668237
    outer loop
      vertex -21.6687 -4.8643 2.1
      vertex -21.9175 -5.92506 1.10395
      vertex -22.2992 -5.11393 2.1
    endloop
  endfacet
  facet normal 0.6281 -0.398693 -0.668233
    outer loop
      vertex -16.0549 -12.1719 1.10395
      vertex -15.2679 -12.6015 2.1
      vertex -15.6313 -13.174 2.1
    endloop
  endfacet
  facet normal 0.635181 -0.386632 -0.668626
    outer loop
      vertex -15.2679 -12.6015 2.1
      vertex -16.0549 -12.1719 1.10395
      vertex -16.0535 -12.1696 1.10395
    endloop
  endfacet
  facet normal -0.742467 0.0467866 -0.668247
    outer loop
      vertex -24.5034 -9.99733 1.10395
      vertex -25.3574 -9.3232 2.1
      vertex -24.468 -9.43556 1.10395
    endloop
  endfacet
  facet normal -0.674524 0.306602 -0.671575
    outer loop
      vertex -25.0208 -8.01213 2.1
      vertex -23.9465 -7.8304 1.10395
      vertex -23.9476 -7.83282 1.10395
    endloop
  endfacet
  facet normal -0.673151 0.316719 -0.668249
    outer loop
      vertex -23.9465 -7.8304 1.10395
      vertex -25.0208 -8.01213 2.1
      vertex -24.7321 -7.39853 2.1
    endloop
  endfacet
  facet normal 0.437293 0.601854 -0.668241
    outer loop
      vertex -17.5847 -6.1991 1.10395
      vertex -17.1065 -5.44063 2.1
      vertex -16.5579 -5.83923 2.1
    endloop
  endfacet
  facet normal 0.432047 0.605416 -0.668436
    outer loop
      vertex -17.1065 -5.44063 2.1
      vertex -17.5847 -6.1991 1.10395
      vertex -17.5869 -6.19753 1.10395
    endloop
  endfacet
  facet normal -0.573204 -0.474212 -0.668252
    outer loop
      vertex -23.2829 -13.0829 1.10395
      vertex -23.9364 -13.6966 2.1
      vertex -23.6417 -12.6492 1.10395
    endloop
  endfacet
  facet normal -0.707564 -0.229819 -0.668234
    outer loop
      vertex -24.1873 -11.6579 1.10395
      vertex -25.0208 -11.9879 2.1
      vertex -24.3612 -11.1225 1.10395
    endloop
  endfacet
  facet normal -0.742187 -0.0549768 -0.667934
    outer loop
      vertex -24.5034 -10.0027 1.10395
      vertex -25.4 -10 2.1
      vertex -24.5036 -10 1.10395
    endloop
  endfacet
  facet normal -0.742488 -0.0467346 -0.668228
    outer loop
      vertex -25.4 -10 2.1
      vertex -24.5034 -10.0027 1.10395
      vertex -25.3574 -10.6768 2.1
    endloop
  endfacet
  facet normal -0.673125 -0.316804 -0.668235
    outer loop
      vertex -23.9476 -12.1672 1.10395
      vertex -25.0208 -11.9879 2.1
      vertex -24.1873 -11.6579 1.10395
    endloop
  endfacet
  facet normal 0.50926 -0.542303 -0.668253
    outer loop
      vertex -16.5579 -14.1608 2.1
      vertex -17.1293 -13.47 1.10395
      vertex -16.719 -13.0847 1.10395
    endloop
  endfacet
  facet normal -0.193348 -0.718148 -0.668491
    outer loop
      vertex -21.3891 -14.2838 1.10395
      vertex -21.6687 -15.1357 2.1
      vertex -21.3917 -14.2831 1.10395
    endloop
  endfacet
  facet normal -0.185077 -0.720562 -0.668234
    outer loop
      vertex -21.6687 -15.1357 2.1
      vertex -21.3891 -14.2838 1.10395
      vertex -21.0119 -15.3044 2.1
    endloop
  endfacet
  facet normal -0.6281 -0.398693 -0.668233
    outer loop
      vertex -24.7321 -12.6015 2.1
      vertex -23.9451 -12.1719 1.10395
      vertex -24.3687 -13.174 2.1
    endloop
  endfacet
  facet normal -0.635181 -0.386632 -0.668626
    outer loop
      vertex -23.9451 -12.1719 1.10395
      vertex -24.7321 -12.6015 2.1
      vertex -23.9465 -12.1696 1.10395
    endloop
  endfacet
  facet normal -0.673128 0.316799 -0.668235
    outer loop
      vertex -24.1873 -8.34213 1.10395
      vertex -25.0208 -8.01213 2.1
      vertex -23.9476 -7.83282 1.10395
    endloop
  endfacet
  facet normal 0.628134 -0.398664 -0.668218
    outer loop
      vertex -15.6313 -13.174 2.1
      vertex -16.3565 -12.6471 1.10395
      vertex -16.0549 -12.1719 1.10395
    endloop
  endfacet
  facet normal 0.730823 0.139313 -0.668199
    outer loop
      vertex -15.5325 -9.43293 1.10395
      vertex -15.6379 -8.88001 1.10395
      vertex -14.7697 -8.65707 2.1
    endloop
  endfacet
  facet normal 0.707557 0.22984 -0.668234
    outer loop
      vertex -14.7697 -8.65707 2.1
      vertex -15.6388 -8.87747 1.10395
      vertex -14.9792 -8.01213 2.1
    endloop
  endfacet
  facet normal 0.701887 0.2487 -0.66746
    outer loop
      vertex -15.6388 -8.87747 1.10395
      vertex -14.7697 -8.65707 2.1
      vertex -15.6379 -8.88001 1.10395
    endloop
  endfacet
  facet normal 0.273876 -0.691696 -0.668243
    outer loop
      vertex -18.3313 -15.1357 2.1
      vertex -18.6083 -14.2831 1.10395
      vertex -18.085 -14.0759 1.10395
    endloop
  endfacet
  facet normal 0.276593 -0.691482 -0.667344
    outer loop
      vertex -18.0825 -14.0749 1.10395
      vertex -18.3313 -15.1357 2.1
      vertex -18.085 -14.0759 1.10395
    endloop
  endfacet
  facet normal 0.273826 -0.691696 -0.668263
    outer loop
      vertex -18.3313 -15.1357 2.1
      vertex -18.0825 -14.0749 1.10395
      vertex -17.7008 -14.8861 2.1
    endloop
  endfacet
  facet normal 0.0929494 0.738127 -0.668228
    outer loop
      vertex -19.1588 -5.57588 1.10395
      vertex -18.9881 -4.69565 2.1
      vertex -19.1561 -5.57622 1.10395
    endloop
  endfacet
  facet normal 0.0932367 0.738082 -0.668237
    outer loop
      vertex -18.9881 -4.69565 2.1
      vertex -19.1588 -5.57588 1.10395
      vertex -19.6609 -4.61066 2.1
    endloop
  endfacet
  facet normal -0.707555 0.229842 -0.668235
    outer loop
      vertex -24.3612 -8.87747 1.10395
      vertex -25.0208 -8.01213 2.1
      vertex -24.1873 -8.34213 1.10395
    endloop
  endfacet
  facet normal -0.0932367 0.738082 -0.668237
    outer loop
      vertex -20.8412 -5.57588 1.10395
      vertex -21.0119 -4.69565 2.1
      vertex -20.3391 -4.61066 2.1
    endloop
  endfacet
  facet normal -0.0929494 0.738127 -0.668228
    outer loop
      vertex -21.0119 -4.69565 2.1
      vertex -20.8412 -5.57588 1.10395
      vertex -20.8439 -5.57622 1.10395
    endloop
  endfacet
  facet normal -0.273876 -0.691696 -0.668243
    outer loop
      vertex -21.6687 -15.1357 2.1
      vertex -21.915 -14.0759 1.10395
      vertex -21.3917 -14.2831 1.10395
    endloop
  endfacet
  facet normal -0.437299 -0.601832 -0.668258
    outer loop
      vertex -22.4153 -13.8009 1.10395
      vertex -23.4421 -14.1608 2.1
      vertex -22.8707 -13.47 1.10395
    endloop
  endfacet
  facet normal -0.50926 -0.542303 -0.668253
    outer loop
      vertex -22.8707 -13.47 1.10395
      vertex -23.4421 -14.1608 2.1
      vertex -23.281 -13.0847 1.10395
    endloop
  endfacet
  facet normal -0.093252 0.738085 -0.668232
    outer loop
      vertex -20.2828 -5.50533 1.10395
      vertex -20.8412 -5.57588 1.10395
      vertex -20.3391 -4.61066 2.1
    endloop
  endfacet
  facet normal -0.509289 0.542306 -0.668229
    outer loop
      vertex -23.281 -6.91527 1.10395
      vertex -23.4421 -5.83923 2.1
      vertex -22.8707 -6.52995 1.10395
    endloop
  endfacet
  facet normal 0.185641 0.720399 -0.668253
    outer loop
      vertex -18.6109 -5.7162 1.10395
      vertex -18.3313 -4.8643 2.1
      vertex -18.6083 -5.71687 1.10395
    endloop
  endfacet
  facet normal 0.185026 0.720577 -0.668232
    outer loop
      vertex -18.3313 -4.8643 2.1
      vertex -18.6109 -5.7162 1.10395
      vertex -18.9881 -4.69565 2.1
    endloop
  endfacet
  facet normal 0.517347 0.534217 -0.668554
    outer loop
      vertex -16.719 -6.91527 1.10395
      vertex -16.0636 -6.30345 2.1
      vertex -16.7171 -6.91711 1.10395
    endloop
  endfacet
  facet normal 0.509299 0.5423 -0.668225
    outer loop
      vertex -16.0636 -6.30345 2.1
      vertex -16.719 -6.91527 1.10395
      vertex -16.5579 -5.83923 2.1
    endloop
  endfacet
  facet normal 0.363839 0.648705 -0.668433
    outer loop
      vertex -17.5892 -6.19624 1.10395
      vertex -17.1065 -5.44063 2.1
      vertex -17.5869 -6.19753 1.10395
    endloop
  endfacet
  facet normal 0.358383 0.651934 -0.668239
    outer loop
      vertex -17.1065 -5.44063 2.1
      vertex -17.5892 -6.19624 1.10395
      vertex -17.7008 -5.11393 2.1
    endloop
  endfacet
  facet normal 0.273891 0.691701 -0.668231
    outer loop
      vertex -18.085 -5.92408 1.10395
      vertex -18.6083 -5.71687 1.10395
      vertex -18.3313 -4.8643 2.1
    endloop
  endfacet
  facet normal 0.358385 0.651934 -0.668238
    outer loop
      vertex -17.5892 -6.19624 1.10395
      vertex -18.0825 -5.92506 1.10395
      vertex -17.7008 -5.11393 2.1
    endloop
  endfacet
  facet normal 0.185008 0.720576 -0.668238
    outer loop
      vertex -18.6109 -5.7162 1.10395
      vertex -19.1561 -5.57622 1.10395
      vertex -18.9881 -4.69565 2.1
    endloop
  endfacet
  facet normal -0.573239 -0.474189 -0.668238
    outer loop
      vertex -24.3687 -13.174 2.1
      vertex -23.6417 -12.6492 1.10395
      vertex -23.9364 -13.6966 2.1
    endloop
  endfacet
  facet normal -0.565177 -0.484437 -0.667754
    outer loop
      vertex -23.6417 -12.6492 1.10395
      vertex -24.3687 -13.174 2.1
      vertex -23.6435 -12.6471 1.10395
    endloop
  endfacet
  facet normal -0.18503 -0.72056 -0.66825
    outer loop
      vertex -21.0119 -15.3044 2.1
      vertex -21.3891 -14.2838 1.10395
      vertex -20.8439 -14.4238 1.10395
    endloop
  endfacet
  facet normal -0.0933205 -0.738104 -0.668201
    outer loop
      vertex -20.3391 -15.3893 2.1
      vertex -20.8412 -14.4241 1.10395
      vertex -20.2828 -14.4947 1.10395
    endloop
  endfacet
  facet normal -0.185008 0.720576 -0.668238
    outer loop
      vertex -20.8439 -5.57622 1.10395
      vertex -21.3891 -5.7162 1.10395
      vertex -21.0119 -4.69565 2.1
    endloop
  endfacet
  facet normal -0.273891 0.691701 -0.668231
    outer loop
      vertex -21.3917 -5.71687 1.10395
      vertex -21.915 -5.92408 1.10395
      vertex -21.6687 -4.8643 2.1
    endloop
  endfacet
  facet normal 0.707555 0.229842 -0.668235
    outer loop
      vertex -15.6388 -8.87747 1.10395
      vertex -15.8127 -8.34213 1.10395
      vertex -14.9792 -8.01213 2.1
    endloop
  endfacet
  facet normal 0 0.743953 -0.668232
    outer loop
      vertex -19.7172 -5.50533 1.10395
      vertex -20.3391 -4.61066 2.1
      vertex -19.6609 -4.61066 2.1
    endloop
  endfacet
  facet normal 0 0.743953 -0.668232
    outer loop
      vertex -20.3391 -4.61066 2.1
      vertex -19.7172 -5.50533 1.10395
      vertex -20.2828 -5.50533 1.10395
    endloop
  endfacet
  facet normal 0.73076 0.139432 -0.668243
    outer loop
      vertex -14.6426 -9.3232 2.1
      vertex -15.5325 -9.43293 1.10395
      vertex -14.7697 -8.65707 2.1
    endloop
  endfacet
  facet normal 0.730838 0.138943 -0.668259
    outer loop
      vertex -15.5325 -9.43293 1.10395
      vertex -14.6426 -9.3232 2.1
      vertex -15.532 -9.43556 1.10395
    endloop
  endfacet
  facet normal 0 0 1
    outer loop
      vertex -14.6426 -9.3232 2.1
      vertex -14.6426 -10.6768 2.1
      vertex -14.6 -10 2.1
    endloop
  endfacet
  facet normal 0 0 1
    outer loop
      vertex -14.7697 -8.65707 2.1
      vertex -14.6426 -10.6768 2.1
      vertex -14.6426 -9.3232 2.1
    endloop
  endfacet
  facet normal 0 0 1
    outer loop
      vertex -14.7697 -8.65707 2.1
      vertex -14.7697 -11.3429 2.1
      vertex -14.6426 -10.6768 2.1
    endloop
  endfacet
  facet normal 0 0 1
    outer loop
      vertex -14.9792 -8.01213 2.1
      vertex -14.7697 -11.3429 2.1
      vertex -14.7697 -8.65707 2.1
    endloop
  endfacet
  facet normal 0 0 1
    outer loop
      vertex -14.9792 -8.01213 2.1
      vertex -14.9792 -11.9879 2.1
      vertex -14.7697 -11.3429 2.1
    endloop
  endfacet
  facet normal 0 0 1
    outer loop
      vertex -15.2679 -7.39853 2.1
      vertex -14.9792 -11.9879 2.1
      vertex -14.9792 -8.01213 2.1
    endloop
  endfacet
  facet normal 0 0 1
    outer loop
      vertex -15.2679 -7.39853 2.1
      vertex -15.2679 -12.6015 2.1
      vertex -14.9792 -11.9879 2.1
    endloop
  endfacet
  facet normal 0 0 1
    outer loop
      vertex -15.6313 -6.82596 2.1
      vertex -15.2679 -12.6015 2.1
      vertex -15.2679 -7.39853 2.1
    endloop
  endfacet
  facet normal 0 0 1
    outer loop
      vertex -15.6313 -6.82596 2.1
      vertex -15.6313 -13.174 2.1
      vertex -15.2679 -12.6015 2.1
    endloop
  endfacet
  facet normal 0 0 1
    outer loop
      vertex -16.0636 -6.30345 2.1
      vertex -15.6313 -13.174 2.1
      vertex -15.6313 -6.82596 2.1
    endloop
  endfacet
  facet normal 0 0 1
    outer loop
      vertex -16.0636 -6.30345 2.1
      vertex -16.0636 -13.6966 2.1
      vertex -15.6313 -13.174 2.1
    endloop
  endfacet
  facet normal 0 0 1
    outer loop
      vertex -16.5579 -5.83923 2.1
      vertex -16.0636 -13.6966 2.1
      vertex -16.0636 -6.30345 2.1
    endloop
  endfacet
  facet normal 0 0 1
    outer loop
      vertex -16.5579 -5.83923 2.1
      vertex -16.5579 -14.1608 2.1
      vertex -16.0636 -13.6966 2.1
    endloop
  endfacet
  facet normal 0 0 1
    outer loop
      vertex -17.1065 -5.44063 2.1
      vertex -16.5579 -14.1608 2.1
      vertex -16.5579 -5.83923 2.1
    endloop
  endfacet
  facet normal 0 0 1
    outer loop
      vertex -17.1065 -5.44063 2.1
      vertex -17.1065 -14.5594 2.1
      vertex -16.5579 -14.1608 2.1
    endloop
  endfacet
  facet normal 0 0 1
    outer loop
      vertex -17.7008 -5.11393 2.1
      vertex -17.1065 -14.5594 2.1
      vertex -17.1065 -5.44063 2.1
    endloop
  endfacet
  facet normal 0 0 1
    outer loop
      vertex -17.7008 -5.11393 2.1
      vertex -17.7008 -14.8861 2.1
      vertex -17.1065 -14.5594 2.1
    endloop
  endfacet
  facet normal 0 0 1
    outer loop
      vertex -18.3313 -4.8643 2.1
      vertex -17.7008 -14.8861 2.1
      vertex -17.7008 -5.11393 2.1
    endloop
  endfacet
  facet normal 0 0 1
    outer loop
      vertex -18.3313 -4.8643 2.1
      vertex -18.3313 -15.1357 2.1
      vertex -17.7008 -14.8861 2.1
    endloop
  endfacet
  facet normal 0 0 1
    outer loop
      vertex -18.9881 -4.69565 2.1
      vertex -18.3313 -15.1357 2.1
      vertex -18.3313 -4.8643 2.1
    endloop
  endfacet
  facet normal 0 0 1
    outer loop
      vertex -18.9881 -4.69565 2.1
      vertex -18.9881 -15.3044 2.1
      vertex -18.3313 -15.1357 2.1
    endloop
  endfacet
  facet normal 0 0 1
    outer loop
      vertex -19.6609 -4.61066 2.1
      vertex -18.9881 -15.3044 2.1
      vertex -18.9881 -4.69565 2.1
    endloop
  endfacet
  facet normal 0 0 1
    outer loop
      vertex -19.6609 -4.61066 2.1
      vertex -19.6609 -15.3893 2.1
      vertex -18.9881 -15.3044 2.1
    endloop
  endfacet
  facet normal -0 0 1
    outer loop
      vertex -20.3391 -4.61066 2.1
      vertex -19.6609 -15.3893 2.1
      vertex -19.6609 -4.61066 2.1
    endloop
  endfacet
  facet normal 0 0 1
    outer loop
      vertex -20.3391 -4.61066 2.1
      vertex -20.3391 -15.3893 2.1
      vertex -19.6609 -15.3893 2.1
    endloop
  endfacet
  facet normal -0 0 1
    outer loop
      vertex -21.0119 -4.69565 2.1
      vertex -20.3391 -15.3893 2.1
      vertex -20.3391 -4.61066 2.1
    endloop
  endfacet
  facet normal 0 0 1
    outer loop
      vertex -21.0119 -4.69565 2.1
      vertex -21.0119 -15.3044 2.1
      vertex -20.3391 -15.3893 2.1
    endloop
  endfacet
  facet normal -0 0 1
    outer loop
      vertex -21.6687 -4.8643 2.1
      vertex -21.0119 -15.3044 2.1
      vertex -21.0119 -4.69565 2.1
    endloop
  endfacet
  facet normal 0 0 1
    outer loop
      vertex -21.6687 -4.8643 2.1
      vertex -21.6687 -15.1357 2.1
      vertex -21.0119 -15.3044 2.1
    endloop
  endfacet
  facet normal -0 0 1
    outer loop
      vertex -22.2992 -5.11393 2.1
      vertex -21.6687 -15.1357 2.1
      vertex -21.6687 -4.8643 2.1
    endloop
  endfacet
  facet normal 0 0 1
    outer loop
      vertex -22.2992 -5.11393 2.1
      vertex -22.2992 -14.8861 2.1
      vertex -21.6687 -15.1357 2.1
    endloop
  endfacet
  facet normal -0 0 1
    outer loop
      vertex -22.8935 -5.44063 2.1
      vertex -22.2992 -14.8861 2.1
      vertex -22.2992 -5.11393 2.1
    endloop
  endfacet
  facet normal 0 0 1
    outer loop
      vertex -22.8935 -5.44063 2.1
      vertex -22.8935 -14.5594 2.1
      vertex -22.2992 -14.8861 2.1
    endloop
  endfacet
  facet normal -0 0 1
    outer loop
      vertex -23.4421 -5.83923 2.1
      vertex -22.8935 -14.5594 2.1
      vertex -22.8935 -5.44063 2.1
    endloop
  endfacet
  facet normal 0 0 1
    outer loop
      vertex -23.4421 -5.83923 2.1
      vertex -23.4421 -14.1608 2.1
      vertex -22.8935 -14.5594 2.1
    endloop
  endfacet
  facet normal -0 0 1
    outer loop
      vertex -23.9364 -6.30345 2.1
      vertex -23.4421 -14.1608 2.1
      vertex -23.4421 -5.83923 2.1
    endloop
  endfacet
  facet normal 0 0 1
    outer loop
      vertex -23.9364 -6.30345 2.1
      vertex -23.9364 -13.6966 2.1
      vertex -23.4421 -14.1608 2.1
    endloop
  endfacet
  facet normal -0 0 1
    outer loop
      vertex -24.3687 -6.82596 2.1
      vertex -23.9364 -13.6966 2.1
      vertex -23.9364 -6.30345 2.1
    endloop
  endfacet
  facet normal 0 0 1
    outer loop
      vertex -24.3687 -6.82596 2.1
      vertex -24.3687 -13.174 2.1
      vertex -23.9364 -13.6966 2.1
    endloop
  endfacet
  facet normal -0 0 1
    outer loop
      vertex -24.7321 -7.39853 2.1
      vertex -24.3687 -13.174 2.1
      vertex -24.3687 -6.82596 2.1
    endloop
  endfacet
  facet normal 0 0 1
    outer loop
      vertex -24.7321 -7.39853 2.1
      vertex -24.7321 -12.6015 2.1
      vertex -24.3687 -13.174 2.1
    endloop
  endfacet
  facet normal -0 0 1
    outer loop
      vertex -25.0208 -8.01213 2.1
      vertex -24.7321 -12.6015 2.1
      vertex -24.7321 -7.39853 2.1
    endloop
  endfacet
  facet normal 0 0 1
    outer loop
      vertex -25.0208 -8.01213 2.1
      vertex -25.0208 -11.9879 2.1
      vertex -24.7321 -12.6015 2.1
    endloop
  endfacet
  facet normal -0 0 1
    outer loop
      vertex -25.2303 -8.65707 2.1
      vertex -25.0208 -11.9879 2.1
      vertex -25.0208 -8.01213 2.1
    endloop
  endfacet
  facet normal 0 0 1
    outer loop
      vertex -25.2303 -8.65707 2.1
      vertex -25.2303 -11.3429 2.1
      vertex -25.0208 -11.9879 2.1
    endloop
  endfacet
  facet normal -0 0 1
    outer loop
      vertex -25.3574 -9.3232 2.1
      vertex -25.2303 -11.3429 2.1
      vertex -25.2303 -8.65707 2.1
    endloop
  endfacet
  facet normal 0 0 1
    outer loop
      vertex -25.3574 -9.3232 2.1
      vertex -25.3574 -10.6768 2.1
      vertex -25.2303 -11.3429 2.1
    endloop
  endfacet
  facet normal 0 -0 1
    outer loop
      vertex -25.3574 -10.6768 2.1
      vertex -25.3574 -9.3232 2.1
      vertex -25.4 -10 2.1
    endloop
  endfacet
  facet normal -0.982284 -0.187397 0
    outer loop
      vertex 56.2828 -73.0382 0
      vertex 56.071 -71.928 1.5
      vertex 56.071 -71.928 0
    endloop
  endfacet
  facet normal -0.982284 -0.187397 0
    outer loop
      vertex 56.071 -71.928 1.5
      vertex 56.2828 -73.0382 0
      vertex 56.2828 -73.0382 1.5
    endloop
  endfacet
  facet normal -0.982284 0.187397 0
    outer loop
      vertex 56.071 71.928 0
      vertex 56.2828 73.0382 1.5
      vertex 56.2828 73.0382 0
    endloop
  endfacet
  facet normal -0.982284 0.187397 0
    outer loop
      vertex 56.2828 73.0382 1.5
      vertex 56.071 71.928 0
      vertex 56.071 71.928 1.5
    endloop
  endfacet
  facet normal -0.368139 -0.929771 0
    outer loop
      vertex 61.168 -78.9434 0
      vertex 62.2189 -79.3595 1.5
      vertex 61.168 -78.9434 1.5
    endloop
  endfacet
  facet normal -0.368139 -0.929771 -0
    outer loop
      vertex 62.2189 -79.3595 1.5
      vertex 61.168 -78.9434 0
      vertex 62.2189 -79.3595 0
    endloop
  endfacet
  facet normal -0.998025 -0.0628189 0
    outer loop
      vertex 56 -70.8 0
      vertex 56.071 -71.928 0
      vertex 56 -70.8 0.5
    endloop
  endfacet
  facet normal -0.998025 -0.0628189 -0
    outer loop
      vertex 56.071 -71.928 1.5
      vertex 56 -70.8 0.5
      vertex 56.071 -71.928 0
    endloop
  endfacet
  facet normal -0.998025 -0.0628189 0
    outer loop
      vertex 56 -70.8 0.5
      vertex 56.071 -71.928 1.5
      vertex 56 -70.8 1.5
    endloop
  endfacet
  facet normal 0 0 -1
    outer loop
      vertex 126.746 -0.852265 0
      vertex 126.746 0.852265 0
      vertex 126.8 0 0
    endloop
  endfacet
  facet normal 0 0 -1
    outer loop
      vertex 126.586 -1.69109 0
      vertex 126.746 0.852265 0
      vertex 126.746 -0.852265 0
    endloop
  endfacet
  facet normal 0 0 -1
    outer loop
      vertex 126.586 -1.69109 0
      vertex 126.586 1.69109 0
      vertex 126.746 0.852265 0
    endloop
  endfacet
  facet normal 0 0 -1
    outer loop
      vertex 126.322 -2.50325 0
      vertex 126.586 1.69109 0
      vertex 126.586 -1.69109 0
    endloop
  endfacet
  facet normal 0 0 -1
    outer loop
      vertex 126.322 -2.50325 0
      vertex 126.322 2.50325 0
      vertex 126.586 1.69109 0
    endloop
  endfacet
  facet normal 0 0 -1
    outer loop
      vertex 125.959 -3.27592 0
      vertex 126.322 2.50325 0
      vertex 126.322 -2.50325 0
    endloop
  endfacet
  facet normal 0 0 -1
    outer loop
      vertex 125.959 -3.27592 0
      vertex 125.959 3.27592 0
      vertex 126.322 2.50325 0
    endloop
  endfacet
  facet normal 0 0 -1
    outer loop
      vertex 125.501 -3.99694 0
      vertex 125.959 3.27592 0
      vertex 125.959 -3.27592 0
    endloop
  endfacet
  facet normal 0 0 -1
    outer loop
      vertex 125.501 -3.99694 0
      vertex 125.501 3.99694 0
      vertex 125.959 3.27592 0
    endloop
  endfacet
  facet normal 0 0 -1
    outer loop
      vertex 124.957 -4.65492 0
      vertex 125.501 3.99694 0
      vertex 125.501 -3.99694 0
    endloop
  endfacet
  facet normal 0 0 -1
    outer loop
      vertex 124.957 -4.65492 0
      vertex 124.957 4.65492 0
      vertex 125.501 3.99694 0
    endloop
  endfacet
  facet normal 0 0 -1
    outer loop
      vertex 124.334 -5.23949 0
      vertex 124.957 4.65492 0
      vertex 124.957 -4.65492 0
    endloop
  endfacet
  facet normal 0 0 -1
    outer loop
      vertex 124.334 -5.23949 0
      vertex 124.334 5.23949 0
      vertex 124.957 4.65492 0
    endloop
  endfacet
  facet normal 0 0 -1
    outer loop
      vertex 123.644 -5.74143 0
      vertex 124.334 5.23949 0
      vertex 124.334 -5.23949 0
    endloop
  endfacet
  facet normal 0 0 -1
    outer loop
      vertex 123.644 -5.74143 0
      vertex 123.644 5.74143 0
      vertex 124.334 5.23949 0
    endloop
  endfacet
  facet normal 0 0 -1
    outer loop
      vertex 122.895 -6.15282 0
      vertex 123.644 5.74143 0
      vertex 123.644 -5.74143 0
    endloop
  endfacet
  facet normal 0 0 -1
    outer loop
      vertex 122.895 -6.15282 0
      vertex 122.895 6.15282 0
      vertex 123.644 5.74143 0
    endloop
  endfacet
  facet normal 0 0 -1
    outer loop
      vertex 122.101 -6.46718 0
      vertex 122.895 6.15282 0
      vertex 122.895 -6.15282 0
    endloop
  endfacet
  facet normal 0 0 -1
    outer loop
      vertex 122.101 -6.46718 0
      vertex 122.101 6.46718 0
      vertex 122.895 6.15282 0
    endloop
  endfacet
  facet normal 0 0 -1
    outer loop
      vertex 121.274 -6.67955 0
      vertex 122.101 6.46718 0
      vertex 122.101 -6.46718 0
    endloop
  endfacet
  facet normal 0 0 -1
    outer loop
      vertex 121.274 -6.67955 0
      vertex 121.274 6.67955 0
      vertex 122.101 6.46718 0
    endloop
  endfacet
  facet normal 0 0 -1
    outer loop
      vertex 120.427 -6.78658 0
      vertex 121.274 6.67955 0
      vertex 121.274 -6.67955 0
    endloop
  endfacet
  facet normal 0 0 -1
    outer loop
      vertex 120.427 -6.78658 0
      vertex 120.427 6.78658 0
      vertex 121.274 6.67955 0
    endloop
  endfacet
  facet normal 0 0 -1
    outer loop
      vertex 119.573 -6.78658 0
      vertex 120.427 6.78658 0
      vertex 120.427 -6.78658 0
    endloop
  endfacet
  facet normal 0 0 -1
    outer loop
      vertex 119.573 -6.78658 0
      vertex 119.573 6.78658 0
      vertex 120.427 6.78658 0
    endloop
  endfacet
  facet normal 0 0 -1
    outer loop
      vertex 118.726 -6.67955 0
      vertex 119.573 6.78658 0
      vertex 119.573 -6.78658 0
    endloop
  endfacet
  facet normal 0 0 -1
    outer loop
      vertex 118.726 -6.67955 0
      vertex 118.726 6.67955 0
      vertex 119.573 6.78658 0
    endloop
  endfacet
  facet normal 0 0 -1
    outer loop
      vertex 117.899 -6.46718 0
      vertex 118.726 6.67955 0
      vertex 118.726 -6.67955 0
    endloop
  endfacet
  facet normal 0 0 -1
    outer loop
      vertex 117.899 -6.46718 0
      vertex 117.899 6.46718 0
      vertex 118.726 6.67955 0
    endloop
  endfacet
  facet normal 0 0 -1
    outer loop
      vertex 117.105 -6.15282 0
      vertex 117.899 6.46718 0
      vertex 117.899 -6.46718 0
    endloop
  endfacet
  facet normal 0 0 -1
    outer loop
      vertex 117.105 -6.15282 0
      vertex 117.105 6.15282 0
      vertex 117.899 6.46718 0
    endloop
  endfacet
  facet normal 0 0 -1
    outer loop
      vertex 116.356 -5.74143 0
      vertex 117.105 6.15282 0
      vertex 117.105 -6.15282 0
    endloop
  endfacet
  facet normal 0 0 -1
    outer loop
      vertex 116.356 -5.74143 0
      vertex 116.356 5.74143 0
      vertex 117.105 6.15282 0
    endloop
  endfacet
  facet normal 0 0 -1
    outer loop
      vertex 115.666 -5.23949 0
      vertex 116.356 5.74143 0
      vertex 116.356 -5.74143 0
    endloop
  endfacet
  facet normal 0 0 -1
    outer loop
      vertex 115.666 -5.23949 0
      vertex 115.666 5.23949 0
      vertex 116.356 5.74143 0
    endloop
  endfacet
  facet normal 0 0 -1
    outer loop
      vertex 115.043 -4.65492 0
      vertex 115.666 5.23949 0
      vertex 115.666 -5.23949 0
    endloop
  endfacet
  facet normal 0 0 -1
    outer loop
      vertex 115.043 -4.65492 0
      vertex 115.043 4.65492 0
      vertex 115.666 5.23949 0
    endloop
  endfacet
  facet normal 0 0 -1
    outer loop
      vertex 114.499 -3.99694 0
      vertex 115.043 4.65492 0
      vertex 115.043 -4.65492 0
    endloop
  endfacet
  facet normal 0 0 -1
    outer loop
      vertex 114.499 -3.99694 0
      vertex 114.499 3.99694 0
      vertex 115.043 4.65492 0
    endloop
  endfacet
  facet normal 0 0 -1
    outer loop
      vertex 114.041 -3.27592 0
      vertex 114.499 3.99694 0
      vertex 114.499 -3.99694 0
    endloop
  endfacet
  facet normal 0 0 -1
    outer loop
      vertex 114.041 -3.27592 0
      vertex 114.041 3.27592 0
      vertex 114.499 3.99694 0
    endloop
  endfacet
  facet normal 0 0 -1
    outer loop
      vertex 113.678 -2.50325 0
      vertex 114.041 3.27592 0
      vertex 114.041 -3.27592 0
    endloop
  endfacet
  facet normal 0 0 -1
    outer loop
      vertex 113.678 -2.50325 0
      vertex 113.678 2.50325 0
      vertex 114.041 3.27592 0
    endloop
  endfacet
  facet normal 0 0 -1
    outer loop
      vertex 113.414 -1.69109 0
      vertex 113.678 2.50325 0
      vertex 113.678 -2.50325 0
    endloop
  endfacet
  facet normal 0 0 -1
    outer loop
      vertex 113.414 -1.69109 0
      vertex 113.414 1.69109 0
      vertex 113.678 2.50325 0
    endloop
  endfacet
  facet normal 0 0 -1
    outer loop
      vertex 113.254 -0.852265 0
      vertex 113.414 1.69109 0
      vertex 113.414 -1.69109 0
    endloop
  endfacet
  facet normal 0 0 -1
    outer loop
      vertex 113.254 -0.852265 0
      vertex 113.254 0.852265 0
      vertex 113.414 1.69109 0
    endloop
  endfacet
  facet normal 0 -0 -1
    outer loop
      vertex 113.254 0.852265 0
      vertex 113.254 -0.852265 0
      vertex 113.2 0 0
    endloop
  endfacet
  facet normal 0.982252 -0.187567 0
    outer loop
      vertex 133.717 -73.0382 1.5
      vertex 133.929 -71.928 0
      vertex 133.929 -71.928 1.5
    endloop
  endfacet
  facet normal 0.982252 -0.187567 0
    outer loop
      vertex 133.929 -71.928 0
      vertex 133.717 -73.0382 1.5
      vertex 133.717 -73.0382 0
    endloop
  endfacet
  facet normal 0.684506 -0.729007 0
    outer loop
      vertex 130.737 -77.7346 0
      vertex 131.561 -76.9609 1.5
      vertex 130.737 -77.7346 1.5
    endloop
  endfacet
  facet normal 0.684506 -0.729007 0
    outer loop
      vertex 131.561 -76.9609 1.5
      vertex 130.737 -77.7346 0
      vertex 131.561 -76.9609 0
    endloop
  endfacet
  facet normal 1 -0 0
    outer loop
      vertex 134 -70.8 1.5
      vertex 134 70.8 0
      vertex 134 70.8 1.5
    endloop
  endfacet
  facet normal 1 0 0
    outer loop
      vertex 134 70.8 0
      vertex 134 -70.8 1.5
      vertex 134 -70.8 0
    endloop
  endfacet
  facet normal 0 1 -0
    outer loop
      vertex 125.565 79.7822 0
      vertex 64.4349 79.7822 1.5
      vertex 125.565 79.7822 1.5
    endloop
  endfacet
  facet normal 0 1 0
    outer loop
      vertex 64.4349 79.7822 1.5
      vertex 125.565 79.7822 0
      vertex 64.4349 79.7822 0
    endloop
  endfacet
  facet normal -0.587756 -0.809038 0
    outer loop
      vertex 59.2632 -77.7346 0
      vertex 60.1776 -78.3989 1.5
      vertex 59.2632 -77.7346 1.5
    endloop
  endfacet
  facet normal -0.587756 -0.809038 -0
    outer loop
      vertex 60.1776 -78.3989 1.5
      vertex 59.2632 -77.7346 0
      vertex 60.1776 -78.3989 0
    endloop
  endfacet
  facet normal -0.904809 0.425818 0
    outer loop
      vertex 56.632 74.1131 0
      vertex 57.1133 75.1358 1.5
      vertex 57.1133 75.1358 0
    endloop
  endfacet
  facet normal -0.904809 0.425818 0
    outer loop
      vertex 57.1133 75.1358 1.5
      vertex 56.632 74.1131 0
      vertex 56.632 74.1131 1.5
    endloop
  endfacet
  facet normal -1 0 0
    outer loop
      vertex 56 -70.8 0.5
      vertex 56 70.8 1.5
      vertex 56 70.8 0.5
    endloop
  endfacet
  facet normal -1 -0 0
    outer loop
      vertex 56 70.8 1.5
      vertex 56 -70.8 0.5
      vertex 56 -70.8 1.5
    endloop
  endfacet
  facet normal 0 -1 0
    outer loop
      vertex 64.4349 -79.7822 0
      vertex 125.565 -79.7822 1.5
      vertex 64.4349 -79.7822 1.5
    endloop
  endfacet
  facet normal 0 -1 -0
    outer loop
      vertex 125.565 -79.7822 1.5
      vertex 64.4349 -79.7822 0
      vertex 125.565 -79.7822 0
    endloop
  endfacet
  facet normal 0.587504 0.809222 -0
    outer loop
      vertex 130.737 77.7346 0
      vertex 129.822 78.3989 1.5
      vertex 130.737 77.7346 1.5
    endloop
  endfacet
  facet normal 0.587504 0.809222 0
    outer loop
      vertex 129.822 78.3989 1.5
      vertex 130.737 77.7346 0
      vertex 129.822 78.3989 0
    endloop
  endfacet
  facet normal -0.68455 0.728966 0
    outer loop
      vertex 59.2632 77.7346 0
      vertex 58.4393 76.9609 1.5
      vertex 59.2632 77.7346 1.5
    endloop
  endfacet
  facet normal -0.68455 0.728966 0
    outer loop
      vertex 58.4393 76.9609 1.5
      vertex 59.2632 77.7346 0
      vertex 58.4393 76.9609 0
    endloop
  endfacet
  facet normal 0.587504 -0.809222 0
    outer loop
      vertex 129.822 -78.3989 0
      vertex 130.737 -77.7346 1.5
      vertex 129.822 -78.3989 1.5
    endloop
  endfacet
  facet normal 0.587504 -0.809222 0
    outer loop
      vertex 130.737 -77.7346 1.5
      vertex 129.822 -78.3989 0
      vertex 130.737 -77.7346 0
    endloop
  endfacet
  facet normal -0.951071 0.308972 0
    outer loop
      vertex 56.2828 73.0382 0
      vertex 56.632 74.1131 1.5
      vertex 56.632 74.1131 0
    endloop
  endfacet
  facet normal -0.951071 0.308972 0
    outer loop
      vertex 56.632 74.1131 1.5
      vertex 56.2828 73.0382 0
      vertex 56.2828 73.0382 1.5
    endloop
  endfacet
  facet normal 0.904911 0.425601 0
    outer loop
      vertex 133.368 74.1131 1.5
      vertex 132.887 75.1358 0
      vertex 132.887 75.1358 1.5
    endloop
  endfacet
  facet normal 0.904911 0.425601 0
    outer loop
      vertex 132.887 75.1358 0
      vertex 133.368 74.1131 1.5
      vertex 133.368 74.1131 0
    endloop
  endfacet
  facet normal -0.998025 0.0628189 0
    outer loop
      vertex 56 70.8 0.5
      vertex 56.071 71.928 0
      vertex 56 70.8 0
    endloop
  endfacet
  facet normal -0.998025 0.0628189 0
    outer loop
      vertex 56.071 71.928 0
      vertex 56 70.8 0.5
      vertex 56.071 71.928 1.5
    endloop
  endfacet
  facet normal -0.998025 0.0628189 0
    outer loop
      vertex 56 70.8 0.5
      vertex 56 70.8 1.5
      vertex 56.071 71.928 1.5
    endloop
  endfacet
  facet normal 0.951123 0.308812 0
    outer loop
      vertex 133.717 73.0382 1.5
      vertex 133.368 74.1131 0
      vertex 133.368 74.1131 1.5
    endloop
  endfacet
  facet normal 0.951123 0.308812 0
    outer loop
      vertex 133.368 74.1131 0
      vertex 133.717 73.0382 1.5
      vertex 133.717 73.0382 0
    endloop
  endfacet
  facet normal 0.770682 -0.63722 0
    outer loop
      vertex 131.561 -76.9609 1.5
      vertex 132.281 -76.0901 0
      vertex 132.281 -76.0901 1.5
    endloop
  endfacet
  facet normal 0.770682 -0.63722 0
    outer loop
      vertex 132.281 -76.0901 0
      vertex 131.561 -76.9609 1.5
      vertex 131.561 -76.9609 0
    endloop
  endfacet
  facet normal -0.844335 0.535816 0
    outer loop
      vertex 57.1133 75.1358 0
      vertex 57.7189 76.0901 1.5
      vertex 57.7189 76.0901 0
    endloop
  endfacet
  facet normal -0.844335 0.535816 0
    outer loop
      vertex 57.7189 76.0901 1.5
      vertex 57.1133 75.1358 0
      vertex 57.1133 75.1358 1.5
    endloop
  endfacet
  facet normal 0.998025 0.0628189 0
    outer loop
      vertex 134 70.8 1.5
      vertex 133.929 71.928 0
      vertex 133.929 71.928 1.5
    endloop
  endfacet
  facet normal 0.998025 0.0628189 0
    outer loop
      vertex 133.929 71.928 0
      vertex 134 70.8 1.5
      vertex 134 70.8 0
    endloop
  endfacet
  facet normal 0.998025 -0.0628189 0
    outer loop
      vertex 133.929 -71.928 1.5
      vertex 134 -70.8 0
      vertex 134 -70.8 1.5
    endloop
  endfacet
  facet normal 0.998025 -0.0628189 0
    outer loop
      vertex 134 -70.8 0
      vertex 133.929 -71.928 1.5
      vertex 133.929 -71.928 0
    endloop
  endfacet
  facet normal 0.982252 0.187567 0
    outer loop
      vertex 133.929 71.928 1.5
      vertex 133.717 73.0382 0
      vertex 133.717 73.0382 1.5
    endloop
  endfacet
  facet normal 0.982252 0.187567 0
    outer loop
      vertex 133.717 73.0382 0
      vertex 133.929 71.928 1.5
      vertex 133.929 71.928 0
    endloop
  endfacet
  facet normal 0.12532 0.992116 -0
    outer loop
      vertex 126.686 79.6406 0
      vertex 125.565 79.7822 1.5
      vertex 126.686 79.6406 1.5
    endloop
  endfacet
  facet normal 0.12532 0.992116 0
    outer loop
      vertex 125.565 79.7822 1.5
      vertex 126.686 79.6406 0
      vertex 125.565 79.7822 0
    endloop
  endfacet
  facet normal -0.481769 0.876298 0
    outer loop
      vertex 61.168 78.9434 0
      vertex 60.1776 78.3989 1.5
      vertex 61.168 78.9434 1.5
    endloop
  endfacet
  facet normal -0.481769 0.876298 0
    outer loop
      vertex 60.1776 78.3989 1.5
      vertex 61.168 78.9434 0
      vertex 60.1776 78.3989 0
    endloop
  endfacet
  facet normal 0.951123 -0.308812 0
    outer loop
      vertex 133.368 -74.1131 1.5
      vertex 133.717 -73.0382 0
      vertex 133.717 -73.0382 1.5
    endloop
  endfacet
  facet normal 0.951123 -0.308812 0
    outer loop
      vertex 133.717 -73.0382 0
      vertex 133.368 -74.1131 1.5
      vertex 133.368 -74.1131 0
    endloop
  endfacet
  facet normal -0.844335 -0.535816 0
    outer loop
      vertex 57.7189 -76.0901 0
      vertex 57.1133 -75.1358 1.5
      vertex 57.1133 -75.1358 0
    endloop
  endfacet
  facet normal -0.844335 -0.535816 0
    outer loop
      vertex 57.1133 -75.1358 1.5
      vertex 57.7189 -76.0901 0
      vertex 57.7189 -76.0901 1.5
    endloop
  endfacet
  facet normal 0.481919 -0.876216 0
    outer loop
      vertex 128.832 -78.9434 0
      vertex 129.822 -78.3989 1.5
      vertex 128.832 -78.9434 1.5
    endloop
  endfacet
  facet normal 0.481919 -0.876216 0
    outer loop
      vertex 129.822 -78.3989 1.5
      vertex 128.832 -78.9434 0
      vertex 129.822 -78.3989 0
    endloop
  endfacet
  facet normal -0.68455 -0.728966 0
    outer loop
      vertex 58.4393 -76.9609 0
      vertex 59.2632 -77.7346 1.5
      vertex 58.4393 -76.9609 1.5
    endloop
  endfacet
  facet normal -0.68455 -0.728966 -0
    outer loop
      vertex 59.2632 -77.7346 1.5
      vertex 58.4393 -76.9609 0
      vertex 59.2632 -77.7346 0
    endloop
  endfacet
  facet normal 0.684506 0.729007 -0
    outer loop
      vertex 131.561 76.9609 0
      vertex 130.737 77.7346 1.5
      vertex 131.561 76.9609 1.5
    endloop
  endfacet
  facet normal 0.684506 0.729007 0
    outer loop
      vertex 130.737 77.7346 1.5
      vertex 131.561 76.9609 0
      vertex 130.737 77.7346 0
    endloop
  endfacet
  facet normal 0.904911 -0.425601 0
    outer loop
      vertex 132.887 -75.1358 1.5
      vertex 133.368 -74.1131 0
      vertex 133.368 -74.1131 1.5
    endloop
  endfacet
  facet normal 0.904911 -0.425601 0
    outer loop
      vertex 133.368 -74.1131 0
      vertex 132.887 -75.1358 1.5
      vertex 132.887 -75.1358 0
    endloop
  endfacet
  facet normal 0.368109 -0.929783 0
    outer loop
      vertex 127.781 -79.3595 0
      vertex 128.832 -78.9434 1.5
      vertex 127.781 -79.3595 1.5
    endloop
  endfacet
  facet normal 0.368109 -0.929783 0
    outer loop
      vertex 128.832 -78.9434 1.5
      vertex 127.781 -79.3595 0
      vertex 128.832 -78.9434 0
    endloop
  endfacet
  facet normal 0.481919 0.876216 -0
    outer loop
      vertex 129.822 78.3989 0
      vertex 128.832 78.9434 1.5
      vertex 129.822 78.3989 1.5
    endloop
  endfacet
  facet normal 0.481919 0.876216 0
    outer loop
      vertex 128.832 78.9434 1.5
      vertex 129.822 78.3989 0
      vertex 128.832 78.9434 0
    endloop
  endfacet
  facet normal -0.770508 -0.63743 0
    outer loop
      vertex 58.4393 -76.9609 0
      vertex 57.7189 -76.0901 1.5
      vertex 57.7189 -76.0901 0
    endloop
  endfacet
  facet normal -0.770508 -0.63743 0
    outer loop
      vertex 57.7189 -76.0901 1.5
      vertex 58.4393 -76.9609 0
      vertex 58.4393 -76.9609 1.5
    endloop
  endfacet
  facet normal 0.368109 0.929783 -0
    outer loop
      vertex 128.832 78.9434 0
      vertex 127.781 79.3595 1.5
      vertex 128.832 78.9434 1.5
    endloop
  endfacet
  facet normal 0.368109 0.929783 0
    outer loop
      vertex 127.781 79.3595 1.5
      vertex 128.832 78.9434 0
      vertex 127.781 79.3595 0
    endloop
  endfacet
  facet normal -0.368139 0.929771 0
    outer loop
      vertex 62.2189 79.3595 0
      vertex 61.168 78.9434 1.5
      vertex 62.2189 79.3595 1.5
    endloop
  endfacet
  facet normal -0.368139 0.929771 0
    outer loop
      vertex 61.168 78.9434 1.5
      vertex 62.2189 79.3595 0
      vertex 61.168 78.9434 0
    endloop
  endfacet
  facet normal 0.770682 0.63722 0
    outer loop
      vertex 132.281 76.0901 1.5
      vertex 131.561 76.9609 0
      vertex 131.561 76.9609 1.5
    endloop
  endfacet
  facet normal 0.770682 0.63722 0
    outer loop
      vertex 131.561 76.9609 0
      vertex 132.281 76.0901 1.5
      vertex 132.281 76.0901 0
    endloop
  endfacet
  facet normal -0.587756 0.809038 0
    outer loop
      vertex 60.1776 78.3989 0
      vertex 59.2632 77.7346 1.5
      vertex 60.1776 78.3989 1.5
    endloop
  endfacet
  facet normal -0.587756 0.809038 0
    outer loop
      vertex 59.2632 77.7346 1.5
      vertex 60.1776 78.3989 0
      vertex 59.2632 77.7346 0
    endloop
  endfacet
  facet normal 0.24865 0.968593 -0
    outer loop
      vertex 127.781 79.3595 0
      vertex 126.686 79.6406 1.5
      vertex 127.781 79.3595 1.5
    endloop
  endfacet
  facet normal 0.24865 0.968593 0
    outer loop
      vertex 126.686 79.6406 1.5
      vertex 127.781 79.3595 0
      vertex 126.686 79.6406 0
    endloop
  endfacet
  facet normal 0.844175 0.536068 0
    outer loop
      vertex 132.887 75.1358 1.5
      vertex 132.281 76.0901 0
      vertex 132.281 76.0901 1.5
    endloop
  endfacet
  facet normal 0.844175 0.536068 0
    outer loop
      vertex 132.281 76.0901 0
      vertex 132.887 75.1358 1.5
      vertex 132.887 75.1358 0
    endloop
  endfacet
  facet normal -0.125287 0.992121 0
    outer loop
      vertex 64.4349 79.7822 0
      vertex 63.3136 79.6406 1.5
      vertex 64.4349 79.7822 1.5
    endloop
  endfacet
  facet normal -0.125287 0.992121 0
    outer loop
      vertex 63.3136 79.6406 1.5
      vertex 64.4349 79.7822 0
      vertex 63.3136 79.6406 0
    endloop
  endfacet
  facet normal 0.12532 -0.992116 0
    outer loop
      vertex 125.565 -79.7822 0
      vertex 126.686 -79.6406 1.5
      vertex 125.565 -79.7822 1.5
    endloop
  endfacet
  facet normal 0.12532 -0.992116 0
    outer loop
      vertex 126.686 -79.6406 1.5
      vertex 125.565 -79.7822 0
      vertex 126.686 -79.6406 0
    endloop
  endfacet
  facet normal 0.24865 -0.968593 0
    outer loop
      vertex 126.686 -79.6406 0
      vertex 127.781 -79.3595 1.5
      vertex 126.686 -79.6406 1.5
    endloop
  endfacet
  facet normal 0.24865 -0.968593 0
    outer loop
      vertex 127.781 -79.3595 1.5
      vertex 126.686 -79.6406 0
      vertex 127.781 -79.3595 0
    endloop
  endfacet
  facet normal 0.844175 -0.536068 0
    outer loop
      vertex 132.281 -76.0901 1.5
      vertex 132.887 -75.1358 0
      vertex 132.887 -75.1358 1.5
    endloop
  endfacet
  facet normal 0.844175 -0.536068 0
    outer loop
      vertex 132.887 -75.1358 0
      vertex 132.281 -76.0901 1.5
      vertex 132.281 -76.0901 0
    endloop
  endfacet
  facet normal -0.770508 0.63743 0
    outer loop
      vertex 57.7189 76.0901 0
      vertex 58.4393 76.9609 1.5
      vertex 58.4393 76.9609 0
    endloop
  endfacet
  facet normal -0.770508 0.63743 0
    outer loop
      vertex 58.4393 76.9609 1.5
      vertex 57.7189 76.0901 0
      vertex 57.7189 76.0901 1.5
    endloop
  endfacet
  facet normal -0.481769 -0.876298 0
    outer loop
      vertex 60.1776 -78.3989 0
      vertex 61.168 -78.9434 1.5
      vertex 60.1776 -78.3989 1.5
    endloop
  endfacet
  facet normal -0.481769 -0.876298 -0
    outer loop
      vertex 61.168 -78.9434 1.5
      vertex 60.1776 -78.3989 0
      vertex 61.168 -78.9434 0
    endloop
  endfacet
  facet normal -0.125287 -0.992121 0
    outer loop
      vertex 63.3136 -79.6406 0
      vertex 64.4349 -79.7822 1.5
      vertex 63.3136 -79.6406 1.5
    endloop
  endfacet
  facet normal -0.125287 -0.992121 -0
    outer loop
      vertex 64.4349 -79.7822 1.5
      vertex 63.3136 -79.6406 0
      vertex 64.4349 -79.7822 0
    endloop
  endfacet
  facet normal -0.248714 -0.968577 0
    outer loop
      vertex 62.2189 -79.3595 0
      vertex 63.3136 -79.6406 1.5
      vertex 62.2189 -79.3595 1.5
    endloop
  endfacet
  facet normal -0.248714 -0.968577 -0
    outer loop
      vertex 63.3136 -79.6406 1.5
      vertex 62.2189 -79.3595 0
      vertex 63.3136 -79.6406 0
    endloop
  endfacet
  facet normal -0.248714 0.968577 0
    outer loop
      vertex 63.3136 79.6406 0
      vertex 62.2189 79.3595 1.5
      vertex 63.3136 79.6406 1.5
    endloop
  endfacet
  facet normal -0.248714 0.968577 0
    outer loop
      vertex 62.2189 79.3595 1.5
      vertex 63.3136 79.6406 0
      vertex 62.2189 79.3595 0
    endloop
  endfacet
  facet normal -0.951071 -0.308972 0
    outer loop
      vertex 56.632 -74.1131 0
      vertex 56.2828 -73.0382 1.5
      vertex 56.2828 -73.0382 0
    endloop
  endfacet
  facet normal -0.951071 -0.308972 0
    outer loop
      vertex 56.2828 -73.0382 1.5
      vertex 56.632 -74.1131 0
      vertex 56.632 -74.1131 1.5
    endloop
  endfacet
  facet normal -0.904809 -0.425818 0
    outer loop
      vertex 57.1133 -75.1358 0
      vertex 56.632 -74.1131 1.5
      vertex 56.632 -74.1131 0
    endloop
  endfacet
  facet normal -0.904809 -0.425818 0
    outer loop
      vertex 56.632 -74.1131 1.5
      vertex 57.1133 -75.1358 0
      vertex 57.1133 -75.1358 1.5
    endloop
  endfacet
  facet normal 0 0 1
    outer loop
      vertex 132 70.8 1.5
      vertex 134 70.8 1.5
      vertex 133.929 71.928 1.5
    endloop
  endfacet
  facet normal 0 0 1
    outer loop
      vertex 134 70.8 1.5
      vertex 132 70.8 1.5
      vertex 134 -70.8 1.5
    endloop
  endfacet
  facet normal 0 0 1
    outer loop
      vertex 131.945 71.6773 1.5
      vertex 133.929 71.928 1.5
      vertex 133.717 73.0382 1.5
    endloop
  endfacet
  facet normal 0 0 1
    outer loop
      vertex 132 -70.8 1.5
      vertex 134 -70.8 1.5
      vertex 132 70.8 1.5
    endloop
  endfacet
  facet normal 0 0 1
    outer loop
      vertex 131.78 72.5408 1.5
      vertex 133.717 73.0382 1.5
      vertex 133.368 74.1131 1.5
    endloop
  endfacet
  facet normal 0 0 1
    outer loop
      vertex 134 -70.8 1.5
      vertex 132 -70.8 1.5
      vertex 133.929 -71.928 1.5
    endloop
  endfacet
  facet normal 0 0 1
    outer loop
      vertex 131.508 73.3769 1.5
      vertex 133.368 74.1131 1.5
      vertex 132.887 75.1358 1.5
    endloop
  endfacet
  facet normal -0 0 1
    outer loop
      vertex 131.945 -71.6773 1.5
      vertex 133.929 -71.928 1.5
      vertex 132 -70.8 1.5
    endloop
  endfacet
  facet normal 0 0 1
    outer loop
      vertex 131.134 74.1723 1.5
      vertex 132.887 75.1358 1.5
      vertex 132.281 76.0901 1.5
    endloop
  endfacet
  facet normal 0 0 1
    outer loop
      vertex 133.929 -71.928 1.5
      vertex 131.945 -71.6773 1.5
      vertex 133.717 -73.0382 1.5
    endloop
  endfacet
  facet normal -0 0 1
    outer loop
      vertex 131.78 -72.5408 1.5
      vertex 133.717 -73.0382 1.5
      vertex 131.945 -71.6773 1.5
    endloop
  endfacet
  facet normal 0 0 1
    outer loop
      vertex 133.929 71.928 1.5
      vertex 131.945 71.6773 1.5
      vertex 132 70.8 1.5
    endloop
  endfacet
  facet normal 0 0 1
    outer loop
      vertex 133.717 73.0382 1.5
      vertex 131.78 72.5408 1.5
      vertex 131.945 71.6773 1.5
    endloop
  endfacet
  facet normal 0 0 1
    outer loop
      vertex 130.663 74.9145 1.5
      vertex 132.281 76.0901 1.5
      vertex 131.561 76.9609 1.5
    endloop
  endfacet
  facet normal 0 0 1
    outer loop
      vertex 133.368 74.1131 1.5
      vertex 131.508 73.3769 1.5
      vertex 131.78 72.5408 1.5
    endloop
  endfacet
  facet normal 0 0 1
    outer loop
      vertex 132.887 75.1358 1.5
      vertex 131.134 74.1723 1.5
      vertex 131.508 73.3769 1.5
    endloop
  endfacet
  facet normal 0 0 1
    outer loop
      vertex 130.103 75.5918 1.5
      vertex 131.561 76.9609 1.5
      vertex 130.737 77.7346 1.5
    endloop
  endfacet
  facet normal 0 0 1
    outer loop
      vertex 132.281 76.0901 1.5
      vertex 130.663 74.9145 1.5
      vertex 131.134 74.1723 1.5
    endloop
  endfacet
  facet normal 0 0 1
    outer loop
      vertex 131.561 76.9609 1.5
      vertex 130.103 75.5918 1.5
      vertex 130.663 74.9145 1.5
    endloop
  endfacet
  facet normal 0 0 1
    outer loop
      vertex 129.462 76.1936 1.5
      vertex 130.737 77.7346 1.5
      vertex 129.822 78.3989 1.5
    endloop
  endfacet
  facet normal 0 0 1
    outer loop
      vertex 130.737 77.7346 1.5
      vertex 129.462 76.1936 1.5
      vertex 130.103 75.5918 1.5
    endloop
  endfacet
  facet normal 0 0 1
    outer loop
      vertex 128.751 76.7103 1.5
      vertex 129.822 78.3989 1.5
      vertex 128.832 78.9434 1.5
    endloop
  endfacet
  facet normal 0 0 1
    outer loop
      vertex 129.822 78.3989 1.5
      vertex 128.751 76.7103 1.5
      vertex 129.462 76.1936 1.5
    endloop
  endfacet
  facet normal 0 0 1
    outer loop
      vertex 128.832 78.9434 1.5
      vertex 127.98 77.1338 1.5
      vertex 128.751 76.7103 1.5
    endloop
  endfacet
  facet normal 0 0 1
    outer loop
      vertex 127.781 79.3595 1.5
      vertex 127.98 77.1338 1.5
      vertex 128.832 78.9434 1.5
    endloop
  endfacet
  facet normal 0 0 1
    outer loop
      vertex 127.781 79.3595 1.5
      vertex 127.163 77.4574 1.5
      vertex 127.98 77.1338 1.5
    endloop
  endfacet
  facet normal 0 0 1
    outer loop
      vertex 126.686 79.6406 1.5
      vertex 127.163 77.4574 1.5
      vertex 127.781 79.3595 1.5
    endloop
  endfacet
  facet normal 0 0 1
    outer loop
      vertex 126.686 79.6406 1.5
      vertex 126.312 77.676 1.5
      vertex 127.163 77.4574 1.5
    endloop
  endfacet
  facet normal 0 0 1
    outer loop
      vertex 125.565 79.7822 1.5
      vertex 126.312 77.676 1.5
      vertex 126.686 79.6406 1.5
    endloop
  endfacet
  facet normal 0 0 1
    outer loop
      vertex 125.565 79.7822 1.5
      vertex 125.44 77.7862 1.5
      vertex 126.312 77.676 1.5
    endloop
  endfacet
  facet normal 0 0 1
    outer loop
      vertex 125.565 79.7822 1.5
      vertex 64.5605 77.7862 1.5
      vertex 125.44 77.7862 1.5
    endloop
  endfacet
  facet normal -0 0 1
    outer loop
      vertex 64.4349 79.7822 1.5
      vertex 64.5605 77.7862 1.5
      vertex 125.565 79.7822 1.5
    endloop
  endfacet
  facet normal 0 0 1
    outer loop
      vertex 64.4349 79.7822 1.5
      vertex 63.6883 77.676 1.5
      vertex 64.5605 77.7862 1.5
    endloop
  endfacet
  facet normal -0 0 1
    outer loop
      vertex 63.3136 79.6406 1.5
      vertex 63.6883 77.676 1.5
      vertex 64.4349 79.7822 1.5
    endloop
  endfacet
  facet normal 0 0 1
    outer loop
      vertex 63.3136 79.6406 1.5
      vertex 62.8369 77.4574 1.5
      vertex 63.6883 77.676 1.5
    endloop
  endfacet
  facet normal -0 0 1
    outer loop
      vertex 62.2189 79.3595 1.5
      vertex 62.8369 77.4574 1.5
      vertex 63.3136 79.6406 1.5
    endloop
  endfacet
  facet normal 0 0 1
    outer loop
      vertex 62.2189 79.3595 1.5
      vertex 62.0195 77.1338 1.5
      vertex 62.8369 77.4574 1.5
    endloop
  endfacet
  facet normal -0 0 1
    outer loop
      vertex 61.168 78.9434 1.5
      vertex 62.0195 77.1338 1.5
      vertex 62.2189 79.3595 1.5
    endloop
  endfacet
  facet normal 0 0 1
    outer loop
      vertex 62.0195 77.1338 1.5
      vertex 61.168 78.9434 1.5
      vertex 61.2492 76.7103 1.5
    endloop
  endfacet
  facet normal -0 0 1
    outer loop
      vertex 60.1776 78.3989 1.5
      vertex 61.2492 76.7103 1.5
      vertex 61.168 78.9434 1.5
    endloop
  endfacet
  facet normal 0 0 1
    outer loop
      vertex 61.2492 76.7103 1.5
      vertex 60.1776 78.3989 1.5
      vertex 60.538 76.1936 1.5
    endloop
  endfacet
  facet normal -0 0 1
    outer loop
      vertex 59.2632 77.7346 1.5
      vertex 60.538 76.1936 1.5
      vertex 60.1776 78.3989 1.5
    endloop
  endfacet
  facet normal 0 0 1
    outer loop
      vertex 60.538 76.1936 1.5
      vertex 59.2632 77.7346 1.5
      vertex 59.8972 75.5918 1.5
    endloop
  endfacet
  facet normal -0 0 1
    outer loop
      vertex 58.4393 76.9609 1.5
      vertex 59.8972 75.5918 1.5
      vertex 59.2632 77.7346 1.5
    endloop
  endfacet
  facet normal 0 0 1
    outer loop
      vertex 59.8972 75.5918 1.5
      vertex 58.4393 76.9609 1.5
      vertex 59.3369 74.9145 1.5
    endloop
  endfacet
  facet normal -0 0 1
    outer loop
      vertex 57.7189 76.0901 1.5
      vertex 59.3369 74.9145 1.5
      vertex 58.4393 76.9609 1.5
    endloop
  endfacet
  facet normal 0 0 1
    outer loop
      vertex 59.3369 74.9145 1.5
      vertex 57.7189 76.0901 1.5
      vertex 58.8659 74.1723 1.5
    endloop
  endfacet
  facet normal -0 0 1
    outer loop
      vertex 57.1133 75.1358 1.5
      vertex 58.8659 74.1723 1.5
      vertex 57.7189 76.0901 1.5
    endloop
  endfacet
  facet normal 0 0 1
    outer loop
      vertex 58.8659 74.1723 1.5
      vertex 57.1133 75.1358 1.5
      vertex 58.4916 73.3769 1.5
    endloop
  endfacet
  facet normal -0 0 1
    outer loop
      vertex 56.2828 73.0382 1.5
      vertex 58.2199 72.5408 1.5
      vertex 56.632 74.1131 1.5
    endloop
  endfacet
  facet normal 0 0 1
    outer loop
      vertex 58.4916 73.3769 1.5
      vertex 56.632 74.1131 1.5
      vertex 58.2199 72.5408 1.5
    endloop
  endfacet
  facet normal -0 0 1
    outer loop
      vertex 56.632 74.1131 1.5
      vertex 58.4916 73.3769 1.5
      vertex 57.1133 75.1358 1.5
    endloop
  endfacet
  facet normal 0 0 1
    outer loop
      vertex 133.717 -73.0382 1.5
      vertex 131.78 -72.5408 1.5
      vertex 133.368 -74.1131 1.5
    endloop
  endfacet
  facet normal -0 0 1
    outer loop
      vertex 131.508 -73.3769 1.5
      vertex 133.368 -74.1131 1.5
      vertex 131.78 -72.5408 1.5
    endloop
  endfacet
  facet normal 0 0 1
    outer loop
      vertex 133.368 -74.1131 1.5
      vertex 131.508 -73.3769 1.5
      vertex 132.887 -75.1358 1.5
    endloop
  endfacet
  facet normal -0 0 1
    outer loop
      vertex 131.134 -74.1723 1.5
      vertex 132.887 -75.1358 1.5
      vertex 131.508 -73.3769 1.5
    endloop
  endfacet
  facet normal 0 0 1
    outer loop
      vertex 132.887 -75.1358 1.5
      vertex 131.134 -74.1723 1.5
      vertex 132.281 -76.0901 1.5
    endloop
  endfacet
  facet normal -0 0 1
    outer loop
      vertex 130.663 -74.9145 1.5
      vertex 132.281 -76.0901 1.5
      vertex 131.134 -74.1723 1.5
    endloop
  endfacet
  facet normal 0 0 1
    outer loop
      vertex 132.281 -76.0901 1.5
      vertex 130.663 -74.9145 1.5
      vertex 131.561 -76.9609 1.5
    endloop
  endfacet
  facet normal -0 0 1
    outer loop
      vertex 130.103 -75.5918 1.5
      vertex 131.561 -76.9609 1.5
      vertex 130.663 -74.9145 1.5
    endloop
  endfacet
  facet normal 0 0 1
    outer loop
      vertex 131.561 -76.9609 1.5
      vertex 130.103 -75.5918 1.5
      vertex 130.737 -77.7346 1.5
    endloop
  endfacet
  facet normal -0 0 1
    outer loop
      vertex 129.462 -76.1936 1.5
      vertex 130.737 -77.7346 1.5
      vertex 130.103 -75.5918 1.5
    endloop
  endfacet
  facet normal 0 0 1
    outer loop
      vertex 130.737 -77.7346 1.5
      vertex 129.462 -76.1936 1.5
      vertex 129.822 -78.3989 1.5
    endloop
  endfacet
  facet normal -0 0 1
    outer loop
      vertex 128.751 -76.7103 1.5
      vertex 129.822 -78.3989 1.5
      vertex 129.462 -76.1936 1.5
    endloop
  endfacet
  facet normal 0 0 1
    outer loop
      vertex 129.822 -78.3989 1.5
      vertex 128.751 -76.7103 1.5
      vertex 128.832 -78.9434 1.5
    endloop
  endfacet
  facet normal -0 0 1
    outer loop
      vertex 127.98 -77.1338 1.5
      vertex 128.832 -78.9434 1.5
      vertex 128.751 -76.7103 1.5
    endloop
  endfacet
  facet normal 0 0 1
    outer loop
      vertex 127.98 -77.1338 1.5
      vertex 127.781 -79.3595 1.5
      vertex 128.832 -78.9434 1.5
    endloop
  endfacet
  facet normal -0 0 1
    outer loop
      vertex 127.163 -77.4574 1.5
      vertex 127.781 -79.3595 1.5
      vertex 127.98 -77.1338 1.5
    endloop
  endfacet
  facet normal 0 0 1
    outer loop
      vertex 127.163 -77.4574 1.5
      vertex 126.686 -79.6406 1.5
      vertex 127.781 -79.3595 1.5
    endloop
  endfacet
  facet normal -0 0 1
    outer loop
      vertex 126.312 -77.676 1.5
      vertex 126.686 -79.6406 1.5
      vertex 127.163 -77.4574 1.5
    endloop
  endfacet
  facet normal 0 0 1
    outer loop
      vertex 126.312 -77.676 1.5
      vertex 125.565 -79.7822 1.5
      vertex 126.686 -79.6406 1.5
    endloop
  endfacet
  facet normal -0 0 1
    outer loop
      vertex 125.44 -77.7862 1.5
      vertex 125.565 -79.7822 1.5
      vertex 126.312 -77.676 1.5
    endloop
  endfacet
  facet normal -0 0 1
    outer loop
      vertex 64.5605 -77.7862 1.5
      vertex 125.565 -79.7822 1.5
      vertex 125.44 -77.7862 1.5
    endloop
  endfacet
  facet normal 0 0 1
    outer loop
      vertex 64.5605 -77.7862 1.5
      vertex 64.4349 -79.7822 1.5
      vertex 125.565 -79.7822 1.5
    endloop
  endfacet
  facet normal 0 0 1
    outer loop
      vertex 63.6883 -77.676 1.5
      vertex 64.4349 -79.7822 1.5
      vertex 64.5605 -77.7862 1.5
    endloop
  endfacet
  facet normal 0 0 1
    outer loop
      vertex 63.6883 -77.676 1.5
      vertex 63.3136 -79.6406 1.5
      vertex 64.4349 -79.7822 1.5
    endloop
  endfacet
  facet normal 0 0 1
    outer loop
      vertex 62.8369 -77.4574 1.5
      vertex 63.3136 -79.6406 1.5
      vertex 63.6883 -77.676 1.5
    endloop
  endfacet
  facet normal 0 0 1
    outer loop
      vertex 62.8369 -77.4574 1.5
      vertex 62.2189 -79.3595 1.5
      vertex 63.3136 -79.6406 1.5
    endloop
  endfacet
  facet normal 0 0 1
    outer loop
      vertex 62.0195 -77.1338 1.5
      vertex 62.2189 -79.3595 1.5
      vertex 62.8369 -77.4574 1.5
    endloop
  endfacet
  facet normal 0 0 1
    outer loop
      vertex 61.168 -78.9434 1.5
      vertex 62.0195 -77.1338 1.5
      vertex 61.2492 -76.7103 1.5
    endloop
  endfacet
  facet normal 0 0 1
    outer loop
      vertex 62.0195 -77.1338 1.5
      vertex 61.168 -78.9434 1.5
      vertex 62.2189 -79.3595 1.5
    endloop
  endfacet
  facet normal 0 0 1
    outer loop
      vertex 60.1776 -78.3989 1.5
      vertex 61.2492 -76.7103 1.5
      vertex 60.538 -76.1936 1.5
    endloop
  endfacet
  facet normal 0 0 1
    outer loop
      vertex 61.2492 -76.7103 1.5
      vertex 60.1776 -78.3989 1.5
      vertex 61.168 -78.9434 1.5
    endloop
  endfacet
  facet normal 0 0 1
    outer loop
      vertex 59.2632 -77.7346 1.5
      vertex 60.538 -76.1936 1.5
      vertex 59.8972 -75.5918 1.5
    endloop
  endfacet
  facet normal 0 0 1
    outer loop
      vertex 58.4393 -76.9609 1.5
      vertex 59.8972 -75.5918 1.5
      vertex 59.3369 -74.9145 1.5
    endloop
  endfacet
  facet normal 0 0 1
    outer loop
      vertex 60.538 -76.1936 1.5
      vertex 59.2632 -77.7346 1.5
      vertex 60.1776 -78.3989 1.5
    endloop
  endfacet
  facet normal 0 0 1
    outer loop
      vertex 57.7189 -76.0901 1.5
      vertex 59.3369 -74.9145 1.5
      vertex 58.8659 -74.1723 1.5
    endloop
  endfacet
  facet normal 0 0 1
    outer loop
      vertex 57.1133 -75.1358 1.5
      vertex 58.8659 -74.1723 1.5
      vertex 58.4916 -73.3769 1.5
    endloop
  endfacet
  facet normal 0 0 1
    outer loop
      vertex 59.8972 -75.5918 1.5
      vertex 58.4393 -76.9609 1.5
      vertex 59.2632 -77.7346 1.5
    endloop
  endfacet
  facet normal 0 0 1
    outer loop
      vertex 56.632 -74.1131 1.5
      vertex 58.4916 -73.3769 1.5
      vertex 58.2199 -72.5408 1.5
    endloop
  endfacet
  facet normal 0 0 1
    outer loop
      vertex 56.2828 -73.0382 1.5
      vertex 58.2199 -72.5408 1.5
      vertex 58.0552 -71.6773 1.5
    endloop
  endfacet
  facet normal 0 0 1
    outer loop
      vertex 59.3369 -74.9145 1.5
      vertex 57.7189 -76.0901 1.5
      vertex 58.4393 -76.9609 1.5
    endloop
  endfacet
  facet normal 0 0 1
    outer loop
      vertex 56.071 -71.928 1.5
      vertex 58.0552 -71.6773 1.5
      vertex 58 -70.8 1.5
    endloop
  endfacet
  facet normal 0 0 1
    outer loop
      vertex 58 70.8 1.5
      vertex 56 70.8 1.5
      vertex 58 -70.8 1.5
    endloop
  endfacet
  facet normal 0 0 1
    outer loop
      vertex 58.2199 72.5408 1.5
      vertex 56.2828 73.0382 1.5
      vertex 58.0552 71.6773 1.5
    endloop
  endfacet
  facet normal 0 0 1
    outer loop
      vertex 56 -70.8 1.5
      vertex 58 -70.8 1.5
      vertex 56 70.8 1.5
    endloop
  endfacet
  facet normal -0 0 1
    outer loop
      vertex 56.071 71.928 1.5
      vertex 58.0552 71.6773 1.5
      vertex 56.2828 73.0382 1.5
    endloop
  endfacet
  facet normal 0 -0 1
    outer loop
      vertex 56.071 -71.928 1.5
      vertex 58 -70.8 1.5
      vertex 56 -70.8 1.5
    endloop
  endfacet
  facet normal 0 0 1
    outer loop
      vertex 58.0552 71.6773 1.5
      vertex 56.071 71.928 1.5
      vertex 58 70.8 1.5
    endloop
  endfacet
  facet normal 0 0 1
    outer loop
      vertex 58.8659 -74.1723 1.5
      vertex 57.1133 -75.1358 1.5
      vertex 57.7189 -76.0901 1.5
    endloop
  endfacet
  facet normal 0 0 1
    outer loop
      vertex 58 70.8 1.5
      vertex 56.071 71.928 1.5
      vertex 56 70.8 1.5
    endloop
  endfacet
  facet normal 0 0 1
    outer loop
      vertex 58.4916 -73.3769 1.5
      vertex 56.632 -74.1131 1.5
      vertex 57.1133 -75.1358 1.5
    endloop
  endfacet
  facet normal 0 0 1
    outer loop
      vertex 58.2199 -72.5408 1.5
      vertex 56.2828 -73.0382 1.5
      vertex 56.632 -74.1131 1.5
    endloop
  endfacet
  facet normal 0 0 1
    outer loop
      vertex 58.0552 -71.6773 1.5
      vertex 56.071 -71.928 1.5
      vertex 56.2828 -73.0382 1.5
    endloop
  endfacet
  facet normal -0.982292 -0.187358 0
    outer loop
      vertex 58.2199 -72.5408 1.5
      vertex 58.0552 -71.6773 2.5
      vertex 58.0552 -71.6773 1.5
    endloop
  endfacet
  facet normal -0.982292 -0.187358 0
    outer loop
      vertex 58.0552 -71.6773 2.5
      vertex 58.2199 -72.5408 1.5
      vertex 58.2199 -72.5408 2.5
    endloop
  endfacet
  facet normal -0.982292 0.187358 0
    outer loop
      vertex 58.0552 71.6773 1.5
      vertex 58.2199 72.5408 2.5
      vertex 58.2199 72.5408 1.5
    endloop
  endfacet
  facet normal -0.982292 0.187358 0
    outer loop
      vertex 58.2199 72.5408 2.5
      vertex 58.0552 71.6773 1.5
      vertex 58.0552 71.6773 2.5
    endloop
  endfacet
  facet normal 0.248797 -0.968556 0
    outer loop
      vertex 126.312 -77.676 1.5
      vertex 127.163 -77.4574 2.5
      vertex 126.312 -77.676 2.5
    endloop
  endfacet
  facet normal 0.248797 -0.968556 0
    outer loop
      vertex 127.163 -77.4574 2.5
      vertex 126.312 -77.676 1.5
      vertex 127.163 -77.4574 1.5
    endloop
  endfacet
  facet normal -0.998026 -0.0627961 0
    outer loop
      vertex 58.0552 -71.6773 1.5
      vertex 58 -70.8 2.5
      vertex 58 -70.8 1.5
    endloop
  endfacet
  facet normal -0.998026 -0.0627961 0
    outer loop
      vertex 58 -70.8 2.5
      vertex 58.0552 -71.6773 1.5
      vertex 58.0552 -71.6773 2.5
    endloop
  endfacet
  facet normal 0.684463 0.729048 -0
    outer loop
      vertex 130.103 75.5918 1.5
      vertex 129.462 76.1936 2.5
      vertex 130.103 75.5918 2.5
    endloop
  endfacet
  facet normal 0.684463 0.729048 0
    outer loop
      vertex 129.462 76.1936 2.5
      vertex 130.103 75.5918 1.5
      vertex 129.462 76.1936 1.5
    endloop
  endfacet
  facet normal 0.998041 0.0625695 0
    outer loop
      vertex 132 70.8 2.5
      vertex 131.945 71.6773 1.5
      vertex 131.945 71.6773 2.5
    endloop
  endfacet
  facet normal 0.998041 0.0625695 0
    outer loop
      vertex 131.945 71.6773 1.5
      vertex 132 70.8 2.5
      vertex 132 70.8 1.5
    endloop
  endfacet
  facet normal -0.998026 0.0627961 0
    outer loop
      vertex 58 70.8 1.5
      vertex 58.0552 71.6773 2.5
      vertex 58.0552 71.6773 1.5
    endloop
  endfacet
  facet normal -0.998026 0.0627961 0
    outer loop
      vertex 58.0552 71.6773 2.5
      vertex 58 70.8 1.5
      vertex 58 70.8 2.5
    endloop
  endfacet
  facet normal 0.950945 0.309361 0
    outer loop
      vertex 131.78 72.5408 2.5
      vertex 131.508 73.3769 1.5
      vertex 131.508 73.3769 2.5
    endloop
  endfacet
  facet normal 0.950945 0.309361 0
    outer loop
      vertex 131.508 73.3769 1.5
      vertex 131.78 72.5408 2.5
      vertex 131.78 72.5408 1.5
    endloop
  endfacet
  facet normal -0.481775 -0.876295 0
    outer loop
      vertex 61.2492 -76.7103 1.5
      vertex 62.0195 -77.1338 2.5
      vertex 61.2492 -76.7103 2.5
    endloop
  endfacet
  facet normal -0.481775 -0.876295 -0
    outer loop
      vertex 62.0195 -77.1338 2.5
      vertex 61.2492 -76.7103 1.5
      vertex 62.0195 -77.1338 1.5
    endloop
  endfacet
  facet normal 0 -1 0
    outer loop
      vertex 64.5605 -77.7862 1.5
      vertex 125.44 -77.7862 2.5
      vertex 64.5605 -77.7862 2.5
    endloop
  endfacet
  facet normal 0 -1 -0
    outer loop
      vertex 125.44 -77.7862 2.5
      vertex 64.5605 -77.7862 1.5
      vertex 125.44 -77.7862 1.5
    endloop
  endfacet
  facet normal 0.587881 -0.808948 0
    outer loop
      vertex 128.751 -76.7103 1.5
      vertex 129.462 -76.1936 2.5
      vertex 128.751 -76.7103 2.5
    endloop
  endfacet
  facet normal 0.587881 -0.808948 0
    outer loop
      vertex 129.462 -76.1936 2.5
      vertex 128.751 -76.7103 1.5
      vertex 129.462 -76.1936 1.5
    endloop
  endfacet
  facet normal 0.982229 0.187687 0
    outer loop
      vertex 131.945 71.6773 2.5
      vertex 131.78 72.5408 1.5
      vertex 131.78 72.5408 2.5
    endloop
  endfacet
  facet normal 0.982229 0.187687 0
    outer loop
      vertex 131.78 72.5408 1.5
      vertex 131.945 71.6773 2.5
      vertex 131.945 71.6773 1.5
    endloop
  endfacet
  facet normal 1 -0 0
    outer loop
      vertex 132 -70.8 2.5
      vertex 132 70.8 1.5
      vertex 132 70.8 2.5
    endloop
  endfacet
  facet normal 1 0 0
    outer loop
      vertex 132 70.8 1.5
      vertex 132 -70.8 2.5
      vertex 132 -70.8 1.5
    endloop
  endfacet
  facet normal -1 0 0
    outer loop
      vertex 58 -70.8 1.5
      vertex 58 70.8 2.5
      vertex 58 70.8 1.5
    endloop
  endfacet
  facet normal -1 -0 0
    outer loop
      vertex 58 70.8 2.5
      vertex 58 -70.8 1.5
      vertex 58 -70.8 2.5
    endloop
  endfacet
  facet normal -0.844335 -0.535815 0
    outer loop
      vertex 59.3369 -74.9145 1.5
      vertex 58.8659 -74.1723 2.5
      vertex 58.8659 -74.1723 1.5
    endloop
  endfacet
  facet normal -0.844335 -0.535815 0
    outer loop
      vertex 58.8659 -74.1723 2.5
      vertex 59.3369 -74.9145 1.5
      vertex 59.3369 -74.9145 2.5
    endloop
  endfacet
  facet normal -0.77052 -0.637416 0
    outer loop
      vertex 59.8972 -75.5918 1.5
      vertex 59.3369 -74.9145 2.5
      vertex 59.3369 -74.9145 1.5
    endloop
  endfacet
  facet normal -0.77052 -0.637416 0
    outer loop
      vertex 59.3369 -74.9145 2.5
      vertex 59.8972 -75.5918 1.5
      vertex 59.8972 -75.5918 2.5
    endloop
  endfacet
  facet normal 0.125379 0.992109 -0
    outer loop
      vertex 126.312 77.676 1.5
      vertex 125.44 77.7862 2.5
      vertex 126.312 77.676 2.5
    endloop
  endfacet
  facet normal 0.125379 0.992109 0
    outer loop
      vertex 125.44 77.7862 2.5
      vertex 126.312 77.676 1.5
      vertex 125.44 77.7862 1.5
    endloop
  endfacet
  facet normal 0 1 -0
    outer loop
      vertex 125.44 77.7862 1.5
      vertex 64.5605 77.7862 2.5
      vertex 125.44 77.7862 2.5
    endloop
  endfacet
  facet normal 0 1 0
    outer loop
      vertex 64.5605 77.7862 2.5
      vertex 125.44 77.7862 1.5
      vertex 64.5605 77.7862 1.5
    endloop
  endfacet
  facet normal -0.125351 -0.992113 0
    outer loop
      vertex 63.6883 -77.676 1.5
      vertex 64.5605 -77.7862 2.5
      vertex 63.6883 -77.676 2.5
    endloop
  endfacet
  facet normal -0.125351 -0.992113 -0
    outer loop
      vertex 64.5605 -77.7862 2.5
      vertex 63.6883 -77.676 1.5
      vertex 64.5605 -77.7862 1.5
    endloop
  endfacet
  facet normal 0.770687 -0.637214 0
    outer loop
      vertex 130.103 -75.5918 2.5
      vertex 130.663 -74.9145 1.5
      vertex 130.663 -74.9145 2.5
    endloop
  endfacet
  facet normal 0.770687 -0.637214 0
    outer loop
      vertex 130.663 -74.9145 1.5
      vertex 130.103 -75.5918 2.5
      vertex 130.103 -75.5918 1.5
    endloop
  endfacet
  facet normal 0.844335 0.535815 0
    outer loop
      vertex 131.134 74.1723 2.5
      vertex 130.663 74.9145 1.5
      vertex 130.663 74.9145 2.5
    endloop
  endfacet
  facet normal 0.844335 0.535815 0
    outer loop
      vertex 130.663 74.9145 1.5
      vertex 131.134 74.1723 2.5
      vertex 131.134 74.1723 1.5
    endloop
  endfacet
  facet normal 0.125379 -0.992109 0
    outer loop
      vertex 125.44 -77.7862 1.5
      vertex 126.312 -77.676 2.5
      vertex 125.44 -77.7862 2.5
    endloop
  endfacet
  facet normal 0.125379 -0.992109 0
    outer loop
      vertex 126.312 -77.676 2.5
      vertex 125.44 -77.7862 1.5
      vertex 126.312 -77.676 1.5
    endloop
  endfacet
  facet normal -0.844335 0.535815 0
    outer loop
      vertex 58.8659 74.1723 1.5
      vertex 59.3369 74.9145 2.5
      vertex 59.3369 74.9145 1.5
    endloop
  endfacet
  facet normal -0.844335 0.535815 0
    outer loop
      vertex 59.3369 74.9145 2.5
      vertex 58.8659 74.1723 1.5
      vertex 58.8659 74.1723 2.5
    endloop
  endfacet
  facet normal -0.904821 -0.425792 0
    outer loop
      vertex 58.8659 -74.1723 1.5
      vertex 58.4916 -73.3769 2.5
      vertex 58.4916 -73.3769 1.5
    endloop
  endfacet
  facet normal -0.904821 -0.425792 0
    outer loop
      vertex 58.4916 -73.3769 2.5
      vertex 58.8659 -74.1723 1.5
      vertex 58.8659 -74.1723 2.5
    endloop
  endfacet
  facet normal -0.684577 -0.728941 0
    outer loop
      vertex 59.8972 -75.5918 1.5
      vertex 60.538 -76.1936 2.5
      vertex 59.8972 -75.5918 2.5
    endloop
  endfacet
  facet normal -0.684577 -0.728941 -0
    outer loop
      vertex 60.538 -76.1936 2.5
      vertex 59.8972 -75.5918 1.5
      vertex 60.538 -76.1936 1.5
    endloop
  endfacet
  facet normal -0.951045 -0.309053 0
    outer loop
      vertex 58.4916 -73.3769 1.5
      vertex 58.2199 -72.5408 2.5
      vertex 58.2199 -72.5408 1.5
    endloop
  endfacet
  facet normal -0.951045 -0.309053 0
    outer loop
      vertex 58.2199 -72.5408 2.5
      vertex 58.4916 -73.3769 1.5
      vertex 58.4916 -73.3769 2.5
    endloop
  endfacet
  facet normal -0.248687 -0.968584 0
    outer loop
      vertex 62.8369 -77.4574 1.5
      vertex 63.6883 -77.676 2.5
      vertex 62.8369 -77.4574 2.5
    endloop
  endfacet
  facet normal -0.248687 -0.968584 -0
    outer loop
      vertex 63.6883 -77.676 2.5
      vertex 62.8369 -77.4574 1.5
      vertex 63.6883 -77.676 1.5
    endloop
  endfacet
  facet normal -0.951045 0.309053 0
    outer loop
      vertex 58.2199 72.5408 1.5
      vertex 58.4916 73.3769 2.5
      vertex 58.4916 73.3769 1.5
    endloop
  endfacet
  facet normal -0.951045 0.309053 0
    outer loop
      vertex 58.4916 73.3769 2.5
      vertex 58.2199 72.5408 1.5
      vertex 58.2199 72.5408 2.5
    endloop
  endfacet
  facet normal -0.904821 0.425792 0
    outer loop
      vertex 58.4916 73.3769 1.5
      vertex 58.8659 74.1723 2.5
      vertex 58.8659 74.1723 1.5
    endloop
  endfacet
  facet normal -0.904821 0.425792 0
    outer loop
      vertex 58.8659 74.1723 2.5
      vertex 58.4916 73.3769 1.5
      vertex 58.4916 73.3769 2.5
    endloop
  endfacet
  facet normal -0.248687 0.968584 0
    outer loop
      vertex 63.6883 77.676 1.5
      vertex 62.8369 77.4574 2.5
      vertex 63.6883 77.676 2.5
    endloop
  endfacet
  facet normal -0.248687 0.968584 0
    outer loop
      vertex 62.8369 77.4574 2.5
      vertex 63.6883 77.676 1.5
      vertex 62.8369 77.4574 1.5
    endloop
  endfacet
  facet normal 0.844335 -0.535815 0
    outer loop
      vertex 130.663 -74.9145 2.5
      vertex 131.134 -74.1723 1.5
      vertex 131.134 -74.1723 2.5
    endloop
  endfacet
  facet normal 0.844335 -0.535815 0
    outer loop
      vertex 131.134 -74.1723 1.5
      vertex 130.663 -74.9145 2.5
      vertex 130.663 -74.9145 1.5
    endloop
  endfacet
  facet normal 0.950945 -0.309361 0
    outer loop
      vertex 131.508 -73.3769 2.5
      vertex 131.78 -72.5408 1.5
      vertex 131.78 -72.5408 2.5
    endloop
  endfacet
  facet normal 0.950945 -0.309361 0
    outer loop
      vertex 131.78 -72.5408 1.5
      vertex 131.508 -73.3769 2.5
      vertex 131.508 -73.3769 1.5
    endloop
  endfacet
  facet normal 0.481439 -0.87648 0
    outer loop
      vertex 127.98 -77.1338 1.5
      vertex 128.751 -76.7103 2.5
      vertex 127.98 -77.1338 2.5
    endloop
  endfacet
  facet normal 0.481439 -0.87648 0
    outer loop
      vertex 128.751 -76.7103 2.5
      vertex 127.98 -77.1338 1.5
      vertex 128.751 -76.7103 1.5
    endloop
  endfacet
  facet normal 0.684463 -0.729048 0
    outer loop
      vertex 129.462 -76.1936 1.5
      vertex 130.103 -75.5918 2.5
      vertex 129.462 -76.1936 2.5
    endloop
  endfacet
  facet normal 0.684463 -0.729048 0
    outer loop
      vertex 130.103 -75.5918 2.5
      vertex 129.462 -76.1936 1.5
      vertex 130.103 -75.5918 1.5
    endloop
  endfacet
  facet normal -0.368094 -0.929789 0
    outer loop
      vertex 62.0195 -77.1338 1.5
      vertex 62.8369 -77.4574 2.5
      vertex 62.0195 -77.1338 2.5
    endloop
  endfacet
  facet normal -0.368094 -0.929789 -0
    outer loop
      vertex 62.8369 -77.4574 2.5
      vertex 62.0195 -77.1338 1.5
      vertex 62.8369 -77.4574 1.5
    endloop
  endfacet
  facet normal 0.998041 -0.0625695 0
    outer loop
      vertex 131.945 -71.6773 2.5
      vertex 132 -70.8 1.5
      vertex 132 -70.8 2.5
    endloop
  endfacet
  facet normal 0.998041 -0.0625695 0
    outer loop
      vertex 132 -70.8 1.5
      vertex 131.945 -71.6773 2.5
      vertex 131.945 -71.6773 1.5
    endloop
  endfacet
  facet normal 0.368249 -0.929727 0
    outer loop
      vertex 127.163 -77.4574 1.5
      vertex 127.98 -77.1338 2.5
      vertex 127.163 -77.4574 2.5
    endloop
  endfacet
  facet normal 0.368249 -0.929727 0
    outer loop
      vertex 127.98 -77.1338 2.5
      vertex 127.163 -77.4574 1.5
      vertex 127.98 -77.1338 1.5
    endloop
  endfacet
  facet normal 0.481439 0.87648 -0
    outer loop
      vertex 128.751 76.7103 1.5
      vertex 127.98 77.1338 2.5
      vertex 128.751 76.7103 2.5
    endloop
  endfacet
  facet normal 0.481439 0.87648 0
    outer loop
      vertex 127.98 77.1338 2.5
      vertex 128.751 76.7103 1.5
      vertex 127.98 77.1338 1.5
    endloop
  endfacet
  facet normal 0.587881 0.808948 -0
    outer loop
      vertex 129.462 76.1936 1.5
      vertex 128.751 76.7103 2.5
      vertex 129.462 76.1936 2.5
    endloop
  endfacet
  facet normal 0.587881 0.808948 0
    outer loop
      vertex 128.751 76.7103 2.5
      vertex 129.462 76.1936 1.5
      vertex 128.751 76.7103 1.5
    endloop
  endfacet
  facet normal -0.77052 0.637416 0
    outer loop
      vertex 59.3369 74.9145 1.5
      vertex 59.8972 75.5918 2.5
      vertex 59.8972 75.5918 1.5
    endloop
  endfacet
  facet normal -0.77052 0.637416 0
    outer loop
      vertex 59.8972 75.5918 2.5
      vertex 59.3369 74.9145 1.5
      vertex 59.3369 74.9145 2.5
    endloop
  endfacet
  facet normal 0.904953 -0.425512 0
    outer loop
      vertex 131.134 -74.1723 2.5
      vertex 131.508 -73.3769 1.5
      vertex 131.508 -73.3769 2.5
    endloop
  endfacet
  facet normal 0.904953 -0.425512 0
    outer loop
      vertex 131.508 -73.3769 1.5
      vertex 131.134 -74.1723 2.5
      vertex 131.134 -74.1723 1.5
    endloop
  endfacet
  facet normal 0.770687 0.637214 0
    outer loop
      vertex 130.663 74.9145 2.5
      vertex 130.103 75.5918 1.5
      vertex 130.103 75.5918 2.5
    endloop
  endfacet
  facet normal 0.770687 0.637214 0
    outer loop
      vertex 130.103 75.5918 1.5
      vertex 130.663 74.9145 2.5
      vertex 130.663 74.9145 1.5
    endloop
  endfacet
  facet normal -0.125351 0.992113 0
    outer loop
      vertex 64.5605 77.7862 1.5
      vertex 63.6883 77.676 2.5
      vertex 64.5605 77.7862 2.5
    endloop
  endfacet
  facet normal -0.125351 0.992113 0
    outer loop
      vertex 63.6883 77.676 2.5
      vertex 64.5605 77.7862 1.5
      vertex 63.6883 77.676 1.5
    endloop
  endfacet
  facet normal 0.982229 -0.187687 0
    outer loop
      vertex 131.78 -72.5408 2.5
      vertex 131.945 -71.6773 1.5
      vertex 131.945 -71.6773 2.5
    endloop
  endfacet
  facet normal 0.982229 -0.187687 0
    outer loop
      vertex 131.945 -71.6773 1.5
      vertex 131.78 -72.5408 2.5
      vertex 131.78 -72.5408 1.5
    endloop
  endfacet
  facet normal -0.587773 0.809026 0
    outer loop
      vertex 61.2492 76.7103 1.5
      vertex 60.538 76.1936 2.5
      vertex 61.2492 76.7103 2.5
    endloop
  endfacet
  facet normal -0.587773 0.809026 0
    outer loop
      vertex 60.538 76.1936 2.5
      vertex 61.2492 76.7103 1.5
      vertex 60.538 76.1936 1.5
    endloop
  endfacet
  facet normal -0.684577 0.728941 0
    outer loop
      vertex 60.538 76.1936 1.5
      vertex 59.8972 75.5918 2.5
      vertex 60.538 76.1936 2.5
    endloop
  endfacet
  facet normal -0.684577 0.728941 0
    outer loop
      vertex 59.8972 75.5918 2.5
      vertex 60.538 76.1936 1.5
      vertex 59.8972 75.5918 1.5
    endloop
  endfacet
  facet normal -0.481775 0.876295 0
    outer loop
      vertex 62.0195 77.1338 1.5
      vertex 61.2492 76.7103 2.5
      vertex 62.0195 77.1338 2.5
    endloop
  endfacet
  facet normal -0.481775 0.876295 0
    outer loop
      vertex 61.2492 76.7103 2.5
      vertex 62.0195 77.1338 1.5
      vertex 61.2492 76.7103 1.5
    endloop
  endfacet
  facet normal -0.587773 -0.809026 0
    outer loop
      vertex 60.538 -76.1936 1.5
      vertex 61.2492 -76.7103 2.5
      vertex 60.538 -76.1936 2.5
    endloop
  endfacet
  facet normal -0.587773 -0.809026 -0
    outer loop
      vertex 61.2492 -76.7103 2.5
      vertex 60.538 -76.1936 1.5
      vertex 61.2492 -76.7103 1.5
    endloop
  endfacet
  facet normal -0.368094 0.929789 0
    outer loop
      vertex 62.8369 77.4574 1.5
      vertex 62.0195 77.1338 2.5
      vertex 62.8369 77.4574 2.5
    endloop
  endfacet
  facet normal -0.368094 0.929789 0
    outer loop
      vertex 62.0195 77.1338 2.5
      vertex 62.8369 77.4574 1.5
      vertex 62.0195 77.1338 1.5
    endloop
  endfacet
  facet normal 0.904953 0.425512 0
    outer loop
      vertex 131.508 73.3769 2.5
      vertex 131.134 74.1723 1.5
      vertex 131.134 74.1723 2.5
    endloop
  endfacet
  facet normal 0.904953 0.425512 0
    outer loop
      vertex 131.134 74.1723 1.5
      vertex 131.508 73.3769 2.5
      vertex 131.508 73.3769 1.5
    endloop
  endfacet
  facet normal 0.368249 0.929727 -0
    outer loop
      vertex 127.98 77.1338 1.5
      vertex 127.163 77.4574 2.5
      vertex 127.98 77.1338 2.5
    endloop
  endfacet
  facet normal 0.368249 0.929727 0
    outer loop
      vertex 127.163 77.4574 2.5
      vertex 127.98 77.1338 1.5
      vertex 127.163 77.4574 1.5
    endloop
  endfacet
  facet normal 0.248797 0.968556 -0
    outer loop
      vertex 127.163 77.4574 1.5
      vertex 126.312 77.676 2.5
      vertex 127.163 77.4574 2.5
    endloop
  endfacet
  facet normal 0.248797 0.968556 0
    outer loop
      vertex 126.312 77.676 2.5
      vertex 127.163 77.4574 1.5
      vertex 126.312 77.676 1.5
    endloop
  endfacet
  facet normal 0 0 1
    outer loop
      vertex 125.44 77.7862 2.5
      vertex 132 70.8 2.5
      vertex 131.945 71.6773 2.5
    endloop
  endfacet
  facet normal 0 0 1
    outer loop
      vertex 132 70.8 2.5
      vertex 122.05 0 2.5
      vertex 132 -70.8 2.5
    endloop
  endfacet
  facet normal 0 0 1
    outer loop
      vertex 125.44 77.7862 2.5
      vertex 131.945 71.6773 2.5
      vertex 131.78 72.5408 2.5
    endloop
  endfacet
  facet normal -0 0 1
    outer loop
      vertex 122.034 -0.256932 2.5
      vertex 132 -70.8 2.5
      vertex 122.05 0 2.5
    endloop
  endfacet
  facet normal 0 0 1
    outer loop
      vertex 125.44 77.7862 2.5
      vertex 131.78 72.5408 2.5
      vertex 131.508 73.3769 2.5
    endloop
  endfacet
  facet normal -0 0 1
    outer loop
      vertex 121.986 -0.509814 2.5
      vertex 132 -70.8 2.5
      vertex 122.034 -0.256932 2.5
    endloop
  endfacet
  facet normal 0 0 1
    outer loop
      vertex 125.44 77.7862 2.5
      vertex 131.508 73.3769 2.5
      vertex 131.134 74.1723 2.5
    endloop
  endfacet
  facet normal -0 0 1
    outer loop
      vertex 121.906 -0.754655 2.5
      vertex 132 -70.8 2.5
      vertex 121.986 -0.509814 2.5
    endloop
  endfacet
  facet normal 0 0 1
    outer loop
      vertex 125.44 77.7862 2.5
      vertex 131.134 74.1723 2.5
      vertex 130.663 74.9145 2.5
    endloop
  endfacet
  facet normal -0 0 1
    outer loop
      vertex 121.796 -0.987595 2.5
      vertex 132 -70.8 2.5
      vertex 121.906 -0.754655 2.5
    endloop
  endfacet
  facet normal 0 0 1
    outer loop
      vertex 125.44 77.7862 2.5
      vertex 130.663 74.9145 2.5
      vertex 130.103 75.5918 2.5
    endloop
  endfacet
  facet normal -0 0 1
    outer loop
      vertex 121.658 -1.20496 2.5
      vertex 132 -70.8 2.5
      vertex 121.796 -0.987595 2.5
    endloop
  endfacet
  facet normal 0 0 1
    outer loop
      vertex 125.44 77.7862 2.5
      vertex 130.103 75.5918 2.5
      vertex 129.462 76.1936 2.5
    endloop
  endfacet
  facet normal -0 0 1
    outer loop
      vertex 121.494 -1.40332 2.5
      vertex 132 -70.8 2.5
      vertex 121.658 -1.20496 2.5
    endloop
  endfacet
  facet normal 0 0 1
    outer loop
      vertex 125.44 77.7862 2.5
      vertex 129.462 76.1936 2.5
      vertex 128.751 76.7103 2.5
    endloop
  endfacet
  facet normal -0 0 1
    outer loop
      vertex 121.307 -1.57955 2.5
      vertex 132 -70.8 2.5
      vertex 121.494 -1.40332 2.5
    endloop
  endfacet
  facet normal 0 0 1
    outer loop
      vertex 125.44 77.7862 2.5
      vertex 128.751 76.7103 2.5
      vertex 127.98 77.1338 2.5
    endloop
  endfacet
  facet normal -0 0 1
    outer loop
      vertex 121.098 -1.73087 2.5
      vertex 132 -70.8 2.5
      vertex 121.307 -1.57955 2.5
    endloop
  endfacet
  facet normal 0 0 1
    outer loop
      vertex 125.44 77.7862 2.5
      vertex 127.98 77.1338 2.5
      vertex 127.163 77.4574 2.5
    endloop
  endfacet
  facet normal -0 0 1
    outer loop
      vertex 120.873 -1.85489 2.5
      vertex 132 -70.8 2.5
      vertex 121.098 -1.73087 2.5
    endloop
  endfacet
  facet normal 0 0 1
    outer loop
      vertex 125.44 77.7862 2.5
      vertex 127.163 77.4574 2.5
      vertex 126.312 77.676 2.5
    endloop
  endfacet
  facet normal -0 0 1
    outer loop
      vertex 120.633 -1.94967 2.5
      vertex 132 -70.8 2.5
      vertex 120.873 -1.85489 2.5
    endloop
  endfacet
  facet normal 0 0 1
    outer loop
      vertex 118.902 1.73087 2.5
      vertex 132 70.8 2.5
      vertex 125.44 77.7862 2.5
    endloop
  endfacet
  facet normal -0 0 1
    outer loop
      vertex 120.384 -2.01369 2.5
      vertex 132 -70.8 2.5
      vertex 120.633 -1.94967 2.5
    endloop
  endfacet
  facet normal -0 0 1
    outer loop
      vertex 120.129 -2.04595 2.5
      vertex 132 -70.8 2.5
      vertex 120.384 -2.01369 2.5
    endloop
  endfacet
  facet normal 0 0 1
    outer loop
      vertex 132 70.8 2.5
      vertex 122.034 0.256932 2.5
      vertex 122.05 0 2.5
    endloop
  endfacet
  facet normal 0 0 1
    outer loop
      vertex 132 70.8 2.5
      vertex 121.986 0.509814 2.5
      vertex 122.034 0.256932 2.5
    endloop
  endfacet
  facet normal 0 0 1
    outer loop
      vertex 132 70.8 2.5
      vertex 121.906 0.754655 2.5
      vertex 121.986 0.509814 2.5
    endloop
  endfacet
  facet normal 0 0 1
    outer loop
      vertex 132 70.8 2.5
      vertex 121.796 0.987595 2.5
      vertex 121.906 0.754655 2.5
    endloop
  endfacet
  facet normal 0 0 1
    outer loop
      vertex 132 70.8 2.5
      vertex 121.658 1.20496 2.5
      vertex 121.796 0.987595 2.5
    endloop
  endfacet
  facet normal 0 0 1
    outer loop
      vertex 132 70.8 2.5
      vertex 121.494 1.40332 2.5
      vertex 121.658 1.20496 2.5
    endloop
  endfacet
  facet normal 0 0 1
    outer loop
      vertex 132 70.8 2.5
      vertex 121.307 1.57955 2.5
      vertex 121.494 1.40332 2.5
    endloop
  endfacet
  facet normal 0 0 1
    outer loop
      vertex 132 70.8 2.5
      vertex 121.098 1.73087 2.5
      vertex 121.307 1.57955 2.5
    endloop
  endfacet
  facet normal 0 0 1
    outer loop
      vertex 132 70.8 2.5
      vertex 120.873 1.85489 2.5
      vertex 121.098 1.73087 2.5
    endloop
  endfacet
  facet normal 0 0 1
    outer loop
      vertex 132 70.8 2.5
      vertex 120.633 1.94967 2.5
      vertex 120.873 1.85489 2.5
    endloop
  endfacet
  facet normal 0 0 1
    outer loop
      vertex 132 70.8 2.5
      vertex 120.384 2.01369 2.5
      vertex 120.633 1.94967 2.5
    endloop
  endfacet
  facet normal 0 0 1
    outer loop
      vertex 132 70.8 2.5
      vertex 120.129 2.04595 2.5
      vertex 120.384 2.01369 2.5
    endloop
  endfacet
  facet normal 0 0 1
    outer loop
      vertex 132 70.8 2.5
      vertex 119.871 2.04595 2.5
      vertex 120.129 2.04595 2.5
    endloop
  endfacet
  facet normal 0 0 1
    outer loop
      vertex 132 70.8 2.5
      vertex 119.616 2.01369 2.5
      vertex 119.871 2.04595 2.5
    endloop
  endfacet
  facet normal 0 0 1
    outer loop
      vertex 132 70.8 2.5
      vertex 119.367 1.94967 2.5
      vertex 119.616 2.01369 2.5
    endloop
  endfacet
  facet normal 0 0 1
    outer loop
      vertex 132 70.8 2.5
      vertex 119.127 1.85489 2.5
      vertex 119.367 1.94967 2.5
    endloop
  endfacet
  facet normal 0 0 1
    outer loop
      vertex 132 70.8 2.5
      vertex 118.902 1.73087 2.5
      vertex 119.127 1.85489 2.5
    endloop
  endfacet
  facet normal -0 0 1
    outer loop
      vertex 58 70.8 2.5
      vertex 118.902 1.73087 2.5
      vertex 125.44 77.7862 2.5
    endloop
  endfacet
  facet normal 0 0 1
    outer loop
      vertex 118.902 1.73087 2.5
      vertex 58 70.8 2.5
      vertex 118.693 1.57955 2.5
    endloop
  endfacet
  facet normal 0 0 1
    outer loop
      vertex 118.693 1.57955 2.5
      vertex 58 70.8 2.5
      vertex 118.506 1.40332 2.5
    endloop
  endfacet
  facet normal 0 0 1
    outer loop
      vertex 118.506 1.40332 2.5
      vertex 58 70.8 2.5
      vertex 118.342 1.20496 2.5
    endloop
  endfacet
  facet normal 0 0 1
    outer loop
      vertex 118.342 1.20496 2.5
      vertex 58 70.8 2.5
      vertex 118.204 0.987595 2.5
    endloop
  endfacet
  facet normal 0 0 1
    outer loop
      vertex 118.204 0.987595 2.5
      vertex 58 70.8 2.5
      vertex 118.094 0.754655 2.5
    endloop
  endfacet
  facet normal 0 0 1
    outer loop
      vertex 118.094 0.754655 2.5
      vertex 58 70.8 2.5
      vertex 118.014 0.509814 2.5
    endloop
  endfacet
  facet normal 0 0 1
    outer loop
      vertex 118.014 0.509814 2.5
      vertex 58 70.8 2.5
      vertex 117.966 0.256932 2.5
    endloop
  endfacet
  facet normal 0 0 1
    outer loop
      vertex 58 70.8 2.5
      vertex 125.44 77.7862 2.5
      vertex 64.5605 77.7862 2.5
    endloop
  endfacet
  facet normal -0 0 1
    outer loop
      vertex 119.871 -2.04595 2.5
      vertex 132 -70.8 2.5
      vertex 120.129 -2.04595 2.5
    endloop
  endfacet
  facet normal 0 0 1
    outer loop
      vertex 119.616 -2.01369 2.5
      vertex 132 -70.8 2.5
      vertex 119.871 -2.04595 2.5
    endloop
  endfacet
  facet normal 0 0 1
    outer loop
      vertex 119.367 -1.94967 2.5
      vertex 132 -70.8 2.5
      vertex 119.616 -2.01369 2.5
    endloop
  endfacet
  facet normal 0 0 1
    outer loop
      vertex 119.127 -1.85489 2.5
      vertex 132 -70.8 2.5
      vertex 119.367 -1.94967 2.5
    endloop
  endfacet
  facet normal 0 0 1
    outer loop
      vertex 118.902 -1.73087 2.5
      vertex 132 -70.8 2.5
      vertex 119.127 -1.85489 2.5
    endloop
  endfacet
  facet normal 0 0 1
    outer loop
      vertex 132 -70.8 2.5
      vertex 125.44 -77.7862 2.5
      vertex 131.945 -71.6773 2.5
    endloop
  endfacet
  facet normal 0 0 1
    outer loop
      vertex 131.78 -72.5408 2.5
      vertex 125.44 -77.7862 2.5
      vertex 131.508 -73.3769 2.5
    endloop
  endfacet
  facet normal 0 0 1
    outer loop
      vertex 131.508 -73.3769 2.5
      vertex 125.44 -77.7862 2.5
      vertex 131.134 -74.1723 2.5
    endloop
  endfacet
  facet normal 0 0 1
    outer loop
      vertex 130.663 -74.9145 2.5
      vertex 125.44 -77.7862 2.5
      vertex 130.103 -75.5918 2.5
    endloop
  endfacet
  facet normal 0 0 1
    outer loop
      vertex 129.462 -76.1936 2.5
      vertex 125.44 -77.7862 2.5
      vertex 128.751 -76.7103 2.5
    endloop
  endfacet
  facet normal 0 0 1
    outer loop
      vertex 128.751 -76.7103 2.5
      vertex 125.44 -77.7862 2.5
      vertex 127.98 -77.1338 2.5
    endloop
  endfacet
  facet normal 0 0 1
    outer loop
      vertex 127.163 -77.4574 2.5
      vertex 125.44 -77.7862 2.5
      vertex 126.312 -77.676 2.5
    endloop
  endfacet
  facet normal 0 0 1
    outer loop
      vertex 127.98 -77.1338 2.5
      vertex 125.44 -77.7862 2.5
      vertex 127.163 -77.4574 2.5
    endloop
  endfacet
  facet normal 0 0 1
    outer loop
      vertex 130.103 -75.5918 2.5
      vertex 125.44 -77.7862 2.5
      vertex 129.462 -76.1936 2.5
    endloop
  endfacet
  facet normal 0 0 1
    outer loop
      vertex 131.134 -74.1723 2.5
      vertex 125.44 -77.7862 2.5
      vertex 130.663 -74.9145 2.5
    endloop
  endfacet
  facet normal 0 0 1
    outer loop
      vertex 131.945 -71.6773 2.5
      vertex 125.44 -77.7862 2.5
      vertex 131.78 -72.5408 2.5
    endloop
  endfacet
  facet normal 0 0 1
    outer loop
      vertex 132 -70.8 2.5
      vertex 118.902 -1.73087 2.5
      vertex 125.44 -77.7862 2.5
    endloop
  endfacet
  facet normal 0 0 1
    outer loop
      vertex 58 -70.8 2.5
      vertex 118.902 -1.73087 2.5
      vertex 118.693 -1.57955 2.5
    endloop
  endfacet
  facet normal 0 0 1
    outer loop
      vertex 58 -70.8 2.5
      vertex 118.693 -1.57955 2.5
      vertex 118.506 -1.40332 2.5
    endloop
  endfacet
  facet normal 0 0 1
    outer loop
      vertex 58 -70.8 2.5
      vertex 118.506 -1.40332 2.5
      vertex 118.342 -1.20496 2.5
    endloop
  endfacet
  facet normal 0 0 1
    outer loop
      vertex 58 -70.8 2.5
      vertex 118.342 -1.20496 2.5
      vertex 118.204 -0.987595 2.5
    endloop
  endfacet
  facet normal 0 0 1
    outer loop
      vertex 58 -70.8 2.5
      vertex 118.204 -0.987595 2.5
      vertex 118.094 -0.754655 2.5
    endloop
  endfacet
  facet normal 0 0 1
    outer loop
      vertex 58 -70.8 2.5
      vertex 118.094 -0.754655 2.5
      vertex 118.014 -0.509814 2.5
    endloop
  endfacet
  facet normal 0 0 1
    outer loop
      vertex 58 -70.8 2.5
      vertex 118.014 -0.509814 2.5
      vertex 117.966 -0.256932 2.5
    endloop
  endfacet
  facet normal 0 0 1
    outer loop
      vertex 117.966 0.256932 2.5
      vertex 58 70.8 2.5
      vertex 117.95 0 2.5
    endloop
  endfacet
  facet normal 0 0 1
    outer loop
      vertex 58 -70.8 2.5
      vertex 117.95 0 2.5
      vertex 58 70.8 2.5
    endloop
  endfacet
  facet normal 0 0 1
    outer loop
      vertex 117.95 0 2.5
      vertex 58 -70.8 2.5
      vertex 117.966 -0.256932 2.5
    endloop
  endfacet
  facet normal 0 0 1
    outer loop
      vertex 58 70.8 2.5
      vertex 64.5605 77.7862 2.5
      vertex 63.6883 77.676 2.5
    endloop
  endfacet
  facet normal 0 0 1
    outer loop
      vertex 118.902 -1.73087 2.5
      vertex 58 -70.8 2.5
      vertex 125.44 -77.7862 2.5
    endloop
  endfacet
  facet normal 0 0 1
    outer loop
      vertex 58 70.8 2.5
      vertex 63.6883 77.676 2.5
      vertex 62.8369 77.4574 2.5
    endloop
  endfacet
  facet normal 0 0 1
    outer loop
      vertex 125.44 -77.7862 2.5
      vertex 58 -70.8 2.5
      vertex 64.5605 -77.7862 2.5
    endloop
  endfacet
  facet normal 0 0 1
    outer loop
      vertex 58 70.8 2.5
      vertex 62.8369 77.4574 2.5
      vertex 62.0195 77.1338 2.5
    endloop
  endfacet
  facet normal 0 0 1
    outer loop
      vertex 64.5605 -77.7862 2.5
      vertex 58 -70.8 2.5
      vertex 63.6883 -77.676 2.5
    endloop
  endfacet
  facet normal 0 0 1
    outer loop
      vertex 58 70.8 2.5
      vertex 62.0195 77.1338 2.5
      vertex 61.2492 76.7103 2.5
    endloop
  endfacet
  facet normal 0 0 1
    outer loop
      vertex 63.6883 -77.676 2.5
      vertex 58 -70.8 2.5
      vertex 62.8369 -77.4574 2.5
    endloop
  endfacet
  facet normal 0 0 1
    outer loop
      vertex 58 70.8 2.5
      vertex 61.2492 76.7103 2.5
      vertex 60.538 76.1936 2.5
    endloop
  endfacet
  facet normal 0 0 1
    outer loop
      vertex 62.8369 -77.4574 2.5
      vertex 58 -70.8 2.5
      vertex 62.0195 -77.1338 2.5
    endloop
  endfacet
  facet normal 0 0 1
    outer loop
      vertex 58 70.8 2.5
      vertex 60.538 76.1936 2.5
      vertex 59.8972 75.5918 2.5
    endloop
  endfacet
  facet normal 0 0 1
    outer loop
      vertex 62.0195 -77.1338 2.5
      vertex 58 -70.8 2.5
      vertex 61.2492 -76.7103 2.5
    endloop
  endfacet
  facet normal 0 0 1
    outer loop
      vertex 58 70.8 2.5
      vertex 59.8972 75.5918 2.5
      vertex 59.3369 74.9145 2.5
    endloop
  endfacet
  facet normal 0 0 1
    outer loop
      vertex 61.2492 -76.7103 2.5
      vertex 58 -70.8 2.5
      vertex 60.538 -76.1936 2.5
    endloop
  endfacet
  facet normal 0 0 1
    outer loop
      vertex 58 70.8 2.5
      vertex 59.3369 74.9145 2.5
      vertex 58.8659 74.1723 2.5
    endloop
  endfacet
  facet normal 0 0 1
    outer loop
      vertex 60.538 -76.1936 2.5
      vertex 58 -70.8 2.5
      vertex 59.8972 -75.5918 2.5
    endloop
  endfacet
  facet normal 0 0 1
    outer loop
      vertex 58 70.8 2.5
      vertex 58.8659 74.1723 2.5
      vertex 58.4916 73.3769 2.5
    endloop
  endfacet
  facet normal 0 0 1
    outer loop
      vertex 59.8972 -75.5918 2.5
      vertex 58 -70.8 2.5
      vertex 59.3369 -74.9145 2.5
    endloop
  endfacet
  facet normal 0 0 1
    outer loop
      vertex 58 70.8 2.5
      vertex 58.4916 73.3769 2.5
      vertex 58.2199 72.5408 2.5
    endloop
  endfacet
  facet normal 0 0 1
    outer loop
      vertex 59.3369 -74.9145 2.5
      vertex 58 -70.8 2.5
      vertex 58.8659 -74.1723 2.5
    endloop
  endfacet
  facet normal 0 0 1
    outer loop
      vertex 58 70.8 2.5
      vertex 58.2199 72.5408 2.5
      vertex 58.0552 71.6773 2.5
    endloop
  endfacet
  facet normal 0 0 1
    outer loop
      vertex 58.8659 -74.1723 2.5
      vertex 58 -70.8 2.5
      vertex 58.4916 -73.3769 2.5
    endloop
  endfacet
  facet normal 0 0 1
    outer loop
      vertex 58.4916 -73.3769 2.5
      vertex 58 -70.8 2.5
      vertex 58.2199 -72.5408 2.5
    endloop
  endfacet
  facet normal 0 0 1
    outer loop
      vertex 58.2199 -72.5408 2.5
      vertex 58 -70.8 2.5
      vertex 58.0552 -71.6773 2.5
    endloop
  endfacet
  facet normal -0.98228 -0.187419 0
    outer loop
      vertex 128.135 1.02773 0
      vertex 127.942 2.03926 0.5
      vertex 127.942 2.03926 0
    endloop
  endfacet
  facet normal -0.98228 -0.187419 0
    outer loop
      vertex 127.942 2.03926 0.5
      vertex 128.135 1.02773 0
      vertex 128.135 1.02773 0.5
    endloop
  endfacet
  facet normal -0.998006 -0.0631201 0
    outer loop
      vertex 128.2 0 0
      vertex 128.135 1.02773 0.5
      vertex 128.135 1.02773 0
    endloop
  endfacet
  facet normal -0.998006 -0.0631201 0
    outer loop
      vertex 128.135 1.02773 0.5
      vertex 128.2 0 0
      vertex 128.2 0 0.5
    endloop
  endfacet
  facet normal -0.684384 0.729122 0
    outer loop
      vertex 125.978 -5.61329 0
      vertex 125.227 -6.31821 0.5
      vertex 125.978 -5.61329 0.5
    endloop
  endfacet
  facet normal -0.684384 0.729122 0
    outer loop
      vertex 125.227 -6.31821 0.5
      vertex 125.978 -5.61329 0
      vertex 125.227 -6.31821 0
    endloop
  endfacet
  facet normal -0.998006 0.0631201 0
    outer loop
      vertex 128.135 -1.02773 0
      vertex 128.2 0 0.5
      vertex 128.2 0 0
    endloop
  endfacet
  facet normal -0.998006 0.0631201 0
    outer loop
      vertex 128.2 0 0.5
      vertex 128.135 -1.02773 0
      vertex 128.135 -1.02773 0.5
    endloop
  endfacet
  facet normal -0.84423 -0.535982 0
    outer loop
      vertex 127.186 3.95038 0
      vertex 126.634 4.81984 0.5
      vertex 126.634 4.81984 0
    endloop
  endfacet
  facet normal -0.84423 -0.535982 0
    outer loop
      vertex 126.634 4.81984 0.5
      vertex 127.186 3.95038 0
      vertex 127.186 3.95038 0.5
    endloop
  endfacet
  facet normal 0.904996 -0.425419 0
    outer loop
      vertex 112.376 3.01862 0.5
      vertex 112.814 3.95038 0
      vertex 112.814 3.95038 0.5
    endloop
  endfacet
  facet normal 0.904996 -0.425419 0
    outer loop
      vertex 112.814 3.95038 0
      vertex 112.376 3.01862 0.5
      vertex 112.376 3.01862 0
    endloop
  endfacet
  facet normal -0.684384 -0.729122 0
    outer loop
      vertex 125.227 6.31821 0
      vertex 125.978 5.61329 0.5
      vertex 125.227 6.31821 0.5
    endloop
  endfacet
  facet normal -0.684384 -0.729122 -0
    outer loop
      vertex 125.978 5.61329 0.5
      vertex 125.227 6.31821 0
      vertex 125.978 5.61329 0
    endloop
  endfacet
  facet normal 0.58783 -0.808985 0
    outer loop
      vertex 114.773 6.31821 0
      vertex 115.606 6.92349 0.5
      vertex 114.773 6.31821 0.5
    endloop
  endfacet
  facet normal 0.58783 -0.808985 0
    outer loop
      vertex 115.606 6.92349 0.5
      vertex 114.773 6.31821 0
      vertex 115.606 6.92349 0
    endloop
  endfacet
  facet normal 0.58783 0.808985 -0
    outer loop
      vertex 115.606 -6.92349 0
      vertex 114.773 -6.31821 0.5
      vertex 115.606 -6.92349 0.5
    endloop
  endfacet
  facet normal 0.58783 0.808985 0
    outer loop
      vertex 114.773 -6.31821 0.5
      vertex 115.606 -6.92349 0
      vertex 114.773 -6.31821 0
    endloop
  endfacet
  facet normal -0.481501 -0.876445 0
    outer loop
      vertex 123.491 7.41958 0
      vertex 124.394 6.92349 0.5
      vertex 123.491 7.41958 0.5
    endloop
  endfacet
  facet normal -0.481501 -0.876445 -0
    outer loop
      vertex 124.394 6.92349 0.5
      vertex 123.491 7.41958 0
      vertex 124.394 6.92349 0
    endloop
  endfacet
  facet normal 0.248794 -0.968557 0
    outer loop
      vertex 117.466 7.79866 0
      vertex 118.463 8.05476 0.5
      vertex 117.466 7.79866 0.5
    endloop
  endfacet
  facet normal 0.248794 -0.968557 0
    outer loop
      vertex 118.463 8.05476 0.5
      vertex 117.466 7.79866 0
      vertex 118.463 8.05476 0
    endloop
  endfacet
  facet normal -0.248794 0.968557 0
    outer loop
      vertex 122.534 -7.79866 0
      vertex 121.537 -8.05476 0.5
      vertex 122.534 -7.79866 0.5
    endloop
  endfacet
  facet normal -0.248794 0.968557 0
    outer loop
      vertex 121.537 -8.05476 0.5
      vertex 122.534 -7.79866 0
      vertex 121.537 -8.05476 0
    endloop
  endfacet
  facet normal -0.98228 0.187419 0
    outer loop
      vertex 127.942 -2.03926 0
      vertex 128.135 -1.02773 0.5
      vertex 128.135 -1.02773 0
    endloop
  endfacet
  facet normal -0.98228 0.187419 0
    outer loop
      vertex 128.135 -1.02773 0.5
      vertex 127.942 -2.03926 0
      vertex 127.942 -2.03926 0.5
    endloop
  endfacet
  facet normal 0.125287 0.992121 -0
    outer loop
      vertex 119.485 -8.18382 0
      vertex 118.463 -8.05476 0.5
      vertex 119.485 -8.18382 0.5
    endloop
  endfacet
  facet normal 0.125287 0.992121 0
    outer loop
      vertex 118.463 -8.05476 0.5
      vertex 119.485 -8.18382 0
      vertex 118.463 -8.05476 0
    endloop
  endfacet
  facet normal -0.481501 0.876445 0
    outer loop
      vertex 124.394 -6.92349 0
      vertex 123.491 -7.41958 0.5
      vertex 124.394 -6.92349 0.5
    endloop
  endfacet
  facet normal -0.481501 0.876445 0
    outer loop
      vertex 123.491 -7.41958 0.5
      vertex 124.394 -6.92349 0
      vertex 123.491 -7.41958 0
    endloop
  endfacet
  facet normal 0.481501 -0.876445 0
    outer loop
      vertex 115.606 6.92349 0
      vertex 116.509 7.41958 0.5
      vertex 115.606 6.92349 0.5
    endloop
  endfacet
  facet normal 0.481501 -0.876445 0
    outer loop
      vertex 116.509 7.41958 0.5
      vertex 115.606 6.92349 0
      vertex 116.509 7.41958 0
    endloop
  endfacet
  facet normal 0 -1 0
    outer loop
      vertex 119.485 8.18382 0
      vertex 120.515 8.18382 0.5
      vertex 119.485 8.18382 0.5
    endloop
  endfacet
  facet normal 0 -1 -0
    outer loop
      vertex 120.515 8.18382 0.5
      vertex 119.485 8.18382 0
      vertex 120.515 8.18382 0
    endloop
  endfacet
  facet normal 0.951117 0.30883 0
    outer loop
      vertex 112.376 -3.01862 0.5
      vertex 112.058 -2.03926 0
      vertex 112.058 -2.03926 0.5
    endloop
  endfacet
  facet normal 0.951117 0.30883 0
    outer loop
      vertex 112.058 -2.03926 0
      vertex 112.376 -3.01862 0.5
      vertex 112.376 -3.01862 0
    endloop
  endfacet
  facet normal -0.84423 0.535982 0
    outer loop
      vertex 126.634 -4.81984 0
      vertex 127.186 -3.95038 0.5
      vertex 127.186 -3.95038 0
    endloop
  endfacet
  facet normal -0.84423 0.535982 0
    outer loop
      vertex 127.186 -3.95038 0.5
      vertex 126.634 -4.81984 0
      vertex 126.634 -4.81984 0.5
    endloop
  endfacet
  facet normal 0.951117 -0.30883 0
    outer loop
      vertex 112.058 2.03926 0.5
      vertex 112.376 3.01862 0
      vertex 112.376 3.01862 0.5
    endloop
  endfacet
  facet normal 0.951117 -0.30883 0
    outer loop
      vertex 112.376 3.01862 0
      vertex 112.058 2.03926 0.5
      vertex 112.058 2.03926 0
    endloop
  endfacet
  facet normal 0 0 -1
    outer loop
      vertex 126.8 0 0.5
      vertex 128.2 0 0.5
      vertex 128.135 -1.02773 0.5
    endloop
  endfacet
  facet normal 0 0 -1
    outer loop
      vertex 126.746 -0.852265 0.5
      vertex 128.135 -1.02773 0.5
      vertex 127.942 -2.03926 0.5
    endloop
  endfacet
  facet normal 0 0 -1
    outer loop
      vertex 128.2 0 0.5
      vertex 126.8 0 0.5
      vertex 128.135 1.02773 0.5
    endloop
  endfacet
  facet normal 0 0 -1
    outer loop
      vertex 126.586 -1.69109 0.5
      vertex 127.942 -2.03926 0.5
      vertex 127.624 -3.01862 0.5
    endloop
  endfacet
  facet normal 0 0 -1
    outer loop
      vertex 126.746 0.852265 0.5
      vertex 128.135 1.02773 0.5
      vertex 126.8 0 0.5
    endloop
  endfacet
  facet normal 0 0 -1
    outer loop
      vertex 126.322 -2.50325 0.5
      vertex 127.624 -3.01862 0.5
      vertex 127.186 -3.95038 0.5
    endloop
  endfacet
  facet normal -0 0 -1
    outer loop
      vertex 128.135 1.02773 0.5
      vertex 126.746 0.852265 0.5
      vertex 127.942 2.03926 0.5
    endloop
  endfacet
  facet normal 0 0 -1
    outer loop
      vertex 126.586 1.69109 0.5
      vertex 127.942 2.03926 0.5
      vertex 126.746 0.852265 0.5
    endloop
  endfacet
  facet normal 0 0 -1
    outer loop
      vertex 128.135 -1.02773 0.5
      vertex 126.746 -0.852265 0.5
      vertex 126.8 0 0.5
    endloop
  endfacet
  facet normal 0 0 -1
    outer loop
      vertex 125.959 -3.27592 0.5
      vertex 127.186 -3.95038 0.5
      vertex 126.634 -4.81984 0.5
    endloop
  endfacet
  facet normal 0 0 -1
    outer loop
      vertex 127.942 -2.03926 0.5
      vertex 126.586 -1.69109 0.5
      vertex 126.746 -0.852265 0.5
    endloop
  endfacet
  facet normal 0 0 -1
    outer loop
      vertex 127.624 -3.01862 0.5
      vertex 126.322 -2.50325 0.5
      vertex 126.586 -1.69109 0.5
    endloop
  endfacet
  facet normal 0 0 -1
    outer loop
      vertex 125.501 -3.99694 0.5
      vertex 126.634 -4.81984 0.5
      vertex 125.978 -5.61329 0.5
    endloop
  endfacet
  facet normal 0 0 -1
    outer loop
      vertex 127.186 -3.95038 0.5
      vertex 125.959 -3.27592 0.5
      vertex 126.322 -2.50325 0.5
    endloop
  endfacet
  facet normal 0 0 -1
    outer loop
      vertex 126.634 -4.81984 0.5
      vertex 125.501 -3.99694 0.5
      vertex 125.959 -3.27592 0.5
    endloop
  endfacet
  facet normal 0 0 -1
    outer loop
      vertex 124.957 -4.65492 0.5
      vertex 125.978 -5.61329 0.5
      vertex 125.227 -6.31821 0.5
    endloop
  endfacet
  facet normal 0 0 -1
    outer loop
      vertex 125.978 -5.61329 0.5
      vertex 124.957 -4.65492 0.5
      vertex 125.501 -3.99694 0.5
    endloop
  endfacet
  facet normal 0 0 -1
    outer loop
      vertex 124.334 -5.23949 0.5
      vertex 125.227 -6.31821 0.5
      vertex 124.394 -6.92349 0.5
    endloop
  endfacet
  facet normal 0 0 -1
    outer loop
      vertex 125.227 -6.31821 0.5
      vertex 124.334 -5.23949 0.5
      vertex 124.957 -4.65492 0.5
    endloop
  endfacet
  facet normal 0 0 -1
    outer loop
      vertex 124.394 -6.92349 0.5
      vertex 123.644 -5.74143 0.5
      vertex 124.334 -5.23949 0.5
    endloop
  endfacet
  facet normal 0 0 -1
    outer loop
      vertex 123.491 -7.41958 0.5
      vertex 123.644 -5.74143 0.5
      vertex 124.394 -6.92349 0.5
    endloop
  endfacet
  facet normal 0 0 -1
    outer loop
      vertex 123.491 -7.41958 0.5
      vertex 122.895 -6.15282 0.5
      vertex 123.644 -5.74143 0.5
    endloop
  endfacet
  facet normal 0 0 -1
    outer loop
      vertex 122.534 -7.79866 0.5
      vertex 122.895 -6.15282 0.5
      vertex 123.491 -7.41958 0.5
    endloop
  endfacet
  facet normal 0 0 -1
    outer loop
      vertex 122.534 -7.79866 0.5
      vertex 122.101 -6.46718 0.5
      vertex 122.895 -6.15282 0.5
    endloop
  endfacet
  facet normal 0 0 -1
    outer loop
      vertex 121.537 -8.05476 0.5
      vertex 122.101 -6.46718 0.5
      vertex 122.534 -7.79866 0.5
    endloop
  endfacet
  facet normal 0 0 -1
    outer loop
      vertex 121.537 -8.05476 0.5
      vertex 121.274 -6.67955 0.5
      vertex 122.101 -6.46718 0.5
    endloop
  endfacet
  facet normal 0 0 -1
    outer loop
      vertex 120.515 -8.18382 0.5
      vertex 121.274 -6.67955 0.5
      vertex 121.537 -8.05476 0.5
    endloop
  endfacet
  facet normal 0 0 -1
    outer loop
      vertex 120.515 -8.18382 0.5
      vertex 120.427 -6.78658 0.5
      vertex 121.274 -6.67955 0.5
    endloop
  endfacet
  facet normal 0 0 -1
    outer loop
      vertex 120.515 -8.18382 0.5
      vertex 119.573 -6.78658 0.5
      vertex 120.427 -6.78658 0.5
    endloop
  endfacet
  facet normal 0 0 -1
    outer loop
      vertex 119.485 -8.18382 0.5
      vertex 119.573 -6.78658 0.5
      vertex 120.515 -8.18382 0.5
    endloop
  endfacet
  facet normal 0 0 -1
    outer loop
      vertex 119.485 -8.18382 0.5
      vertex 118.726 -6.67955 0.5
      vertex 119.573 -6.78658 0.5
    endloop
  endfacet
  facet normal 0 0 -1
    outer loop
      vertex 118.463 -8.05476 0.5
      vertex 118.726 -6.67955 0.5
      vertex 119.485 -8.18382 0.5
    endloop
  endfacet
  facet normal 0 0 -1
    outer loop
      vertex 118.463 -8.05476 0.5
      vertex 117.899 -6.46718 0.5
      vertex 118.726 -6.67955 0.5
    endloop
  endfacet
  facet normal 0 0 -1
    outer loop
      vertex 117.466 -7.79866 0.5
      vertex 117.899 -6.46718 0.5
      vertex 118.463 -8.05476 0.5
    endloop
  endfacet
  facet normal 0 0 -1
    outer loop
      vertex 117.466 -7.79866 0.5
      vertex 117.105 -6.15282 0.5
      vertex 117.899 -6.46718 0.5
    endloop
  endfacet
  facet normal 0 0 -1
    outer loop
      vertex 116.509 -7.41958 0.5
      vertex 117.105 -6.15282 0.5
      vertex 117.466 -7.79866 0.5
    endloop
  endfacet
  facet normal 0 0 -1
    outer loop
      vertex 116.509 -7.41958 0.5
      vertex 116.356 -5.74143 0.5
      vertex 117.105 -6.15282 0.5
    endloop
  endfacet
  facet normal 0 0 -1
    outer loop
      vertex 115.606 -6.92349 0.5
      vertex 116.356 -5.74143 0.5
      vertex 116.509 -7.41958 0.5
    endloop
  endfacet
  facet normal -0 0 -1
    outer loop
      vertex 116.356 -5.74143 0.5
      vertex 115.606 -6.92349 0.5
      vertex 115.666 -5.23949 0.5
    endloop
  endfacet
  facet normal 0 0 -1
    outer loop
      vertex 114.773 -6.31821 0.5
      vertex 115.666 -5.23949 0.5
      vertex 115.606 -6.92349 0.5
    endloop
  endfacet
  facet normal -0 0 -1
    outer loop
      vertex 115.666 -5.23949 0.5
      vertex 114.773 -6.31821 0.5
      vertex 115.043 -4.65492 0.5
    endloop
  endfacet
  facet normal 0 0 -1
    outer loop
      vertex 114.022 -5.61329 0.5
      vertex 115.043 -4.65492 0.5
      vertex 114.773 -6.31821 0.5
    endloop
  endfacet
  facet normal -0 0 -1
    outer loop
      vertex 115.043 -4.65492 0.5
      vertex 114.022 -5.61329 0.5
      vertex 114.499 -3.99694 0.5
    endloop
  endfacet
  facet normal 0 0 -1
    outer loop
      vertex 113.366 -4.81984 0.5
      vertex 114.499 -3.99694 0.5
      vertex 114.022 -5.61329 0.5
    endloop
  endfacet
  facet normal -0 0 -1
    outer loop
      vertex 114.499 -3.99694 0.5
      vertex 113.366 -4.81984 0.5
      vertex 114.041 -3.27592 0.5
    endloop
  endfacet
  facet normal 0 0 -1
    outer loop
      vertex 112.814 -3.95038 0.5
      vertex 114.041 -3.27592 0.5
      vertex 113.366 -4.81984 0.5
    endloop
  endfacet
  facet normal -0 0 -1
    outer loop
      vertex 114.041 -3.27592 0.5
      vertex 112.814 -3.95038 0.5
      vertex 113.678 -2.50325 0.5
    endloop
  endfacet
  facet normal 0 0 -1
    outer loop
      vertex 112.376 -3.01862 0.5
      vertex 113.678 -2.50325 0.5
      vertex 112.814 -3.95038 0.5
    endloop
  endfacet
  facet normal -0 0 -1
    outer loop
      vertex 113.678 -2.50325 0.5
      vertex 112.376 -3.01862 0.5
      vertex 113.414 -1.69109 0.5
    endloop
  endfacet
  facet normal 0 0 -1
    outer loop
      vertex 112.058 -2.03926 0.5
      vertex 113.414 -1.69109 0.5
      vertex 112.376 -3.01862 0.5
    endloop
  endfacet
  facet normal -0 0 -1
    outer loop
      vertex 127.942 2.03926 0.5
      vertex 126.586 1.69109 0.5
      vertex 127.624 3.01862 0.5
    endloop
  endfacet
  facet normal 0 0 -1
    outer loop
      vertex 126.322 2.50325 0.5
      vertex 127.624 3.01862 0.5
      vertex 126.586 1.69109 0.5
    endloop
  endfacet
  facet normal -0 0 -1
    outer loop
      vertex 127.624 3.01862 0.5
      vertex 126.322 2.50325 0.5
      vertex 127.186 3.95038 0.5
    endloop
  endfacet
  facet normal 0 0 -1
    outer loop
      vertex 125.959 3.27592 0.5
      vertex 127.186 3.95038 0.5
      vertex 126.322 2.50325 0.5
    endloop
  endfacet
  facet normal -0 0 -1
    outer loop
      vertex 127.186 3.95038 0.5
      vertex 125.959 3.27592 0.5
      vertex 126.634 4.81984 0.5
    endloop
  endfacet
  facet normal 0 0 -1
    outer loop
      vertex 125.501 3.99694 0.5
      vertex 126.634 4.81984 0.5
      vertex 125.959 3.27592 0.5
    endloop
  endfacet
  facet normal -0 0 -1
    outer loop
      vertex 126.634 4.81984 0.5
      vertex 125.501 3.99694 0.5
      vertex 125.978 5.61329 0.5
    endloop
  endfacet
  facet normal 0 0 -1
    outer loop
      vertex 124.957 4.65492 0.5
      vertex 125.978 5.61329 0.5
      vertex 125.501 3.99694 0.5
    endloop
  endfacet
  facet normal -0 0 -1
    outer loop
      vertex 125.978 5.61329 0.5
      vertex 124.957 4.65492 0.5
      vertex 125.227 6.31821 0.5
    endloop
  endfacet
  facet normal 0 0 -1
    outer loop
      vertex 124.334 5.23949 0.5
      vertex 125.227 6.31821 0.5
      vertex 124.957 4.65492 0.5
    endloop
  endfacet
  facet normal -0 0 -1
    outer loop
      vertex 125.227 6.31821 0.5
      vertex 124.334 5.23949 0.5
      vertex 124.394 6.92349 0.5
    endloop
  endfacet
  facet normal 0 0 -1
    outer loop
      vertex 123.644 5.74143 0.5
      vertex 124.394 6.92349 0.5
      vertex 124.334 5.23949 0.5
    endloop
  endfacet
  facet normal 0 0 -1
    outer loop
      vertex 123.644 5.74143 0.5
      vertex 123.491 7.41958 0.5
      vertex 124.394 6.92349 0.5
    endloop
  endfacet
  facet normal 0 0 -1
    outer loop
      vertex 122.895 6.15282 0.5
      vertex 123.491 7.41958 0.5
      vertex 123.644 5.74143 0.5
    endloop
  endfacet
  facet normal 0 0 -1
    outer loop
      vertex 122.895 6.15282 0.5
      vertex 122.534 7.79866 0.5
      vertex 123.491 7.41958 0.5
    endloop
  endfacet
  facet normal 0 0 -1
    outer loop
      vertex 122.101 6.46718 0.5
      vertex 122.534 7.79866 0.5
      vertex 122.895 6.15282 0.5
    endloop
  endfacet
  facet normal 0 0 -1
    outer loop
      vertex 122.101 6.46718 0.5
      vertex 121.537 8.05476 0.5
      vertex 122.534 7.79866 0.5
    endloop
  endfacet
  facet normal 0 0 -1
    outer loop
      vertex 121.274 6.67955 0.5
      vertex 121.537 8.05476 0.5
      vertex 122.101 6.46718 0.5
    endloop
  endfacet
  facet normal 0 0 -1
    outer loop
      vertex 121.274 6.67955 0.5
      vertex 120.515 8.18382 0.5
      vertex 121.537 8.05476 0.5
    endloop
  endfacet
  facet normal 0 0 -1
    outer loop
      vertex 120.427 6.78658 0.5
      vertex 120.515 8.18382 0.5
      vertex 121.274 6.67955 0.5
    endloop
  endfacet
  facet normal 0 0 -1
    outer loop
      vertex 119.573 6.78658 0.5
      vertex 120.515 8.18382 0.5
      vertex 120.427 6.78658 0.5
    endloop
  endfacet
  facet normal 0 0 -1
    outer loop
      vertex 119.573 6.78658 0.5
      vertex 119.485 8.18382 0.5
      vertex 120.515 8.18382 0.5
    endloop
  endfacet
  facet normal 0 0 -1
    outer loop
      vertex 118.726 6.67955 0.5
      vertex 119.485 8.18382 0.5
      vertex 119.573 6.78658 0.5
    endloop
  endfacet
  facet normal 0 0 -1
    outer loop
      vertex 118.726 6.67955 0.5
      vertex 118.463 8.05476 0.5
      vertex 119.485 8.18382 0.5
    endloop
  endfacet
  facet normal 0 0 -1
    outer loop
      vertex 117.899 6.46718 0.5
      vertex 118.463 8.05476 0.5
      vertex 118.726 6.67955 0.5
    endloop
  endfacet
  facet normal 0 0 -1
    outer loop
      vertex 117.899 6.46718 0.5
      vertex 117.466 7.79866 0.5
      vertex 118.463 8.05476 0.5
    endloop
  endfacet
  facet normal 0 0 -1
    outer loop
      vertex 117.105 6.15282 0.5
      vertex 117.466 7.79866 0.5
      vertex 117.899 6.46718 0.5
    endloop
  endfacet
  facet normal 0 0 -1
    outer loop
      vertex 117.105 6.15282 0.5
      vertex 116.509 7.41958 0.5
      vertex 117.466 7.79866 0.5
    endloop
  endfacet
  facet normal 0 0 -1
    outer loop
      vertex 116.356 5.74143 0.5
      vertex 116.509 7.41958 0.5
      vertex 117.105 6.15282 0.5
    endloop
  endfacet
  facet normal 0 0 -1
    outer loop
      vertex 115.606 6.92349 0.5
      vertex 116.356 5.74143 0.5
      vertex 115.666 5.23949 0.5
    endloop
  endfacet
  facet normal 0 0 -1
    outer loop
      vertex 116.356 5.74143 0.5
      vertex 115.606 6.92349 0.5
      vertex 116.509 7.41958 0.5
    endloop
  endfacet
  facet normal 0 0 -1
    outer loop
      vertex 114.773 6.31821 0.5
      vertex 115.666 5.23949 0.5
      vertex 115.043 4.65492 0.5
    endloop
  endfacet
  facet normal 0 0 -1
    outer loop
      vertex 115.666 5.23949 0.5
      vertex 114.773 6.31821 0.5
      vertex 115.606 6.92349 0.5
    endloop
  endfacet
  facet normal 0 0 -1
    outer loop
      vertex 114.022 5.61329 0.5
      vertex 115.043 4.65492 0.5
      vertex 114.499 3.99694 0.5
    endloop
  endfacet
  facet normal 0 0 -1
    outer loop
      vertex 113.366 4.81984 0.5
      vertex 114.499 3.99694 0.5
      vertex 114.041 3.27592 0.5
    endloop
  endfacet
  facet normal 0 0 -1
    outer loop
      vertex 115.043 4.65492 0.5
      vertex 114.022 5.61329 0.5
      vertex 114.773 6.31821 0.5
    endloop
  endfacet
  facet normal 0 0 -1
    outer loop
      vertex 112.814 3.95038 0.5
      vertex 114.041 3.27592 0.5
      vertex 113.678 2.50325 0.5
    endloop
  endfacet
  facet normal 0 0 -1
    outer loop
      vertex 112.376 3.01862 0.5
      vertex 113.678 2.50325 0.5
      vertex 113.414 1.69109 0.5
    endloop
  endfacet
  facet normal 0 0 -1
    outer loop
      vertex 114.499 3.99694 0.5
      vertex 113.366 4.81984 0.5
      vertex 114.022 5.61329 0.5
    endloop
  endfacet
  facet normal 0 0 -1
    outer loop
      vertex 112.058 2.03926 0.5
      vertex 113.414 1.69109 0.5
      vertex 113.254 0.852265 0.5
    endloop
  endfacet
  facet normal 0 0 -1
    outer loop
      vertex 111.865 1.02773 0.5
      vertex 113.254 0.852265 0.5
      vertex 113.2 0 0.5
    endloop
  endfacet
  facet normal -0 0 -1
    outer loop
      vertex 113.414 -1.69109 0.5
      vertex 112.058 -2.03926 0.5
      vertex 113.254 -0.852265 0.5
    endloop
  endfacet
  facet normal 0 0 -1
    outer loop
      vertex 114.041 3.27592 0.5
      vertex 112.814 3.95038 0.5
      vertex 113.366 4.81984 0.5
    endloop
  endfacet
  facet normal 0 0 -1
    outer loop
      vertex 111.865 -1.02773 0.5
      vertex 113.254 -0.852265 0.5
      vertex 112.058 -2.03926 0.5
    endloop
  endfacet
  facet normal 0 0 -1
    outer loop
      vertex 113.678 2.50325 0.5
      vertex 112.376 3.01862 0.5
      vertex 112.814 3.95038 0.5
    endloop
  endfacet
  facet normal -0 0 -1
    outer loop
      vertex 113.254 -0.852265 0.5
      vertex 111.865 -1.02773 0.5
      vertex 113.2 0 0.5
    endloop
  endfacet
  facet normal 0 0 -1
    outer loop
      vertex 113.414 1.69109 0.5
      vertex 112.058 2.03926 0.5
      vertex 112.376 3.01862 0.5
    endloop
  endfacet
  facet normal 0 0 -1
    outer loop
      vertex 111.8 0 0.5
      vertex 113.2 0 0.5
      vertex 111.865 -1.02773 0.5
    endloop
  endfacet
  facet normal 0 0 -1
    outer loop
      vertex 113.254 0.852265 0.5
      vertex 111.865 1.02773 0.5
      vertex 112.058 2.03926 0.5
    endloop
  endfacet
  facet normal 0 0 -1
    outer loop
      vertex 113.2 0 0.5
      vertex 111.8 0 0.5
      vertex 111.865 1.02773 0.5
    endloop
  endfacet
  facet normal 0.368273 -0.929718 0
    outer loop
      vertex 116.509 7.41958 0
      vertex 117.466 7.79866 0.5
      vertex 116.509 7.41958 0.5
    endloop
  endfacet
  facet normal 0.368273 -0.929718 0
    outer loop
      vertex 117.466 7.79866 0.5
      vertex 116.509 7.41958 0
      vertex 117.466 7.79866 0
    endloop
  endfacet
  facet normal 0.904996 0.425419 0
    outer loop
      vertex 112.814 -3.95038 0.5
      vertex 112.376 -3.01862 0
      vertex 112.376 -3.01862 0.5
    endloop
  endfacet
  facet normal 0.904996 0.425419 0
    outer loop
      vertex 112.376 -3.01862 0
      vertex 112.814 -3.95038 0.5
      vertex 112.814 -3.95038 0
    endloop
  endfacet
  facet normal 0 1 -0
    outer loop
      vertex 120.515 -8.18382 0
      vertex 119.485 -8.18382 0.5
      vertex 120.515 -8.18382 0.5
    endloop
  endfacet
  facet normal 0 1 0
    outer loop
      vertex 119.485 -8.18382 0.5
      vertex 120.515 -8.18382 0
      vertex 119.485 -8.18382 0
    endloop
  endfacet
  facet normal 0.98228 -0.187419 0
    outer loop
      vertex 111.865 1.02773 0.5
      vertex 112.058 2.03926 0
      vertex 112.058 2.03926 0.5
    endloop
  endfacet
  facet normal 0.98228 -0.187419 0
    outer loop
      vertex 112.058 2.03926 0
      vertex 111.865 1.02773 0.5
      vertex 111.865 1.02773 0
    endloop
  endfacet
  facet normal -0.368273 0.929718 0
    outer loop
      vertex 123.491 -7.41958 0
      vertex 122.534 -7.79866 0.5
      vertex 123.491 -7.41958 0.5
    endloop
  endfacet
  facet normal -0.368273 0.929718 0
    outer loop
      vertex 122.534 -7.79866 0.5
      vertex 123.491 -7.41958 0
      vertex 122.534 -7.79866 0
    endloop
  endfacet
  facet normal -0.125287 0.992121 0
    outer loop
      vertex 121.537 -8.05476 0
      vertex 120.515 -8.18382 0.5
      vertex 121.537 -8.05476 0.5
    endloop
  endfacet
  facet normal -0.125287 0.992121 0
    outer loop
      vertex 120.515 -8.18382 0.5
      vertex 121.537 -8.05476 0
      vertex 120.515 -8.18382 0
    endloop
  endfacet
  facet normal -0.951117 0.30883 0
    outer loop
      vertex 127.624 -3.01862 0
      vertex 127.942 -2.03926 0.5
      vertex 127.942 -2.03926 0
    endloop
  endfacet
  facet normal -0.951117 0.30883 0
    outer loop
      vertex 127.942 -2.03926 0.5
      vertex 127.624 -3.01862 0
      vertex 127.624 -3.01862 0.5
    endloop
  endfacet
  facet normal -0.904996 -0.425419 0
    outer loop
      vertex 127.624 3.01862 0
      vertex 127.186 3.95038 0.5
      vertex 127.186 3.95038 0
    endloop
  endfacet
  facet normal -0.904996 -0.425419 0
    outer loop
      vertex 127.186 3.95038 0.5
      vertex 127.624 3.01862 0
      vertex 127.624 3.01862 0.5
    endloop
  endfacet
  facet normal -0.58783 0.808985 0
    outer loop
      vertex 125.227 -6.31821 0
      vertex 124.394 -6.92349 0.5
      vertex 125.227 -6.31821 0.5
    endloop
  endfacet
  facet normal -0.58783 0.808985 0
    outer loop
      vertex 124.394 -6.92349 0.5
      vertex 125.227 -6.31821 0
      vertex 124.394 -6.92349 0
    endloop
  endfacet
  facet normal 0.84423 0.535982 0
    outer loop
      vertex 113.366 -4.81984 0.5
      vertex 112.814 -3.95038 0
      vertex 112.814 -3.95038 0.5
    endloop
  endfacet
  facet normal 0.84423 0.535982 0
    outer loop
      vertex 112.814 -3.95038 0
      vertex 113.366 -4.81984 0.5
      vertex 113.366 -4.81984 0
    endloop
  endfacet
  facet normal -0.58783 -0.808985 0
    outer loop
      vertex 124.394 6.92349 0
      vertex 125.227 6.31821 0.5
      vertex 124.394 6.92349 0.5
    endloop
  endfacet
  facet normal -0.58783 -0.808985 -0
    outer loop
      vertex 125.227 6.31821 0.5
      vertex 124.394 6.92349 0
      vertex 125.227 6.31821 0
    endloop
  endfacet
  facet normal 0.684384 -0.729122 0
    outer loop
      vertex 114.022 5.61329 0
      vertex 114.773 6.31821 0.5
      vertex 114.022 5.61329 0.5
    endloop
  endfacet
  facet normal 0.684384 -0.729122 0
    outer loop
      vertex 114.773 6.31821 0.5
      vertex 114.022 5.61329 0
      vertex 114.773 6.31821 0
    endloop
  endfacet
  facet normal -0.368273 -0.929718 0
    outer loop
      vertex 122.534 7.79866 0
      vertex 123.491 7.41958 0.5
      vertex 122.534 7.79866 0.5
    endloop
  endfacet
  facet normal -0.368273 -0.929718 -0
    outer loop
      vertex 123.491 7.41958 0.5
      vertex 122.534 7.79866 0
      vertex 123.491 7.41958 0
    endloop
  endfacet
  facet normal 0.125287 -0.992121 0
    outer loop
      vertex 118.463 8.05476 0
      vertex 119.485 8.18382 0.5
      vertex 118.463 8.05476 0.5
    endloop
  endfacet
  facet normal 0.125287 -0.992121 0
    outer loop
      vertex 119.485 8.18382 0.5
      vertex 118.463 8.05476 0
      vertex 119.485 8.18382 0
    endloop
  endfacet
  facet normal -0.904996 0.425419 0
    outer loop
      vertex 127.186 -3.95038 0
      vertex 127.624 -3.01862 0.5
      vertex 127.624 -3.01862 0
    endloop
  endfacet
  facet normal -0.904996 0.425419 0
    outer loop
      vertex 127.624 -3.01862 0.5
      vertex 127.186 -3.95038 0
      vertex 127.186 -3.95038 0.5
    endloop
  endfacet
  facet normal -0.125287 -0.992121 0
    outer loop
      vertex 120.515 8.18382 0
      vertex 121.537 8.05476 0.5
      vertex 120.515 8.18382 0.5
    endloop
  endfacet
  facet normal -0.125287 -0.992121 -0
    outer loop
      vertex 121.537 8.05476 0.5
      vertex 120.515 8.18382 0
      vertex 121.537 8.05476 0
    endloop
  endfacet
  facet normal 0.481501 0.876445 -0
    outer loop
      vertex 116.509 -7.41958 0
      vertex 115.606 -6.92349 0.5
      vertex 116.509 -7.41958 0.5
    endloop
  endfacet
  facet normal 0.481501 0.876445 0
    outer loop
      vertex 115.606 -6.92349 0.5
      vertex 116.509 -7.41958 0
      vertex 115.606 -6.92349 0
    endloop
  endfacet
  facet normal -0.248794 -0.968557 0
    outer loop
      vertex 121.537 8.05476 0
      vertex 122.534 7.79866 0.5
      vertex 121.537 8.05476 0.5
    endloop
  endfacet
  facet normal -0.248794 -0.968557 -0
    outer loop
      vertex 122.534 7.79866 0.5
      vertex 121.537 8.05476 0
      vertex 122.534 7.79866 0
    endloop
  endfacet
  facet normal -0.770704 -0.637194 0
    outer loop
      vertex 126.634 4.81984 0
      vertex 125.978 5.61329 0.5
      vertex 125.978 5.61329 0
    endloop
  endfacet
  facet normal -0.770704 -0.637194 0
    outer loop
      vertex 125.978 5.61329 0.5
      vertex 126.634 4.81984 0
      vertex 126.634 4.81984 0.5
    endloop
  endfacet
  facet normal -0.951117 -0.30883 0
    outer loop
      vertex 127.942 2.03926 0
      vertex 127.624 3.01862 0.5
      vertex 127.624 3.01862 0
    endloop
  endfacet
  facet normal -0.951117 -0.30883 0
    outer loop
      vertex 127.624 3.01862 0.5
      vertex 127.942 2.03926 0
      vertex 127.942 2.03926 0.5
    endloop
  endfacet
  facet normal 0.84423 -0.535982 0
    outer loop
      vertex 112.814 3.95038 0.5
      vertex 113.366 4.81984 0
      vertex 113.366 4.81984 0.5
    endloop
  endfacet
  facet normal 0.84423 -0.535982 0
    outer loop
      vertex 113.366 4.81984 0
      vertex 112.814 3.95038 0.5
      vertex 112.814 3.95038 0
    endloop
  endfacet
  facet normal 0.998006 -0.0631201 0
    outer loop
      vertex 111.8 0 0.5
      vertex 111.865 1.02773 0
      vertex 111.865 1.02773 0.5
    endloop
  endfacet
  facet normal 0.998006 -0.0631201 0
    outer loop
      vertex 111.865 1.02773 0
      vertex 111.8 0 0.5
      vertex 111.8 0 0
    endloop
  endfacet
  facet normal -0.770704 0.637194 0
    outer loop
      vertex 125.978 -5.61329 0
      vertex 126.634 -4.81984 0.5
      vertex 126.634 -4.81984 0
    endloop
  endfacet
  facet normal -0.770704 0.637194 0
    outer loop
      vertex 126.634 -4.81984 0.5
      vertex 125.978 -5.61329 0
      vertex 125.978 -5.61329 0.5
    endloop
  endfacet
  facet normal 0.770704 0.637194 0
    outer loop
      vertex 114.022 -5.61329 0.5
      vertex 113.366 -4.81984 0
      vertex 113.366 -4.81984 0.5
    endloop
  endfacet
  facet normal 0.770704 0.637194 0
    outer loop
      vertex 113.366 -4.81984 0
      vertex 114.022 -5.61329 0.5
      vertex 114.022 -5.61329 0
    endloop
  endfacet
  facet normal 0.98228 0.187419 0
    outer loop
      vertex 112.058 -2.03926 0.5
      vertex 111.865 -1.02773 0
      vertex 111.865 -1.02773 0.5
    endloop
  endfacet
  facet normal 0.98228 0.187419 0
    outer loop
      vertex 111.865 -1.02773 0
      vertex 112.058 -2.03926 0.5
      vertex 112.058 -2.03926 0
    endloop
  endfacet
  facet normal 0.998006 0.0631201 0
    outer loop
      vertex 111.865 -1.02773 0.5
      vertex 111.8 0 0
      vertex 111.8 0 0.5
    endloop
  endfacet
  facet normal 0.998006 0.0631201 0
    outer loop
      vertex 111.8 0 0
      vertex 111.865 -1.02773 0.5
      vertex 111.865 -1.02773 0
    endloop
  endfacet
  facet normal 0.368273 0.929718 -0
    outer loop
      vertex 117.466 -7.79866 0
      vertex 116.509 -7.41958 0.5
      vertex 117.466 -7.79866 0.5
    endloop
  endfacet
  facet normal 0.368273 0.929718 0
    outer loop
      vertex 116.509 -7.41958 0.5
      vertex 117.466 -7.79866 0
      vertex 116.509 -7.41958 0
    endloop
  endfacet
  facet normal 0.684384 0.729122 -0
    outer loop
      vertex 114.773 -6.31821 0
      vertex 114.022 -5.61329 0.5
      vertex 114.773 -6.31821 0.5
    endloop
  endfacet
  facet normal 0.684384 0.729122 0
    outer loop
      vertex 114.022 -5.61329 0.5
      vertex 114.773 -6.31821 0
      vertex 114.022 -5.61329 0
    endloop
  endfacet
  facet normal 0.248794 0.968557 -0
    outer loop
      vertex 118.463 -8.05476 0
      vertex 117.466 -7.79866 0.5
      vertex 118.463 -8.05476 0.5
    endloop
  endfacet
  facet normal 0.248794 0.968557 0
    outer loop
      vertex 117.466 -7.79866 0.5
      vertex 118.463 -8.05476 0
      vertex 117.466 -7.79866 0
    endloop
  endfacet
  facet normal 0.770704 -0.637194 0
    outer loop
      vertex 113.366 4.81984 0.5
      vertex 114.022 5.61329 0
      vertex 114.022 5.61329 0.5
    endloop
  endfacet
  facet normal 0.770704 -0.637194 0
    outer loop
      vertex 114.022 5.61329 0
      vertex 113.366 4.81984 0.5
      vertex 113.366 4.81984 0
    endloop
  endfacet
  facet normal 0.770702 -0.637196 0
    outer loop
      vertex 124.957 -4.65492 0.5
      vertex 125.501 -3.99694 0
      vertex 125.501 -3.99694 0.5
    endloop
  endfacet
  facet normal 0.770702 -0.637196 0
    outer loop
      vertex 125.501 -3.99694 0
      vertex 124.957 -4.65492 0.5
      vertex 124.957 -4.65492 0
    endloop
  endfacet
  facet normal 0.481416 0.876492 -0
    outer loop
      vertex 123.644 5.74143 0
      vertex 122.895 6.15282 0.5
      vertex 123.644 5.74143 0.5
    endloop
  endfacet
  facet normal 0.481416 0.876492 0
    outer loop
      vertex 122.895 6.15282 0.5
      vertex 123.644 5.74143 0
      vertex 122.895 6.15282 0
    endloop
  endfacet
  facet normal 0.248726 0.968574 -0
    outer loop
      vertex 122.101 6.46718 0
      vertex 121.274 6.67955 0.5
      vertex 122.101 6.46718 0.5
    endloop
  endfacet
  facet normal 0.248726 0.968574 0
    outer loop
      vertex 121.274 6.67955 0.5
      vertex 122.101 6.46718 0
      vertex 121.274 6.67955 0
    endloop
  endfacet
  facet normal 0 1 -0
    outer loop
      vertex 120.427 6.78658 0
      vertex 119.573 6.78658 0.5
      vertex 120.427 6.78658 0.5
    endloop
  endfacet
  facet normal 0 1 0
    outer loop
      vertex 119.573 6.78658 0.5
      vertex 120.427 6.78658 0
      vertex 119.573 6.78658 0
    endloop
  endfacet
  facet normal -0.368118 0.929779 0
    outer loop
      vertex 117.899 6.46718 0
      vertex 117.105 6.15282 0.5
      vertex 117.899 6.46718 0.5
    endloop
  endfacet
  facet normal -0.368118 0.929779 0
    outer loop
      vertex 117.105 6.15282 0.5
      vertex 117.899 6.46718 0
      vertex 117.105 6.15282 0
    endloop
  endfacet
  facet normal 0.368118 -0.929779 0
    outer loop
      vertex 122.101 -6.46718 0
      vertex 122.895 -6.15282 0.5
      vertex 122.101 -6.46718 0.5
    endloop
  endfacet
  facet normal 0.368118 -0.929779 0
    outer loop
      vertex 122.895 -6.15282 0.5
      vertex 122.101 -6.46718 0
      vertex 122.895 -6.15282 0
    endloop
  endfacet
  facet normal 0.248726 -0.968574 0
    outer loop
      vertex 121.274 -6.67955 0
      vertex 122.101 -6.46718 0.5
      vertex 121.274 -6.67955 0.5
    endloop
  endfacet
  facet normal 0.248726 -0.968574 0
    outer loop
      vertex 122.101 -6.46718 0.5
      vertex 121.274 -6.67955 0
      vertex 122.101 -6.46718 0
    endloop
  endfacet
  facet normal -0.125367 0.99211 0
    outer loop
      vertex 119.573 6.78658 0
      vertex 118.726 6.67955 0.5
      vertex 119.573 6.78658 0.5
    endloop
  endfacet
  facet normal -0.125367 0.99211 0
    outer loop
      vertex 118.726 6.67955 0.5
      vertex 119.573 6.78658 0
      vertex 118.726 6.67955 0
    endloop
  endfacet
  facet normal -0.997999 0.0632338 0
    outer loop
      vertex 113.2 0 0
      vertex 113.254 0.852265 0.5
      vertex 113.254 0.852265 0
    endloop
  endfacet
  facet normal -0.997999 0.0632338 0
    outer loop
      vertex 113.254 0.852265 0.5
      vertex 113.2 0 0
      vertex 113.2 0 0.5
    endloop
  endfacet
  facet normal 0.588265 0.808668 -0
    outer loop
      vertex 124.334 5.23949 0
      vertex 123.644 5.74143 0.5
      vertex 124.334 5.23949 0.5
    endloop
  endfacet
  facet normal 0.588265 0.808668 0
    outer loop
      vertex 123.644 5.74143 0.5
      vertex 124.334 5.23949 0
      vertex 123.644 5.74143 0
    endloop
  endfacet
  facet normal -0.770702 0.637196 0
    outer loop
      vertex 114.499 3.99694 0
      vertex 115.043 4.65492 0.5
      vertex 115.043 4.65492 0
    endloop
  endfacet
  facet normal -0.770702 0.637196 0
    outer loop
      vertex 115.043 4.65492 0.5
      vertex 114.499 3.99694 0
      vertex 114.499 3.99694 0.5
    endloop
  endfacet
  facet normal 0.770702 0.637196 0
    outer loop
      vertex 125.501 3.99694 0.5
      vertex 124.957 4.65492 0
      vertex 124.957 4.65492 0.5
    endloop
  endfacet
  facet normal 0.770702 0.637196 0
    outer loop
      vertex 124.957 4.65492 0
      vertex 125.501 3.99694 0.5
      vertex 125.501 3.99694 0
    endloop
  endfacet
  facet normal 0.98229 0.187365 0
    outer loop
      vertex 126.746 0.852265 0.5
      vertex 126.586 1.69109 0
      vertex 126.586 1.69109 0.5
    endloop
  endfacet
  facet normal 0.98229 0.187365 0
    outer loop
      vertex 126.586 1.69109 0
      vertex 126.746 0.852265 0.5
      vertex 126.746 0.852265 0
    endloop
  endfacet
  facet normal -0.481416 -0.876492 0
    outer loop
      vertex 116.356 -5.74143 0
      vertex 117.105 -6.15282 0.5
      vertex 116.356 -5.74143 0.5
    endloop
  endfacet
  facet normal -0.481416 -0.876492 -0
    outer loop
      vertex 117.105 -6.15282 0.5
      vertex 116.356 -5.74143 0
      vertex 117.105 -6.15282 0
    endloop
  endfacet
  facet normal 0.951018 0.309137 0
    outer loop
      vertex 126.586 1.69109 0.5
      vertex 126.322 2.50325 0
      vertex 126.322 2.50325 0.5
    endloop
  endfacet
  facet normal 0.951018 0.309137 0
    outer loop
      vertex 126.322 2.50325 0
      vertex 126.586 1.69109 0.5
      vertex 126.586 1.69109 0
    endloop
  endfacet
  facet normal 0.997999 0.0632338 0
    outer loop
      vertex 126.8 0 0.5
      vertex 126.746 0.852265 0
      vertex 126.746 0.852265 0.5
    endloop
  endfacet
  facet normal 0.997999 0.0632338 0
    outer loop
      vertex 126.746 0.852265 0
      vertex 126.8 0 0.5
      vertex 126.8 0 0
    endloop
  endfacet
  facet normal -0.684257 0.729241 0
    outer loop
      vertex 115.666 5.23949 0
      vertex 115.043 4.65492 0.5
      vertex 115.666 5.23949 0.5
    endloop
  endfacet
  facet normal -0.684257 0.729241 0
    outer loop
      vertex 115.043 4.65492 0.5
      vertex 115.666 5.23949 0
      vertex 115.043 4.65492 0
    endloop
  endfacet
  facet normal -0.588265 0.808668 0
    outer loop
      vertex 116.356 5.74143 0
      vertex 115.666 5.23949 0.5
      vertex 116.356 5.74143 0.5
    endloop
  endfacet
  facet normal -0.588265 0.808668 0
    outer loop
      vertex 115.666 5.23949 0.5
      vertex 116.356 5.74143 0
      vertex 115.666 5.23949 0
    endloop
  endfacet
  facet normal -0.125367 -0.99211 0
    outer loop
      vertex 118.726 -6.67955 0
      vertex 119.573 -6.78658 0.5
      vertex 118.726 -6.67955 0.5
    endloop
  endfacet
  facet normal -0.125367 -0.99211 -0
    outer loop
      vertex 119.573 -6.78658 0.5
      vertex 118.726 -6.67955 0
      vertex 119.573 -6.78658 0
    endloop
  endfacet
  facet normal 0.997999 -0.0632338 0
    outer loop
      vertex 126.746 -0.852265 0.5
      vertex 126.8 0 0
      vertex 126.8 0 0.5
    endloop
  endfacet
  facet normal 0.997999 -0.0632338 0
    outer loop
      vertex 126.8 0 0
      vertex 126.746 -0.852265 0.5
      vertex 126.746 -0.852265 0
    endloop
  endfacet
  facet normal 0.98229 -0.187365 0
    outer loop
      vertex 126.586 -1.69109 0.5
      vertex 126.746 -0.852265 0
      vertex 126.746 -0.852265 0.5
    endloop
  endfacet
  facet normal 0.98229 -0.187365 0
    outer loop
      vertex 126.746 -0.852265 0
      vertex 126.586 -1.69109 0.5
      vertex 126.586 -1.69109 0
    endloop
  endfacet
  facet normal -0.481416 0.876492 0
    outer loop
      vertex 117.105 6.15282 0
      vertex 116.356 5.74143 0.5
      vertex 117.105 6.15282 0.5
    endloop
  endfacet
  facet normal -0.481416 0.876492 0
    outer loop
      vertex 116.356 5.74143 0.5
      vertex 117.105 6.15282 0
      vertex 116.356 5.74143 0
    endloop
  endfacet
  facet normal 0.588265 -0.808668 0
    outer loop
      vertex 123.644 -5.74143 0
      vertex 124.334 -5.23949 0.5
      vertex 123.644 -5.74143 0.5
    endloop
  endfacet
  facet normal 0.588265 -0.808668 0
    outer loop
      vertex 124.334 -5.23949 0.5
      vertex 123.644 -5.74143 0
      vertex 124.334 -5.23949 0
    endloop
  endfacet
  facet normal 0.844102 0.536183 0
    outer loop
      vertex 125.959 3.27592 0.5
      vertex 125.501 3.99694 0
      vertex 125.501 3.99694 0.5
    endloop
  endfacet
  facet normal 0.844102 0.536183 0
    outer loop
      vertex 125.501 3.99694 0
      vertex 125.959 3.27592 0.5
      vertex 125.959 3.27592 0
    endloop
  endfacet
  facet normal 0.481416 -0.876492 0
    outer loop
      vertex 122.895 -6.15282 0
      vertex 123.644 -5.74143 0.5
      vertex 122.895 -6.15282 0.5
    endloop
  endfacet
  facet normal 0.481416 -0.876492 0
    outer loop
      vertex 123.644 -5.74143 0.5
      vertex 122.895 -6.15282 0
      vertex 123.644 -5.74143 0
    endloop
  endfacet
  facet normal 0 -1 0
    outer loop
      vertex 119.573 -6.78658 0
      vertex 120.427 -6.78658 0.5
      vertex 119.573 -6.78658 0.5
    endloop
  endfacet
  facet normal 0 -1 -0
    outer loop
      vertex 120.427 -6.78658 0.5
      vertex 119.573 -6.78658 0
      vertex 120.427 -6.78658 0
    endloop
  endfacet
  facet normal 0.368118 0.929779 -0
    outer loop
      vertex 122.895 6.15282 0
      vertex 122.101 6.46718 0.5
      vertex 122.895 6.15282 0.5
    endloop
  endfacet
  facet normal 0.368118 0.929779 0
    outer loop
      vertex 122.101 6.46718 0.5
      vertex 122.895 6.15282 0
      vertex 122.101 6.46718 0
    endloop
  endfacet
  facet normal -0.588265 -0.808668 0
    outer loop
      vertex 115.666 -5.23949 0
      vertex 116.356 -5.74143 0.5
      vertex 115.666 -5.23949 0.5
    endloop
  endfacet
  facet normal -0.588265 -0.808668 -0
    outer loop
      vertex 116.356 -5.74143 0.5
      vertex 115.666 -5.23949 0
      vertex 116.356 -5.74143 0
    endloop
  endfacet
  facet normal -0.905094 0.425213 0
    outer loop
      vertex 113.678 2.50325 0
      vertex 114.041 3.27592 0.5
      vertex 114.041 3.27592 0
    endloop
  endfacet
  facet normal -0.905094 0.425213 0
    outer loop
      vertex 114.041 3.27592 0.5
      vertex 113.678 2.50325 0
      vertex 113.678 2.50325 0.5
    endloop
  endfacet
  facet normal -0.951018 -0.309137 0
    outer loop
      vertex 113.678 -2.50325 0
      vertex 113.414 -1.69109 0.5
      vertex 113.414 -1.69109 0
    endloop
  endfacet
  facet normal -0.951018 -0.309137 0
    outer loop
      vertex 113.414 -1.69109 0.5
      vertex 113.678 -2.50325 0
      vertex 113.678 -2.50325 0.5
    endloop
  endfacet
  facet normal 0.844102 -0.536183 0
    outer loop
      vertex 125.501 -3.99694 0.5
      vertex 125.959 -3.27592 0
      vertex 125.959 -3.27592 0.5
    endloop
  endfacet
  facet normal 0.844102 -0.536183 0
    outer loop
      vertex 125.959 -3.27592 0
      vertex 125.501 -3.99694 0.5
      vertex 125.501 -3.99694 0
    endloop
  endfacet
  facet normal -0.905094 -0.425213 0
    outer loop
      vertex 114.041 -3.27592 0
      vertex 113.678 -2.50325 0.5
      vertex 113.678 -2.50325 0
    endloop
  endfacet
  facet normal -0.905094 -0.425213 0
    outer loop
      vertex 113.678 -2.50325 0.5
      vertex 114.041 -3.27592 0
      vertex 114.041 -3.27592 0.5
    endloop
  endfacet
  facet normal 0.951018 -0.309137 0
    outer loop
      vertex 126.322 -2.50325 0.5
      vertex 126.586 -1.69109 0
      vertex 126.586 -1.69109 0.5
    endloop
  endfacet
  facet normal 0.951018 -0.309137 0
    outer loop
      vertex 126.586 -1.69109 0
      vertex 126.322 -2.50325 0.5
      vertex 126.322 -2.50325 0
    endloop
  endfacet
  facet normal 0.905094 -0.425213 0
    outer loop
      vertex 125.959 -3.27592 0.5
      vertex 126.322 -2.50325 0
      vertex 126.322 -2.50325 0.5
    endloop
  endfacet
  facet normal 0.905094 -0.425213 0
    outer loop
      vertex 126.322 -2.50325 0
      vertex 125.959 -3.27592 0.5
      vertex 125.959 -3.27592 0
    endloop
  endfacet
  facet normal -0.997999 -0.0632338 0
    outer loop
      vertex 113.254 -0.852265 0
      vertex 113.2 0 0.5
      vertex 113.2 0 0
    endloop
  endfacet
  facet normal -0.997999 -0.0632338 0
    outer loop
      vertex 113.2 0 0.5
      vertex 113.254 -0.852265 0
      vertex 113.254 -0.852265 0.5
    endloop
  endfacet
  facet normal -0.684257 -0.729241 0
    outer loop
      vertex 115.043 -4.65492 0
      vertex 115.666 -5.23949 0.5
      vertex 115.043 -4.65492 0.5
    endloop
  endfacet
  facet normal -0.684257 -0.729241 -0
    outer loop
      vertex 115.666 -5.23949 0.5
      vertex 115.043 -4.65492 0
      vertex 115.666 -5.23949 0
    endloop
  endfacet
  facet normal 0.125367 -0.99211 0
    outer loop
      vertex 120.427 -6.78658 0
      vertex 121.274 -6.67955 0.5
      vertex 120.427 -6.78658 0.5
    endloop
  endfacet
  facet normal 0.125367 -0.99211 0
    outer loop
      vertex 121.274 -6.67955 0.5
      vertex 120.427 -6.78658 0
      vertex 121.274 -6.67955 0
    endloop
  endfacet
  facet normal -0.248726 0.968574 0
    outer loop
      vertex 118.726 6.67955 0
      vertex 117.899 6.46718 0.5
      vertex 118.726 6.67955 0.5
    endloop
  endfacet
  facet normal -0.248726 0.968574 0
    outer loop
      vertex 117.899 6.46718 0.5
      vertex 118.726 6.67955 0
      vertex 117.899 6.46718 0
    endloop
  endfacet
  facet normal 0.905094 0.425213 0
    outer loop
      vertex 126.322 2.50325 0.5
      vertex 125.959 3.27592 0
      vertex 125.959 3.27592 0.5
    endloop
  endfacet
  facet normal 0.905094 0.425213 0
    outer loop
      vertex 125.959 3.27592 0
      vertex 126.322 2.50325 0.5
      vertex 126.322 2.50325 0
    endloop
  endfacet
  facet normal 0.125367 0.99211 -0
    outer loop
      vertex 121.274 6.67955 0
      vertex 120.427 6.78658 0.5
      vertex 121.274 6.67955 0.5
    endloop
  endfacet
  facet normal 0.125367 0.99211 0
    outer loop
      vertex 120.427 6.78658 0.5
      vertex 121.274 6.67955 0
      vertex 120.427 6.78658 0
    endloop
  endfacet
  facet normal -0.368118 -0.929779 0
    outer loop
      vertex 117.105 -6.15282 0
      vertex 117.899 -6.46718 0.5
      vertex 117.105 -6.15282 0.5
    endloop
  endfacet
  facet normal -0.368118 -0.929779 -0
    outer loop
      vertex 117.899 -6.46718 0.5
      vertex 117.105 -6.15282 0
      vertex 117.899 -6.46718 0
    endloop
  endfacet
  facet normal -0.770702 -0.637196 0
    outer loop
      vertex 115.043 -4.65492 0
      vertex 114.499 -3.99694 0.5
      vertex 114.499 -3.99694 0
    endloop
  endfacet
  facet normal -0.770702 -0.637196 0
    outer loop
      vertex 114.499 -3.99694 0.5
      vertex 115.043 -4.65492 0
      vertex 115.043 -4.65492 0.5
    endloop
  endfacet
  facet normal -0.844102 -0.536183 0
    outer loop
      vertex 114.499 -3.99694 0
      vertex 114.041 -3.27592 0.5
      vertex 114.041 -3.27592 0
    endloop
  endfacet
  facet normal -0.844102 -0.536183 0
    outer loop
      vertex 114.041 -3.27592 0.5
      vertex 114.499 -3.99694 0
      vertex 114.499 -3.99694 0.5
    endloop
  endfacet
  facet normal -0.951018 0.309137 0
    outer loop
      vertex 113.414 1.69109 0
      vertex 113.678 2.50325 0.5
      vertex 113.678 2.50325 0
    endloop
  endfacet
  facet normal -0.951018 0.309137 0
    outer loop
      vertex 113.678 2.50325 0.5
      vertex 113.414 1.69109 0
      vertex 113.414 1.69109 0.5
    endloop
  endfacet
  facet normal 0.684257 0.729241 -0
    outer loop
      vertex 124.957 4.65492 0
      vertex 124.334 5.23949 0.5
      vertex 124.957 4.65492 0.5
    endloop
  endfacet
  facet normal 0.684257 0.729241 0
    outer loop
      vertex 124.334 5.23949 0.5
      vertex 124.957 4.65492 0
      vertex 124.334 5.23949 0
    endloop
  endfacet
  facet normal -0.98229 0.187365 0
    outer loop
      vertex 113.254 0.852265 0
      vertex 113.414 1.69109 0.5
      vertex 113.414 1.69109 0
    endloop
  endfacet
  facet normal -0.98229 0.187365 0
    outer loop
      vertex 113.414 1.69109 0.5
      vertex 113.254 0.852265 0
      vertex 113.254 0.852265 0.5
    endloop
  endfacet
  facet normal -0.98229 -0.187365 0
    outer loop
      vertex 113.414 -1.69109 0
      vertex 113.254 -0.852265 0.5
      vertex 113.254 -0.852265 0
    endloop
  endfacet
  facet normal -0.98229 -0.187365 0
    outer loop
      vertex 113.254 -0.852265 0.5
      vertex 113.414 -1.69109 0
      vertex 113.414 -1.69109 0.5
    endloop
  endfacet
  facet normal 0.684257 -0.729241 0
    outer loop
      vertex 124.334 -5.23949 0
      vertex 124.957 -4.65492 0.5
      vertex 124.334 -5.23949 0.5
    endloop
  endfacet
  facet normal 0.684257 -0.729241 0
    outer loop
      vertex 124.957 -4.65492 0.5
      vertex 124.334 -5.23949 0
      vertex 124.957 -4.65492 0
    endloop
  endfacet
  facet normal -0.248726 -0.968574 0
    outer loop
      vertex 117.899 -6.46718 0
      vertex 118.726 -6.67955 0.5
      vertex 117.899 -6.46718 0.5
    endloop
  endfacet
  facet normal -0.248726 -0.968574 -0
    outer loop
      vertex 118.726 -6.67955 0.5
      vertex 117.899 -6.46718 0
      vertex 118.726 -6.67955 0
    endloop
  endfacet
  facet normal -0.844102 0.536183 0
    outer loop
      vertex 114.041 3.27592 0
      vertex 114.499 3.99694 0.5
      vertex 114.499 3.99694 0
    endloop
  endfacet
  facet normal -0.844102 0.536183 0
    outer loop
      vertex 114.499 3.99694 0.5
      vertex 114.041 3.27592 0
      vertex 114.041 3.27592 0.5
    endloop
  endfacet
  facet normal -0.482725 -0.875772 0
    outer loop
      vertex 120.873 1.85489 0.2
      vertex 121.098 1.73087 2.5
      vertex 120.873 1.85489 2.5
    endloop
  endfacet
  facet normal -0.482725 -0.875772 -0
    outer loop
      vertex 121.098 1.73087 2.5
      vertex 120.873 1.85489 0.2
      vertex 121.098 1.73087 0.2
    endloop
  endfacet
  facet normal -0.24901 0.968501 0
    outer loop
      vertex 120.633 -1.94967 0.2
      vertex 120.384 -2.01369 2.5
      vertex 120.633 -1.94967 2.5
    endloop
  endfacet
  facet normal -0.24901 0.968501 0
    outer loop
      vertex 120.384 -2.01369 2.5
      vertex 120.633 -1.94967 0.2
      vertex 120.384 -2.01369 0.2
    endloop
  endfacet
  facet normal 0.586447 -0.809988 0
    outer loop
      vertex 118.693 1.57955 0.2
      vertex 118.902 1.73087 2.5
      vertex 118.693 1.57955 2.5
    endloop
  endfacet
  facet normal 0.586447 -0.809988 0
    outer loop
      vertex 118.902 1.73087 2.5
      vertex 118.693 1.57955 0.2
      vertex 118.902 1.73087 0.2
    endloop
  endfacet
  facet normal -0.950546 -0.310584 0
    outer loop
      vertex 121.986 0.509814 0.2
      vertex 121.906 0.754655 2.5
      vertex 121.906 0.754655 0.2
    endloop
  endfacet
  facet normal -0.950546 -0.310584 0
    outer loop
      vertex 121.906 0.754655 2.5
      vertex 121.986 0.509814 0.2
      vertex 121.986 0.509814 2.5
    endloop
  endfacet
  facet normal 0.7707 0.637199 0
    outer loop
      vertex 118.506 -1.40332 2.5
      vertex 118.342 -1.20496 0.2
      vertex 118.342 -1.20496 2.5
    endloop
  endfacet
  facet normal 0.7707 0.637199 0
    outer loop
      vertex 118.342 -1.20496 0.2
      vertex 118.506 -1.40332 2.5
      vertex 118.506 -1.40332 0.2
    endloop
  endfacet
  facet normal 0.685839 0.727753 -0
    outer loop
      vertex 118.693 -1.57955 0.2
      vertex 118.506 -1.40332 2.5
      vertex 118.693 -1.57955 2.5
    endloop
  endfacet
  facet normal 0.685839 0.727753 0
    outer loop
      vertex 118.506 -1.40332 2.5
      vertex 118.693 -1.57955 0.2
      vertex 118.506 -1.40332 0.2
    endloop
  endfacet
  facet normal -0.685839 -0.727753 0
    outer loop
      vertex 121.307 1.57955 0.2
      vertex 121.494 1.40332 2.5
      vertex 121.307 1.57955 2.5
    endloop
  endfacet
  facet normal -0.685839 -0.727753 -0
    outer loop
      vertex 121.494 1.40332 2.5
      vertex 121.307 1.57955 0.2
      vertex 121.494 1.40332 0.2
    endloop
  endfacet
  facet normal -0.904248 -0.427008 0
    outer loop
      vertex 121.906 0.754655 0.2
      vertex 121.796 0.987595 2.5
      vertex 121.796 0.987595 0.2
    endloop
  endfacet
  facet normal -0.904248 -0.427008 0
    outer loop
      vertex 121.796 0.987595 2.5
      vertex 121.906 0.754655 0.2
      vertex 121.906 0.754655 2.5
    endloop
  endfacet
  facet normal -0.84423 -0.535982 0
    outer loop
      vertex 121.796 0.987595 0.2
      vertex 121.658 1.20496 2.5
      vertex 121.658 1.20496 0.2
    endloop
  endfacet
  facet normal -0.84423 -0.535982 0
    outer loop
      vertex 121.658 1.20496 2.5
      vertex 121.796 0.987595 0.2
      vertex 121.796 0.987595 2.5
    endloop
  endfacet
  facet normal -0.982458 -0.186482 0
    outer loop
      vertex 122.034 0.256932 0.2
      vertex 121.986 0.509814 2.5
      vertex 121.986 0.509814 0.2
    endloop
  endfacet
  facet normal -0.982458 -0.186482 0
    outer loop
      vertex 121.986 0.509814 2.5
      vertex 122.034 0.256932 0.2
      vertex 122.034 0.256932 2.5
    endloop
  endfacet
  facet normal 0.24901 -0.968501 0
    outer loop
      vertex 119.367 1.94967 0.2
      vertex 119.616 2.01369 2.5
      vertex 119.367 1.94967 2.5
    endloop
  endfacet
  facet normal 0.24901 -0.968501 0
    outer loop
      vertex 119.616 2.01369 2.5
      vertex 119.367 1.94967 0.2
      vertex 119.616 2.01369 0.2
    endloop
  endfacet
  facet normal 0.7707 -0.637199 0
    outer loop
      vertex 118.342 1.20496 2.5
      vertex 118.506 1.40332 0.2
      vertex 118.506 1.40332 2.5
    endloop
  endfacet
  facet normal 0.7707 -0.637199 0
    outer loop
      vertex 118.506 1.40332 0.2
      vertex 118.342 1.20496 2.5
      vertex 118.342 1.20496 0.2
    endloop
  endfacet
  facet normal 0.904248 0.427008 0
    outer loop
      vertex 118.204 -0.987595 2.5
      vertex 118.094 -0.754655 0.2
      vertex 118.094 -0.754655 2.5
    endloop
  endfacet
  facet normal 0.904248 0.427008 0
    outer loop
      vertex 118.094 -0.754655 0.2
      vertex 118.204 -0.987595 2.5
      vertex 118.204 -0.987595 0.2
    endloop
  endfacet
  facet normal -0.24901 -0.968501 0
    outer loop
      vertex 120.384 2.01369 0.2
      vertex 120.633 1.94967 2.5
      vertex 120.384 2.01369 2.5
    endloop
  endfacet
  facet normal -0.24901 -0.968501 -0
    outer loop
      vertex 120.633 1.94967 2.5
      vertex 120.384 2.01369 0.2
      vertex 120.633 1.94967 0.2
    endloop
  endfacet
  facet normal 0.84423 0.535982 0
    outer loop
      vertex 118.342 -1.20496 2.5
      vertex 118.204 -0.987595 0.2
      vertex 118.204 -0.987595 2.5
    endloop
  endfacet
  facet normal 0.84423 0.535982 0
    outer loop
      vertex 118.204 -0.987595 0.2
      vertex 118.342 -1.20496 2.5
      vertex 118.342 -1.20496 0.2
    endloop
  endfacet
  facet normal -0.998067 -0.0621529 0
    outer loop
      vertex 122.05 0 0.2
      vertex 122.034 0.256932 2.5
      vertex 122.034 0.256932 0.2
    endloop
  endfacet
  facet normal -0.998067 -0.0621529 0
    outer loop
      vertex 122.034 0.256932 2.5
      vertex 122.05 0 0.2
      vertex 122.05 0 2.5
    endloop
  endfacet
  facet normal 0.586447 0.809988 -0
    outer loop
      vertex 118.902 -1.73087 0.2
      vertex 118.693 -1.57955 2.5
      vertex 118.902 -1.73087 2.5
    endloop
  endfacet
  facet normal 0.586447 0.809988 0
    outer loop
      vertex 118.693 -1.57955 2.5
      vertex 118.902 -1.73087 0.2
      vertex 118.693 -1.57955 0.2
    endloop
  endfacet
  facet normal 0.367311 0.930098 -0
    outer loop
      vertex 119.367 -1.94967 0.2
      vertex 119.127 -1.85489 2.5
      vertex 119.367 -1.94967 2.5
    endloop
  endfacet
  facet normal 0.367311 0.930098 0
    outer loop
      vertex 119.127 -1.85489 2.5
      vertex 119.367 -1.94967 0.2
      vertex 119.127 -1.85489 0.2
    endloop
  endfacet
  facet normal 0.24901 0.968501 -0
    outer loop
      vertex 119.616 -2.01369 0.2
      vertex 119.367 -1.94967 2.5
      vertex 119.616 -2.01369 2.5
    endloop
  endfacet
  facet normal 0.24901 0.968501 0
    outer loop
      vertex 119.367 -1.94967 2.5
      vertex 119.616 -2.01369 0.2
      vertex 119.367 -1.94967 0.2
    endloop
  endfacet
  facet normal -0.998067 0.0621529 0
    outer loop
      vertex 122.034 -0.256932 0.2
      vertex 122.05 0 2.5
      vertex 122.05 0 0.2
    endloop
  endfacet
  facet normal -0.998067 0.0621529 0
    outer loop
      vertex 122.05 0 2.5
      vertex 122.034 -0.256932 0.2
      vertex 122.034 -0.256932 2.5
    endloop
  endfacet
  facet normal -0.982458 0.186482 0
    outer loop
      vertex 121.986 -0.509814 0.2
      vertex 122.034 -0.256932 2.5
      vertex 122.034 -0.256932 0.2
    endloop
  endfacet
  facet normal -0.982458 0.186482 0
    outer loop
      vertex 122.034 -0.256932 2.5
      vertex 121.986 -0.509814 0.2
      vertex 121.986 -0.509814 2.5
    endloop
  endfacet
  facet normal 0 1 -0
    outer loop
      vertex 120.129 -2.04595 0.2
      vertex 119.871 -2.04595 2.5
      vertex 120.129 -2.04595 2.5
    endloop
  endfacet
  facet normal 0 1 0
    outer loop
      vertex 119.871 -2.04595 2.5
      vertex 120.129 -2.04595 0.2
      vertex 119.871 -2.04595 0.2
    endloop
  endfacet
  facet normal -0.125509 0.992092 0
    outer loop
      vertex 120.384 -2.01369 0.2
      vertex 120.129 -2.04595 2.5
      vertex 120.384 -2.01369 2.5
    endloop
  endfacet
  facet normal -0.125509 0.992092 0
    outer loop
      vertex 120.129 -2.04595 2.5
      vertex 120.384 -2.01369 0.2
      vertex 120.129 -2.04595 0.2
    endloop
  endfacet
  facet normal 0.950546 -0.310584 0
    outer loop
      vertex 118.014 0.509814 2.5
      vertex 118.094 0.754655 0.2
      vertex 118.094 0.754655 2.5
    endloop
  endfacet
  facet normal 0.950546 -0.310584 0
    outer loop
      vertex 118.094 0.754655 0.2
      vertex 118.014 0.509814 2.5
      vertex 118.014 0.509814 0.2
    endloop
  endfacet
  facet normal 0.482725 -0.875772 0
    outer loop
      vertex 118.902 1.73087 0.2
      vertex 119.127 1.85489 2.5
      vertex 118.902 1.73087 2.5
    endloop
  endfacet
  facet normal 0.482725 -0.875772 0
    outer loop
      vertex 119.127 1.85489 2.5
      vertex 118.902 1.73087 0.2
      vertex 119.127 1.85489 0.2
    endloop
  endfacet
  facet normal 0.482725 0.875772 -0
    outer loop
      vertex 119.127 -1.85489 0.2
      vertex 118.902 -1.73087 2.5
      vertex 119.127 -1.85489 2.5
    endloop
  endfacet
  facet normal 0.482725 0.875772 0
    outer loop
      vertex 118.902 -1.73087 2.5
      vertex 119.127 -1.85489 0.2
      vertex 118.902 -1.73087 0.2
    endloop
  endfacet
  facet normal -0.84423 0.535982 0
    outer loop
      vertex 121.658 -1.20496 0.2
      vertex 121.796 -0.987595 2.5
      vertex 121.796 -0.987595 0.2
    endloop
  endfacet
  facet normal -0.84423 0.535982 0
    outer loop
      vertex 121.796 -0.987595 2.5
      vertex 121.658 -1.20496 0.2
      vertex 121.658 -1.20496 2.5
    endloop
  endfacet
  facet normal 0.982458 0.186482 0
    outer loop
      vertex 118.014 -0.509814 2.5
      vertex 117.966 -0.256932 0.2
      vertex 117.966 -0.256932 2.5
    endloop
  endfacet
  facet normal 0.982458 0.186482 0
    outer loop
      vertex 117.966 -0.256932 0.2
      vertex 118.014 -0.509814 2.5
      vertex 118.014 -0.509814 0.2
    endloop
  endfacet
  facet normal -0.586447 -0.809988 0
    outer loop
      vertex 121.098 1.73087 0.2
      vertex 121.307 1.57955 2.5
      vertex 121.098 1.73087 2.5
    endloop
  endfacet
  facet normal -0.586447 -0.809988 -0
    outer loop
      vertex 121.307 1.57955 2.5
      vertex 121.098 1.73087 0.2
      vertex 121.307 1.57955 0.2
    endloop
  endfacet
  facet normal -0.482725 0.875772 0
    outer loop
      vertex 121.098 -1.73087 0.2
      vertex 120.873 -1.85489 2.5
      vertex 121.098 -1.73087 2.5
    endloop
  endfacet
  facet normal -0.482725 0.875772 0
    outer loop
      vertex 120.873 -1.85489 2.5
      vertex 121.098 -1.73087 0.2
      vertex 120.873 -1.85489 0.2
    endloop
  endfacet
  facet normal 0.904248 -0.427008 0
    outer loop
      vertex 118.094 0.754655 2.5
      vertex 118.204 0.987595 0.2
      vertex 118.204 0.987595 2.5
    endloop
  endfacet
  facet normal 0.904248 -0.427008 0
    outer loop
      vertex 118.204 0.987595 0.2
      vertex 118.094 0.754655 2.5
      vertex 118.094 0.754655 0.2
    endloop
  endfacet
  facet normal -0.685839 0.727753 0
    outer loop
      vertex 121.494 -1.40332 0.2
      vertex 121.307 -1.57955 2.5
      vertex 121.494 -1.40332 2.5
    endloop
  endfacet
  facet normal -0.685839 0.727753 0
    outer loop
      vertex 121.307 -1.57955 2.5
      vertex 121.494 -1.40332 0.2
      vertex 121.307 -1.57955 0.2
    endloop
  endfacet
  facet normal 0.367311 -0.930098 0
    outer loop
      vertex 119.127 1.85489 0.2
      vertex 119.367 1.94967 2.5
      vertex 119.127 1.85489 2.5
    endloop
  endfacet
  facet normal 0.367311 -0.930098 0
    outer loop
      vertex 119.367 1.94967 2.5
      vertex 119.127 1.85489 0.2
      vertex 119.367 1.94967 0.2
    endloop
  endfacet
  facet normal -0.7707 -0.637199 0
    outer loop
      vertex 121.658 1.20496 0.2
      vertex 121.494 1.40332 2.5
      vertex 121.494 1.40332 0.2
    endloop
  endfacet
  facet normal -0.7707 -0.637199 0
    outer loop
      vertex 121.494 1.40332 2.5
      vertex 121.658 1.20496 0.2
      vertex 121.658 1.20496 2.5
    endloop
  endfacet
  facet normal -0.586447 0.809988 0
    outer loop
      vertex 121.307 -1.57955 0.2
      vertex 121.098 -1.73087 2.5
      vertex 121.307 -1.57955 2.5
    endloop
  endfacet
  facet normal -0.586447 0.809988 0
    outer loop
      vertex 121.098 -1.73087 2.5
      vertex 121.307 -1.57955 0.2
      vertex 121.098 -1.73087 0.2
    endloop
  endfacet
  facet normal 0.125509 -0.992092 0
    outer loop
      vertex 119.616 2.01369 0.2
      vertex 119.871 2.04595 2.5
      vertex 119.616 2.01369 2.5
    endloop
  endfacet
  facet normal 0.125509 -0.992092 0
    outer loop
      vertex 119.871 2.04595 2.5
      vertex 119.616 2.01369 0.2
      vertex 119.871 2.04595 0.2
    endloop
  endfacet
  facet normal -0.367311 -0.930098 0
    outer loop
      vertex 120.633 1.94967 0.2
      vertex 120.873 1.85489 2.5
      vertex 120.633 1.94967 2.5
    endloop
  endfacet
  facet normal -0.367311 -0.930098 -0
    outer loop
      vertex 120.873 1.85489 2.5
      vertex 120.633 1.94967 0.2
      vertex 120.873 1.85489 0.2
    endloop
  endfacet
  facet normal 0 -1 0
    outer loop
      vertex 119.871 2.04595 0.2
      vertex 120.129 2.04595 2.5
      vertex 119.871 2.04595 2.5
    endloop
  endfacet
  facet normal 0 -1 -0
    outer loop
      vertex 120.129 2.04595 2.5
      vertex 119.871 2.04595 0.2
      vertex 120.129 2.04595 0.2
    endloop
  endfacet
  facet normal -0.904248 0.427008 0
    outer loop
      vertex 121.796 -0.987595 0.2
      vertex 121.906 -0.754655 2.5
      vertex 121.906 -0.754655 0.2
    endloop
  endfacet
  facet normal -0.904248 0.427008 0
    outer loop
      vertex 121.906 -0.754655 2.5
      vertex 121.796 -0.987595 0.2
      vertex 121.796 -0.987595 2.5
    endloop
  endfacet
  facet normal -0.367311 0.930098 0
    outer loop
      vertex 120.873 -1.85489 0.2
      vertex 120.633 -1.94967 2.5
      vertex 120.873 -1.85489 2.5
    endloop
  endfacet
  facet normal -0.367311 0.930098 0
    outer loop
      vertex 120.633 -1.94967 2.5
      vertex 120.873 -1.85489 0.2
      vertex 120.633 -1.94967 0.2
    endloop
  endfacet
  facet normal 0.685839 -0.727753 0
    outer loop
      vertex 118.506 1.40332 0.2
      vertex 118.693 1.57955 2.5
      vertex 118.506 1.40332 2.5
    endloop
  endfacet
  facet normal 0.685839 -0.727753 0
    outer loop
      vertex 118.693 1.57955 2.5
      vertex 118.506 1.40332 0.2
      vertex 118.693 1.57955 0.2
    endloop
  endfacet
  facet normal -0.7707 0.637199 0
    outer loop
      vertex 121.494 -1.40332 0.2
      vertex 121.658 -1.20496 2.5
      vertex 121.658 -1.20496 0.2
    endloop
  endfacet
  facet normal -0.7707 0.637199 0
    outer loop
      vertex 121.658 -1.20496 2.5
      vertex 121.494 -1.40332 0.2
      vertex 121.494 -1.40332 2.5
    endloop
  endfacet
  facet normal 0 0 1
    outer loop
      vertex 122.034 0.256932 0.2
      vertex 122.034 -0.256932 0.2
      vertex 122.05 0 0.2
    endloop
  endfacet
  facet normal 0 0 1
    outer loop
      vertex 121.986 0.509814 0.2
      vertex 122.034 -0.256932 0.2
      vertex 122.034 0.256932 0.2
    endloop
  endfacet
  facet normal 0 0 1
    outer loop
      vertex 121.986 0.509814 0.2
      vertex 121.986 -0.509814 0.2
      vertex 122.034 -0.256932 0.2
    endloop
  endfacet
  facet normal 0 0 1
    outer loop
      vertex 121.906 0.754655 0.2
      vertex 121.986 -0.509814 0.2
      vertex 121.986 0.509814 0.2
    endloop
  endfacet
  facet normal 0 0 1
    outer loop
      vertex 121.906 0.754655 0.2
      vertex 121.906 -0.754655 0.2
      vertex 121.986 -0.509814 0.2
    endloop
  endfacet
  facet normal 0 0 1
    outer loop
      vertex 121.796 0.987595 0.2
      vertex 121.906 -0.754655 0.2
      vertex 121.906 0.754655 0.2
    endloop
  endfacet
  facet normal 0 0 1
    outer loop
      vertex 121.796 0.987595 0.2
      vertex 121.796 -0.987595 0.2
      vertex 121.906 -0.754655 0.2
    endloop
  endfacet
  facet normal 0 0 1
    outer loop
      vertex 121.658 1.20496 0.2
      vertex 121.796 -0.987595 0.2
      vertex 121.796 0.987595 0.2
    endloop
  endfacet
  facet normal 0 0 1
    outer loop
      vertex 121.658 1.20496 0.2
      vertex 121.658 -1.20496 0.2
      vertex 121.796 -0.987595 0.2
    endloop
  endfacet
  facet normal 0 0 1
    outer loop
      vertex 121.494 1.40332 0.2
      vertex 121.658 -1.20496 0.2
      vertex 121.658 1.20496 0.2
    endloop
  endfacet
  facet normal 0 0 1
    outer loop
      vertex 121.494 1.40332 0.2
      vertex 121.494 -1.40332 0.2
      vertex 121.658 -1.20496 0.2
    endloop
  endfacet
  facet normal 0 0 1
    outer loop
      vertex 121.307 1.57955 0.2
      vertex 121.494 -1.40332 0.2
      vertex 121.494 1.40332 0.2
    endloop
  endfacet
  facet normal 0 0 1
    outer loop
      vertex 121.307 1.57955 0.2
      vertex 121.307 -1.57955 0.2
      vertex 121.494 -1.40332 0.2
    endloop
  endfacet
  facet normal 0 0 1
    outer loop
      vertex 121.098 1.73087 0.2
      vertex 121.307 -1.57955 0.2
      vertex 121.307 1.57955 0.2
    endloop
  endfacet
  facet normal 0 0 1
    outer loop
      vertex 121.098 1.73087 0.2
      vertex 121.098 -1.73087 0.2
      vertex 121.307 -1.57955 0.2
    endloop
  endfacet
  facet normal 0 0 1
    outer loop
      vertex 120.873 1.85489 0.2
      vertex 121.098 -1.73087 0.2
      vertex 121.098 1.73087 0.2
    endloop
  endfacet
  facet normal 0 0 1
    outer loop
      vertex 120.873 1.85489 0.2
      vertex 120.873 -1.85489 0.2
      vertex 121.098 -1.73087 0.2
    endloop
  endfacet
  facet normal 0 0 1
    outer loop
      vertex 120.633 1.94967 0.2
      vertex 120.873 -1.85489 0.2
      vertex 120.873 1.85489 0.2
    endloop
  endfacet
  facet normal 0 0 1
    outer loop
      vertex 120.633 1.94967 0.2
      vertex 120.633 -1.94967 0.2
      vertex 120.873 -1.85489 0.2
    endloop
  endfacet
  facet normal 0 0 1
    outer loop
      vertex 120.384 2.01369 0.2
      vertex 120.633 -1.94967 0.2
      vertex 120.633 1.94967 0.2
    endloop
  endfacet
  facet normal 0 0 1
    outer loop
      vertex 120.384 2.01369 0.2
      vertex 120.384 -2.01369 0.2
      vertex 120.633 -1.94967 0.2
    endloop
  endfacet
  facet normal 0 0 1
    outer loop
      vertex 120.129 2.04595 0.2
      vertex 120.384 -2.01369 0.2
      vertex 120.384 2.01369 0.2
    endloop
  endfacet
  facet normal 0 0 1
    outer loop
      vertex 120.129 2.04595 0.2
      vertex 120.129 -2.04595 0.2
      vertex 120.384 -2.01369 0.2
    endloop
  endfacet
  facet normal -0 0 1
    outer loop
      vertex 119.871 2.04595 0.2
      vertex 120.129 -2.04595 0.2
      vertex 120.129 2.04595 0.2
    endloop
  endfacet
  facet normal 0 0 1
    outer loop
      vertex 119.871 2.04595 0.2
      vertex 119.871 -2.04595 0.2
      vertex 120.129 -2.04595 0.2
    endloop
  endfacet
  facet normal -0 0 1
    outer loop
      vertex 119.616 2.01369 0.2
      vertex 119.871 -2.04595 0.2
      vertex 119.871 2.04595 0.2
    endloop
  endfacet
  facet normal 0 0 1
    outer loop
      vertex 119.616 2.01369 0.2
      vertex 119.616 -2.01369 0.2
      vertex 119.871 -2.04595 0.2
    endloop
  endfacet
  facet normal -0 0 1
    outer loop
      vertex 119.367 1.94967 0.2
      vertex 119.616 -2.01369 0.2
      vertex 119.616 2.01369 0.2
    endloop
  endfacet
  facet normal 0 0 1
    outer loop
      vertex 119.367 1.94967 0.2
      vertex 119.367 -1.94967 0.2
      vertex 119.616 -2.01369 0.2
    endloop
  endfacet
  facet normal -0 0 1
    outer loop
      vertex 119.127 1.85489 0.2
      vertex 119.367 -1.94967 0.2
      vertex 119.367 1.94967 0.2
    endloop
  endfacet
  facet normal 0 0 1
    outer loop
      vertex 119.127 1.85489 0.2
      vertex 119.127 -1.85489 0.2
      vertex 119.367 -1.94967 0.2
    endloop
  endfacet
  facet normal -0 0 1
    outer loop
      vertex 118.902 1.73087 0.2
      vertex 119.127 -1.85489 0.2
      vertex 119.127 1.85489 0.2
    endloop
  endfacet
  facet normal 0 0 1
    outer loop
      vertex 118.902 1.73087 0.2
      vertex 118.902 -1.73087 0.2
      vertex 119.127 -1.85489 0.2
    endloop
  endfacet
  facet normal -0 0 1
    outer loop
      vertex 118.693 1.57955 0.2
      vertex 118.902 -1.73087 0.2
      vertex 118.902 1.73087 0.2
    endloop
  endfacet
  facet normal 0 0 1
    outer loop
      vertex 118.693 1.57955 0.2
      vertex 118.693 -1.57955 0.2
      vertex 118.902 -1.73087 0.2
    endloop
  endfacet
  facet normal -0 0 1
    outer loop
      vertex 118.506 1.40332 0.2
      vertex 118.693 -1.57955 0.2
      vertex 118.693 1.57955 0.2
    endloop
  endfacet
  facet normal 0 0 1
    outer loop
      vertex 118.506 1.40332 0.2
      vertex 118.506 -1.40332 0.2
      vertex 118.693 -1.57955 0.2
    endloop
  endfacet
  facet normal -0 0 1
    outer loop
      vertex 118.342 1.20496 0.2
      vertex 118.506 -1.40332 0.2
      vertex 118.506 1.40332 0.2
    endloop
  endfacet
  facet normal 0 0 1
    outer loop
      vertex 118.342 1.20496 0.2
      vertex 118.342 -1.20496 0.2
      vertex 118.506 -1.40332 0.2
    endloop
  endfacet
  facet normal -0 0 1
    outer loop
      vertex 118.204 0.987595 0.2
      vertex 118.342 -1.20496 0.2
      vertex 118.342 1.20496 0.2
    endloop
  endfacet
  facet normal 0 0 1
    outer loop
      vertex 118.204 0.987595 0.2
      vertex 118.204 -0.987595 0.2
      vertex 118.342 -1.20496 0.2
    endloop
  endfacet
  facet normal -0 0 1
    outer loop
      vertex 118.094 0.754655 0.2
      vertex 118.204 -0.987595 0.2
      vertex 118.204 0.987595 0.2
    endloop
  endfacet
  facet normal 0 0 1
    outer loop
      vertex 118.094 0.754655 0.2
      vertex 118.094 -0.754655 0.2
      vertex 118.204 -0.987595 0.2
    endloop
  endfacet
  facet normal -0 0 1
    outer loop
      vertex 118.014 0.509814 0.2
      vertex 118.094 -0.754655 0.2
      vertex 118.094 0.754655 0.2
    endloop
  endfacet
  facet normal 0 0 1
    outer loop
      vertex 118.014 0.509814 0.2
      vertex 118.014 -0.509814 0.2
      vertex 118.094 -0.754655 0.2
    endloop
  endfacet
  facet normal -0 0 1
    outer loop
      vertex 117.966 0.256932 0.2
      vertex 118.014 -0.509814 0.2
      vertex 118.014 0.509814 0.2
    endloop
  endfacet
  facet normal 0 0 1
    outer loop
      vertex 117.966 0.256932 0.2
      vertex 117.966 -0.256932 0.2
      vertex 118.014 -0.509814 0.2
    endloop
  endfacet
  facet normal 0 -0 1
    outer loop
      vertex 117.966 -0.256932 0.2
      vertex 117.966 0.256932 0.2
      vertex 117.95 0 0.2
    endloop
  endfacet
  facet normal 0.998067 0.0621529 0
    outer loop
      vertex 117.966 -0.256932 2.5
      vertex 117.95 0 0.2
      vertex 117.95 0 2.5
    endloop
  endfacet
  facet normal 0.998067 0.0621529 0
    outer loop
      vertex 117.95 0 0.2
      vertex 117.966 -0.256932 2.5
      vertex 117.966 -0.256932 0.2
    endloop
  endfacet
  facet normal -0.950546 0.310584 0
    outer loop
      vertex 121.906 -0.754655 0.2
      vertex 121.986 -0.509814 2.5
      vertex 121.986 -0.509814 0.2
    endloop
  endfacet
  facet normal -0.950546 0.310584 0
    outer loop
      vertex 121.986 -0.509814 2.5
      vertex 121.906 -0.754655 0.2
      vertex 121.906 -0.754655 2.5
    endloop
  endfacet
  facet normal 0.950546 0.310584 0
    outer loop
      vertex 118.094 -0.754655 2.5
      vertex 118.014 -0.509814 0.2
      vertex 118.014 -0.509814 2.5
    endloop
  endfacet
  facet normal 0.950546 0.310584 0
    outer loop
      vertex 118.014 -0.509814 0.2
      vertex 118.094 -0.754655 2.5
      vertex 118.094 -0.754655 0.2
    endloop
  endfacet
  facet normal 0.125509 0.992092 -0
    outer loop
      vertex 119.871 -2.04595 0.2
      vertex 119.616 -2.01369 2.5
      vertex 119.871 -2.04595 2.5
    endloop
  endfacet
  facet normal 0.125509 0.992092 0
    outer loop
      vertex 119.616 -2.01369 2.5
      vertex 119.871 -2.04595 0.2
      vertex 119.616 -2.01369 0.2
    endloop
  endfacet
  facet normal 0.982458 -0.186482 0
    outer loop
      vertex 117.966 0.256932 2.5
      vertex 118.014 0.509814 0.2
      vertex 118.014 0.509814 2.5
    endloop
  endfacet
  facet normal 0.982458 -0.186482 0
    outer loop
      vertex 118.014 0.509814 0.2
      vertex 117.966 0.256932 2.5
      vertex 117.966 0.256932 0.2
    endloop
  endfacet
  facet normal 0.998067 -0.0621529 0
    outer loop
      vertex 117.95 0 2.5
      vertex 117.966 0.256932 0.2
      vertex 117.966 0.256932 2.5
    endloop
  endfacet
  facet normal 0.998067 -0.0621529 0
    outer loop
      vertex 117.966 0.256932 0.2
      vertex 117.95 0 2.5
      vertex 117.95 0 0.2
    endloop
  endfacet
  facet normal 0.84423 -0.535982 0
    outer loop
      vertex 118.204 0.987595 2.5
      vertex 118.342 1.20496 0.2
      vertex 118.342 1.20496 2.5
    endloop
  endfacet
  facet normal 0.84423 -0.535982 0
    outer loop
      vertex 118.342 1.20496 0.2
      vertex 118.204 0.987595 2.5
      vertex 118.204 0.987595 0.2
    endloop
  endfacet
  facet normal -0.125509 -0.992092 0
    outer loop
      vertex 120.129 2.04595 0.2
      vertex 120.384 2.01369 2.5
      vertex 120.129 2.04595 2.5
    endloop
  endfacet
  facet normal -0.125509 -0.992092 -0
    outer loop
      vertex 120.384 2.01369 2.5
      vertex 120.129 2.04595 0.2
      vertex 120.384 2.01369 0.2
    endloop
  endfacet
  facet normal -0.98229 -0.187369 0
    outer loop
      vertex -79.6858 -2.4869 0
      vertex -79.9211 -1.25333 2.3
      vertex -79.9211 -1.25333 0
    endloop
  endfacet
  facet normal -0.98229 -0.187369 0
    outer loop
      vertex -79.9211 -1.25333 2.3
      vertex -79.6858 -2.4869 0
      vertex -79.6858 -2.4869 2.3
    endloop
  endfacet
  facet normal -0.684525 -0.728989 0
    outer loop
      vertex -77.2897 -6.84547 0
      vertex -76.3742 -7.70513 2.3
      vertex -77.2897 -6.84547 2.3
    endloop
  endfacet
  facet normal -0.684525 -0.728989 -0
    outer loop
      vertex -76.3742 -7.70513 2.3
      vertex -77.2897 -6.84547 0
      vertex -76.3742 -7.70513 0
    endloop
  endfacet
  facet normal 0.98229 0.187369 0
    outer loop
      vertex -60.0789 1.25333 2.3
      vertex -60.3142 2.4869 0.5
      vertex -60.3142 2.4869 2.3
    endloop
  endfacet
  facet normal 0.98229 0.187369 0
    outer loop
      vertex -60.3142 2.4869 0.5
      vertex -60.0789 1.25333 2.3
      vertex -60.0789 1.25333 0.5
    endloop
  endfacet
  facet normal 0.998024 0.0628279 0
    outer loop
      vertex -60 0 2.3
      vertex -60.0789 1.25333 0.5
      vertex -60.0789 1.25333 2.3
    endloop
  endfacet
  facet normal 0.998024 0.0628279 0
    outer loop
      vertex -60.0789 1.25333 0.5
      vertex -60 0 2.3
      vertex -60 0 0.5
    endloop
  endfacet
  facet normal 0.951072 0.30897 0
    outer loop
      vertex -60.3142 2.4869 2.3
      vertex -60.7022 3.68124 0.5
      vertex -60.7022 3.68124 2.3
    endloop
  endfacet
  facet normal 0.951072 0.30897 0
    outer loop
      vertex -60.7022 3.68124 0.5
      vertex -60.3142 2.4869 2.3
      vertex -60.3142 2.4869 0.5
    endloop
  endfacet
  facet normal 0.248684 0.968585 -0
    outer loop
      vertex -66.9098 9.51056 0.5
      vertex -68.1262 9.82287 2.3
      vertex -66.9098 9.51056 2.3
    endloop
  endfacet
  facet normal 0.248684 0.968585 0
    outer loop
      vertex -68.1262 9.82287 2.3
      vertex -66.9098 9.51056 0.5
      vertex -68.1262 9.82287 0.5
    endloop
  endfacet
  facet normal 0.368128 0.929775 -0
    outer loop
      vertex -65.7422 9.04827 0.5
      vertex -66.9098 9.51056 2.3
      vertex -65.7422 9.04827 2.3
    endloop
  endfacet
  facet normal 0.368128 0.929775 0
    outer loop
      vertex -66.9098 9.51056 2.3
      vertex -65.7422 9.04827 0.5
      vertex -66.9098 9.51056 0.5
    endloop
  endfacet
  facet normal -0.481745 -0.876312 0
    outer loop
      vertex -75.3583 -8.44328 0
      vertex -74.2578 -9.04827 2.3
      vertex -75.3583 -8.44328 2.3
    endloop
  endfacet
  facet normal -0.481745 -0.876312 -0
    outer loop
      vertex -74.2578 -9.04827 2.3
      vertex -75.3583 -8.44328 0
      vertex -74.2578 -9.04827 0
    endloop
  endfacet
  facet normal 0.248684 -0.968585 0
    outer loop
      vertex -68.1262 -9.82287 0.5
      vertex -66.9098 -9.51056 2.3
      vertex -68.1262 -9.82287 2.3
    endloop
  endfacet
  facet normal 0.248684 -0.968585 0
    outer loop
      vertex -66.9098 -9.51056 2.3
      vertex -68.1262 -9.82287 0.5
      vertex -66.9098 -9.51056 0.5
    endloop
  endfacet
  facet normal 0.844325 0.535831 0
    outer loop
      vertex -61.2369 4.81754 2.3
      vertex -61.9098 5.87785 0.5
      vertex -61.9098 5.87785 2.3
    endloop
  endfacet
  facet normal 0.844325 0.535831 0
    outer loop
      vertex -61.9098 5.87785 0.5
      vertex -61.2369 4.81754 2.3
      vertex -61.2369 4.81754 0.5
    endloop
  endfacet
  facet normal 0.904828 0.425778 0
    outer loop
      vertex -60.7022 3.68124 2.3
      vertex -61.2369 4.81754 0.5
      vertex -61.2369 4.81754 2.3
    endloop
  endfacet
  facet normal 0.904828 0.425778 0
    outer loop
      vertex -61.2369 4.81754 0.5
      vertex -60.7022 3.68124 2.3
      vertex -60.7022 3.68124 0.5
    endloop
  endfacet
  facet normal -0.125338 0.992114 0
    outer loop
      vertex -70.6279 9.98027 0
      vertex -71.8738 9.82287 2.3
      vertex -70.6279 9.98027 2.3
    endloop
  endfacet
  facet normal -0.125338 0.992114 0
    outer loop
      vertex -71.8738 9.82287 2.3
      vertex -70.6279 9.98027 0
      vertex -71.8738 9.82287 0
    endloop
  endfacet
  facet normal 0.951072 -0.30897 0
    outer loop
      vertex -60.7022 -3.68124 2.3
      vertex -60.3142 -2.4869 0.5
      vertex -60.3142 -2.4869 2.3
    endloop
  endfacet
  facet normal 0.951072 -0.30897 0
    outer loop
      vertex -60.3142 -2.4869 0.5
      vertex -60.7022 -3.68124 2.3
      vertex -60.7022 -3.68124 0.5
    endloop
  endfacet
  facet normal -0.684525 0.728989 0
    outer loop
      vertex -76.3742 7.70513 0
      vertex -77.2897 6.84547 2.3
      vertex -76.3742 7.70513 2.3
    endloop
  endfacet
  facet normal -0.684525 0.728989 0
    outer loop
      vertex -77.2897 6.84547 2.3
      vertex -76.3742 7.70513 0
      vertex -77.2897 6.84547 0
    endloop
  endfacet
  facet normal -0.951072 0.30897 0
    outer loop
      vertex -79.6858 2.4869 0
      vertex -79.2978 3.68124 2.3
      vertex -79.2978 3.68124 0
    endloop
  endfacet
  facet normal -0.951072 0.30897 0
    outer loop
      vertex -79.2978 3.68124 2.3
      vertex -79.6858 2.4869 0
      vertex -79.6858 2.4869 2.3
    endloop
  endfacet
  facet normal -0.998024 -0.0628279 0
    outer loop
      vertex -79.9211 -1.25333 0
      vertex -80 0 2.3
      vertex -80 0 0
    endloop
  endfacet
  facet normal -0.998024 -0.0628279 0
    outer loop
      vertex -80 0 2.3
      vertex -79.9211 -1.25333 0
      vertex -79.9211 -1.25333 2.3
    endloop
  endfacet
  facet normal 0.844325 -0.535831 0
    outer loop
      vertex -61.9098 -5.87785 2.3
      vertex -61.2369 -4.81754 0.5
      vertex -61.2369 -4.81754 2.3
    endloop
  endfacet
  facet normal 0.844325 -0.535831 0
    outer loop
      vertex -61.2369 -4.81754 0.5
      vertex -61.9098 -5.87785 2.3
      vertex -61.9098 -5.87785 0.5
    endloop
  endfacet
  facet normal 0.125338 -0.992114 0
    outer loop
      vertex -69.3721 -9.98027 0.5
      vertex -68.1262 -9.82287 2.3
      vertex -69.3721 -9.98027 2.3
    endloop
  endfacet
  facet normal 0.125338 -0.992114 0
    outer loop
      vertex -68.1262 -9.82287 2.3
      vertex -69.3721 -9.98027 0.5
      vertex -68.1262 -9.82287 0.5
    endloop
  endfacet
  facet normal 0.998024 -0.0628279 0
    outer loop
      vertex -60.0789 -1.25333 2.3
      vertex -60 0 0.5
      vertex -60 0 2.3
    endloop
  endfacet
  facet normal 0.998024 -0.0628279 0
    outer loop
      vertex -60 0 0.5
      vertex -60.0789 -1.25333 2.3
      vertex -60.0789 -1.25333 0.5
    endloop
  endfacet
  facet normal 0.684525 0.728989 -0
    outer loop
      vertex -62.7103 6.84547 0.5
      vertex -63.6258 7.70513 2.3
      vertex -62.7103 6.84547 2.3
    endloop
  endfacet
  facet normal 0.684525 0.728989 0
    outer loop
      vertex -63.6258 7.70513 2.3
      vertex -62.7103 6.84547 0.5
      vertex -63.6258 7.70513 0.5
    endloop
  endfacet
  facet normal -0.248684 -0.968585 0
    outer loop
      vertex -73.0902 -9.51056 0
      vertex -71.8738 -9.82287 2.3
      vertex -73.0902 -9.51056 2.3
    endloop
  endfacet
  facet normal -0.248684 -0.968585 -0
    outer loop
      vertex -71.8738 -9.82287 2.3
      vertex -73.0902 -9.51056 0
      vertex -71.8738 -9.82287 0
    endloop
  endfacet
  facet normal -0.248684 0.968585 0
    outer loop
      vertex -71.8738 9.82287 0
      vertex -73.0902 9.51056 2.3
      vertex -71.8738 9.82287 2.3
    endloop
  endfacet
  facet normal -0.248684 0.968585 0
    outer loop
      vertex -73.0902 9.51056 2.3
      vertex -71.8738 9.82287 0
      vertex -73.0902 9.51056 0
    endloop
  endfacet
  facet normal -0.844325 -0.535831 0
    outer loop
      vertex -78.0902 -5.87785 0
      vertex -78.7631 -4.81754 2.3
      vertex -78.7631 -4.81754 0
    endloop
  endfacet
  facet normal -0.844325 -0.535831 0
    outer loop
      vertex -78.7631 -4.81754 2.3
      vertex -78.0902 -5.87785 0
      vertex -78.0902 -5.87785 2.3
    endloop
  endfacet
  facet normal -0.998024 0.0628279 0
    outer loop
      vertex -80 0 0
      vertex -79.9211 1.25333 2.3
      vertex -79.9211 1.25333 0
    endloop
  endfacet
  facet normal -0.998024 0.0628279 0
    outer loop
      vertex -79.9211 1.25333 2.3
      vertex -80 0 0
      vertex -80 0 2.3
    endloop
  endfacet
  facet normal -0.844325 0.535831 0
    outer loop
      vertex -78.7631 4.81754 0
      vertex -78.0902 5.87785 2.3
      vertex -78.0902 5.87785 0
    endloop
  endfacet
  facet normal -0.844325 0.535831 0
    outer loop
      vertex -78.0902 5.87785 2.3
      vertex -78.7631 4.81754 0
      vertex -78.7631 4.81754 2.3
    endloop
  endfacet
  facet normal 0.481745 -0.876312 0
    outer loop
      vertex -65.7422 -9.04827 0.5
      vertex -64.6417 -8.44328 2.3
      vertex -65.7422 -9.04827 2.3
    endloop
  endfacet
  facet normal 0.481745 -0.876312 0
    outer loop
      vertex -64.6417 -8.44328 2.3
      vertex -65.7422 -9.04827 0.5
      vertex -64.6417 -8.44328 0.5
    endloop
  endfacet
  facet normal -0.481745 0.876312 0
    outer loop
      vertex -74.2578 9.04827 0
      vertex -75.3583 8.44328 2.3
      vertex -74.2578 9.04827 2.3
    endloop
  endfacet
  facet normal -0.481745 0.876312 0
    outer loop
      vertex -75.3583 8.44328 2.3
      vertex -74.2578 9.04827 0
      vertex -75.3583 8.44328 0
    endloop
  endfacet
  facet normal 0.368128 -0.929775 0
    outer loop
      vertex -66.9098 -9.51056 0.5
      vertex -65.7422 -9.04827 2.3
      vertex -66.9098 -9.51056 2.3
    endloop
  endfacet
  facet normal 0.368128 -0.929775 0
    outer loop
      vertex -65.7422 -9.04827 2.3
      vertex -66.9098 -9.51056 0.5
      vertex -65.7422 -9.04827 0.5
    endloop
  endfacet
  facet normal 0.98229 -0.187369 0
    outer loop
      vertex -60.3142 -2.4869 2.3
      vertex -60.0789 -1.25333 0.5
      vertex -60.0789 -1.25333 2.3
    endloop
  endfacet
  facet normal 0.98229 -0.187369 0
    outer loop
      vertex -60.0789 -1.25333 0.5
      vertex -60.3142 -2.4869 2.3
      vertex -60.3142 -2.4869 0.5
    endloop
  endfacet
  facet normal -0.904828 0.425778 0
    outer loop
      vertex -79.2978 3.68124 0
      vertex -78.7631 4.81754 2.3
      vertex -78.7631 4.81754 0
    endloop
  endfacet
  facet normal -0.904828 0.425778 0
    outer loop
      vertex -78.7631 4.81754 2.3
      vertex -79.2978 3.68124 0
      vertex -79.2978 3.68124 2.3
    endloop
  endfacet
  facet normal 0 1 0
    outer loop
      vertex -39 9.98027 0.5
      vertex -39 9.98027 0
      vertex -69.3721 9.98027 0.5
    endloop
  endfacet
  facet normal 0 1 -0
    outer loop
      vertex -69.3721 9.98027 0.5
      vertex -70.6279 9.98027 2.3
      vertex -69.3721 9.98027 2.3
    endloop
  endfacet
  facet normal 0 1 0
    outer loop
      vertex -69.3721 9.98027 0.5
      vertex -70.6279 9.98027 0
      vertex -70.6279 9.98027 2.3
    endloop
  endfacet
  facet normal 0 1 0
    outer loop
      vertex -70.6279 9.98027 0
      vertex -69.3721 9.98027 0.5
      vertex -39 9.98027 0
    endloop
  endfacet
  facet normal 0.770507 -0.637431 0
    outer loop
      vertex -62.7103 -6.84547 2.3
      vertex -61.9098 -5.87785 0.5
      vertex -61.9098 -5.87785 2.3
    endloop
  endfacet
  facet normal 0.770507 -0.637431 0
    outer loop
      vertex -61.9098 -5.87785 0.5
      vertex -62.7103 -6.84547 2.3
      vertex -62.7103 -6.84547 0.5
    endloop
  endfacet
  facet normal -0.368128 0.929775 0
    outer loop
      vertex -73.0902 9.51056 0
      vertex -74.2578 9.04827 2.3
      vertex -73.0902 9.51056 2.3
    endloop
  endfacet
  facet normal -0.368128 0.929775 0
    outer loop
      vertex -74.2578 9.04827 2.3
      vertex -73.0902 9.51056 0
      vertex -74.2578 9.04827 0
    endloop
  endfacet
  facet normal -0.98229 0.187369 0
    outer loop
      vertex -79.9211 1.25333 0
      vertex -79.6858 2.4869 2.3
      vertex -79.6858 2.4869 0
    endloop
  endfacet
  facet normal -0.98229 0.187369 0
    outer loop
      vertex -79.6858 2.4869 2.3
      vertex -79.9211 1.25333 0
      vertex -79.9211 1.25333 2.3
    endloop
  endfacet
  facet normal 0.125338 0.992114 -0
    outer loop
      vertex -68.1262 9.82287 0.5
      vertex -69.3721 9.98027 2.3
      vertex -68.1262 9.82287 2.3
    endloop
  endfacet
  facet normal 0.125338 0.992114 0
    outer loop
      vertex -69.3721 9.98027 2.3
      vertex -68.1262 9.82287 0.5
      vertex -69.3721 9.98027 0.5
    endloop
  endfacet
  facet normal -0.587814 -0.808996 0
    outer loop
      vertex -76.3742 -7.70513 0
      vertex -75.3583 -8.44328 2.3
      vertex -76.3742 -7.70513 2.3
    endloop
  endfacet
  facet normal -0.587814 -0.808996 -0
    outer loop
      vertex -75.3583 -8.44328 2.3
      vertex -76.3742 -7.70513 0
      vertex -75.3583 -8.44328 0
    endloop
  endfacet
  facet normal 0.481745 0.876312 -0
    outer loop
      vertex -64.6417 8.44328 0.5
      vertex -65.7422 9.04827 2.3
      vertex -64.6417 8.44328 2.3
    endloop
  endfacet
  facet normal 0.481745 0.876312 0
    outer loop
      vertex -65.7422 9.04827 2.3
      vertex -64.6417 8.44328 0.5
      vertex -65.7422 9.04827 0.5
    endloop
  endfacet
  facet normal -0.951072 -0.30897 0
    outer loop
      vertex -79.2978 -3.68124 0
      vertex -79.6858 -2.4869 2.3
      vertex -79.6858 -2.4869 0
    endloop
  endfacet
  facet normal -0.951072 -0.30897 0
    outer loop
      vertex -79.6858 -2.4869 2.3
      vertex -79.2978 -3.68124 0
      vertex -79.2978 -3.68124 2.3
    endloop
  endfacet
  facet normal -0.770507 0.637431 0
    outer loop
      vertex -78.0902 5.87785 0
      vertex -77.2897 6.84547 2.3
      vertex -77.2897 6.84547 0
    endloop
  endfacet
  facet normal -0.770507 0.637431 0
    outer loop
      vertex -77.2897 6.84547 2.3
      vertex -78.0902 5.87785 0
      vertex -78.0902 5.87785 2.3
    endloop
  endfacet
  facet normal -0.770507 -0.637431 0
    outer loop
      vertex -77.2897 -6.84547 0
      vertex -78.0902 -5.87785 2.3
      vertex -78.0902 -5.87785 0
    endloop
  endfacet
  facet normal -0.770507 -0.637431 0
    outer loop
      vertex -78.0902 -5.87785 2.3
      vertex -77.2897 -6.84547 0
      vertex -77.2897 -6.84547 2.3
    endloop
  endfacet
  facet normal 0.684525 -0.728989 0
    outer loop
      vertex -63.6258 -7.70513 0.5
      vertex -62.7103 -6.84547 2.3
      vertex -63.6258 -7.70513 2.3
    endloop
  endfacet
  facet normal 0.684525 -0.728989 0
    outer loop
      vertex -62.7103 -6.84547 2.3
      vertex -63.6258 -7.70513 0.5
      vertex -62.7103 -6.84547 0.5
    endloop
  endfacet
  facet normal 0 -1 0
    outer loop
      vertex -70.6279 -9.98027 2.3
      vertex -69.3721 -9.98027 0.5
      vertex -69.3721 -9.98027 2.3
    endloop
  endfacet
  facet normal 0 -1 0
    outer loop
      vertex -70.6279 -9.98027 0
      vertex -69.3721 -9.98027 0.5
      vertex -70.6279 -9.98027 2.3
    endloop
  endfacet
  facet normal 0 -1 0
    outer loop
      vertex -39 -9.98027 0
      vertex -69.3721 -9.98027 0.5
      vertex -70.6279 -9.98027 0
    endloop
  endfacet
  facet normal 0 -1 0
    outer loop
      vertex -69.3721 -9.98027 0.5
      vertex -39 -9.98027 0
      vertex -39 -9.98027 0.5
    endloop
  endfacet
  facet normal -0.125338 -0.992114 0
    outer loop
      vertex -71.8738 -9.82287 0
      vertex -70.6279 -9.98027 2.3
      vertex -71.8738 -9.82287 2.3
    endloop
  endfacet
  facet normal -0.125338 -0.992114 -0
    outer loop
      vertex -70.6279 -9.98027 2.3
      vertex -71.8738 -9.82287 0
      vertex -70.6279 -9.98027 0
    endloop
  endfacet
  facet normal -0.587814 0.808996 0
    outer loop
      vertex -75.3583 8.44328 0
      vertex -76.3742 7.70513 2.3
      vertex -75.3583 8.44328 2.3
    endloop
  endfacet
  facet normal -0.587814 0.808996 0
    outer loop
      vertex -76.3742 7.70513 2.3
      vertex -75.3583 8.44328 0
      vertex -76.3742 7.70513 0
    endloop
  endfacet
  facet normal 0.587814 0.808996 -0
    outer loop
      vertex -63.6258 7.70513 0.5
      vertex -64.6417 8.44328 2.3
      vertex -63.6258 7.70513 2.3
    endloop
  endfacet
  facet normal 0.587814 0.808996 0
    outer loop
      vertex -64.6417 8.44328 2.3
      vertex -63.6258 7.70513 0.5
      vertex -64.6417 8.44328 0.5
    endloop
  endfacet
  facet normal 0 0 1
    outer loop
      vertex -62 0 2.3
      vertex -60 0 2.3
      vertex -60.0789 1.25333 2.3
    endloop
  endfacet
  facet normal 0 0 1
    outer loop
      vertex -62.0631 1.00267 2.3
      vertex -60.0789 1.25333 2.3
      vertex -60.3142 2.4869 2.3
    endloop
  endfacet
  facet normal 0 0 1
    outer loop
      vertex -60 0 2.3
      vertex -62 0 2.3
      vertex -60.0789 -1.25333 2.3
    endloop
  endfacet
  facet normal 0 0 1
    outer loop
      vertex -62.2513 1.98952 2.3
      vertex -60.3142 2.4869 2.3
      vertex -60.7022 3.68124 2.3
    endloop
  endfacet
  facet normal -0 0 1
    outer loop
      vertex -62.0631 -1.00267 2.3
      vertex -60.0789 -1.25333 2.3
      vertex -62 0 2.3
    endloop
  endfacet
  facet normal 0 0 1
    outer loop
      vertex -62.5618 2.945 2.3
      vertex -60.7022 3.68124 2.3
      vertex -61.2369 4.81754 2.3
    endloop
  endfacet
  facet normal 0 0 1
    outer loop
      vertex -60.0789 -1.25333 2.3
      vertex -62.0631 -1.00267 2.3
      vertex -60.3142 -2.4869 2.3
    endloop
  endfacet
  facet normal 0 0 1
    outer loop
      vertex -62.9895 3.85403 2.3
      vertex -61.2369 4.81754 2.3
      vertex -61.9098 5.87785 2.3
    endloop
  endfacet
  facet normal -0 0 1
    outer loop
      vertex -62.2513 -1.98952 2.3
      vertex -60.3142 -2.4869 2.3
      vertex -62.0631 -1.00267 2.3
    endloop
  endfacet
  facet normal 0 0 1
    outer loop
      vertex -60.3142 -2.4869 2.3
      vertex -62.2513 -1.98952 2.3
      vertex -60.7022 -3.68124 2.3
    endloop
  endfacet
  facet normal 0 0 1
    outer loop
      vertex -60.0789 1.25333 2.3
      vertex -62.0631 1.00267 2.3
      vertex -62 0 2.3
    endloop
  endfacet
  facet normal 0 0 1
    outer loop
      vertex -60.3142 2.4869 2.3
      vertex -62.2513 1.98952 2.3
      vertex -62.0631 1.00267 2.3
    endloop
  endfacet
  facet normal 0 0 1
    outer loop
      vertex -60.7022 3.68124 2.3
      vertex -62.5618 2.945 2.3
      vertex -62.2513 1.98952 2.3
    endloop
  endfacet
  facet normal 0 0 1
    outer loop
      vertex -63.5279 4.70228 2.3
      vertex -61.9098 5.87785 2.3
      vertex -62.7103 6.84547 2.3
    endloop
  endfacet
  facet normal 0 0 1
    outer loop
      vertex -61.2369 4.81754 2.3
      vertex -62.9895 3.85403 2.3
      vertex -62.5618 2.945 2.3
    endloop
  endfacet
  facet normal 0 0 1
    outer loop
      vertex -61.9098 5.87785 2.3
      vertex -63.5279 4.70228 2.3
      vertex -62.9895 3.85403 2.3
    endloop
  endfacet
  facet normal 0 0 1
    outer loop
      vertex -64.1683 5.47638 2.3
      vertex -62.7103 6.84547 2.3
      vertex -63.6258 7.70513 2.3
    endloop
  endfacet
  facet normal 0 0 1
    outer loop
      vertex -62.7103 6.84547 2.3
      vertex -64.1683 5.47638 2.3
      vertex -63.5279 4.70228 2.3
    endloop
  endfacet
  facet normal 0 0 1
    outer loop
      vertex -64.9006 6.16411 2.3
      vertex -63.6258 7.70513 2.3
      vertex -64.6417 8.44328 2.3
    endloop
  endfacet
  facet normal 0 0 1
    outer loop
      vertex -63.6258 7.70513 2.3
      vertex -64.9006 6.16411 2.3
      vertex -64.1683 5.47638 2.3
    endloop
  endfacet
  facet normal 0 0 1
    outer loop
      vertex -64.6417 8.44328 2.3
      vertex -65.7134 6.75462 2.3
      vertex -64.9006 6.16411 2.3
    endloop
  endfacet
  facet normal 0 0 1
    outer loop
      vertex -65.7422 9.04827 2.3
      vertex -65.7134 6.75462 2.3
      vertex -64.6417 8.44328 2.3
    endloop
  endfacet
  facet normal 0 0 1
    outer loop
      vertex -65.7422 9.04827 2.3
      vertex -66.5938 7.23862 2.3
      vertex -65.7134 6.75462 2.3
    endloop
  endfacet
  facet normal 0 0 1
    outer loop
      vertex -66.9098 9.51056 2.3
      vertex -66.5938 7.23862 2.3
      vertex -65.7422 9.04827 2.3
    endloop
  endfacet
  facet normal 0 0 1
    outer loop
      vertex -66.9098 9.51056 2.3
      vertex -67.5279 7.60845 2.3
      vertex -66.5938 7.23862 2.3
    endloop
  endfacet
  facet normal 0 0 1
    outer loop
      vertex -68.1262 9.82287 2.3
      vertex -67.5279 7.60845 2.3
      vertex -66.9098 9.51056 2.3
    endloop
  endfacet
  facet normal 0 0 1
    outer loop
      vertex -68.1262 9.82287 2.3
      vertex -68.5009 7.8583 2.3
      vertex -67.5279 7.60845 2.3
    endloop
  endfacet
  facet normal 0 0 1
    outer loop
      vertex -69.3721 9.98027 2.3
      vertex -68.5009 7.8583 2.3
      vertex -68.1262 9.82287 2.3
    endloop
  endfacet
  facet normal 0 0 1
    outer loop
      vertex -69.3721 9.98027 2.3
      vertex -69.4977 7.98421 2.3
      vertex -68.5009 7.8583 2.3
    endloop
  endfacet
  facet normal 0 0 1
    outer loop
      vertex -69.3721 9.98027 2.3
      vertex -70.5023 7.98421 2.3
      vertex -69.4977 7.98421 2.3
    endloop
  endfacet
  facet normal -0 0 1
    outer loop
      vertex -70.6279 9.98027 2.3
      vertex -70.5023 7.98421 2.3
      vertex -69.3721 9.98027 2.3
    endloop
  endfacet
  facet normal 0 0 1
    outer loop
      vertex -70.6279 9.98027 2.3
      vertex -71.4991 7.8583 2.3
      vertex -70.5023 7.98421 2.3
    endloop
  endfacet
  facet normal -0 0 1
    outer loop
      vertex -71.8738 9.82287 2.3
      vertex -71.4991 7.8583 2.3
      vertex -70.6279 9.98027 2.3
    endloop
  endfacet
  facet normal 0 0 1
    outer loop
      vertex -71.8738 9.82287 2.3
      vertex -72.4721 7.60845 2.3
      vertex -71.4991 7.8583 2.3
    endloop
  endfacet
  facet normal -0 0 1
    outer loop
      vertex -73.0902 9.51056 2.3
      vertex -72.4721 7.60845 2.3
      vertex -71.8738 9.82287 2.3
    endloop
  endfacet
  facet normal 0 0 1
    outer loop
      vertex -73.0902 9.51056 2.3
      vertex -73.4062 7.23862 2.3
      vertex -72.4721 7.60845 2.3
    endloop
  endfacet
  facet normal -0 0 1
    outer loop
      vertex -74.2578 9.04827 2.3
      vertex -73.4062 7.23862 2.3
      vertex -73.0902 9.51056 2.3
    endloop
  endfacet
  facet normal 0 0 1
    outer loop
      vertex -74.2578 9.04827 2.3
      vertex -74.2866 6.75462 2.3
      vertex -73.4062 7.23862 2.3
    endloop
  endfacet
  facet normal -0 0 1
    outer loop
      vertex -75.3583 8.44328 2.3
      vertex -74.2866 6.75462 2.3
      vertex -74.2578 9.04827 2.3
    endloop
  endfacet
  facet normal 0 0 1
    outer loop
      vertex -74.2866 6.75462 2.3
      vertex -75.3583 8.44328 2.3
      vertex -75.0994 6.16411 2.3
    endloop
  endfacet
  facet normal -0 0 1
    outer loop
      vertex -76.3742 7.70513 2.3
      vertex -75.0994 6.16411 2.3
      vertex -75.3583 8.44328 2.3
    endloop
  endfacet
  facet normal 0 0 1
    outer loop
      vertex -75.0994 6.16411 2.3
      vertex -76.3742 7.70513 2.3
      vertex -75.8317 5.47638 2.3
    endloop
  endfacet
  facet normal -0 0 1
    outer loop
      vertex -77.2897 6.84547 2.3
      vertex -75.8317 5.47638 2.3
      vertex -76.3742 7.70513 2.3
    endloop
  endfacet
  facet normal 0 0 1
    outer loop
      vertex -75.8317 5.47638 2.3
      vertex -77.2897 6.84547 2.3
      vertex -76.4721 4.70228 2.3
    endloop
  endfacet
  facet normal -0 0 1
    outer loop
      vertex -78.0902 5.87785 2.3
      vertex -76.4721 4.70228 2.3
      vertex -77.2897 6.84547 2.3
    endloop
  endfacet
  facet normal 0 0 1
    outer loop
      vertex -76.4721 4.70228 2.3
      vertex -78.0902 5.87785 2.3
      vertex -77.0105 3.85403 2.3
    endloop
  endfacet
  facet normal -0 0 1
    outer loop
      vertex -78.7631 4.81754 2.3
      vertex -77.0105 3.85403 2.3
      vertex -78.0902 5.87785 2.3
    endloop
  endfacet
  facet normal 0 0 1
    outer loop
      vertex -77.0105 3.85403 2.3
      vertex -78.7631 4.81754 2.3
      vertex -77.4382 2.945 2.3
    endloop
  endfacet
  facet normal 0 0 1
    outer loop
      vertex -77.4382 2.945 2.3
      vertex -79.2978 3.68124 2.3
      vertex -77.7487 1.98952 2.3
    endloop
  endfacet
  facet normal -0 0 1
    outer loop
      vertex -79.2978 3.68124 2.3
      vertex -77.4382 2.945 2.3
      vertex -78.7631 4.81754 2.3
    endloop
  endfacet
  facet normal -0 0 1
    outer loop
      vertex -62.5618 -2.945 2.3
      vertex -60.7022 -3.68124 2.3
      vertex -62.2513 -1.98952 2.3
    endloop
  endfacet
  facet normal 0 0 1
    outer loop
      vertex -60.7022 -3.68124 2.3
      vertex -62.5618 -2.945 2.3
      vertex -61.2369 -4.81754 2.3
    endloop
  endfacet
  facet normal -0 0 1
    outer loop
      vertex -62.9895 -3.85403 2.3
      vertex -61.2369 -4.81754 2.3
      vertex -62.5618 -2.945 2.3
    endloop
  endfacet
  facet normal 0 0 1
    outer loop
      vertex -61.2369 -4.81754 2.3
      vertex -62.9895 -3.85403 2.3
      vertex -61.9098 -5.87785 2.3
    endloop
  endfacet
  facet normal -0 0 1
    outer loop
      vertex -63.5279 -4.70228 2.3
      vertex -61.9098 -5.87785 2.3
      vertex -62.9895 -3.85403 2.3
    endloop
  endfacet
  facet normal 0 0 1
    outer loop
      vertex -61.9098 -5.87785 2.3
      vertex -63.5279 -4.70228 2.3
      vertex -62.7103 -6.84547 2.3
    endloop
  endfacet
  facet normal -0 0 1
    outer loop
      vertex -64.1683 -5.47638 2.3
      vertex -62.7103 -6.84547 2.3
      vertex -63.5279 -4.70228 2.3
    endloop
  endfacet
  facet normal 0 0 1
    outer loop
      vertex -62.7103 -6.84547 2.3
      vertex -64.1683 -5.47638 2.3
      vertex -63.6258 -7.70513 2.3
    endloop
  endfacet
  facet normal -0 0 1
    outer loop
      vertex -64.9006 -6.16411 2.3
      vertex -63.6258 -7.70513 2.3
      vertex -64.1683 -5.47638 2.3
    endloop
  endfacet
  facet normal 0 0 1
    outer loop
      vertex -63.6258 -7.70513 2.3
      vertex -64.9006 -6.16411 2.3
      vertex -64.6417 -8.44328 2.3
    endloop
  endfacet
  facet normal -0 0 1
    outer loop
      vertex -65.7134 -6.75462 2.3
      vertex -64.6417 -8.44328 2.3
      vertex -64.9006 -6.16411 2.3
    endloop
  endfacet
  facet normal 0 0 1
    outer loop
      vertex -65.7134 -6.75462 2.3
      vertex -65.7422 -9.04827 2.3
      vertex -64.6417 -8.44328 2.3
    endloop
  endfacet
  facet normal -0 0 1
    outer loop
      vertex -66.5938 -7.23862 2.3
      vertex -65.7422 -9.04827 2.3
      vertex -65.7134 -6.75462 2.3
    endloop
  endfacet
  facet normal 0 0 1
    outer loop
      vertex -66.5938 -7.23862 2.3
      vertex -66.9098 -9.51056 2.3
      vertex -65.7422 -9.04827 2.3
    endloop
  endfacet
  facet normal -0 0 1
    outer loop
      vertex -67.5279 -7.60845 2.3
      vertex -66.9098 -9.51056 2.3
      vertex -66.5938 -7.23862 2.3
    endloop
  endfacet
  facet normal 0 0 1
    outer loop
      vertex -67.5279 -7.60845 2.3
      vertex -68.1262 -9.82287 2.3
      vertex -66.9098 -9.51056 2.3
    endloop
  endfacet
  facet normal -0 0 1
    outer loop
      vertex -68.5009 -7.8583 2.3
      vertex -68.1262 -9.82287 2.3
      vertex -67.5279 -7.60845 2.3
    endloop
  endfacet
  facet normal 0 0 1
    outer loop
      vertex -68.5009 -7.8583 2.3
      vertex -69.3721 -9.98027 2.3
      vertex -68.1262 -9.82287 2.3
    endloop
  endfacet
  facet normal -0 0 1
    outer loop
      vertex -69.4977 -7.98421 2.3
      vertex -69.3721 -9.98027 2.3
      vertex -68.5009 -7.8583 2.3
    endloop
  endfacet
  facet normal -0 0 1
    outer loop
      vertex -70.5023 -7.98421 2.3
      vertex -69.3721 -9.98027 2.3
      vertex -69.4977 -7.98421 2.3
    endloop
  endfacet
  facet normal 0 0 1
    outer loop
      vertex -70.5023 -7.98421 2.3
      vertex -70.6279 -9.98027 2.3
      vertex -69.3721 -9.98027 2.3
    endloop
  endfacet
  facet normal 0 0 1
    outer loop
      vertex -71.4991 -7.8583 2.3
      vertex -70.6279 -9.98027 2.3
      vertex -70.5023 -7.98421 2.3
    endloop
  endfacet
  facet normal 0 0 1
    outer loop
      vertex -71.4991 -7.8583 2.3
      vertex -71.8738 -9.82287 2.3
      vertex -70.6279 -9.98027 2.3
    endloop
  endfacet
  facet normal 0 0 1
    outer loop
      vertex -72.4721 -7.60845 2.3
      vertex -71.8738 -9.82287 2.3
      vertex -71.4991 -7.8583 2.3
    endloop
  endfacet
  facet normal 0 0 1
    outer loop
      vertex -72.4721 -7.60845 2.3
      vertex -73.0902 -9.51056 2.3
      vertex -71.8738 -9.82287 2.3
    endloop
  endfacet
  facet normal 0 0 1
    outer loop
      vertex -73.4062 -7.23862 2.3
      vertex -73.0902 -9.51056 2.3
      vertex -72.4721 -7.60845 2.3
    endloop
  endfacet
  facet normal 0 0 1
    outer loop
      vertex -73.4062 -7.23862 2.3
      vertex -74.2578 -9.04827 2.3
      vertex -73.0902 -9.51056 2.3
    endloop
  endfacet
  facet normal 0 0 1
    outer loop
      vertex -74.2866 -6.75462 2.3
      vertex -74.2578 -9.04827 2.3
      vertex -73.4062 -7.23862 2.3
    endloop
  endfacet
  facet normal 0 0 1
    outer loop
      vertex -75.3583 -8.44328 2.3
      vertex -74.2866 -6.75462 2.3
      vertex -75.0994 -6.16411 2.3
    endloop
  endfacet
  facet normal 0 0 1
    outer loop
      vertex -74.2866 -6.75462 2.3
      vertex -75.3583 -8.44328 2.3
      vertex -74.2578 -9.04827 2.3
    endloop
  endfacet
  facet normal 0 0 1
    outer loop
      vertex -76.3742 -7.70513 2.3
      vertex -75.0994 -6.16411 2.3
      vertex -75.8317 -5.47638 2.3
    endloop
  endfacet
  facet normal 0 0 1
    outer loop
      vertex -75.0994 -6.16411 2.3
      vertex -76.3742 -7.70513 2.3
      vertex -75.3583 -8.44328 2.3
    endloop
  endfacet
  facet normal 0 0 1
    outer loop
      vertex -77.2897 -6.84547 2.3
      vertex -75.8317 -5.47638 2.3
      vertex -76.4721 -4.70228 2.3
    endloop
  endfacet
  facet normal 0 0 1
    outer loop
      vertex -78.0902 -5.87785 2.3
      vertex -76.4721 -4.70228 2.3
      vertex -77.0105 -3.85403 2.3
    endloop
  endfacet
  facet normal 0 0 1
    outer loop
      vertex -75.8317 -5.47638 2.3
      vertex -77.2897 -6.84547 2.3
      vertex -76.3742 -7.70513 2.3
    endloop
  endfacet
  facet normal 0 0 1
    outer loop
      vertex -78.7631 -4.81754 2.3
      vertex -77.0105 -3.85403 2.3
      vertex -77.4382 -2.945 2.3
    endloop
  endfacet
  facet normal 0 0 1
    outer loop
      vertex -79.2978 -3.68124 2.3
      vertex -77.4382 -2.945 2.3
      vertex -77.7487 -1.98952 2.3
    endloop
  endfacet
  facet normal 0 0 1
    outer loop
      vertex -79.6858 -2.4869 2.3
      vertex -77.7487 -1.98952 2.3
      vertex -77.9369 -1.00267 2.3
    endloop
  endfacet
  facet normal 0 0 1
    outer loop
      vertex -76.4721 -4.70228 2.3
      vertex -78.0902 -5.87785 2.3
      vertex -77.2897 -6.84547 2.3
    endloop
  endfacet
  facet normal 0 0 1
    outer loop
      vertex -79.9211 -1.25333 2.3
      vertex -77.9369 -1.00267 2.3
      vertex -78 0 2.3
    endloop
  endfacet
  facet normal -0 0 1
    outer loop
      vertex -79.6858 2.4869 2.3
      vertex -77.7487 1.98952 2.3
      vertex -79.2978 3.68124 2.3
    endloop
  endfacet
  facet normal 0 0 1
    outer loop
      vertex -77.7487 1.98952 2.3
      vertex -79.6858 2.4869 2.3
      vertex -77.9369 1.00267 2.3
    endloop
  endfacet
  facet normal 0 0 1
    outer loop
      vertex -77.0105 -3.85403 2.3
      vertex -78.7631 -4.81754 2.3
      vertex -78.0902 -5.87785 2.3
    endloop
  endfacet
  facet normal -0 0 1
    outer loop
      vertex -79.9211 1.25333 2.3
      vertex -77.9369 1.00267 2.3
      vertex -79.6858 2.4869 2.3
    endloop
  endfacet
  facet normal 0 0 1
    outer loop
      vertex -77.4382 -2.945 2.3
      vertex -79.2978 -3.68124 2.3
      vertex -78.7631 -4.81754 2.3
    endloop
  endfacet
  facet normal 0 0 1
    outer loop
      vertex -77.9369 1.00267 2.3
      vertex -79.9211 1.25333 2.3
      vertex -78 0 2.3
    endloop
  endfacet
  facet normal 0 0 1
    outer loop
      vertex -77.7487 -1.98952 2.3
      vertex -79.6858 -2.4869 2.3
      vertex -79.2978 -3.68124 2.3
    endloop
  endfacet
  facet normal 0 0 1
    outer loop
      vertex -80 0 2.3
      vertex -78 0 2.3
      vertex -79.9211 1.25333 2.3
    endloop
  endfacet
  facet normal 0 0 1
    outer loop
      vertex -77.9369 -1.00267 2.3
      vertex -79.9211 -1.25333 2.3
      vertex -79.6858 -2.4869 2.3
    endloop
  endfacet
  facet normal 0 0 1
    outer loop
      vertex -78 0 2.3
      vertex -80 0 2.3
      vertex -79.9211 -1.25333 2.3
    endloop
  endfacet
  facet normal 0 0 1
    outer loop
      vertex -67.95 0 2.3
      vertex -63 0 2.3
      vertex -63.0552 0.877332 2.3
    endloop
  endfacet
  facet normal 0 0 1
    outer loop
      vertex -67.9662 0.256932 2.3
      vertex -63.0552 0.877332 2.3
      vertex -63.2199 1.74083 2.3
    endloop
  endfacet
  facet normal 0 0 1
    outer loop
      vertex -63 0 2.3
      vertex -67.95 0 2.3
      vertex -63.0552 -0.877332 2.3
    endloop
  endfacet
  facet normal 0 0 1
    outer loop
      vertex -68.0144 0.509814 2.3
      vertex -63.2199 1.74083 2.3
      vertex -63.4916 2.57687 2.3
    endloop
  endfacet
  facet normal -0 0 1
    outer loop
      vertex -67.9662 -0.256932 2.3
      vertex -63.0552 -0.877332 2.3
      vertex -67.95 0 2.3
    endloop
  endfacet
  facet normal 0 0 1
    outer loop
      vertex -68.094 0.754655 2.3
      vertex -63.4916 2.57687 2.3
      vertex -63.8659 3.37228 2.3
    endloop
  endfacet
  facet normal 0 0 1
    outer loop
      vertex -63.0552 -0.877332 2.3
      vertex -67.9662 -0.256932 2.3
      vertex -63.2199 -1.74083 2.3
    endloop
  endfacet
  facet normal 0 0 1
    outer loop
      vertex -68.2036 0.987595 2.3
      vertex -63.8659 3.37228 2.3
      vertex -64.3369 4.1145 2.3
    endloop
  endfacet
  facet normal -0 0 1
    outer loop
      vertex -68.0144 -0.509814 2.3
      vertex -63.2199 -1.74083 2.3
      vertex -67.9662 -0.256932 2.3
    endloop
  endfacet
  facet normal 0 0 1
    outer loop
      vertex -68.3415 1.20496 2.3
      vertex -64.3369 4.1145 2.3
      vertex -64.8972 4.79183 2.3
    endloop
  endfacet
  facet normal 0 0 1
    outer loop
      vertex -63.2199 -1.74083 2.3
      vertex -68.0144 -0.509814 2.3
      vertex -63.4916 -2.57687 2.3
    endloop
  endfacet
  facet normal 0 0 1
    outer loop
      vertex -68.5056 1.40332 2.3
      vertex -64.8972 4.79183 2.3
      vertex -65.538 5.39359 2.3
    endloop
  endfacet
  facet normal -0 0 1
    outer loop
      vertex -68.094 -0.754655 2.3
      vertex -63.4916 -2.57687 2.3
      vertex -68.0144 -0.509814 2.3
    endloop
  endfacet
  facet normal 0 0 1
    outer loop
      vertex -68.6933 1.57955 2.3
      vertex -65.538 5.39359 2.3
      vertex -66.2492 5.91029 2.3
    endloop
  endfacet
  facet normal 0 0 1
    outer loop
      vertex -63.4916 -2.57687 2.3
      vertex -68.094 -0.754655 2.3
      vertex -63.8659 -3.37228 2.3
    endloop
  endfacet
  facet normal 0 0 1
    outer loop
      vertex -68.9016 1.73087 2.3
      vertex -66.2492 5.91029 2.3
      vertex -67.0195 6.33379 2.3
    endloop
  endfacet
  facet normal -0 0 1
    outer loop
      vertex -68.2036 -0.987595 2.3
      vertex -63.8659 -3.37228 2.3
      vertex -68.094 -0.754655 2.3
    endloop
  endfacet
  facet normal 0 0 1
    outer loop
      vertex -69.1272 1.85489 2.3
      vertex -67.0195 6.33379 2.3
      vertex -67.8369 6.6574 2.3
    endloop
  endfacet
  facet normal 0 0 1
    outer loop
      vertex -63.8659 -3.37228 2.3
      vertex -68.2036 -0.987595 2.3
      vertex -64.3369 -4.1145 2.3
    endloop
  endfacet
  facet normal -0 0 1
    outer loop
      vertex -68.3415 -1.20496 2.3
      vertex -64.3369 -4.1145 2.3
      vertex -68.2036 -0.987595 2.3
    endloop
  endfacet
  facet normal 0 0 1
    outer loop
      vertex -63.0552 0.877332 2.3
      vertex -67.9662 0.256932 2.3
      vertex -67.95 0 2.3
    endloop
  endfacet
  facet normal 0 0 1
    outer loop
      vertex -63.2199 1.74083 2.3
      vertex -68.0144 0.509814 2.3
      vertex -67.9662 0.256932 2.3
    endloop
  endfacet
  facet normal 0 0 1
    outer loop
      vertex -63.4916 2.57687 2.3
      vertex -68.094 0.754655 2.3
      vertex -68.0144 0.509814 2.3
    endloop
  endfacet
  facet normal 0 0 1
    outer loop
      vertex -63.8659 3.37228 2.3
      vertex -68.2036 0.987595 2.3
      vertex -68.094 0.754655 2.3
    endloop
  endfacet
  facet normal 0 0 1
    outer loop
      vertex -64.3369 4.1145 2.3
      vertex -68.3415 1.20496 2.3
      vertex -68.2036 0.987595 2.3
    endloop
  endfacet
  facet normal 0 0 1
    outer loop
      vertex -64.8972 4.79183 2.3
      vertex -68.5056 1.40332 2.3
      vertex -68.3415 1.20496 2.3
    endloop
  endfacet
  facet normal 0 0 1
    outer loop
      vertex -69.3665 1.94967 2.3
      vertex -67.8369 6.6574 2.3
      vertex -68.6883 6.87601 2.3
    endloop
  endfacet
  facet normal 0 0 1
    outer loop
      vertex -65.538 5.39359 2.3
      vertex -68.6933 1.57955 2.3
      vertex -68.5056 1.40332 2.3
    endloop
  endfacet
  facet normal 0 0 1
    outer loop
      vertex -66.2492 5.91029 2.3
      vertex -68.9016 1.73087 2.3
      vertex -68.6933 1.57955 2.3
    endloop
  endfacet
  facet normal 0 0 1
    outer loop
      vertex -67.0195 6.33379 2.3
      vertex -69.1272 1.85489 2.3
      vertex -68.9016 1.73087 2.3
    endloop
  endfacet
  facet normal 0 0 1
    outer loop
      vertex -67.8369 6.6574 2.3
      vertex -69.3665 1.94967 2.3
      vertex -69.1272 1.85489 2.3
    endloop
  endfacet
  facet normal 0 0 1
    outer loop
      vertex -69.6159 2.01369 2.3
      vertex -68.6883 6.87601 2.3
      vertex -69.5605 6.98619 2.3
    endloop
  endfacet
  facet normal 0 0 1
    outer loop
      vertex -68.6883 6.87601 2.3
      vertex -69.6159 2.01369 2.3
      vertex -69.3665 1.94967 2.3
    endloop
  endfacet
  facet normal 0 0 1
    outer loop
      vertex -69.5605 6.98619 2.3
      vertex -69.8713 2.04595 2.3
      vertex -69.6159 2.01369 2.3
    endloop
  endfacet
  facet normal 0 0 1
    outer loop
      vertex -69.5605 6.98619 2.3
      vertex -70.1287 2.04595 2.3
      vertex -69.8713 2.04595 2.3
    endloop
  endfacet
  facet normal -0 0 1
    outer loop
      vertex -70.4395 6.98619 2.3
      vertex -70.1287 2.04595 2.3
      vertex -69.5605 6.98619 2.3
    endloop
  endfacet
  facet normal 0 0 1
    outer loop
      vertex -70.1287 2.04595 2.3
      vertex -70.4395 6.98619 2.3
      vertex -70.3841 2.01369 2.3
    endloop
  endfacet
  facet normal -0 0 1
    outer loop
      vertex -71.3117 6.87601 2.3
      vertex -70.3841 2.01369 2.3
      vertex -70.4395 6.98619 2.3
    endloop
  endfacet
  facet normal 0 0 1
    outer loop
      vertex -70.3841 2.01369 2.3
      vertex -71.3117 6.87601 2.3
      vertex -70.6335 1.94967 2.3
    endloop
  endfacet
  facet normal -0 0 1
    outer loop
      vertex -72.1631 6.6574 2.3
      vertex -70.6335 1.94967 2.3
      vertex -71.3117 6.87601 2.3
    endloop
  endfacet
  facet normal 0 0 1
    outer loop
      vertex -70.6335 1.94967 2.3
      vertex -72.1631 6.6574 2.3
      vertex -70.8728 1.85489 2.3
    endloop
  endfacet
  facet normal -0 0 1
    outer loop
      vertex -72.9805 6.33379 2.3
      vertex -70.8728 1.85489 2.3
      vertex -72.1631 6.6574 2.3
    endloop
  endfacet
  facet normal 0 0 1
    outer loop
      vertex -70.8728 1.85489 2.3
      vertex -72.9805 6.33379 2.3
      vertex -71.0984 1.73087 2.3
    endloop
  endfacet
  facet normal -0 0 1
    outer loop
      vertex -73.7508 5.91029 2.3
      vertex -71.0984 1.73087 2.3
      vertex -72.9805 6.33379 2.3
    endloop
  endfacet
  facet normal 0 0 1
    outer loop
      vertex -71.0984 1.73087 2.3
      vertex -73.7508 5.91029 2.3
      vertex -71.3067 1.57955 2.3
    endloop
  endfacet
  facet normal -0 0 1
    outer loop
      vertex -74.462 5.39359 2.3
      vertex -71.3067 1.57955 2.3
      vertex -73.7508 5.91029 2.3
    endloop
  endfacet
  facet normal 0 0 1
    outer loop
      vertex -71.3067 1.57955 2.3
      vertex -74.462 5.39359 2.3
      vertex -71.4944 1.40332 2.3
    endloop
  endfacet
  facet normal -0 0 1
    outer loop
      vertex -75.1028 4.79183 2.3
      vertex -71.4944 1.40332 2.3
      vertex -74.462 5.39359 2.3
    endloop
  endfacet
  facet normal -0 0 1
    outer loop
      vertex -75.6631 4.1145 2.3
      vertex -71.6585 1.20496 2.3
      vertex -75.1028 4.79183 2.3
    endloop
  endfacet
  facet normal 0 0 1
    outer loop
      vertex -71.4944 1.40332 2.3
      vertex -75.1028 4.79183 2.3
      vertex -71.6585 1.20496 2.3
    endloop
  endfacet
  facet normal 0 0 1
    outer loop
      vertex -64.3369 -4.1145 2.3
      vertex -68.3415 -1.20496 2.3
      vertex -64.8972 -4.79183 2.3
    endloop
  endfacet
  facet normal -0 0 1
    outer loop
      vertex -68.5056 -1.40332 2.3
      vertex -64.8972 -4.79183 2.3
      vertex -68.3415 -1.20496 2.3
    endloop
  endfacet
  facet normal 0 0 1
    outer loop
      vertex -64.8972 -4.79183 2.3
      vertex -68.5056 -1.40332 2.3
      vertex -65.538 -5.39359 2.3
    endloop
  endfacet
  facet normal -0 0 1
    outer loop
      vertex -68.6933 -1.57955 2.3
      vertex -65.538 -5.39359 2.3
      vertex -68.5056 -1.40332 2.3
    endloop
  endfacet
  facet normal 0 0 1
    outer loop
      vertex -65.538 -5.39359 2.3
      vertex -68.6933 -1.57955 2.3
      vertex -66.2492 -5.91029 2.3
    endloop
  endfacet
  facet normal -0 0 1
    outer loop
      vertex -68.9016 -1.73087 2.3
      vertex -66.2492 -5.91029 2.3
      vertex -68.6933 -1.57955 2.3
    endloop
  endfacet
  facet normal 0 0 1
    outer loop
      vertex -66.2492 -5.91029 2.3
      vertex -68.9016 -1.73087 2.3
      vertex -67.0195 -6.33379 2.3
    endloop
  endfacet
  facet normal -0 0 1
    outer loop
      vertex -69.1272 -1.85489 2.3
      vertex -67.0195 -6.33379 2.3
      vertex -68.9016 -1.73087 2.3
    endloop
  endfacet
  facet normal 0 0 1
    outer loop
      vertex -67.0195 -6.33379 2.3
      vertex -69.1272 -1.85489 2.3
      vertex -67.8369 -6.6574 2.3
    endloop
  endfacet
  facet normal -0 0 1
    outer loop
      vertex -69.3665 -1.94967 2.3
      vertex -67.8369 -6.6574 2.3
      vertex -69.1272 -1.85489 2.3
    endloop
  endfacet
  facet normal 0 0 1
    outer loop
      vertex -67.8369 -6.6574 2.3
      vertex -69.3665 -1.94967 2.3
      vertex -68.6883 -6.87601 2.3
    endloop
  endfacet
  facet normal -0 0 1
    outer loop
      vertex -69.6159 -2.01369 2.3
      vertex -68.6883 -6.87601 2.3
      vertex -69.3665 -1.94967 2.3
    endloop
  endfacet
  facet normal 0 0 1
    outer loop
      vertex -68.6883 -6.87601 2.3
      vertex -69.6159 -2.01369 2.3
      vertex -69.5605 -6.98619 2.3
    endloop
  endfacet
  facet normal -0 0 1
    outer loop
      vertex -69.8713 -2.04595 2.3
      vertex -69.5605 -6.98619 2.3
      vertex -69.6159 -2.01369 2.3
    endloop
  endfacet
  facet normal -0 0 1
    outer loop
      vertex -70.1287 -2.04595 2.3
      vertex -69.5605 -6.98619 2.3
      vertex -69.8713 -2.04595 2.3
    endloop
  endfacet
  facet normal 0 0 1
    outer loop
      vertex -70.4395 -6.98619 2.3
      vertex -70.1287 -2.04595 2.3
      vertex -70.3841 -2.01369 2.3
    endloop
  endfacet
  facet normal 0 0 1
    outer loop
      vertex -70.1287 -2.04595 2.3
      vertex -70.4395 -6.98619 2.3
      vertex -69.5605 -6.98619 2.3
    endloop
  endfacet
  facet normal 0 0 1
    outer loop
      vertex -71.3117 -6.87601 2.3
      vertex -70.3841 -2.01369 2.3
      vertex -70.6335 -1.94967 2.3
    endloop
  endfacet
  facet normal 0 0 1
    outer loop
      vertex -72.1631 -6.6574 2.3
      vertex -70.6335 -1.94967 2.3
      vertex -70.8728 -1.85489 2.3
    endloop
  endfacet
  facet normal 0 0 1
    outer loop
      vertex -72.9805 -6.33379 2.3
      vertex -70.8728 -1.85489 2.3
      vertex -71.0984 -1.73087 2.3
    endloop
  endfacet
  facet normal 0 0 1
    outer loop
      vertex -73.7508 -5.91029 2.3
      vertex -71.0984 -1.73087 2.3
      vertex -71.3067 -1.57955 2.3
    endloop
  endfacet
  facet normal 0 0 1
    outer loop
      vertex -70.3841 -2.01369 2.3
      vertex -71.3117 -6.87601 2.3
      vertex -70.4395 -6.98619 2.3
    endloop
  endfacet
  facet normal 0 0 1
    outer loop
      vertex -74.462 -5.39359 2.3
      vertex -71.3067 -1.57955 2.3
      vertex -71.4944 -1.40332 2.3
    endloop
  endfacet
  facet normal 0 0 1
    outer loop
      vertex -75.1028 -4.79183 2.3
      vertex -71.4944 -1.40332 2.3
      vertex -71.6585 -1.20496 2.3
    endloop
  endfacet
  facet normal 0 0 1
    outer loop
      vertex -75.6631 -4.1145 2.3
      vertex -71.6585 -1.20496 2.3
      vertex -71.7964 -0.987595 2.3
    endloop
  endfacet
  facet normal 0 0 1
    outer loop
      vertex -76.1341 -3.37228 2.3
      vertex -71.7964 -0.987595 2.3
      vertex -71.906 -0.754655 2.3
    endloop
  endfacet
  facet normal 0 0 1
    outer loop
      vertex -76.5084 -2.57687 2.3
      vertex -71.906 -0.754655 2.3
      vertex -71.9856 -0.509814 2.3
    endloop
  endfacet
  facet normal 0 0 1
    outer loop
      vertex -76.7801 -1.74083 2.3
      vertex -71.9856 -0.509814 2.3
      vertex -72.0338 -0.256932 2.3
    endloop
  endfacet
  facet normal 0 0 1
    outer loop
      vertex -70.6335 -1.94967 2.3
      vertex -72.1631 -6.6574 2.3
      vertex -71.3117 -6.87601 2.3
    endloop
  endfacet
  facet normal 0 0 1
    outer loop
      vertex -76.9448 -0.877332 2.3
      vertex -72.0338 -0.256932 2.3
      vertex -72.05 0 2.3
    endloop
  endfacet
  facet normal 0 0 1
    outer loop
      vertex -71.6585 1.20496 2.3
      vertex -75.6631 4.1145 2.3
      vertex -71.7964 0.987595 2.3
    endloop
  endfacet
  facet normal -0 0 1
    outer loop
      vertex -76.1341 3.37228 2.3
      vertex -71.7964 0.987595 2.3
      vertex -75.6631 4.1145 2.3
    endloop
  endfacet
  facet normal 0 0 1
    outer loop
      vertex -70.8728 -1.85489 2.3
      vertex -72.9805 -6.33379 2.3
      vertex -72.1631 -6.6574 2.3
    endloop
  endfacet
  facet normal 0 0 1
    outer loop
      vertex -71.7964 0.987595 2.3
      vertex -76.1341 3.37228 2.3
      vertex -71.906 0.754655 2.3
    endloop
  endfacet
  facet normal 0 0 1
    outer loop
      vertex -71.0984 -1.73087 2.3
      vertex -73.7508 -5.91029 2.3
      vertex -72.9805 -6.33379 2.3
    endloop
  endfacet
  facet normal -0 0 1
    outer loop
      vertex -76.5084 2.57687 2.3
      vertex -71.906 0.754655 2.3
      vertex -76.1341 3.37228 2.3
    endloop
  endfacet
  facet normal 0 0 1
    outer loop
      vertex -71.3067 -1.57955 2.3
      vertex -74.462 -5.39359 2.3
      vertex -73.7508 -5.91029 2.3
    endloop
  endfacet
  facet normal 0 0 1
    outer loop
      vertex -71.906 0.754655 2.3
      vertex -76.5084 2.57687 2.3
      vertex -71.9856 0.509814 2.3
    endloop
  endfacet
  facet normal 0 0 1
    outer loop
      vertex -71.4944 -1.40332 2.3
      vertex -75.1028 -4.79183 2.3
      vertex -74.462 -5.39359 2.3
    endloop
  endfacet
  facet normal -0 0 1
    outer loop
      vertex -76.7801 1.74083 2.3
      vertex -71.9856 0.509814 2.3
      vertex -76.5084 2.57687 2.3
    endloop
  endfacet
  facet normal 0 0 1
    outer loop
      vertex -71.6585 -1.20496 2.3
      vertex -75.6631 -4.1145 2.3
      vertex -75.1028 -4.79183 2.3
    endloop
  endfacet
  facet normal 0 0 1
    outer loop
      vertex -71.9856 0.509814 2.3
      vertex -76.7801 1.74083 2.3
      vertex -72.0338 0.256932 2.3
    endloop
  endfacet
  facet normal 0 0 1
    outer loop
      vertex -71.7964 -0.987595 2.3
      vertex -76.1341 -3.37228 2.3
      vertex -75.6631 -4.1145 2.3
    endloop
  endfacet
  facet normal -0 0 1
    outer loop
      vertex -76.9448 0.877332 2.3
      vertex -72.0338 0.256932 2.3
      vertex -76.7801 1.74083 2.3
    endloop
  endfacet
  facet normal 0 0 1
    outer loop
      vertex -71.906 -0.754655 2.3
      vertex -76.5084 -2.57687 2.3
      vertex -76.1341 -3.37228 2.3
    endloop
  endfacet
  facet normal 0 0 1
    outer loop
      vertex -72.0338 0.256932 2.3
      vertex -76.9448 0.877332 2.3
      vertex -72.05 0 2.3
    endloop
  endfacet
  facet normal 0 0 1
    outer loop
      vertex -71.9856 -0.509814 2.3
      vertex -76.7801 -1.74083 2.3
      vertex -76.5084 -2.57687 2.3
    endloop
  endfacet
  facet normal 0 0 1
    outer loop
      vertex -77 0 2.3
      vertex -72.05 0 2.3
      vertex -76.9448 0.877332 2.3
    endloop
  endfacet
  facet normal 0 0 1
    outer loop
      vertex -72.0338 -0.256932 2.3
      vertex -76.9448 -0.877332 2.3
      vertex -76.7801 -1.74083 2.3
    endloop
  endfacet
  facet normal 0 0 1
    outer loop
      vertex -72.05 0 2.3
      vertex -77 0 2.3
      vertex -76.9448 -0.877332 2.3
    endloop
  endfacet
  facet normal 0.770507 0.637431 0
    outer loop
      vertex -61.9098 5.87785 2.3
      vertex -62.7103 6.84547 0.5
      vertex -62.7103 6.84547 2.3
    endloop
  endfacet
  facet normal 0.770507 0.637431 0
    outer loop
      vertex -62.7103 6.84547 0.5
      vertex -61.9098 5.87785 2.3
      vertex -61.9098 5.87785 0.5
    endloop
  endfacet
  facet normal -0.904828 -0.425778 0
    outer loop
      vertex -78.7631 -4.81754 0
      vertex -79.2978 -3.68124 2.3
      vertex -79.2978 -3.68124 0
    endloop
  endfacet
  facet normal -0.904828 -0.425778 0
    outer loop
      vertex -79.2978 -3.68124 2.3
      vertex -78.7631 -4.81754 0
      vertex -78.7631 -4.81754 2.3
    endloop
  endfacet
  facet normal 0.904828 -0.425778 0
    outer loop
      vertex -61.2369 -4.81754 2.3
      vertex -60.7022 -3.68124 0.5
      vertex -60.7022 -3.68124 2.3
    endloop
  endfacet
  facet normal 0.904828 -0.425778 0
    outer loop
      vertex -60.7022 -3.68124 0.5
      vertex -61.2369 -4.81754 2.3
      vertex -61.2369 -4.81754 0.5
    endloop
  endfacet
  facet normal 0.587814 -0.808996 0
    outer loop
      vertex -64.6417 -8.44328 0.5
      vertex -63.6258 -7.70513 2.3
      vertex -64.6417 -8.44328 2.3
    endloop
  endfacet
  facet normal 0.587814 -0.808996 0
    outer loop
      vertex -63.6258 -7.70513 2.3
      vertex -64.6417 -8.44328 0.5
      vertex -63.6258 -7.70513 0.5
    endloop
  endfacet
  facet normal -0.368128 -0.929775 0
    outer loop
      vertex -74.2578 -9.04827 0
      vertex -73.0902 -9.51056 2.3
      vertex -74.2578 -9.04827 2.3
    endloop
  endfacet
  facet normal -0.368128 -0.929775 -0
    outer loop
      vertex -73.0902 -9.51056 2.3
      vertex -74.2578 -9.04827 0
      vertex -73.0902 -9.51056 0
    endloop
  endfacet
  facet normal 0.48174 0.876314 -0
    outer loop
      vertex -70.8728 -1.85489 0.5
      vertex -71.0984 -1.73087 2.3
      vertex -70.8728 -1.85489 2.3
    endloop
  endfacet
  facet normal 0.48174 0.876314 0
    outer loop
      vertex -71.0984 -1.73087 2.3
      vertex -70.8728 -1.85489 0.5
      vertex -71.0984 -1.73087 0.5
    endloop
  endfacet
  facet normal -0.982316 -0.187232 0
    outer loop
      vertex -67.9662 0.256932 0.5
      vertex -68.0144 0.509814 2.3
      vertex -68.0144 0.509814 0.5
    endloop
  endfacet
  facet normal -0.982316 -0.187232 0
    outer loop
      vertex -68.0144 0.509814 2.3
      vertex -67.9662 0.256932 0.5
      vertex -67.9662 0.256932 2.3
    endloop
  endfacet
  facet normal -0.998018 -0.0629267 0
    outer loop
      vertex -67.95 0 0.5
      vertex -67.9662 0.256932 2.3
      vertex -67.9662 0.256932 0.5
    endloop
  endfacet
  facet normal -0.998018 -0.0629267 0
    outer loop
      vertex -67.9662 0.256932 2.3
      vertex -67.95 0 0.5
      vertex -67.95 0 2.3
    endloop
  endfacet
  facet normal -0.982316 0.187232 0
    outer loop
      vertex -68.0144 -0.509814 0.5
      vertex -67.9662 -0.256932 2.3
      vertex -67.9662 -0.256932 0.5
    endloop
  endfacet
  facet normal -0.982316 0.187232 0
    outer loop
      vertex -67.9662 -0.256932 2.3
      vertex -68.0144 -0.509814 0.5
      vertex -68.0144 -0.509814 2.3
    endloop
  endfacet
  facet normal 0.982316 0.187232 0
    outer loop
      vertex -71.9856 -0.509814 2.3
      vertex -72.0338 -0.256932 0.5
      vertex -72.0338 -0.256932 2.3
    endloop
  endfacet
  facet normal 0.982316 0.187232 0
    outer loop
      vertex -72.0338 -0.256932 0.5
      vertex -71.9856 -0.509814 2.3
      vertex -71.9856 -0.509814 0.5
    endloop
  endfacet
  facet normal -0.48174 -0.876314 0
    outer loop
      vertex -69.1272 1.85489 0.5
      vertex -68.9016 1.73087 2.3
      vertex -69.1272 1.85489 2.3
    endloop
  endfacet
  facet normal -0.48174 -0.876314 -0
    outer loop
      vertex -68.9016 1.73087 2.3
      vertex -69.1272 1.85489 0.5
      vertex -68.9016 1.73087 0.5
    endloop
  endfacet
  facet normal -0.684481 -0.729031 0
    outer loop
      vertex -68.6933 1.57955 0.5
      vertex -68.5056 1.40332 2.3
      vertex -68.6933 1.57955 2.3
    endloop
  endfacet
  facet normal -0.684481 -0.729031 -0
    outer loop
      vertex -68.5056 1.40332 2.3
      vertex -68.6933 1.57955 0.5
      vertex -68.5056 1.40332 0.5
    endloop
  endfacet
  facet normal 0 1 -0
    outer loop
      vertex -69.8713 -2.04595 0.5
      vertex -70.1287 -2.04595 2.3
      vertex -69.8713 -2.04595 2.3
    endloop
  endfacet
  facet normal 0 1 0
    outer loop
      vertex -70.1287 -2.04595 2.3
      vertex -69.8713 -2.04595 0.5
      vertex -70.1287 -2.04595 0.5
    endloop
  endfacet
  facet normal -0.48174 0.876314 0
    outer loop
      vertex -68.9016 -1.73087 0.5
      vertex -69.1272 -1.85489 2.3
      vertex -68.9016 -1.73087 2.3
    endloop
  endfacet
  facet normal -0.48174 0.876314 0
    outer loop
      vertex -69.1272 -1.85489 2.3
      vertex -68.9016 -1.73087 0.5
      vertex -69.1272 -1.85489 0.5
    endloop
  endfacet
  facet normal 0.587737 0.809052 -0
    outer loop
      vertex -71.0984 -1.73087 0.5
      vertex -71.3067 -1.57955 2.3
      vertex -71.0984 -1.73087 2.3
    endloop
  endfacet
  facet normal 0.587737 0.809052 0
    outer loop
      vertex -71.3067 -1.57955 2.3
      vertex -71.0984 -1.73087 0.5
      vertex -71.3067 -1.57955 0.5
    endloop
  endfacet
  facet normal -0.998018 0.0629267 0
    outer loop
      vertex -67.9662 -0.256932 0.5
      vertex -67.95 0 2.3
      vertex -67.95 0 0.5
    endloop
  endfacet
  facet normal -0.998018 0.0629267 0
    outer loop
      vertex -67.95 0 2.3
      vertex -67.9662 -0.256932 0.5
      vertex -67.9662 -0.256932 2.3
    endloop
  endfacet
  facet normal -0.904847 0.425737 0
    outer loop
      vertex -68.2036 -0.987595 0.5
      vertex -68.094 -0.754655 2.3
      vertex -68.094 -0.754655 0.5
    endloop
  endfacet
  facet normal -0.904847 0.425737 0
    outer loop
      vertex -68.094 -0.754655 2.3
      vertex -68.2036 -0.987595 0.5
      vertex -68.2036 -0.987595 2.3
    endloop
  endfacet
  facet normal -0.844405 -0.535705 0
    outer loop
      vertex -68.2036 0.987595 0.5
      vertex -68.3415 1.20496 2.3
      vertex -68.3415 1.20496 0.5
    endloop
  endfacet
  facet normal -0.844405 -0.535705 0
    outer loop
      vertex -68.3415 1.20496 2.3
      vertex -68.2036 0.987595 0.5
      vertex -68.2036 0.987595 2.3
    endloop
  endfacet
  facet normal 0.684481 0.729031 -0
    outer loop
      vertex -71.3067 -1.57955 0.5
      vertex -71.4944 -1.40332 2.3
      vertex -71.3067 -1.57955 2.3
    endloop
  endfacet
  facet normal 0.684481 0.729031 0
    outer loop
      vertex -71.4944 -1.40332 2.3
      vertex -71.3067 -1.57955 0.5
      vertex -71.4944 -1.40332 0.5
    endloop
  endfacet
  facet normal -0.844405 0.535705 0
    outer loop
      vertex -68.3415 -1.20496 0.5
      vertex -68.2036 -0.987595 2.3
      vertex -68.2036 -0.987595 0.5
    endloop
  endfacet
  facet normal -0.844405 0.535705 0
    outer loop
      vertex -68.2036 -0.987595 2.3
      vertex -68.3415 -1.20496 0.5
      vertex -68.3415 -1.20496 2.3
    endloop
  endfacet
  facet normal 0.982316 -0.187232 0
    outer loop
      vertex -72.0338 0.256932 2.3
      vertex -71.9856 0.509814 0.5
      vertex -71.9856 0.509814 2.3
    endloop
  endfacet
  facet normal 0.982316 -0.187232 0
    outer loop
      vertex -71.9856 0.509814 0.5
      vertex -72.0338 0.256932 2.3
      vertex -72.0338 0.256932 0.5
    endloop
  endfacet
  facet normal 0.125316 -0.992117 0
    outer loop
      vertex -70.3841 2.01369 0.5
      vertex -70.1287 2.04595 2.3
      vertex -70.3841 2.01369 2.3
    endloop
  endfacet
  facet normal 0.125316 -0.992117 0
    outer loop
      vertex -70.1287 2.04595 2.3
      vertex -70.3841 2.01369 0.5
      vertex -70.1287 2.04595 0.5
    endloop
  endfacet
  facet normal -0.36824 -0.929731 0
    outer loop
      vertex -69.3665 1.94967 0.5
      vertex -69.1272 1.85489 2.3
      vertex -69.3665 1.94967 2.3
    endloop
  endfacet
  facet normal -0.36824 -0.929731 -0
    outer loop
      vertex -69.1272 1.85489 2.3
      vertex -69.3665 1.94967 0.5
      vertex -69.1272 1.85489 0.5
    endloop
  endfacet
  facet normal -0.904847 -0.425737 0
    outer loop
      vertex -68.094 0.754655 0.5
      vertex -68.2036 0.987595 2.3
      vertex -68.2036 0.987595 0.5
    endloop
  endfacet
  facet normal -0.904847 -0.425737 0
    outer loop
      vertex -68.2036 0.987595 2.3
      vertex -68.094 0.754655 0.5
      vertex -68.094 0.754655 2.3
    endloop
  endfacet
  facet normal 0.248635 0.968597 -0
    outer loop
      vertex -70.3841 -2.01369 0.5
      vertex -70.6335 -1.94967 2.3
      vertex -70.3841 -2.01369 2.3
    endloop
  endfacet
  facet normal 0.248635 0.968597 0
    outer loop
      vertex -70.6335 -1.94967 2.3
      vertex -70.3841 -2.01369 0.5
      vertex -70.6335 -1.94967 0.5
    endloop
  endfacet
  facet normal -0.951004 0.30918 0
    outer loop
      vertex -68.094 -0.754655 0.5
      vertex -68.0144 -0.509814 2.3
      vertex -68.0144 -0.509814 0.5
    endloop
  endfacet
  facet normal -0.951004 0.30918 0
    outer loop
      vertex -68.0144 -0.509814 2.3
      vertex -68.094 -0.754655 0.5
      vertex -68.094 -0.754655 2.3
    endloop
  endfacet
  facet normal 0.48174 -0.876314 0
    outer loop
      vertex -71.0984 1.73087 0.5
      vertex -70.8728 1.85489 2.3
      vertex -71.0984 1.73087 2.3
    endloop
  endfacet
  facet normal 0.48174 -0.876314 0
    outer loop
      vertex -70.8728 1.85489 2.3
      vertex -71.0984 1.73087 0.5
      vertex -70.8728 1.85489 0.5
    endloop
  endfacet
  facet normal 0.248635 -0.968597 0
    outer loop
      vertex -70.6335 1.94967 0.5
      vertex -70.3841 2.01369 2.3
      vertex -70.6335 1.94967 2.3
    endloop
  endfacet
  facet normal 0.248635 -0.968597 0
    outer loop
      vertex -70.3841 2.01369 2.3
      vertex -70.6335 1.94967 0.5
      vertex -70.3841 2.01369 0.5
    endloop
  endfacet
  facet normal -0.587737 0.809052 0
    outer loop
      vertex -68.6933 -1.57955 0.5
      vertex -68.9016 -1.73087 2.3
      vertex -68.6933 -1.57955 2.3
    endloop
  endfacet
  facet normal -0.587737 0.809052 0
    outer loop
      vertex -68.9016 -1.73087 2.3
      vertex -68.6933 -1.57955 0.5
      vertex -68.9016 -1.73087 0.5
    endloop
  endfacet
  facet normal 0.998018 0.0629267 0
    outer loop
      vertex -72.0338 -0.256932 2.3
      vertex -72.05 0 0.5
      vertex -72.05 0 2.3
    endloop
  endfacet
  facet normal 0.998018 0.0629267 0
    outer loop
      vertex -72.05 0 0.5
      vertex -72.0338 -0.256932 2.3
      vertex -72.0338 -0.256932 0.5
    endloop
  endfacet
  facet normal 0.684481 -0.729031 0
    outer loop
      vertex -71.4944 1.40332 0.5
      vertex -71.3067 1.57955 2.3
      vertex -71.4944 1.40332 2.3
    endloop
  endfacet
  facet normal 0.684481 -0.729031 0
    outer loop
      vertex -71.3067 1.57955 2.3
      vertex -71.4944 1.40332 0.5
      vertex -71.3067 1.57955 0.5
    endloop
  endfacet
  facet normal -0.587737 -0.809052 0
    outer loop
      vertex -68.9016 1.73087 0.5
      vertex -68.6933 1.57955 2.3
      vertex -68.9016 1.73087 2.3
    endloop
  endfacet
  facet normal -0.587737 -0.809052 -0
    outer loop
      vertex -68.6933 1.57955 2.3
      vertex -68.9016 1.73087 0.5
      vertex -68.6933 1.57955 0.5
    endloop
  endfacet
  facet normal 0.951004 -0.30918 0
    outer loop
      vertex -71.9856 0.509814 2.3
      vertex -71.906 0.754655 0.5
      vertex -71.906 0.754655 2.3
    endloop
  endfacet
  facet normal 0.951004 -0.30918 0
    outer loop
      vertex -71.906 0.754655 0.5
      vertex -71.9856 0.509814 2.3
      vertex -71.9856 0.509814 0.5
    endloop
  endfacet
  facet normal 0.36824 -0.929731 0
    outer loop
      vertex -70.8728 1.85489 0.5
      vertex -70.6335 1.94967 2.3
      vertex -70.8728 1.85489 2.3
    endloop
  endfacet
  facet normal 0.36824 -0.929731 0
    outer loop
      vertex -70.6335 1.94967 2.3
      vertex -70.8728 1.85489 0.5
      vertex -70.6335 1.94967 0.5
    endloop
  endfacet
  facet normal 0.998018 -0.0629267 0
    outer loop
      vertex -72.05 0 2.3
      vertex -72.0338 0.256932 0.5
      vertex -72.0338 0.256932 2.3
    endloop
  endfacet
  facet normal 0.998018 -0.0629267 0
    outer loop
      vertex -72.0338 0.256932 0.5
      vertex -72.05 0 2.3
      vertex -72.05 0 0.5
    endloop
  endfacet
  facet normal 0 -1 0
    outer loop
      vertex -70.1287 2.04595 0.5
      vertex -69.8713 2.04595 2.3
      vertex -70.1287 2.04595 2.3
    endloop
  endfacet
  facet normal 0 -1 -0
    outer loop
      vertex -69.8713 2.04595 2.3
      vertex -70.1287 2.04595 0.5
      vertex -69.8713 2.04595 0.5
    endloop
  endfacet
  facet normal 0.844405 -0.535705 0
    outer loop
      vertex -71.7964 0.987595 2.3
      vertex -71.6585 1.20496 0.5
      vertex -71.6585 1.20496 2.3
    endloop
  endfacet
  facet normal 0.844405 -0.535705 0
    outer loop
      vertex -71.6585 1.20496 0.5
      vertex -71.7964 0.987595 2.3
      vertex -71.7964 0.987595 0.5
    endloop
  endfacet
  facet normal 0.904847 0.425737 0
    outer loop
      vertex -71.7964 -0.987595 2.3
      vertex -71.906 -0.754655 0.5
      vertex -71.906 -0.754655 2.3
    endloop
  endfacet
  facet normal 0.904847 0.425737 0
    outer loop
      vertex -71.906 -0.754655 0.5
      vertex -71.7964 -0.987595 2.3
      vertex -71.7964 -0.987595 0.5
    endloop
  endfacet
  facet normal 0.770509 -0.637429 0
    outer loop
      vertex -71.6585 1.20496 2.3
      vertex -71.4944 1.40332 0.5
      vertex -71.4944 1.40332 2.3
    endloop
  endfacet
  facet normal 0.770509 -0.637429 0
    outer loop
      vertex -71.4944 1.40332 0.5
      vertex -71.6585 1.20496 2.3
      vertex -71.6585 1.20496 0.5
    endloop
  endfacet
  facet normal -0.125316 0.992117 0
    outer loop
      vertex -69.6159 -2.01369 0.5
      vertex -69.8713 -2.04595 2.3
      vertex -69.6159 -2.01369 2.3
    endloop
  endfacet
  facet normal -0.125316 0.992117 0
    outer loop
      vertex -69.8713 -2.04595 2.3
      vertex -69.6159 -2.01369 0.5
      vertex -69.8713 -2.04595 0.5
    endloop
  endfacet
  facet normal -0.951004 -0.30918 0
    outer loop
      vertex -68.0144 0.509814 0.5
      vertex -68.094 0.754655 2.3
      vertex -68.094 0.754655 0.5
    endloop
  endfacet
  facet normal -0.951004 -0.30918 0
    outer loop
      vertex -68.094 0.754655 2.3
      vertex -68.0144 0.509814 0.5
      vertex -68.0144 0.509814 2.3
    endloop
  endfacet
  facet normal -0.125316 -0.992117 0
    outer loop
      vertex -69.8713 2.04595 0.5
      vertex -69.6159 2.01369 2.3
      vertex -69.8713 2.04595 2.3
    endloop
  endfacet
  facet normal -0.125316 -0.992117 -0
    outer loop
      vertex -69.6159 2.01369 2.3
      vertex -69.8713 2.04595 0.5
      vertex -69.6159 2.01369 0.5
    endloop
  endfacet
  facet normal -0.248635 0.968597 0
    outer loop
      vertex -69.3665 -1.94967 0.5
      vertex -69.6159 -2.01369 2.3
      vertex -69.3665 -1.94967 2.3
    endloop
  endfacet
  facet normal -0.248635 0.968597 0
    outer loop
      vertex -69.6159 -2.01369 2.3
      vertex -69.3665 -1.94967 0.5
      vertex -69.6159 -2.01369 0.5
    endloop
  endfacet
  facet normal 0.587737 -0.809052 0
    outer loop
      vertex -71.3067 1.57955 0.5
      vertex -71.0984 1.73087 2.3
      vertex -71.3067 1.57955 2.3
    endloop
  endfacet
  facet normal 0.587737 -0.809052 0
    outer loop
      vertex -71.0984 1.73087 2.3
      vertex -71.3067 1.57955 0.5
      vertex -71.0984 1.73087 0.5
    endloop
  endfacet
  facet normal 0.36824 0.929731 -0
    outer loop
      vertex -70.6335 -1.94967 0.5
      vertex -70.8728 -1.85489 2.3
      vertex -70.6335 -1.94967 2.3
    endloop
  endfacet
  facet normal 0.36824 0.929731 0
    outer loop
      vertex -70.8728 -1.85489 2.3
      vertex -70.6335 -1.94967 0.5
      vertex -70.8728 -1.85489 0.5
    endloop
  endfacet
  facet normal -0.770509 -0.637429 0
    outer loop
      vertex -68.3415 1.20496 0.5
      vertex -68.5056 1.40332 2.3
      vertex -68.5056 1.40332 0.5
    endloop
  endfacet
  facet normal -0.770509 -0.637429 0
    outer loop
      vertex -68.5056 1.40332 2.3
      vertex -68.3415 1.20496 0.5
      vertex -68.3415 1.20496 2.3
    endloop
  endfacet
  facet normal 0.904847 -0.425737 0
    outer loop
      vertex -71.906 0.754655 2.3
      vertex -71.7964 0.987595 0.5
      vertex -71.7964 0.987595 2.3
    endloop
  endfacet
  facet normal 0.904847 -0.425737 0
    outer loop
      vertex -71.7964 0.987595 0.5
      vertex -71.906 0.754655 2.3
      vertex -71.906 0.754655 0.5
    endloop
  endfacet
  facet normal 0.951004 0.30918 0
    outer loop
      vertex -71.906 -0.754655 2.3
      vertex -71.9856 -0.509814 0.5
      vertex -71.9856 -0.509814 2.3
    endloop
  endfacet
  facet normal 0.951004 0.30918 0
    outer loop
      vertex -71.9856 -0.509814 0.5
      vertex -71.906 -0.754655 2.3
      vertex -71.906 -0.754655 0.5
    endloop
  endfacet
  facet normal -0.248635 -0.968597 0
    outer loop
      vertex -69.6159 2.01369 0.5
      vertex -69.3665 1.94967 2.3
      vertex -69.6159 2.01369 2.3
    endloop
  endfacet
  facet normal -0.248635 -0.968597 -0
    outer loop
      vertex -69.3665 1.94967 2.3
      vertex -69.6159 2.01369 0.5
      vertex -69.3665 1.94967 0.5
    endloop
  endfacet
  facet normal 0.844405 0.535705 0
    outer loop
      vertex -71.6585 -1.20496 2.3
      vertex -71.7964 -0.987595 0.5
      vertex -71.7964 -0.987595 2.3
    endloop
  endfacet
  facet normal 0.844405 0.535705 0
    outer loop
      vertex -71.7964 -0.987595 0.5
      vertex -71.6585 -1.20496 2.3
      vertex -71.6585 -1.20496 0.5
    endloop
  endfacet
  facet normal -0.36824 0.929731 0
    outer loop
      vertex -69.1272 -1.85489 0.5
      vertex -69.3665 -1.94967 2.3
      vertex -69.1272 -1.85489 2.3
    endloop
  endfacet
  facet normal -0.36824 0.929731 0
    outer loop
      vertex -69.3665 -1.94967 2.3
      vertex -69.1272 -1.85489 0.5
      vertex -69.3665 -1.94967 0.5
    endloop
  endfacet
  facet normal 0.125316 0.992117 -0
    outer loop
      vertex -70.1287 -2.04595 0.5
      vertex -70.3841 -2.01369 2.3
      vertex -70.1287 -2.04595 2.3
    endloop
  endfacet
  facet normal 0.125316 0.992117 0
    outer loop
      vertex -70.3841 -2.01369 2.3
      vertex -70.1287 -2.04595 0.5
      vertex -70.3841 -2.01369 0.5
    endloop
  endfacet
  facet normal -0.684481 0.729031 0
    outer loop
      vertex -68.5056 -1.40332 0.5
      vertex -68.6933 -1.57955 2.3
      vertex -68.5056 -1.40332 2.3
    endloop
  endfacet
  facet normal -0.684481 0.729031 0
    outer loop
      vertex -68.6933 -1.57955 2.3
      vertex -68.5056 -1.40332 0.5
      vertex -68.6933 -1.57955 0.5
    endloop
  endfacet
  facet normal -0.770509 0.637429 0
    outer loop
      vertex -68.5056 -1.40332 0.5
      vertex -68.3415 -1.20496 2.3
      vertex -68.3415 -1.20496 0.5
    endloop
  endfacet
  facet normal -0.770509 0.637429 0
    outer loop
      vertex -68.3415 -1.20496 2.3
      vertex -68.5056 -1.40332 0.5
      vertex -68.5056 -1.40332 2.3
    endloop
  endfacet
  facet normal 0.770509 0.637429 0
    outer loop
      vertex -71.4944 -1.40332 2.3
      vertex -71.6585 -1.20496 0.5
      vertex -71.6585 -1.20496 2.3
    endloop
  endfacet
  facet normal 0.770509 0.637429 0
    outer loop
      vertex -71.6585 -1.20496 0.5
      vertex -71.4944 -1.40332 2.3
      vertex -71.4944 -1.40332 0.5
    endloop
  endfacet
  facet normal 0 1 -0
    outer loop
      vertex -69.4977 7.98421 2.3
      vertex -70.5023 7.98421 2.8
      vertex -69.4977 7.98421 2.8
    endloop
  endfacet
  facet normal 0 1 0
    outer loop
      vertex -70.5023 7.98421 2.8
      vertex -69.4977 7.98421 2.3
      vertex -70.5023 7.98421 2.3
    endloop
  endfacet
  facet normal 0.982297 0.187332 0
    outer loop
      vertex -62.0631 1.00267 2.8
      vertex -62.2513 1.98952 2.3
      vertex -62.2513 1.98952 2.8
    endloop
  endfacet
  facet normal 0.982297 0.187332 0
    outer loop
      vertex -62.2513 1.98952 2.3
      vertex -62.0631 1.00267 2.8
      vertex -62.0631 1.00267 2.3
    endloop
  endfacet
  facet normal 0.998026 0.0628077 0
    outer loop
      vertex -62 0 2.8
      vertex -62.0631 1.00267 2.3
      vertex -62.0631 1.00267 2.8
    endloop
  endfacet
  facet normal 0.998026 0.0628077 0
    outer loop
      vertex -62.0631 1.00267 2.3
      vertex -62 0 2.8
      vertex -62 0 2.3
    endloop
  endfacet
  facet normal 0.951043 0.309058 0
    outer loop
      vertex -62.2513 1.98952 2.8
      vertex -62.5618 2.945 2.3
      vertex -62.5618 2.945 2.8
    endloop
  endfacet
  facet normal 0.951043 0.309058 0
    outer loop
      vertex -62.5618 2.945 2.3
      vertex -62.2513 1.98952 2.8
      vertex -62.2513 1.98952 2.3
    endloop
  endfacet
  facet normal 0.904849 -0.425733 0
    outer loop
      vertex -62.9895 -3.85403 2.8
      vertex -62.5618 -2.945 2.3
      vertex -62.5618 -2.945 2.8
    endloop
  endfacet
  facet normal 0.904849 -0.425733 0
    outer loop
      vertex -62.5618 -2.945 2.3
      vertex -62.9895 -3.85403 2.8
      vertex -62.9895 -3.85403 2.3
    endloop
  endfacet
  facet normal 0.368119 0.929779 -0
    outer loop
      vertex -66.5938 7.23862 2.3
      vertex -67.5279 7.60845 2.8
      vertex -66.5938 7.23862 2.8
    endloop
  endfacet
  facet normal 0.368119 0.929779 0
    outer loop
      vertex -67.5279 7.60845 2.8
      vertex -66.5938 7.23862 2.3
      vertex -67.5279 7.60845 2.3
    endloop
  endfacet
  facet normal -0.84429 0.535887 0
    outer loop
      vertex -77.0105 3.85403 2.3
      vertex -76.4721 4.70228 2.8
      vertex -76.4721 4.70228 2.3
    endloop
  endfacet
  facet normal -0.84429 0.535887 0
    outer loop
      vertex -76.4721 4.70228 2.8
      vertex -77.0105 3.85403 2.3
      vertex -77.0105 3.85403 2.8
    endloop
  endfacet
  facet normal -0.684576 -0.728942 0
    outer loop
      vertex -75.8317 -5.47638 2.3
      vertex -75.0994 -6.16411 2.8
      vertex -75.8317 -5.47638 2.8
    endloop
  endfacet
  facet normal -0.684576 -0.728942 -0
    outer loop
      vertex -75.0994 -6.16411 2.8
      vertex -75.8317 -5.47638 2.3
      vertex -75.0994 -6.16411 2.3
    endloop
  endfacet
  facet normal 0.998026 -0.0628077 0
    outer loop
      vertex -62.0631 -1.00267 2.8
      vertex -62 0 2.3
      vertex -62 0 2.8
    endloop
  endfacet
  facet normal 0.998026 -0.0628077 0
    outer loop
      vertex -62 0 2.3
      vertex -62.0631 -1.00267 2.8
      vertex -62.0631 -1.00267 2.3
    endloop
  endfacet
  facet normal 0.904849 0.425733 0
    outer loop
      vertex -62.5618 2.945 2.8
      vertex -62.9895 3.85403 2.3
      vertex -62.9895 3.85403 2.8
    endloop
  endfacet
  facet normal 0.904849 0.425733 0
    outer loop
      vertex -62.9895 3.85403 2.3
      vertex -62.5618 2.945 2.8
      vertex -62.5618 2.945 2.3
    endloop
  endfacet
  facet normal -0.770509 0.637429 0
    outer loop
      vertex -76.4721 4.70228 2.3
      vertex -75.8317 5.47638 2.8
      vertex -75.8317 5.47638 2.3
    endloop
  endfacet
  facet normal -0.770509 0.637429 0
    outer loop
      vertex -75.8317 5.47638 2.8
      vertex -76.4721 4.70228 2.3
      vertex -76.4721 4.70228 2.8
    endloop
  endfacet
  facet normal 0.770509 -0.637429 0
    outer loop
      vertex -64.1683 -5.47638 2.8
      vertex -63.5279 -4.70228 2.3
      vertex -63.5279 -4.70228 2.8
    endloop
  endfacet
  facet normal 0.770509 -0.637429 0
    outer loop
      vertex -63.5279 -4.70228 2.3
      vertex -64.1683 -5.47638 2.8
      vertex -64.1683 -5.47638 2.3
    endloop
  endfacet
  facet normal -0.58777 0.809028 0
    outer loop
      vertex -74.2866 6.75462 2.3
      vertex -75.0994 6.16411 2.8
      vertex -74.2866 6.75462 2.8
    endloop
  endfacet
  facet normal -0.58777 0.809028 0
    outer loop
      vertex -75.0994 6.16411 2.8
      vertex -74.2866 6.75462 2.3
      vertex -75.0994 6.16411 2.3
    endloop
  endfacet
  facet normal 0 0 1
    outer loop
      vertex -63 0 2.8
      vertex -62 0 2.8
      vertex -62.0631 1.00267 2.8
    endloop
  endfacet
  facet normal 0 0 1
    outer loop
      vertex -63.0552 0.877332 2.8
      vertex -62.0631 1.00267 2.8
      vertex -62.2513 1.98952 2.8
    endloop
  endfacet
  facet normal 0 0 1
    outer loop
      vertex -62 0 2.8
      vertex -63 0 2.8
      vertex -62.0631 -1.00267 2.8
    endloop
  endfacet
  facet normal 0 0 1
    outer loop
      vertex -63.2199 1.74083 2.8
      vertex -62.2513 1.98952 2.8
      vertex -62.5618 2.945 2.8
    endloop
  endfacet
  facet normal -0 0 1
    outer loop
      vertex -63.0552 -0.877332 2.8
      vertex -62.0631 -1.00267 2.8
      vertex -63 0 2.8
    endloop
  endfacet
  facet normal 0 0 1
    outer loop
      vertex -63.4916 2.57687 2.8
      vertex -62.5618 2.945 2.8
      vertex -62.9895 3.85403 2.8
    endloop
  endfacet
  facet normal 0 0 1
    outer loop
      vertex -62.0631 -1.00267 2.8
      vertex -63.0552 -0.877332 2.8
      vertex -62.2513 -1.98952 2.8
    endloop
  endfacet
  facet normal -0 0 1
    outer loop
      vertex -63.2199 -1.74083 2.8
      vertex -62.2513 -1.98952 2.8
      vertex -63.0552 -0.877332 2.8
    endloop
  endfacet
  facet normal 0 0 1
    outer loop
      vertex -62.0631 1.00267 2.8
      vertex -63.0552 0.877332 2.8
      vertex -63 0 2.8
    endloop
  endfacet
  facet normal 0 0 1
    outer loop
      vertex -62.2513 1.98952 2.8
      vertex -63.2199 1.74083 2.8
      vertex -63.0552 0.877332 2.8
    endloop
  endfacet
  facet normal 0 0 1
    outer loop
      vertex -62.5618 2.945 2.8
      vertex -63.4916 2.57687 2.8
      vertex -63.2199 1.74083 2.8
    endloop
  endfacet
  facet normal 0 0 1
    outer loop
      vertex -63.8659 3.37228 2.8
      vertex -62.9895 3.85403 2.8
      vertex -63.5279 4.70228 2.8
    endloop
  endfacet
  facet normal 0 0 1
    outer loop
      vertex -62.9895 3.85403 2.8
      vertex -63.8659 3.37228 2.8
      vertex -63.4916 2.57687 2.8
    endloop
  endfacet
  facet normal 0 0 1
    outer loop
      vertex -64.3369 4.1145 2.8
      vertex -63.5279 4.70228 2.8
      vertex -64.1683 5.47638 2.8
    endloop
  endfacet
  facet normal 0 0 1
    outer loop
      vertex -63.5279 4.70228 2.8
      vertex -64.3369 4.1145 2.8
      vertex -63.8659 3.37228 2.8
    endloop
  endfacet
  facet normal 0 0 1
    outer loop
      vertex -64.1683 5.47638 2.8
      vertex -64.8972 4.79183 2.8
      vertex -64.3369 4.1145 2.8
    endloop
  endfacet
  facet normal 0 0 1
    outer loop
      vertex -64.9006 6.16411 2.8
      vertex -64.8972 4.79183 2.8
      vertex -64.1683 5.47638 2.8
    endloop
  endfacet
  facet normal 0 0 1
    outer loop
      vertex -64.9006 6.16411 2.8
      vertex -65.538 5.39359 2.8
      vertex -64.8972 4.79183 2.8
    endloop
  endfacet
  facet normal 0 0 1
    outer loop
      vertex -65.7134 6.75462 2.8
      vertex -65.538 5.39359 2.8
      vertex -64.9006 6.16411 2.8
    endloop
  endfacet
  facet normal 0 0 1
    outer loop
      vertex -65.7134 6.75462 2.8
      vertex -66.2492 5.91029 2.8
      vertex -65.538 5.39359 2.8
    endloop
  endfacet
  facet normal 0 0 1
    outer loop
      vertex -66.5938 7.23862 2.8
      vertex -66.2492 5.91029 2.8
      vertex -65.7134 6.75462 2.8
    endloop
  endfacet
  facet normal 0 0 1
    outer loop
      vertex -66.5938 7.23862 2.8
      vertex -67.0195 6.33379 2.8
      vertex -66.2492 5.91029 2.8
    endloop
  endfacet
  facet normal 0 0 1
    outer loop
      vertex -67.5279 7.60845 2.8
      vertex -67.0195 6.33379 2.8
      vertex -66.5938 7.23862 2.8
    endloop
  endfacet
  facet normal 0 0 1
    outer loop
      vertex -67.5279 7.60845 2.8
      vertex -67.8369 6.6574 2.8
      vertex -67.0195 6.33379 2.8
    endloop
  endfacet
  facet normal 0 0 1
    outer loop
      vertex -68.5009 7.8583 2.8
      vertex -67.8369 6.6574 2.8
      vertex -67.5279 7.60845 2.8
    endloop
  endfacet
  facet normal 0 0 1
    outer loop
      vertex -68.5009 7.8583 2.8
      vertex -68.6883 6.87601 2.8
      vertex -67.8369 6.6574 2.8
    endloop
  endfacet
  facet normal 0 0 1
    outer loop
      vertex -69.4977 7.98421 2.8
      vertex -68.6883 6.87601 2.8
      vertex -68.5009 7.8583 2.8
    endloop
  endfacet
  facet normal 0 0 1
    outer loop
      vertex -69.4977 7.98421 2.8
      vertex -69.5605 6.98619 2.8
      vertex -68.6883 6.87601 2.8
    endloop
  endfacet
  facet normal 0 0 1
    outer loop
      vertex -69.4977 7.98421 2.8
      vertex -70.4395 6.98619 2.8
      vertex -69.5605 6.98619 2.8
    endloop
  endfacet
  facet normal -0 0 1
    outer loop
      vertex -70.5023 7.98421 2.8
      vertex -70.4395 6.98619 2.8
      vertex -69.4977 7.98421 2.8
    endloop
  endfacet
  facet normal 0 0 1
    outer loop
      vertex -70.5023 7.98421 2.8
      vertex -71.3117 6.87601 2.8
      vertex -70.4395 6.98619 2.8
    endloop
  endfacet
  facet normal -0 0 1
    outer loop
      vertex -71.4991 7.8583 2.8
      vertex -71.3117 6.87601 2.8
      vertex -70.5023 7.98421 2.8
    endloop
  endfacet
  facet normal 0 0 1
    outer loop
      vertex -71.4991 7.8583 2.8
      vertex -72.1631 6.6574 2.8
      vertex -71.3117 6.87601 2.8
    endloop
  endfacet
  facet normal -0 0 1
    outer loop
      vertex -72.4721 7.60845 2.8
      vertex -72.1631 6.6574 2.8
      vertex -71.4991 7.8583 2.8
    endloop
  endfacet
  facet normal 0 0 1
    outer loop
      vertex -72.4721 7.60845 2.8
      vertex -72.9805 6.33379 2.8
      vertex -72.1631 6.6574 2.8
    endloop
  endfacet
  facet normal -0 0 1
    outer loop
      vertex -73.4062 7.23862 2.8
      vertex -72.9805 6.33379 2.8
      vertex -72.4721 7.60845 2.8
    endloop
  endfacet
  facet normal 0 0 1
    outer loop
      vertex -73.4062 7.23862 2.8
      vertex -73.7508 5.91029 2.8
      vertex -72.9805 6.33379 2.8
    endloop
  endfacet
  facet normal -0 0 1
    outer loop
      vertex -74.2866 6.75462 2.8
      vertex -73.7508 5.91029 2.8
      vertex -73.4062 7.23862 2.8
    endloop
  endfacet
  facet normal 0 0 1
    outer loop
      vertex -74.2866 6.75462 2.8
      vertex -74.462 5.39359 2.8
      vertex -73.7508 5.91029 2.8
    endloop
  endfacet
  facet normal -0 0 1
    outer loop
      vertex -75.0994 6.16411 2.8
      vertex -74.462 5.39359 2.8
      vertex -74.2866 6.75462 2.8
    endloop
  endfacet
  facet normal 0 0 1
    outer loop
      vertex -75.0994 6.16411 2.8
      vertex -75.1028 4.79183 2.8
      vertex -74.462 5.39359 2.8
    endloop
  endfacet
  facet normal -0 0 1
    outer loop
      vertex -75.8317 5.47638 2.8
      vertex -75.1028 4.79183 2.8
      vertex -75.0994 6.16411 2.8
    endloop
  endfacet
  facet normal 0 0 1
    outer loop
      vertex -75.1028 4.79183 2.8
      vertex -75.8317 5.47638 2.8
      vertex -75.6631 4.1145 2.8
    endloop
  endfacet
  facet normal -0 0 1
    outer loop
      vertex -76.4721 4.70228 2.8
      vertex -75.6631 4.1145 2.8
      vertex -75.8317 5.47638 2.8
    endloop
  endfacet
  facet normal 0 0 1
    outer loop
      vertex -75.6631 4.1145 2.8
      vertex -76.4721 4.70228 2.8
      vertex -76.1341 3.37228 2.8
    endloop
  endfacet
  facet normal -0 0 1
    outer loop
      vertex -77.0105 3.85403 2.8
      vertex -76.1341 3.37228 2.8
      vertex -76.4721 4.70228 2.8
    endloop
  endfacet
  facet normal 0 0 1
    outer loop
      vertex -76.1341 3.37228 2.8
      vertex -77.0105 3.85403 2.8
      vertex -76.5084 2.57687 2.8
    endloop
  endfacet
  facet normal -0 0 1
    outer loop
      vertex -77.4382 2.945 2.8
      vertex -76.5084 2.57687 2.8
      vertex -77.0105 3.85403 2.8
    endloop
  endfacet
  facet normal -0 0 1
    outer loop
      vertex -77.7487 1.98952 2.8
      vertex -76.7801 1.74083 2.8
      vertex -77.4382 2.945 2.8
    endloop
  endfacet
  facet normal 0 0 1
    outer loop
      vertex -76.5084 2.57687 2.8
      vertex -77.4382 2.945 2.8
      vertex -76.7801 1.74083 2.8
    endloop
  endfacet
  facet normal 0 0 1
    outer loop
      vertex -62.2513 -1.98952 2.8
      vertex -63.2199 -1.74083 2.8
      vertex -62.5618 -2.945 2.8
    endloop
  endfacet
  facet normal -0 0 1
    outer loop
      vertex -63.4916 -2.57687 2.8
      vertex -62.5618 -2.945 2.8
      vertex -63.2199 -1.74083 2.8
    endloop
  endfacet
  facet normal 0 0 1
    outer loop
      vertex -62.5618 -2.945 2.8
      vertex -63.4916 -2.57687 2.8
      vertex -62.9895 -3.85403 2.8
    endloop
  endfacet
  facet normal -0 0 1
    outer loop
      vertex -63.8659 -3.37228 2.8
      vertex -62.9895 -3.85403 2.8
      vertex -63.4916 -2.57687 2.8
    endloop
  endfacet
  facet normal 0 0 1
    outer loop
      vertex -62.9895 -3.85403 2.8
      vertex -63.8659 -3.37228 2.8
      vertex -63.5279 -4.70228 2.8
    endloop
  endfacet
  facet normal -0 0 1
    outer loop
      vertex -64.3369 -4.1145 2.8
      vertex -63.5279 -4.70228 2.8
      vertex -63.8659 -3.37228 2.8
    endloop
  endfacet
  facet normal 0 0 1
    outer loop
      vertex -63.5279 -4.70228 2.8
      vertex -64.3369 -4.1145 2.8
      vertex -64.1683 -5.47638 2.8
    endloop
  endfacet
  facet normal -0 0 1
    outer loop
      vertex -64.8972 -4.79183 2.8
      vertex -64.1683 -5.47638 2.8
      vertex -64.3369 -4.1145 2.8
    endloop
  endfacet
  facet normal 0 0 1
    outer loop
      vertex -64.8972 -4.79183 2.8
      vertex -64.9006 -6.16411 2.8
      vertex -64.1683 -5.47638 2.8
    endloop
  endfacet
  facet normal -0 0 1
    outer loop
      vertex -65.538 -5.39359 2.8
      vertex -64.9006 -6.16411 2.8
      vertex -64.8972 -4.79183 2.8
    endloop
  endfacet
  facet normal 0 0 1
    outer loop
      vertex -65.538 -5.39359 2.8
      vertex -65.7134 -6.75462 2.8
      vertex -64.9006 -6.16411 2.8
    endloop
  endfacet
  facet normal -0 0 1
    outer loop
      vertex -66.2492 -5.91029 2.8
      vertex -65.7134 -6.75462 2.8
      vertex -65.538 -5.39359 2.8
    endloop
  endfacet
  facet normal 0 0 1
    outer loop
      vertex -66.2492 -5.91029 2.8
      vertex -66.5938 -7.23862 2.8
      vertex -65.7134 -6.75462 2.8
    endloop
  endfacet
  facet normal -0 0 1
    outer loop
      vertex -67.0195 -6.33379 2.8
      vertex -66.5938 -7.23862 2.8
      vertex -66.2492 -5.91029 2.8
    endloop
  endfacet
  facet normal 0 0 1
    outer loop
      vertex -67.0195 -6.33379 2.8
      vertex -67.5279 -7.60845 2.8
      vertex -66.5938 -7.23862 2.8
    endloop
  endfacet
  facet normal -0 0 1
    outer loop
      vertex -67.8369 -6.6574 2.8
      vertex -67.5279 -7.60845 2.8
      vertex -67.0195 -6.33379 2.8
    endloop
  endfacet
  facet normal 0 0 1
    outer loop
      vertex -67.8369 -6.6574 2.8
      vertex -68.5009 -7.8583 2.8
      vertex -67.5279 -7.60845 2.8
    endloop
  endfacet
  facet normal -0 0 1
    outer loop
      vertex -68.6883 -6.87601 2.8
      vertex -68.5009 -7.8583 2.8
      vertex -67.8369 -6.6574 2.8
    endloop
  endfacet
  facet normal 0 0 1
    outer loop
      vertex -68.6883 -6.87601 2.8
      vertex -69.4977 -7.98421 2.8
      vertex -68.5009 -7.8583 2.8
    endloop
  endfacet
  facet normal -0 0 1
    outer loop
      vertex -69.5605 -6.98619 2.8
      vertex -69.4977 -7.98421 2.8
      vertex -68.6883 -6.87601 2.8
    endloop
  endfacet
  facet normal -0 0 1
    outer loop
      vertex -70.4395 -6.98619 2.8
      vertex -69.4977 -7.98421 2.8
      vertex -69.5605 -6.98619 2.8
    endloop
  endfacet
  facet normal 0 0 1
    outer loop
      vertex -70.4395 -6.98619 2.8
      vertex -70.5023 -7.98421 2.8
      vertex -69.4977 -7.98421 2.8
    endloop
  endfacet
  facet normal 0 0 1
    outer loop
      vertex -71.3117 -6.87601 2.8
      vertex -70.5023 -7.98421 2.8
      vertex -70.4395 -6.98619 2.8
    endloop
  endfacet
  facet normal 0 0 1
    outer loop
      vertex -71.3117 -6.87601 2.8
      vertex -71.4991 -7.8583 2.8
      vertex -70.5023 -7.98421 2.8
    endloop
  endfacet
  facet normal 0 0 1
    outer loop
      vertex -72.1631 -6.6574 2.8
      vertex -71.4991 -7.8583 2.8
      vertex -71.3117 -6.87601 2.8
    endloop
  endfacet
  facet normal 0 0 1
    outer loop
      vertex -72.1631 -6.6574 2.8
      vertex -72.4721 -7.60845 2.8
      vertex -71.4991 -7.8583 2.8
    endloop
  endfacet
  facet normal 0 0 1
    outer loop
      vertex -72.9805 -6.33379 2.8
      vertex -72.4721 -7.60845 2.8
      vertex -72.1631 -6.6574 2.8
    endloop
  endfacet
  facet normal 0 0 1
    outer loop
      vertex -72.9805 -6.33379 2.8
      vertex -73.4062 -7.23862 2.8
      vertex -72.4721 -7.60845 2.8
    endloop
  endfacet
  facet normal 0 0 1
    outer loop
      vertex -73.7508 -5.91029 2.8
      vertex -73.4062 -7.23862 2.8
      vertex -72.9805 -6.33379 2.8
    endloop
  endfacet
  facet normal 0 0 1
    outer loop
      vertex -73.7508 -5.91029 2.8
      vertex -74.2866 -6.75462 2.8
      vertex -73.4062 -7.23862 2.8
    endloop
  endfacet
  facet normal 0 0 1
    outer loop
      vertex -74.462 -5.39359 2.8
      vertex -74.2866 -6.75462 2.8
      vertex -73.7508 -5.91029 2.8
    endloop
  endfacet
  facet normal 0 0 1
    outer loop
      vertex -74.462 -5.39359 2.8
      vertex -75.0994 -6.16411 2.8
      vertex -74.2866 -6.75462 2.8
    endloop
  endfacet
  facet normal 0 0 1
    outer loop
      vertex -75.1028 -4.79183 2.8
      vertex -75.0994 -6.16411 2.8
      vertex -74.462 -5.39359 2.8
    endloop
  endfacet
  facet normal 0 0 1
    outer loop
      vertex -75.8317 -5.47638 2.8
      vertex -75.1028 -4.79183 2.8
      vertex -75.6631 -4.1145 2.8
    endloop
  endfacet
  facet normal 0 0 1
    outer loop
      vertex -75.1028 -4.79183 2.8
      vertex -75.8317 -5.47638 2.8
      vertex -75.0994 -6.16411 2.8
    endloop
  endfacet
  facet normal 0 0 1
    outer loop
      vertex -76.4721 -4.70228 2.8
      vertex -75.6631 -4.1145 2.8
      vertex -76.1341 -3.37228 2.8
    endloop
  endfacet
  facet normal 0 0 1
    outer loop
      vertex -75.6631 -4.1145 2.8
      vertex -76.4721 -4.70228 2.8
      vertex -75.8317 -5.47638 2.8
    endloop
  endfacet
  facet normal 0 0 1
    outer loop
      vertex -77.0105 -3.85403 2.8
      vertex -76.1341 -3.37228 2.8
      vertex -76.5084 -2.57687 2.8
    endloop
  endfacet
  facet normal 0 0 1
    outer loop
      vertex -77.4382 -2.945 2.8
      vertex -76.5084 -2.57687 2.8
      vertex -76.7801 -1.74083 2.8
    endloop
  endfacet
  facet normal 0 0 1
    outer loop
      vertex -77.7487 -1.98952 2.8
      vertex -76.7801 -1.74083 2.8
      vertex -76.9448 -0.877332 2.8
    endloop
  endfacet
  facet normal 0 0 1
    outer loop
      vertex -76.1341 -3.37228 2.8
      vertex -77.0105 -3.85403 2.8
      vertex -76.4721 -4.70228 2.8
    endloop
  endfacet
  facet normal 0 0 1
    outer loop
      vertex -77.9369 -1.00267 2.8
      vertex -76.9448 -0.877332 2.8
      vertex -77 0 2.8
    endloop
  endfacet
  facet normal 0 0 1
    outer loop
      vertex -76.7801 1.74083 2.8
      vertex -77.7487 1.98952 2.8
      vertex -76.9448 0.877332 2.8
    endloop
  endfacet
  facet normal -0 0 1
    outer loop
      vertex -77.9369 1.00267 2.8
      vertex -76.9448 0.877332 2.8
      vertex -77.7487 1.98952 2.8
    endloop
  endfacet
  facet normal 0 0 1
    outer loop
      vertex -76.5084 -2.57687 2.8
      vertex -77.4382 -2.945 2.8
      vertex -77.0105 -3.85403 2.8
    endloop
  endfacet
  facet normal 0 0 1
    outer loop
      vertex -76.9448 0.877332 2.8
      vertex -77.9369 1.00267 2.8
      vertex -77 0 2.8
    endloop
  endfacet
  facet normal 0 0 1
    outer loop
      vertex -76.7801 -1.74083 2.8
      vertex -77.7487 -1.98952 2.8
      vertex -77.4382 -2.945 2.8
    endloop
  endfacet
  facet normal 0 0 1
    outer loop
      vertex -78 0 2.8
      vertex -77 0 2.8
      vertex -77.9369 1.00267 2.8
    endloop
  endfacet
  facet normal 0 0 1
    outer loop
      vertex -76.9448 -0.877332 2.8
      vertex -77.9369 -1.00267 2.8
      vertex -77.7487 -1.98952 2.8
    endloop
  endfacet
  facet normal 0 0 1
    outer loop
      vertex -77 0 2.8
      vertex -78 0 2.8
      vertex -77.9369 -1.00267 2.8
    endloop
  endfacet
  facet normal 0.368119 -0.929779 0
    outer loop
      vertex -67.5279 -7.60845 2.3
      vertex -66.5938 -7.23862 2.8
      vertex -67.5279 -7.60845 2.8
    endloop
  endfacet
  facet normal 0.368119 -0.929779 0
    outer loop
      vertex -66.5938 -7.23862 2.8
      vertex -67.5279 -7.60845 2.3
      vertex -66.5938 -7.23862 2.3
    endloop
  endfacet
  facet normal 0.684576 -0.728942 0
    outer loop
      vertex -64.9006 -6.16411 2.3
      vertex -64.1683 -5.47638 2.8
      vertex -64.9006 -6.16411 2.8
    endloop
  endfacet
  facet normal 0.684576 -0.728942 0
    outer loop
      vertex -64.1683 -5.47638 2.8
      vertex -64.9006 -6.16411 2.3
      vertex -64.1683 -5.47638 2.3
    endloop
  endfacet
  facet normal -0.684576 0.728942 0
    outer loop
      vertex -75.0994 6.16411 2.3
      vertex -75.8317 5.47638 2.8
      vertex -75.0994 6.16411 2.8
    endloop
  endfacet
  facet normal -0.684576 0.728942 0
    outer loop
      vertex -75.8317 5.47638 2.8
      vertex -75.0994 6.16411 2.3
      vertex -75.8317 5.47638 2.3
    endloop
  endfacet
  facet normal 0.84429 -0.535887 0
    outer loop
      vertex -63.5279 -4.70228 2.8
      vertex -62.9895 -3.85403 2.3
      vertex -62.9895 -3.85403 2.8
    endloop
  endfacet
  facet normal 0.84429 -0.535887 0
    outer loop
      vertex -62.9895 -3.85403 2.3
      vertex -63.5279 -4.70228 2.8
      vertex -63.5279 -4.70228 2.3
    endloop
  endfacet
  facet normal -0.904849 -0.425733 0
    outer loop
      vertex -77.0105 -3.85403 2.3
      vertex -77.4382 -2.945 2.8
      vertex -77.4382 -2.945 2.3
    endloop
  endfacet
  facet normal -0.904849 -0.425733 0
    outer loop
      vertex -77.4382 -2.945 2.8
      vertex -77.0105 -3.85403 2.3
      vertex -77.0105 -3.85403 2.8
    endloop
  endfacet
  facet normal -0.368119 0.929779 0
    outer loop
      vertex -72.4721 7.60845 2.3
      vertex -73.4062 7.23862 2.8
      vertex -72.4721 7.60845 2.8
    endloop
  endfacet
  facet normal -0.368119 0.929779 0
    outer loop
      vertex -73.4062 7.23862 2.8
      vertex -72.4721 7.60845 2.3
      vertex -73.4062 7.23862 2.3
    endloop
  endfacet
  facet normal 0.58777 0.809028 -0
    outer loop
      vertex -64.9006 6.16411 2.3
      vertex -65.7134 6.75462 2.8
      vertex -64.9006 6.16411 2.8
    endloop
  endfacet
  facet normal 0.58777 0.809028 0
    outer loop
      vertex -65.7134 6.75462 2.8
      vertex -64.9006 6.16411 2.3
      vertex -65.7134 6.75462 2.3
    endloop
  endfacet
  facet normal 0.84429 0.535887 0
    outer loop
      vertex -62.9895 3.85403 2.8
      vertex -63.5279 4.70228 2.3
      vertex -63.5279 4.70228 2.8
    endloop
  endfacet
  facet normal 0.84429 0.535887 0
    outer loop
      vertex -63.5279 4.70228 2.3
      vertex -62.9895 3.85403 2.8
      vertex -62.9895 3.85403 2.3
    endloop
  endfacet
  facet normal 0.125318 -0.992117 0
    outer loop
      vertex -69.4977 -7.98421 2.3
      vertex -68.5009 -7.8583 2.8
      vertex -69.4977 -7.98421 2.8
    endloop
  endfacet
  facet normal 0.125318 -0.992117 0
    outer loop
      vertex -68.5009 -7.8583 2.8
      vertex -69.4977 -7.98421 2.3
      vertex -68.5009 -7.8583 2.3
    endloop
  endfacet
  facet normal -0.982297 0.187332 0
    outer loop
      vertex -77.9369 1.00267 2.3
      vertex -77.7487 1.98952 2.8
      vertex -77.7487 1.98952 2.3
    endloop
  endfacet
  facet normal -0.982297 0.187332 0
    outer loop
      vertex -77.7487 1.98952 2.8
      vertex -77.9369 1.00267 2.3
      vertex -77.9369 1.00267 2.8
    endloop
  endfacet
  facet normal -0.84429 -0.535887 0
    outer loop
      vertex -76.4721 -4.70228 2.3
      vertex -77.0105 -3.85403 2.8
      vertex -77.0105 -3.85403 2.3
    endloop
  endfacet
  facet normal -0.84429 -0.535887 0
    outer loop
      vertex -77.0105 -3.85403 2.8
      vertex -76.4721 -4.70228 2.3
      vertex -76.4721 -4.70228 2.8
    endloop
  endfacet
  facet normal 0.684576 0.728942 -0
    outer loop
      vertex -64.1683 5.47638 2.3
      vertex -64.9006 6.16411 2.8
      vertex -64.1683 5.47638 2.8
    endloop
  endfacet
  facet normal 0.684576 0.728942 0
    outer loop
      vertex -64.9006 6.16411 2.8
      vertex -64.1683 5.47638 2.3
      vertex -64.9006 6.16411 2.3
    endloop
  endfacet
  facet normal 0.58777 -0.809028 0
    outer loop
      vertex -65.7134 -6.75462 2.3
      vertex -64.9006 -6.16411 2.8
      vertex -65.7134 -6.75462 2.8
    endloop
  endfacet
  facet normal 0.58777 -0.809028 0
    outer loop
      vertex -64.9006 -6.16411 2.8
      vertex -65.7134 -6.75462 2.3
      vertex -64.9006 -6.16411 2.3
    endloop
  endfacet
  facet normal 0.248714 -0.968577 0
    outer loop
      vertex -68.5009 -7.8583 2.3
      vertex -67.5279 -7.60845 2.8
      vertex -68.5009 -7.8583 2.8
    endloop
  endfacet
  facet normal 0.248714 -0.968577 0
    outer loop
      vertex -67.5279 -7.60845 2.8
      vertex -68.5009 -7.8583 2.3
      vertex -67.5279 -7.60845 2.3
    endloop
  endfacet
  facet normal 0.770509 0.637429 0
    outer loop
      vertex -63.5279 4.70228 2.8
      vertex -64.1683 5.47638 2.3
      vertex -64.1683 5.47638 2.8
    endloop
  endfacet
  facet normal 0.770509 0.637429 0
    outer loop
      vertex -64.1683 5.47638 2.3
      vertex -63.5279 4.70228 2.8
      vertex -63.5279 4.70228 2.3
    endloop
  endfacet
  facet normal 0.125318 0.992117 -0
    outer loop
      vertex -68.5009 7.8583 2.3
      vertex -69.4977 7.98421 2.8
      vertex -68.5009 7.8583 2.8
    endloop
  endfacet
  facet normal 0.125318 0.992117 0
    outer loop
      vertex -69.4977 7.98421 2.8
      vertex -68.5009 7.8583 2.3
      vertex -69.4977 7.98421 2.3
    endloop
  endfacet
  facet normal 0.982297 -0.187332 0
    outer loop
      vertex -62.2513 -1.98952 2.8
      vertex -62.0631 -1.00267 2.3
      vertex -62.0631 -1.00267 2.8
    endloop
  endfacet
  facet normal 0.982297 -0.187332 0
    outer loop
      vertex -62.0631 -1.00267 2.3
      vertex -62.2513 -1.98952 2.8
      vertex -62.2513 -1.98952 2.3
    endloop
  endfacet
  facet normal -0.951043 0.309058 0
    outer loop
      vertex -77.7487 1.98952 2.3
      vertex -77.4382 2.945 2.8
      vertex -77.4382 2.945 2.3
    endloop
  endfacet
  facet normal -0.951043 0.309058 0
    outer loop
      vertex -77.4382 2.945 2.8
      vertex -77.7487 1.98952 2.3
      vertex -77.7487 1.98952 2.8
    endloop
  endfacet
  facet normal 0.481751 0.876308 -0
    outer loop
      vertex -65.7134 6.75462 2.3
      vertex -66.5938 7.23862 2.8
      vertex -65.7134 6.75462 2.8
    endloop
  endfacet
  facet normal 0.481751 0.876308 0
    outer loop
      vertex -66.5938 7.23862 2.8
      vertex -65.7134 6.75462 2.3
      vertex -66.5938 7.23862 2.3
    endloop
  endfacet
  facet normal -0.248714 0.968577 0
    outer loop
      vertex -71.4991 7.8583 2.3
      vertex -72.4721 7.60845 2.8
      vertex -71.4991 7.8583 2.8
    endloop
  endfacet
  facet normal -0.248714 0.968577 0
    outer loop
      vertex -72.4721 7.60845 2.8
      vertex -71.4991 7.8583 2.3
      vertex -72.4721 7.60845 2.3
    endloop
  endfacet
  facet normal 0.951043 -0.309058 0
    outer loop
      vertex -62.5618 -2.945 2.8
      vertex -62.2513 -1.98952 2.3
      vertex -62.2513 -1.98952 2.8
    endloop
  endfacet
  facet normal 0.951043 -0.309058 0
    outer loop
      vertex -62.2513 -1.98952 2.3
      vertex -62.5618 -2.945 2.8
      vertex -62.5618 -2.945 2.3
    endloop
  endfacet
  facet normal -0.770509 -0.637429 0
    outer loop
      vertex -75.8317 -5.47638 2.3
      vertex -76.4721 -4.70228 2.8
      vertex -76.4721 -4.70228 2.3
    endloop
  endfacet
  facet normal -0.770509 -0.637429 0
    outer loop
      vertex -76.4721 -4.70228 2.8
      vertex -75.8317 -5.47638 2.3
      vertex -75.8317 -5.47638 2.8
    endloop
  endfacet
  facet normal -0.998026 -0.0628077 0
    outer loop
      vertex -77.9369 -1.00267 2.3
      vertex -78 0 2.8
      vertex -78 0 2.3
    endloop
  endfacet
  facet normal -0.998026 -0.0628077 0
    outer loop
      vertex -78 0 2.8
      vertex -77.9369 -1.00267 2.3
      vertex -77.9369 -1.00267 2.8
    endloop
  endfacet
  facet normal -0.982297 -0.187332 0
    outer loop
      vertex -77.7487 -1.98952 2.3
      vertex -77.9369 -1.00267 2.8
      vertex -77.9369 -1.00267 2.3
    endloop
  endfacet
  facet normal -0.982297 -0.187332 0
    outer loop
      vertex -77.9369 -1.00267 2.8
      vertex -77.7487 -1.98952 2.3
      vertex -77.7487 -1.98952 2.8
    endloop
  endfacet
  facet normal 0.248714 0.968577 -0
    outer loop
      vertex -67.5279 7.60845 2.3
      vertex -68.5009 7.8583 2.8
      vertex -67.5279 7.60845 2.8
    endloop
  endfacet
  facet normal 0.248714 0.968577 0
    outer loop
      vertex -68.5009 7.8583 2.8
      vertex -67.5279 7.60845 2.3
      vertex -68.5009 7.8583 2.3
    endloop
  endfacet
  facet normal 0.481751 -0.876308 0
    outer loop
      vertex -66.5938 -7.23862 2.3
      vertex -65.7134 -6.75462 2.8
      vertex -66.5938 -7.23862 2.8
    endloop
  endfacet
  facet normal 0.481751 -0.876308 0
    outer loop
      vertex -65.7134 -6.75462 2.8
      vertex -66.5938 -7.23862 2.3
      vertex -65.7134 -6.75462 2.3
    endloop
  endfacet
  facet normal -0.481751 0.876308 0
    outer loop
      vertex -73.4062 7.23862 2.3
      vertex -74.2866 6.75462 2.8
      vertex -73.4062 7.23862 2.8
    endloop
  endfacet
  facet normal -0.481751 0.876308 0
    outer loop
      vertex -74.2866 6.75462 2.8
      vertex -73.4062 7.23862 2.3
      vertex -74.2866 6.75462 2.3
    endloop
  endfacet
  facet normal -0.248714 -0.968577 0
    outer loop
      vertex -72.4721 -7.60845 2.3
      vertex -71.4991 -7.8583 2.8
      vertex -72.4721 -7.60845 2.8
    endloop
  endfacet
  facet normal -0.248714 -0.968577 -0
    outer loop
      vertex -71.4991 -7.8583 2.8
      vertex -72.4721 -7.60845 2.3
      vertex -71.4991 -7.8583 2.3
    endloop
  endfacet
  facet normal -0.125318 -0.992117 0
    outer loop
      vertex -71.4991 -7.8583 2.3
      vertex -70.5023 -7.98421 2.8
      vertex -71.4991 -7.8583 2.8
    endloop
  endfacet
  facet normal -0.125318 -0.992117 -0
    outer loop
      vertex -70.5023 -7.98421 2.8
      vertex -71.4991 -7.8583 2.3
      vertex -70.5023 -7.98421 2.3
    endloop
  endfacet
  facet normal -0.125318 0.992117 0
    outer loop
      vertex -70.5023 7.98421 2.3
      vertex -71.4991 7.8583 2.8
      vertex -70.5023 7.98421 2.8
    endloop
  endfacet
  facet normal -0.125318 0.992117 0
    outer loop
      vertex -71.4991 7.8583 2.8
      vertex -70.5023 7.98421 2.3
      vertex -71.4991 7.8583 2.3
    endloop
  endfacet
  facet normal -0.998026 0.0628077 0
    outer loop
      vertex -78 0 2.3
      vertex -77.9369 1.00267 2.8
      vertex -77.9369 1.00267 2.3
    endloop
  endfacet
  facet normal -0.998026 0.0628077 0
    outer loop
      vertex -77.9369 1.00267 2.8
      vertex -78 0 2.3
      vertex -78 0 2.8
    endloop
  endfacet
  facet normal -0.951043 -0.309058 0
    outer loop
      vertex -77.4382 -2.945 2.3
      vertex -77.7487 -1.98952 2.8
      vertex -77.7487 -1.98952 2.3
    endloop
  endfacet
  facet normal -0.951043 -0.309058 0
    outer loop
      vertex -77.7487 -1.98952 2.8
      vertex -77.4382 -2.945 2.3
      vertex -77.4382 -2.945 2.8
    endloop
  endfacet
  facet normal 0 -1 0
    outer loop
      vertex -70.5023 -7.98421 2.3
      vertex -69.4977 -7.98421 2.8
      vertex -70.5023 -7.98421 2.8
    endloop
  endfacet
  facet normal 0 -1 -0
    outer loop
      vertex -69.4977 -7.98421 2.8
      vertex -70.5023 -7.98421 2.3
      vertex -69.4977 -7.98421 2.3
    endloop
  endfacet
  facet normal -0.904849 0.425733 0
    outer loop
      vertex -77.4382 2.945 2.3
      vertex -77.0105 3.85403 2.8
      vertex -77.0105 3.85403 2.3
    endloop
  endfacet
  facet normal -0.904849 0.425733 0
    outer loop
      vertex -77.0105 3.85403 2.8
      vertex -77.4382 2.945 2.3
      vertex -77.4382 2.945 2.8
    endloop
  endfacet
  facet normal -0.481751 -0.876308 0
    outer loop
      vertex -74.2866 -6.75462 2.3
      vertex -73.4062 -7.23862 2.8
      vertex -74.2866 -6.75462 2.8
    endloop
  endfacet
  facet normal -0.481751 -0.876308 -0
    outer loop
      vertex -73.4062 -7.23862 2.8
      vertex -74.2866 -6.75462 2.3
      vertex -73.4062 -7.23862 2.3
    endloop
  endfacet
  facet normal -0.58777 -0.809028 0
    outer loop
      vertex -75.0994 -6.16411 2.3
      vertex -74.2866 -6.75462 2.8
      vertex -75.0994 -6.16411 2.8
    endloop
  endfacet
  facet normal -0.58777 -0.809028 -0
    outer loop
      vertex -74.2866 -6.75462 2.8
      vertex -75.0994 -6.16411 2.3
      vertex -74.2866 -6.75462 2.3
    endloop
  endfacet
  facet normal -0.368119 -0.929779 0
    outer loop
      vertex -73.4062 -7.23862 2.3
      vertex -72.4721 -7.60845 2.8
      vertex -73.4062 -7.23862 2.8
    endloop
  endfacet
  facet normal -0.368119 -0.929779 -0
    outer loop
      vertex -72.4721 -7.60845 2.8
      vertex -73.4062 -7.23862 2.3
      vertex -72.4721 -7.60845 2.3
    endloop
  endfacet
  facet normal -0.982292 0.187358 0
    outer loop
      vertex -63.2199 -1.74083 2.3
      vertex -63.0552 -0.877332 2.8
      vertex -63.0552 -0.877332 2.3
    endloop
  endfacet
  facet normal -0.982292 0.187358 0
    outer loop
      vertex -63.0552 -0.877332 2.8
      vertex -63.2199 -1.74083 2.3
      vertex -63.2199 -1.74083 2.8
    endloop
  endfacet
  facet normal -0.982292 -0.187358 0
    outer loop
      vertex -63.0552 0.877332 2.3
      vertex -63.2199 1.74083 2.8
      vertex -63.2199 1.74083 2.3
    endloop
  endfacet
  facet normal -0.982292 -0.187358 0
    outer loop
      vertex -63.2199 1.74083 2.8
      vertex -63.0552 0.877332 2.3
      vertex -63.0552 0.877332 2.8
    endloop
  endfacet
  facet normal -0.998027 -0.0627939 0
    outer loop
      vertex -63 0 2.3
      vertex -63.0552 0.877332 2.8
      vertex -63.0552 0.877332 2.3
    endloop
  endfacet
  facet normal -0.998027 -0.0627939 0
    outer loop
      vertex -63.0552 0.877332 2.8
      vertex -63 0 2.3
      vertex -63 0 2.8
    endloop
  endfacet
  facet normal -0.951038 0.309073 0
    outer loop
      vertex -63.4916 -2.57687 2.3
      vertex -63.2199 -1.74083 2.8
      vertex -63.2199 -1.74083 2.3
    endloop
  endfacet
  facet normal -0.951038 0.309073 0
    outer loop
      vertex -63.2199 -1.74083 2.8
      vertex -63.4916 -2.57687 2.3
      vertex -63.4916 -2.57687 2.8
    endloop
  endfacet
  facet normal -0.684552 -0.728964 0
    outer loop
      vertex -65.538 5.39359 2.3
      vertex -64.8972 4.79183 2.8
      vertex -65.538 5.39359 2.8
    endloop
  endfacet
  facet normal -0.684552 -0.728964 -0
    outer loop
      vertex -64.8972 4.79183 2.8
      vertex -65.538 5.39359 2.3
      vertex -64.8972 4.79183 2.3
    endloop
  endfacet
  facet normal 0.951038 -0.309073 0
    outer loop
      vertex -76.7801 1.74083 2.8
      vertex -76.5084 2.57687 2.3
      vertex -76.5084 2.57687 2.8
    endloop
  endfacet
  facet normal 0.951038 -0.309073 0
    outer loop
      vertex -76.5084 2.57687 2.3
      vertex -76.7801 1.74083 2.8
      vertex -76.7801 1.74083 2.3
    endloop
  endfacet
  facet normal 0.684552 0.728964 -0
    outer loop
      vertex -74.462 -5.39359 2.3
      vertex -75.1028 -4.79183 2.8
      vertex -74.462 -5.39359 2.8
    endloop
  endfacet
  facet normal 0.684552 0.728964 0
    outer loop
      vertex -75.1028 -4.79183 2.8
      vertex -74.462 -5.39359 2.3
      vertex -75.1028 -4.79183 2.3
    endloop
  endfacet
  facet normal 0.982292 -0.187358 0
    outer loop
      vertex -76.9448 0.877332 2.8
      vertex -76.7801 1.74083 2.3
      vertex -76.7801 1.74083 2.8
    endloop
  endfacet
  facet normal 0.982292 -0.187358 0
    outer loop
      vertex -76.7801 1.74083 2.3
      vertex -76.9448 0.877332 2.8
      vertex -76.9448 0.877332 2.3
    endloop
  endfacet
  facet normal -0.248698 0.968581 0
    outer loop
      vertex -67.8369 -6.6574 2.3
      vertex -68.6883 -6.87601 2.8
      vertex -67.8369 -6.6574 2.8
    endloop
  endfacet
  facet normal -0.248698 0.968581 0
    outer loop
      vertex -68.6883 -6.87601 2.8
      vertex -67.8369 -6.6574 2.3
      vertex -68.6883 -6.87601 2.3
    endloop
  endfacet
  facet normal -0.998027 0.0627939 0
    outer loop
      vertex -63.0552 -0.877332 2.3
      vertex -63 0 2.8
      vertex -63 0 2.3
    endloop
  endfacet
  facet normal -0.998027 0.0627939 0
    outer loop
      vertex -63 0 2.8
      vertex -63.0552 -0.877332 2.3
      vertex -63.0552 -0.877332 2.8
    endloop
  endfacet
  facet normal 0.904823 0.425787 0
    outer loop
      vertex -76.1341 -3.37228 2.8
      vertex -76.5084 -2.57687 2.3
      vertex -76.5084 -2.57687 2.8
    endloop
  endfacet
  facet normal 0.904823 0.425787 0
    outer loop
      vertex -76.5084 -2.57687 2.3
      vertex -76.1341 -3.37228 2.8
      vertex -76.1341 -3.37228 2.3
    endloop
  endfacet
  facet normal -0.844342 -0.535805 0
    outer loop
      vertex -63.8659 3.37228 2.3
      vertex -64.3369 4.1145 2.8
      vertex -64.3369 4.1145 2.3
    endloop
  endfacet
  facet normal -0.844342 -0.535805 0
    outer loop
      vertex -64.3369 4.1145 2.8
      vertex -63.8659 3.37228 2.3
      vertex -63.8659 3.37228 2.8
    endloop
  endfacet
  facet normal -0.904823 0.425787 0
    outer loop
      vertex -63.8659 -3.37228 2.3
      vertex -63.4916 -2.57687 2.8
      vertex -63.4916 -2.57687 2.3
    endloop
  endfacet
  facet normal -0.904823 0.425787 0
    outer loop
      vertex -63.4916 -2.57687 2.8
      vertex -63.8659 -3.37228 2.3
      vertex -63.8659 -3.37228 2.8
    endloop
  endfacet
  facet normal -0.368103 -0.929785 0
    outer loop
      vertex -67.8369 6.6574 2.3
      vertex -67.0195 6.33379 2.8
      vertex -67.8369 6.6574 2.8
    endloop
  endfacet
  facet normal -0.368103 -0.929785 -0
    outer loop
      vertex -67.0195 6.33379 2.8
      vertex -67.8369 6.6574 2.3
      vertex -67.0195 6.33379 2.3
    endloop
  endfacet
  facet normal 0.481775 -0.876295 0
    outer loop
      vertex -73.7508 5.91029 2.3
      vertex -72.9805 6.33379 2.8
      vertex -73.7508 5.91029 2.8
    endloop
  endfacet
  facet normal 0.481775 -0.876295 0
    outer loop
      vertex -72.9805 6.33379 2.8
      vertex -73.7508 5.91029 2.3
      vertex -72.9805 6.33379 2.3
    endloop
  endfacet
  facet normal 0.904823 -0.425787 0
    outer loop
      vertex -76.5084 2.57687 2.8
      vertex -76.1341 3.37228 2.3
      vertex -76.1341 3.37228 2.8
    endloop
  endfacet
  facet normal 0.904823 -0.425787 0
    outer loop
      vertex -76.1341 3.37228 2.3
      vertex -76.5084 2.57687 2.8
      vertex -76.5084 2.57687 2.3
    endloop
  endfacet
  facet normal 0.481775 0.876295 -0
    outer loop
      vertex -72.9805 -6.33379 2.3
      vertex -73.7508 -5.91029 2.8
      vertex -72.9805 -6.33379 2.8
    endloop
  endfacet
  facet normal 0.481775 0.876295 0
    outer loop
      vertex -73.7508 -5.91029 2.8
      vertex -72.9805 -6.33379 2.3
      vertex -73.7508 -5.91029 2.3
    endloop
  endfacet
  facet normal 0.587773 -0.809026 0
    outer loop
      vertex -74.462 5.39359 2.3
      vertex -73.7508 5.91029 2.8
      vertex -74.462 5.39359 2.8
    endloop
  endfacet
  facet normal 0.587773 -0.809026 0
    outer loop
      vertex -73.7508 5.91029 2.8
      vertex -74.462 5.39359 2.3
      vertex -73.7508 5.91029 2.3
    endloop
  endfacet
  facet normal 0.684552 -0.728964 0
    outer loop
      vertex -75.1028 4.79183 2.3
      vertex -74.462 5.39359 2.8
      vertex -75.1028 4.79183 2.8
    endloop
  endfacet
  facet normal 0.684552 -0.728964 0
    outer loop
      vertex -74.462 5.39359 2.8
      vertex -75.1028 4.79183 2.3
      vertex -74.462 5.39359 2.3
    endloop
  endfacet
  facet normal -0.684552 0.728964 0
    outer loop
      vertex -64.8972 -4.79183 2.3
      vertex -65.538 -5.39359 2.8
      vertex -64.8972 -4.79183 2.8
    endloop
  endfacet
  facet normal -0.684552 0.728964 0
    outer loop
      vertex -65.538 -5.39359 2.8
      vertex -64.8972 -4.79183 2.3
      vertex -65.538 -5.39359 2.3
    endloop
  endfacet
  facet normal -0.587773 -0.809026 0
    outer loop
      vertex -66.2492 5.91029 2.3
      vertex -65.538 5.39359 2.8
      vertex -66.2492 5.91029 2.8
    endloop
  endfacet
  facet normal -0.587773 -0.809026 -0
    outer loop
      vertex -65.538 5.39359 2.8
      vertex -66.2492 5.91029 2.3
      vertex -65.538 5.39359 2.3
    endloop
  endfacet
  facet normal 0.982292 0.187358 0
    outer loop
      vertex -76.7801 -1.74083 2.8
      vertex -76.9448 -0.877332 2.3
      vertex -76.9448 -0.877332 2.8
    endloop
  endfacet
  facet normal 0.982292 0.187358 0
    outer loop
      vertex -76.9448 -0.877332 2.3
      vertex -76.7801 -1.74083 2.8
      vertex -76.7801 -1.74083 2.3
    endloop
  endfacet
  facet normal 0.368103 0.929785 -0
    outer loop
      vertex -72.1631 -6.6574 2.3
      vertex -72.9805 -6.33379 2.8
      vertex -72.1631 -6.6574 2.8
    endloop
  endfacet
  facet normal 0.368103 0.929785 0
    outer loop
      vertex -72.9805 -6.33379 2.8
      vertex -72.1631 -6.6574 2.3
      vertex -72.9805 -6.33379 2.3
    endloop
  endfacet
  facet normal -0.125328 0.992115 0
    outer loop
      vertex -68.6883 -6.87601 2.3
      vertex -69.5605 -6.98619 2.8
      vertex -68.6883 -6.87601 2.8
    endloop
  endfacet
  facet normal -0.125328 0.992115 0
    outer loop
      vertex -69.5605 -6.98619 2.8
      vertex -68.6883 -6.87601 2.3
      vertex -69.5605 -6.98619 2.3
    endloop
  endfacet
  facet normal 0.844342 0.535805 0
    outer loop
      vertex -75.6631 -4.1145 2.8
      vertex -76.1341 -3.37228 2.3
      vertex -76.1341 -3.37228 2.8
    endloop
  endfacet
  facet normal 0.844342 0.535805 0
    outer loop
      vertex -76.1341 -3.37228 2.3
      vertex -75.6631 -4.1145 2.8
      vertex -75.6631 -4.1145 2.3
    endloop
  endfacet
  facet normal -0.904823 -0.425787 0
    outer loop
      vertex -63.4916 2.57687 2.3
      vertex -63.8659 3.37228 2.8
      vertex -63.8659 3.37228 2.3
    endloop
  endfacet
  facet normal -0.904823 -0.425787 0
    outer loop
      vertex -63.8659 3.37228 2.8
      vertex -63.4916 2.57687 2.3
      vertex -63.4916 2.57687 2.8
    endloop
  endfacet
  facet normal -0.481775 -0.876295 0
    outer loop
      vertex -67.0195 6.33379 2.3
      vertex -66.2492 5.91029 2.8
      vertex -67.0195 6.33379 2.8
    endloop
  endfacet
  facet normal -0.481775 -0.876295 -0
    outer loop
      vertex -66.2492 5.91029 2.8
      vertex -67.0195 6.33379 2.3
      vertex -66.2492 5.91029 2.3
    endloop
  endfacet
  facet normal 0.770533 0.6374 0
    outer loop
      vertex -75.1028 -4.79183 2.8
      vertex -75.6631 -4.1145 2.3
      vertex -75.6631 -4.1145 2.8
    endloop
  endfacet
  facet normal 0.770533 0.6374 0
    outer loop
      vertex -75.6631 -4.1145 2.3
      vertex -75.1028 -4.79183 2.8
      vertex -75.1028 -4.79183 2.3
    endloop
  endfacet
  facet normal 0.998027 -0.0627939 0
    outer loop
      vertex -77 0 2.8
      vertex -76.9448 0.877332 2.3
      vertex -76.9448 0.877332 2.8
    endloop
  endfacet
  facet normal 0.998027 -0.0627939 0
    outer loop
      vertex -76.9448 0.877332 2.3
      vertex -77 0 2.8
      vertex -77 0 2.3
    endloop
  endfacet
  facet normal 0.248698 0.968581 -0
    outer loop
      vertex -71.3117 -6.87601 2.3
      vertex -72.1631 -6.6574 2.8
      vertex -71.3117 -6.87601 2.8
    endloop
  endfacet
  facet normal 0.248698 0.968581 0
    outer loop
      vertex -72.1631 -6.6574 2.8
      vertex -71.3117 -6.87601 2.3
      vertex -72.1631 -6.6574 2.3
    endloop
  endfacet
  facet normal -0.770533 0.6374 0
    outer loop
      vertex -64.8972 -4.79183 2.3
      vertex -64.3369 -4.1145 2.8
      vertex -64.3369 -4.1145 2.3
    endloop
  endfacet
  facet normal -0.770533 0.6374 0
    outer loop
      vertex -64.3369 -4.1145 2.8
      vertex -64.8972 -4.79183 2.3
      vertex -64.8972 -4.79183 2.8
    endloop
  endfacet
  facet normal 0.368103 -0.929785 0
    outer loop
      vertex -72.9805 6.33379 2.3
      vertex -72.1631 6.6574 2.8
      vertex -72.9805 6.33379 2.8
    endloop
  endfacet
  facet normal 0.368103 -0.929785 0
    outer loop
      vertex -72.1631 6.6574 2.8
      vertex -72.9805 6.33379 2.3
      vertex -72.1631 6.6574 2.3
    endloop
  endfacet
  facet normal -0.587773 0.809026 0
    outer loop
      vertex -65.538 -5.39359 2.3
      vertex -66.2492 -5.91029 2.8
      vertex -65.538 -5.39359 2.8
    endloop
  endfacet
  facet normal -0.587773 0.809026 0
    outer loop
      vertex -66.2492 -5.91029 2.8
      vertex -65.538 -5.39359 2.3
      vertex -66.2492 -5.91029 2.3
    endloop
  endfacet
  facet normal -0.368103 0.929785 0
    outer loop
      vertex -67.0195 -6.33379 2.3
      vertex -67.8369 -6.6574 2.8
      vertex -67.0195 -6.33379 2.8
    endloop
  endfacet
  facet normal -0.368103 0.929785 0
    outer loop
      vertex -67.8369 -6.6574 2.8
      vertex -67.0195 -6.33379 2.3
      vertex -67.8369 -6.6574 2.3
    endloop
  endfacet
  facet normal 0 -1 0
    outer loop
      vertex -70.4395 6.98619 2.3
      vertex -69.5605 6.98619 2.8
      vertex -70.4395 6.98619 2.8
    endloop
  endfacet
  facet normal 0 -1 -0
    outer loop
      vertex -69.5605 6.98619 2.8
      vertex -70.4395 6.98619 2.3
      vertex -69.5605 6.98619 2.3
    endloop
  endfacet
  facet normal 0.951038 0.309073 0
    outer loop
      vertex -76.5084 -2.57687 2.8
      vertex -76.7801 -1.74083 2.3
      vertex -76.7801 -1.74083 2.8
    endloop
  endfacet
  facet normal 0.951038 0.309073 0
    outer loop
      vertex -76.7801 -1.74083 2.3
      vertex -76.5084 -2.57687 2.8
      vertex -76.5084 -2.57687 2.3
    endloop
  endfacet
  facet normal 0 1 -0
    outer loop
      vertex -69.5605 -6.98619 2.3
      vertex -70.4395 -6.98619 2.8
      vertex -69.5605 -6.98619 2.8
    endloop
  endfacet
  facet normal 0 1 0
    outer loop
      vertex -70.4395 -6.98619 2.8
      vertex -69.5605 -6.98619 2.3
      vertex -70.4395 -6.98619 2.3
    endloop
  endfacet
  facet normal -0.951038 -0.309073 0
    outer loop
      vertex -63.2199 1.74083 2.3
      vertex -63.4916 2.57687 2.8
      vertex -63.4916 2.57687 2.3
    endloop
  endfacet
  facet normal -0.951038 -0.309073 0
    outer loop
      vertex -63.4916 2.57687 2.8
      vertex -63.2199 1.74083 2.3
      vertex -63.2199 1.74083 2.8
    endloop
  endfacet
  facet normal 0.248698 -0.968581 0
    outer loop
      vertex -72.1631 6.6574 2.3
      vertex -71.3117 6.87601 2.8
      vertex -72.1631 6.6574 2.8
    endloop
  endfacet
  facet normal 0.248698 -0.968581 0
    outer loop
      vertex -71.3117 6.87601 2.8
      vertex -72.1631 6.6574 2.3
      vertex -71.3117 6.87601 2.3
    endloop
  endfacet
  facet normal -0.844342 0.535805 0
    outer loop
      vertex -64.3369 -4.1145 2.3
      vertex -63.8659 -3.37228 2.8
      vertex -63.8659 -3.37228 2.3
    endloop
  endfacet
  facet normal -0.844342 0.535805 0
    outer loop
      vertex -63.8659 -3.37228 2.8
      vertex -64.3369 -4.1145 2.3
      vertex -64.3369 -4.1145 2.8
    endloop
  endfacet
  facet normal -0.770533 -0.6374 0
    outer loop
      vertex -64.3369 4.1145 2.3
      vertex -64.8972 4.79183 2.8
      vertex -64.8972 4.79183 2.3
    endloop
  endfacet
  facet normal -0.770533 -0.6374 0
    outer loop
      vertex -64.8972 4.79183 2.8
      vertex -64.3369 4.1145 2.3
      vertex -64.3369 4.1145 2.8
    endloop
  endfacet
  facet normal -0.125328 -0.992115 0
    outer loop
      vertex -69.5605 6.98619 2.3
      vertex -68.6883 6.87601 2.8
      vertex -69.5605 6.98619 2.8
    endloop
  endfacet
  facet normal -0.125328 -0.992115 -0
    outer loop
      vertex -68.6883 6.87601 2.8
      vertex -69.5605 6.98619 2.3
      vertex -68.6883 6.87601 2.3
    endloop
  endfacet
  facet normal 0.125328 -0.992115 0
    outer loop
      vertex -71.3117 6.87601 2.3
      vertex -70.4395 6.98619 2.8
      vertex -71.3117 6.87601 2.8
    endloop
  endfacet
  facet normal 0.125328 -0.992115 0
    outer loop
      vertex -70.4395 6.98619 2.8
      vertex -71.3117 6.87601 2.3
      vertex -70.4395 6.98619 2.3
    endloop
  endfacet
  facet normal -0.248698 -0.968581 0
    outer loop
      vertex -68.6883 6.87601 2.3
      vertex -67.8369 6.6574 2.8
      vertex -68.6883 6.87601 2.8
    endloop
  endfacet
  facet normal -0.248698 -0.968581 -0
    outer loop
      vertex -67.8369 6.6574 2.8
      vertex -68.6883 6.87601 2.3
      vertex -67.8369 6.6574 2.3
    endloop
  endfacet
  facet normal 0.998027 0.0627939 0
    outer loop
      vertex -76.9448 -0.877332 2.8
      vertex -77 0 2.3
      vertex -77 0 2.8
    endloop
  endfacet
  facet normal 0.998027 0.0627939 0
    outer loop
      vertex -77 0 2.3
      vertex -76.9448 -0.877332 2.8
      vertex -76.9448 -0.877332 2.3
    endloop
  endfacet
  facet normal -0.481775 0.876295 0
    outer loop
      vertex -66.2492 -5.91029 2.3
      vertex -67.0195 -6.33379 2.8
      vertex -66.2492 -5.91029 2.8
    endloop
  endfacet
  facet normal -0.481775 0.876295 0
    outer loop
      vertex -67.0195 -6.33379 2.8
      vertex -66.2492 -5.91029 2.3
      vertex -67.0195 -6.33379 2.3
    endloop
  endfacet
  facet normal 0.587773 0.809026 -0
    outer loop
      vertex -73.7508 -5.91029 2.3
      vertex -74.462 -5.39359 2.8
      vertex -73.7508 -5.91029 2.8
    endloop
  endfacet
  facet normal 0.587773 0.809026 0
    outer loop
      vertex -74.462 -5.39359 2.8
      vertex -73.7508 -5.91029 2.3
      vertex -74.462 -5.39359 2.3
    endloop
  endfacet
  facet normal 0.844342 -0.535805 0
    outer loop
      vertex -76.1341 3.37228 2.8
      vertex -75.6631 4.1145 2.3
      vertex -75.6631 4.1145 2.8
    endloop
  endfacet
  facet normal 0.844342 -0.535805 0
    outer loop
      vertex -75.6631 4.1145 2.3
      vertex -76.1341 3.37228 2.8
      vertex -76.1341 3.37228 2.3
    endloop
  endfacet
  facet normal 0.125328 0.992115 -0
    outer loop
      vertex -70.4395 -6.98619 2.3
      vertex -71.3117 -6.87601 2.8
      vertex -70.4395 -6.98619 2.8
    endloop
  endfacet
  facet normal 0.125328 0.992115 0
    outer loop
      vertex -71.3117 -6.87601 2.8
      vertex -70.4395 -6.98619 2.3
      vertex -71.3117 -6.87601 2.3
    endloop
  endfacet
  facet normal 0.770533 -0.6374 0
    outer loop
      vertex -75.6631 4.1145 2.8
      vertex -75.1028 4.79183 2.3
      vertex -75.1028 4.79183 2.8
    endloop
  endfacet
  facet normal 0.770533 -0.6374 0
    outer loop
      vertex -75.1028 4.79183 2.3
      vertex -75.6631 4.1145 2.8
      vertex -75.6631 4.1145 2.3
    endloop
  endfacet
  facet normal 0 0 1
    outer loop
      vertex -39 9.98027 0.5
      vertex -60 0 0.5
      vertex -39 -9.98027 0.5
    endloop
  endfacet
  facet normal 0 0 1
    outer loop
      vertex -39 9.98027 0.5
      vertex -60.0789 1.25333 0.5
      vertex -60 0 0.5
    endloop
  endfacet
  facet normal 0 0 1
    outer loop
      vertex -39 9.98027 0.5
      vertex -60.3142 2.4869 0.5
      vertex -60.0789 1.25333 0.5
    endloop
  endfacet
  facet normal 0 0 1
    outer loop
      vertex -39 9.98027 0.5
      vertex -60.7022 3.68124 0.5
      vertex -60.3142 2.4869 0.5
    endloop
  endfacet
  facet normal 0 0 1
    outer loop
      vertex -39 9.98027 0.5
      vertex -61.2369 4.81754 0.5
      vertex -60.7022 3.68124 0.5
    endloop
  endfacet
  facet normal 0 0 1
    outer loop
      vertex -39 9.98027 0.5
      vertex -61.9098 5.87785 0.5
      vertex -61.2369 4.81754 0.5
    endloop
  endfacet
  facet normal 0 0 1
    outer loop
      vertex -39 9.98027 0.5
      vertex -62.7103 6.84547 0.5
      vertex -61.9098 5.87785 0.5
    endloop
  endfacet
  facet normal 0 0 1
    outer loop
      vertex -39 9.98027 0.5
      vertex -63.6258 7.70513 0.5
      vertex -62.7103 6.84547 0.5
    endloop
  endfacet
  facet normal 0 0 1
    outer loop
      vertex -39 9.98027 0.5
      vertex -64.6417 8.44328 0.5
      vertex -63.6258 7.70513 0.5
    endloop
  endfacet
  facet normal 0 0 1
    outer loop
      vertex -39 9.98027 0.5
      vertex -65.7422 9.04827 0.5
      vertex -64.6417 8.44328 0.5
    endloop
  endfacet
  facet normal 0 0 1
    outer loop
      vertex -39 9.98027 0.5
      vertex -66.9098 9.51056 0.5
      vertex -65.7422 9.04827 0.5
    endloop
  endfacet
  facet normal 0 0 1
    outer loop
      vertex -39 9.98027 0.5
      vertex -68.1262 9.82287 0.5
      vertex -66.9098 9.51056 0.5
    endloop
  endfacet
  facet normal 0 -0 1
    outer loop
      vertex -68.1262 9.82287 0.5
      vertex -39 9.98027 0.5
      vertex -69.3721 9.98027 0.5
    endloop
  endfacet
  facet normal -0 0 1
    outer loop
      vertex -60.0789 -1.25333 0.5
      vertex -39 -9.98027 0.5
      vertex -60 0 0.5
    endloop
  endfacet
  facet normal -0 0 1
    outer loop
      vertex -60.3142 -2.4869 0.5
      vertex -39 -9.98027 0.5
      vertex -60.0789 -1.25333 0.5
    endloop
  endfacet
  facet normal -0 0 1
    outer loop
      vertex -60.7022 -3.68124 0.5
      vertex -39 -9.98027 0.5
      vertex -60.3142 -2.4869 0.5
    endloop
  endfacet
  facet normal -0 0 1
    outer loop
      vertex -61.2369 -4.81754 0.5
      vertex -39 -9.98027 0.5
      vertex -60.7022 -3.68124 0.5
    endloop
  endfacet
  facet normal -0 0 1
    outer loop
      vertex -61.9098 -5.87785 0.5
      vertex -39 -9.98027 0.5
      vertex -61.2369 -4.81754 0.5
    endloop
  endfacet
  facet normal -0 0 1
    outer loop
      vertex -62.7103 -6.84547 0.5
      vertex -39 -9.98027 0.5
      vertex -61.9098 -5.87785 0.5
    endloop
  endfacet
  facet normal -0 0 1
    outer loop
      vertex -63.6258 -7.70513 0.5
      vertex -39 -9.98027 0.5
      vertex -62.7103 -6.84547 0.5
    endloop
  endfacet
  facet normal -0 0 1
    outer loop
      vertex -64.6417 -8.44328 0.5
      vertex -39 -9.98027 0.5
      vertex -63.6258 -7.70513 0.5
    endloop
  endfacet
  facet normal -0 0 1
    outer loop
      vertex -65.7422 -9.04827 0.5
      vertex -39 -9.98027 0.5
      vertex -64.6417 -8.44328 0.5
    endloop
  endfacet
  facet normal -0 0 1
    outer loop
      vertex -66.9098 -9.51056 0.5
      vertex -39 -9.98027 0.5
      vertex -65.7422 -9.04827 0.5
    endloop
  endfacet
  facet normal -0 0 1
    outer loop
      vertex -68.1262 -9.82287 0.5
      vertex -39 -9.98027 0.5
      vertex -66.9098 -9.51056 0.5
    endloop
  endfacet
  facet normal 0 0 1
    outer loop
      vertex -39 -9.98027 0.5
      vertex -68.1262 -9.82287 0.5
      vertex -69.3721 -9.98027 0.5
    endloop
  endfacet
  facet normal 0 0 1
    outer loop
      vertex -67.9662 0.256932 0.5
      vertex -67.9662 -0.256932 0.5
      vertex -67.95 0 0.5
    endloop
  endfacet
  facet normal 0 0 1
    outer loop
      vertex -68.0144 0.509814 0.5
      vertex -67.9662 -0.256932 0.5
      vertex -67.9662 0.256932 0.5
    endloop
  endfacet
  facet normal 0 0 1
    outer loop
      vertex -68.0144 0.509814 0.5
      vertex -68.0144 -0.509814 0.5
      vertex -67.9662 -0.256932 0.5
    endloop
  endfacet
  facet normal 0 0 1
    outer loop
      vertex -68.094 0.754655 0.5
      vertex -68.0144 -0.509814 0.5
      vertex -68.0144 0.509814 0.5
    endloop
  endfacet
  facet normal 0 0 1
    outer loop
      vertex -68.094 0.754655 0.5
      vertex -68.094 -0.754655 0.5
      vertex -68.0144 -0.509814 0.5
    endloop
  endfacet
  facet normal 0 0 1
    outer loop
      vertex -68.2036 0.987595 0.5
      vertex -68.094 -0.754655 0.5
      vertex -68.094 0.754655 0.5
    endloop
  endfacet
  facet normal 0 0 1
    outer loop
      vertex -68.2036 0.987595 0.5
      vertex -68.2036 -0.987595 0.5
      vertex -68.094 -0.754655 0.5
    endloop
  endfacet
  facet normal 0 0 1
    outer loop
      vertex -68.3415 1.20496 0.5
      vertex -68.2036 -0.987595 0.5
      vertex -68.2036 0.987595 0.5
    endloop
  endfacet
  facet normal 0 0 1
    outer loop
      vertex -68.3415 1.20496 0.5
      vertex -68.3415 -1.20496 0.5
      vertex -68.2036 -0.987595 0.5
    endloop
  endfacet
  facet normal 0 0 1
    outer loop
      vertex -68.5056 1.40332 0.5
      vertex -68.3415 -1.20496 0.5
      vertex -68.3415 1.20496 0.5
    endloop
  endfacet
  facet normal 0 0 1
    outer loop
      vertex -68.5056 1.40332 0.5
      vertex -68.5056 -1.40332 0.5
      vertex -68.3415 -1.20496 0.5
    endloop
  endfacet
  facet normal 0 0 1
    outer loop
      vertex -68.6933 1.57955 0.5
      vertex -68.5056 -1.40332 0.5
      vertex -68.5056 1.40332 0.5
    endloop
  endfacet
  facet normal 0 0 1
    outer loop
      vertex -68.6933 1.57955 0.5
      vertex -68.6933 -1.57955 0.5
      vertex -68.5056 -1.40332 0.5
    endloop
  endfacet
  facet normal 0 0 1
    outer loop
      vertex -68.9016 1.73087 0.5
      vertex -68.6933 -1.57955 0.5
      vertex -68.6933 1.57955 0.5
    endloop
  endfacet
  facet normal 0 0 1
    outer loop
      vertex -68.9016 1.73087 0.5
      vertex -68.9016 -1.73087 0.5
      vertex -68.6933 -1.57955 0.5
    endloop
  endfacet
  facet normal 0 0 1
    outer loop
      vertex -69.1272 1.85489 0.5
      vertex -68.9016 -1.73087 0.5
      vertex -68.9016 1.73087 0.5
    endloop
  endfacet
  facet normal 0 0 1
    outer loop
      vertex -69.1272 1.85489 0.5
      vertex -69.1272 -1.85489 0.5
      vertex -68.9016 -1.73087 0.5
    endloop
  endfacet
  facet normal 0 0 1
    outer loop
      vertex -69.3665 1.94967 0.5
      vertex -69.1272 -1.85489 0.5
      vertex -69.1272 1.85489 0.5
    endloop
  endfacet
  facet normal 0 0 1
    outer loop
      vertex -69.3665 1.94967 0.5
      vertex -69.3665 -1.94967 0.5
      vertex -69.1272 -1.85489 0.5
    endloop
  endfacet
  facet normal 0 0 1
    outer loop
      vertex -69.6159 2.01369 0.5
      vertex -69.3665 -1.94967 0.5
      vertex -69.3665 1.94967 0.5
    endloop
  endfacet
  facet normal 0 0 1
    outer loop
      vertex -69.6159 2.01369 0.5
      vertex -69.6159 -2.01369 0.5
      vertex -69.3665 -1.94967 0.5
    endloop
  endfacet
  facet normal 0 0 1
    outer loop
      vertex -69.8713 2.04595 0.5
      vertex -69.6159 -2.01369 0.5
      vertex -69.6159 2.01369 0.5
    endloop
  endfacet
  facet normal 0 0 1
    outer loop
      vertex -69.8713 2.04595 0.5
      vertex -69.8713 -2.04595 0.5
      vertex -69.6159 -2.01369 0.5
    endloop
  endfacet
  facet normal -0 0 1
    outer loop
      vertex -70.1287 2.04595 0.5
      vertex -69.8713 -2.04595 0.5
      vertex -69.8713 2.04595 0.5
    endloop
  endfacet
  facet normal 0 0 1
    outer loop
      vertex -70.1287 2.04595 0.5
      vertex -70.1287 -2.04595 0.5
      vertex -69.8713 -2.04595 0.5
    endloop
  endfacet
  facet normal -0 0 1
    outer loop
      vertex -70.3841 2.01369 0.5
      vertex -70.1287 -2.04595 0.5
      vertex -70.1287 2.04595 0.5
    endloop
  endfacet
  facet normal 0 0 1
    outer loop
      vertex -70.3841 2.01369 0.5
      vertex -70.3841 -2.01369 0.5
      vertex -70.1287 -2.04595 0.5
    endloop
  endfacet
  facet normal -0 0 1
    outer loop
      vertex -70.6335 1.94967 0.5
      vertex -70.3841 -2.01369 0.5
      vertex -70.3841 2.01369 0.5
    endloop
  endfacet
  facet normal 0 0 1
    outer loop
      vertex -70.6335 1.94967 0.5
      vertex -70.6335 -1.94967 0.5
      vertex -70.3841 -2.01369 0.5
    endloop
  endfacet
  facet normal -0 0 1
    outer loop
      vertex -70.8728 1.85489 0.5
      vertex -70.6335 -1.94967 0.5
      vertex -70.6335 1.94967 0.5
    endloop
  endfacet
  facet normal 0 0 1
    outer loop
      vertex -70.8728 1.85489 0.5
      vertex -70.8728 -1.85489 0.5
      vertex -70.6335 -1.94967 0.5
    endloop
  endfacet
  facet normal -0 0 1
    outer loop
      vertex -71.0984 1.73087 0.5
      vertex -70.8728 -1.85489 0.5
      vertex -70.8728 1.85489 0.5
    endloop
  endfacet
  facet normal 0 0 1
    outer loop
      vertex -71.0984 1.73087 0.5
      vertex -71.0984 -1.73087 0.5
      vertex -70.8728 -1.85489 0.5
    endloop
  endfacet
  facet normal -0 0 1
    outer loop
      vertex -71.3067 1.57955 0.5
      vertex -71.0984 -1.73087 0.5
      vertex -71.0984 1.73087 0.5
    endloop
  endfacet
  facet normal 0 0 1
    outer loop
      vertex -71.3067 1.57955 0.5
      vertex -71.3067 -1.57955 0.5
      vertex -71.0984 -1.73087 0.5
    endloop
  endfacet
  facet normal -0 0 1
    outer loop
      vertex -71.4944 1.40332 0.5
      vertex -71.3067 -1.57955 0.5
      vertex -71.3067 1.57955 0.5
    endloop
  endfacet
  facet normal 0 0 1
    outer loop
      vertex -71.4944 1.40332 0.5
      vertex -71.4944 -1.40332 0.5
      vertex -71.3067 -1.57955 0.5
    endloop
  endfacet
  facet normal -0 0 1
    outer loop
      vertex -71.6585 1.20496 0.5
      vertex -71.4944 -1.40332 0.5
      vertex -71.4944 1.40332 0.5
    endloop
  endfacet
  facet normal 0 0 1
    outer loop
      vertex -71.6585 1.20496 0.5
      vertex -71.6585 -1.20496 0.5
      vertex -71.4944 -1.40332 0.5
    endloop
  endfacet
  facet normal -0 0 1
    outer loop
      vertex -71.7964 0.987595 0.5
      vertex -71.6585 -1.20496 0.5
      vertex -71.6585 1.20496 0.5
    endloop
  endfacet
  facet normal 0 0 1
    outer loop
      vertex -71.7964 0.987595 0.5
      vertex -71.7964 -0.987595 0.5
      vertex -71.6585 -1.20496 0.5
    endloop
  endfacet
  facet normal -0 0 1
    outer loop
      vertex -71.906 0.754655 0.5
      vertex -71.7964 -0.987595 0.5
      vertex -71.7964 0.987595 0.5
    endloop
  endfacet
  facet normal 0 0 1
    outer loop
      vertex -71.906 0.754655 0.5
      vertex -71.906 -0.754655 0.5
      vertex -71.7964 -0.987595 0.5
    endloop
  endfacet
  facet normal -0 0 1
    outer loop
      vertex -71.9856 0.509814 0.5
      vertex -71.906 -0.754655 0.5
      vertex -71.906 0.754655 0.5
    endloop
  endfacet
  facet normal 0 0 1
    outer loop
      vertex -71.9856 0.509814 0.5
      vertex -71.9856 -0.509814 0.5
      vertex -71.906 -0.754655 0.5
    endloop
  endfacet
  facet normal -0 0 1
    outer loop
      vertex -72.0338 0.256932 0.5
      vertex -71.9856 -0.509814 0.5
      vertex -71.9856 0.509814 0.5
    endloop
  endfacet
  facet normal 0 0 1
    outer loop
      vertex -72.0338 0.256932 0.5
      vertex -72.0338 -0.256932 0.5
      vertex -71.9856 -0.509814 0.5
    endloop
  endfacet
  facet normal 0 -0 1
    outer loop
      vertex -72.0338 -0.256932 0.5
      vertex -72.0338 0.256932 0.5
      vertex -72.05 0 0.5
    endloop
  endfacet
  facet normal 0 0 1
    outer loop
      vertex 56 70.8 0.5
      vertex 39 70.8 0.5
      vertex 56 -70.8 0.5
    endloop
  endfacet
  facet normal 0 0 1
    outer loop
      vertex 39 -70.8 0.5
      vertex 56 -70.8 0.5
      vertex 39 70.8 0.5
    endloop
  endfacet
  facet normal 0 1 -0
    outer loop
      vertex 56 70.8 0
      vertex 39 70.8 0.5
      vertex 56 70.8 0.5
    endloop
  endfacet
  facet normal 0 1 0
    outer loop
      vertex 39 70.8 0.5
      vertex 56 70.8 0
      vertex 39 70.8 0
    endloop
  endfacet
  facet normal 0 -1 0
    outer loop
      vertex 39 -70.8 0
      vertex 56 -70.8 0.5
      vertex 39 -70.8 0.5
    endloop
  endfacet
  facet normal 0 -1 -0
    outer loop
      vertex 56 -70.8 0.5
      vertex 39 -70.8 0
      vertex 56 -70.8 0
    endloop
  endfacet
endsolid OpenSCAD_Model
