solid 
 facet normal  9.996892e-01  2.493069e-02  1.518274e-19
   outer loop
     vertex  1.997514e+01  9.969177e-01  2.500000e+00
     vertex  2.000000e+01 -4.898587e-15  2.500000e+00
     vertex  2.000000e+01 -4.898587e-15 -2.500000e+00
   endloop
 endfacet
 facet normal  9.996892e-01  2.493069e-02  0.000000e+00
   outer loop
     vertex  1.997514e+01  9.969177e-01  2.500000e+00
     vertex  2.000000e+01 -4.898587e-15 -2.500000e+00
     vertex  1.997514e+01  9.969177e-01 -2.500000e+00
   endloop
 endfacet
 facet normal  9.972038e-01  7.473009e-02  0.000000e+00
   outer loop
     vertex  1.990062e+01  1.991357e+00  2.500000e+00
     vertex  1.997514e+01  9.969177e-01 -2.500000e+00
     vertex  1.990062e+01  1.991357e+00 -2.500000e+00
   endloop
 endfacet
 facet normal  9.972038e-01  7.473009e-02  6.664772e-20
   outer loop
     vertex  1.990062e+01  1.991357e+00  2.500000e+00
     vertex  1.997514e+01  9.969177e-01  2.500000e+00
     vertex  1.997514e+01  9.969177e-01 -2.500000e+00
   endloop
 endfacet
 facet normal  9.922392e-01  1.243437e-01  0.000000e+00
   outer loop
     vertex  1.977662e+01  2.980845e+00  2.500000e+00
     vertex  1.990062e+01  1.991357e+00 -2.500000e+00
     vertex  1.977662e+01  2.980845e+00 -2.500000e+00
   endloop
 endfacet
 facet normal  9.922392e-01  1.243437e-01 -2.236265e-19
   outer loop
     vertex  1.977662e+01  2.980845e+00  2.500000e+00
     vertex  1.990062e+01  1.991357e+00  2.500000e+00
     vertex  1.990062e+01  1.991357e+00 -2.500000e+00
   endloop
 endfacet
 facet normal  9.848078e-01  1.736482e-01  0.000000e+00
   outer loop
     vertex  1.960345e+01  3.962923e+00  2.500000e+00
     vertex  1.977662e+01  2.980845e+00 -2.500000e+00
     vertex  1.960345e+01  3.962923e+00 -2.500000e+00
   endloop
 endfacet
 facet normal  9.848078e-01  1.736482e-01 -1.232570e-18
   outer loop
     vertex  1.960345e+01  3.962923e+00  2.500000e+00
     vertex  1.977662e+01  2.980845e+00  2.500000e+00
     vertex  1.977662e+01  2.980845e+00 -2.500000e+00
   endloop
 endfacet
 facet normal  9.749279e-01  2.225209e-01  0.000000e+00
   outer loop
     vertex  1.938155e+01  4.935148e+00  2.500000e+00
     vertex  1.960345e+01  3.962923e+00 -2.500000e+00
     vertex  1.938155e+01  4.935148e+00 -2.500000e+00
   endloop
 endfacet
 facet normal  9.749279e-01  2.225209e-01 -1.043941e-19
   outer loop
     vertex  1.938155e+01  4.935148e+00  2.500000e+00
     vertex  1.960345e+01  3.962923e+00  2.500000e+00
     vertex  1.960345e+01  3.962923e+00 -2.500000e+00
   endloop
 endfacet
 facet normal  9.626242e-01  2.708405e-01  0.000000e+00
   outer loop
     vertex  1.911146e+01  5.895103e+00  2.500000e+00
     vertex  1.938155e+01  4.935148e+00 -2.500000e+00
     vertex  1.911146e+01  5.895103e+00 -2.500000e+00
   endloop
 endfacet
 facet normal  9.626242e-01  2.708405e-01 -4.666607e-18
   outer loop
     vertex  1.911146e+01  5.895103e+00  2.500000e+00
     vertex  1.938155e+01  4.935148e+00  2.500000e+00
     vertex  1.938155e+01  4.935148e+00 -2.500000e+00
   endloop
 endfacet
 facet normal  9.479273e-01  3.184867e-01  0.000000e+00
   outer loop
     vertex  1.879385e+01  6.840403e+00  2.500000e+00
     vertex  1.911146e+01  5.895103e+00 -2.500000e+00
     vertex  1.879385e+01  6.840403e+00 -2.500000e+00
   endloop
 endfacet
 facet normal  9.308737e-01  3.653410e-01  0.000000e+00
   outer loop
     vertex  1.879385e+01  6.840403e+00  2.500000e+00
     vertex  1.879385e+01  6.840403e+00 -2.500000e+00
     vertex  1.842952e+01  7.768696e+00 -2.500000e+00
   endloop
 endfacet
 facet normal  9.479273e-01  3.184867e-01  1.985587e-18
   outer loop
     vertex  1.879385e+01  6.840403e+00  2.500000e+00
     vertex  1.911146e+01  5.895103e+00  2.500000e+00
     vertex  1.911146e+01  5.895103e+00 -2.500000e+00
   endloop
 endfacet
 facet normal  9.308737e-01  3.653410e-01  0.000000e+00
   outer loop
     vertex  1.842952e+01  7.768696e+00  2.500000e+00
     vertex  1.879385e+01  6.840403e+00  2.500000e+00
     vertex  1.842952e+01  7.768696e+00 -2.500000e+00
   endloop
 endfacet
 facet normal  9.115059e-01  4.112871e-01  0.000000e+00
   outer loop
     vertex  1.801938e+01  8.677675e+00  2.500000e+00
     vertex  1.842952e+01  7.768696e+00 -2.500000e+00
     vertex  1.801938e+01  8.677675e+00 -2.500000e+00
   endloop
 endfacet
 facet normal  9.115059e-01  4.112871e-01 -5.103990e-18
   outer loop
     vertex  1.801938e+01  8.677675e+00  2.500000e+00
     vertex  1.842952e+01  7.768696e+00  2.500000e+00
     vertex  1.842952e+01  7.768696e+00 -2.500000e+00
   endloop
 endfacet
 facet normal  8.898718e-01  4.562107e-01  0.000000e+00
   outer loop
     vertex  1.756443e+01  9.565080e+00  2.500000e+00
     vertex  1.801938e+01  8.677675e+00 -2.500000e+00
     vertex  1.756443e+01  9.565080e+00 -2.500000e+00
   endloop
 endfacet
 facet normal  8.660254e-01  5.000000e-01  0.000000e+00
   outer loop
     vertex  1.756443e+01  9.565080e+00  2.500000e+00
     vertex  1.756443e+01  9.565080e+00 -2.500000e+00
     vertex  1.706582e+01  1.042870e+01 -2.500000e+00
   endloop
 endfacet
 facet normal  8.898718e-01  4.562107e-01 -3.426729e-18
   outer loop
     vertex  1.756443e+01  9.565080e+00  2.500000e+00
     vertex  1.801938e+01  8.677675e+00  2.500000e+00
     vertex  1.801938e+01  8.677675e+00 -2.500000e+00
   endloop
 endfacet
 facet normal  8.660254e-01  5.000000e-01  0.000000e+00
   outer loop
     vertex  1.706582e+01  1.042870e+01  2.500000e+00
     vertex  1.756443e+01  9.565080e+00  2.500000e+00
     vertex  1.706582e+01  1.042870e+01 -2.500000e+00
   endloop
 endfacet
 facet normal  8.400259e-01  5.425463e-01  0.000000e+00
   outer loop
     vertex  1.652478e+01  1.126640e+01  2.500000e+00
     vertex  1.706582e+01  1.042870e+01 -2.500000e+00
     vertex  1.652478e+01  1.126640e+01 -2.500000e+00
   endloop
 endfacet
 facet normal  8.119380e-01  5.837437e-01  0.000000e+00
   outer loop
     vertex  1.652478e+01  1.126640e+01  2.500000e+00
     vertex  1.652478e+01  1.126640e+01 -2.500000e+00
     vertex  1.594265e+01  1.207609e+01 -2.500000e+00
   endloop
 endfacet
 facet normal  8.400259e-01  5.425463e-01  2.165572e-18
   outer loop
     vertex  1.652478e+01  1.126640e+01  2.500000e+00
     vertex  1.706582e+01  1.042870e+01  2.500000e+00
     vertex  1.706582e+01  1.042870e+01 -2.500000e+00
   endloop
 endfacet
 facet normal  8.119380e-01  5.837437e-01  0.000000e+00
   outer loop
     vertex  1.594265e+01  1.207609e+01  2.500000e+00
     vertex  1.652478e+01  1.126640e+01  2.500000e+00
     vertex  1.594265e+01  1.207609e+01 -2.500000e+00
   endloop
 endfacet
 facet normal  7.818315e-01  6.234898e-01 -3.539287e-18
   outer loop
     vertex  1.532089e+01  1.285575e+01  2.500000e+00
     vertex  1.594265e+01  1.207609e+01  2.500000e+00
     vertex  1.594265e+01  1.207609e+01 -2.500000e+00
   endloop
 endfacet
 facet normal  7.818315e-01  6.234898e-01  0.000000e+00
   outer loop
     vertex  1.532089e+01  1.285575e+01  2.500000e+00
     vertex  1.594265e+01  1.207609e+01 -2.500000e+00
     vertex  1.532089e+01  1.285575e+01 -2.500000e+00
   endloop
 endfacet
 facet normal  7.497812e-01  6.616858e-01  0.000000e+00
   outer loop
     vertex  1.532089e+01  1.285575e+01  2.500000e+00
     vertex  1.532089e+01  1.285575e+01 -2.500000e+00
     vertex  1.466104e+01  1.360345e+01 -2.500000e+00
   endloop
 endfacet
 facet normal  7.497812e-01  6.616858e-01  0.000000e+00
   outer loop
     vertex  1.466104e+01  1.360345e+01  2.500000e+00
     vertex  1.532089e+01  1.285575e+01  2.500000e+00
     vertex  1.466104e+01  1.360345e+01 -2.500000e+00
   endloop
 endfacet
 facet normal  7.158668e-01  6.982368e-01 -5.074019e-19
   outer loop
     vertex  1.396474e+01  1.431734e+01  2.500000e+00
     vertex  1.466104e+01  1.360345e+01  2.500000e+00
     vertex  1.466104e+01  1.360345e+01 -2.500000e+00
   endloop
 endfacet
 facet normal  7.158668e-01  6.982368e-01  0.000000e+00
   outer loop
     vertex  1.396474e+01  1.431734e+01  2.500000e+00
     vertex  1.466104e+01  1.360345e+01 -2.500000e+00
     vertex  1.396474e+01  1.431734e+01 -2.500000e+00
   endloop
 endfacet
 facet normal  6.801727e-01  7.330519e-01  0.000000e+00
   outer loop
     vertex  1.396474e+01  1.431734e+01  2.500000e+00
     vertex  1.396474e+01  1.431734e+01 -2.500000e+00
     vertex  1.323372e+01  1.499562e+01 -2.500000e+00
   endloop
 endfacet
 facet normal  6.801727e-01  7.330519e-01  0.000000e+00
   outer loop
     vertex  1.323372e+01  1.499562e+01  2.500000e+00
     vertex  1.396474e+01  1.431734e+01  2.500000e+00
     vertex  1.323372e+01  1.499562e+01 -2.500000e+00
   endloop
 endfacet
 facet normal  6.427876e-01  7.660444e-01  0.000000e+00
   outer loop
     vertex  1.323372e+01  1.499562e+01  2.500000e+00
     vertex  1.323372e+01  1.499562e+01 -2.500000e+00
     vertex  1.246980e+01  1.563663e+01 -2.500000e+00
   endloop
 endfacet
 facet normal  6.427876e-01  7.660444e-01  0.000000e+00
   outer loop
     vertex  1.246980e+01  1.563663e+01  2.500000e+00
     vertex  1.323372e+01  1.499562e+01  2.500000e+00
     vertex  1.246980e+01  1.563663e+01 -2.500000e+00
   endloop
 endfacet
 facet normal  6.038044e-01  7.971325e-01  2.301511e-18
   outer loop
     vertex  1.167487e+01  1.623876e+01  2.500000e+00
     vertex  1.246980e+01  1.563663e+01  2.500000e+00
     vertex  1.246980e+01  1.563663e+01 -2.500000e+00
   endloop
 endfacet
 facet normal  6.038044e-01  7.971325e-01  0.000000e+00
   outer loop
     vertex  1.167487e+01  1.623876e+01  2.500000e+00
     vertex  1.246980e+01  1.563663e+01 -2.500000e+00
     vertex  1.167487e+01  1.623876e+01 -2.500000e+00
   endloop
 endfacet
 facet normal  5.633201e-01  8.262388e-01  4.030924e-18
   outer loop
     vertex  1.085093e+01  1.680052e+01  2.500000e+00
     vertex  1.167487e+01  1.623876e+01  2.500000e+00
     vertex  1.167487e+01  1.623876e+01 -2.500000e+00
   endloop
 endfacet
 facet normal  5.633201e-01  8.262388e-01  0.000000e+00
   outer loop
     vertex  1.085093e+01  1.680052e+01  2.500000e+00
     vertex  1.167487e+01  1.623876e+01 -2.500000e+00
     vertex  1.085093e+01  1.680052e+01 -2.500000e+00
   endloop
 endfacet
 facet normal  5.214352e-01  8.532909e-01  4.120983e-18
   outer loop
     vertex  1.000000e+01  1.732051e+01  2.500000e+00
     vertex  1.085093e+01  1.680052e+01  2.500000e+00
     vertex  1.085093e+01  1.680052e+01 -2.500000e+00
   endloop
 endfacet
 facet normal  5.214352e-01  8.532909e-01  0.000000e+00
   outer loop
     vertex  1.000000e+01  1.732051e+01  2.500000e+00
     vertex  1.085093e+01  1.680052e+01 -2.500000e+00
     vertex  1.000000e+01  1.732051e+01 -2.500000e+00
   endloop
 endfacet
 facet normal  4.782540e-01  8.782216e-01  4.854871e-18
   outer loop
     vertex  9.124213e+00  1.779744e+01  2.500000e+00
     vertex  1.000000e+01  1.732051e+01  2.500000e+00
     vertex  1.000000e+01  1.732051e+01 -2.500000e+00
   endloop
 endfacet
 facet normal  4.782540e-01  8.782216e-01  0.000000e+00
   outer loop
     vertex  9.124213e+00  1.779744e+01  2.500000e+00
     vertex  1.000000e+01  1.732051e+01 -2.500000e+00
     vertex  9.124213e+00  1.779744e+01 -2.500000e+00
   endloop
 endfacet
 facet normal  4.338837e-01  9.009689e-01  0.000000e+00
   outer loop
     vertex  9.124213e+00  1.779744e+01  2.500000e+00
     vertex  9.124213e+00  1.779744e+01 -2.500000e+00
     vertex  8.225742e+00  1.823012e+01 -2.500000e+00
   endloop
 endfacet
 facet normal  4.338837e-01  9.009689e-01  0.000000e+00
   outer loop
     vertex  8.225742e+00  1.823012e+01  2.500000e+00
     vertex  9.124213e+00  1.779744e+01  2.500000e+00
     vertex  8.225742e+00  1.823012e+01 -2.500000e+00
   endloop
 endfacet
 facet normal  3.884348e-01  9.214762e-01  2.924986e-18
   outer loop
     vertex  7.306820e+00  1.861747e+01  2.500000e+00
     vertex  8.225742e+00  1.823012e+01  2.500000e+00
     vertex  8.225742e+00  1.823012e+01 -2.500000e+00
   endloop
 endfacet
 facet normal  3.884348e-01  9.214762e-01  0.000000e+00
   outer loop
     vertex  7.306820e+00  1.861747e+01  2.500000e+00
     vertex  8.225742e+00  1.823012e+01 -2.500000e+00
     vertex  7.306820e+00  1.861747e+01 -2.500000e+00
   endloop
 endfacet
 facet normal  3.420201e-01  9.396926e-01  0.000000e+00
   outer loop
     vertex  6.369733e+00  1.895855e+01  2.500000e+00
     vertex  7.306820e+00  1.861747e+01 -2.500000e+00
     vertex  6.369733e+00  1.895855e+01 -2.500000e+00
   endloop
 endfacet
 facet normal  2.947552e-01  9.555728e-01  0.000000e+00
   outer loop
     vertex  6.369733e+00  1.895855e+01  2.500000e+00
     vertex  6.369733e+00  1.895855e+01 -2.500000e+00
     vertex  5.416809e+00  1.925248e+01 -2.500000e+00
   endloop
 endfacet
 facet normal  3.420201e-01  9.396926e-01 -3.639981e-18
   outer loop
     vertex  6.369733e+00  1.895855e+01  2.500000e+00
     vertex  7.306820e+00  1.861747e+01  2.500000e+00
     vertex  7.306820e+00  1.861747e+01 -2.500000e+00
   endloop
 endfacet
 facet normal  2.947552e-01  9.555728e-01  0.000000e+00
   outer loop
     vertex  5.416809e+00  1.925248e+01  2.500000e+00
     vertex  6.369733e+00  1.895855e+01  2.500000e+00
     vertex  5.416809e+00  1.925248e+01 -2.500000e+00
   endloop
 endfacet
 facet normal  2.467574e-01  9.690773e-01  0.000000e+00
   outer loop
     vertex  4.450419e+00  1.949856e+01  2.500000e+00
     vertex  5.416809e+00  1.925248e+01 -2.500000e+00
     vertex  4.450419e+00  1.949856e+01 -2.500000e+00
   endloop
 endfacet
 facet normal  2.467574e-01  9.690773e-01 -1.509641e-18
   outer loop
     vertex  4.450419e+00  1.949856e+01  2.500000e+00
     vertex  5.416809e+00  1.925248e+01  2.500000e+00
     vertex  5.416809e+00  1.925248e+01 -2.500000e+00
   endloop
 endfacet
 facet normal  1.981461e-01  9.801725e-01  0.000000e+00
   outer loop
     vertex  3.472964e+00  1.969616e+01  2.500000e+00
     vertex  4.450419e+00  1.949856e+01 -2.500000e+00
     vertex  3.472964e+00  1.969616e+01 -2.500000e+00
   endloop
 endfacet
 facet normal  1.981461e-01  9.801725e-01  2.258739e-18
   outer loop
     vertex  3.472964e+00  1.969616e+01  2.500000e+00
     vertex  4.450419e+00  1.949856e+01  2.500000e+00
     vertex  4.450419e+00  1.949856e+01 -2.500000e+00
   endloop
 endfacet
 facet normal  1.490423e-01  9.888308e-01  0.000000e+00
   outer loop
     vertex  2.486874e+00  1.984478e+01  2.500000e+00
     vertex  3.472964e+00  1.969616e+01 -2.500000e+00
     vertex  2.486874e+00  1.984478e+01 -2.500000e+00
   endloop
 endfacet
 facet normal  9.956785e-02  9.950308e-01  0.000000e+00
   outer loop
     vertex  2.486874e+00  1.984478e+01  2.500000e+00
     vertex  2.486874e+00  1.984478e+01 -2.500000e+00
     vertex  1.494602e+00  1.994408e+01 -2.500000e+00
   endloop
 endfacet
 facet normal  1.490423e-01  9.888308e-01 -2.273594e-18
   outer loop
     vertex  2.486874e+00  1.984478e+01  2.500000e+00
     vertex  3.472964e+00  1.969616e+01  2.500000e+00
     vertex  3.472964e+00  1.969616e+01 -2.500000e+00
   endloop
 endfacet
 facet normal  4.984589e-02  9.987569e-01  0.000000e+00
   outer loop
     vertex  1.494602e+00  1.994408e+01  2.500000e+00
     vertex  1.494602e+00  1.994408e+01 -2.500000e+00
     vertex  4.986138e-01  1.999378e+01 -2.500000e+00
   endloop
 endfacet
 facet normal  9.956785e-02  9.950308e-01  0.000000e+00
   outer loop
     vertex  1.494602e+00  1.994408e+01  2.500000e+00
     vertex  2.486874e+00  1.984478e+01  2.500000e+00
     vertex  1.494602e+00  1.994408e+01 -2.500000e+00
   endloop
 endfacet
 facet normal  0.000000e+00  1.000000e+00  0.000000e+00
   outer loop
     vertex  4.986138e-01  1.999378e+01  2.500000e+00
     vertex  4.986138e-01  1.999378e+01 -2.500000e+00
     vertex -4.986138e-01  1.999378e+01 -2.500000e+00
   endloop
 endfacet
 facet normal  4.984589e-02  9.987569e-01  0.000000e+00
   outer loop
     vertex  4.986138e-01  1.999378e+01  2.500000e+00
     vertex  1.494602e+00  1.994408e+01  2.500000e+00
     vertex  4.986138e-01  1.999378e+01 -2.500000e+00
   endloop
 endfacet
 facet normal -4.984589e-02  9.987569e-01  0.000000e+00
   outer loop
     vertex -4.986138e-01  1.999378e+01  2.500000e+00
     vertex -4.986138e-01  1.999378e+01 -2.500000e+00
     vertex -1.494602e+00  1.994408e+01 -2.500000e+00
   endloop
 endfacet
 facet normal -0.000000e+00  1.000000e+00  0.000000e+00
   outer loop
     vertex -4.986138e-01  1.999378e+01  2.500000e+00
     vertex  4.986138e-01  1.999378e+01  2.500000e+00
     vertex -4.986138e-01  1.999378e+01 -2.500000e+00
   endloop
 endfacet
 facet normal -4.984589e-02  9.987569e-01  0.000000e+00
   outer loop
     vertex -1.494602e+00  1.994408e+01  2.500000e+00
     vertex -4.986138e-01  1.999378e+01  2.500000e+00
     vertex -1.494602e+00  1.994408e+01 -2.500000e+00
   endloop
 endfacet
 facet normal -9.956785e-02  9.950308e-01  0.000000e+00
   outer loop
     vertex -2.486874e+00  1.984478e+01  2.500000e+00
     vertex -1.494602e+00  1.994408e+01 -2.500000e+00
     vertex -2.486874e+00  1.984478e+01 -2.500000e+00
   endloop
 endfacet
 facet normal -9.956785e-02  9.950308e-01 -5.293421e-19
   outer loop
     vertex -2.486874e+00  1.984478e+01  2.500000e+00
     vertex -1.494602e+00  1.994408e+01  2.500000e+00
     vertex -1.494602e+00  1.994408e+01 -2.500000e+00
   endloop
 endfacet
 facet normal -1.490423e-01  9.888308e-01  0.000000e+00
   outer loop
     vertex -3.472964e+00  1.969616e+01  2.500000e+00
     vertex -2.486874e+00  1.984478e+01 -2.500000e+00
     vertex -3.472964e+00  1.969616e+01 -2.500000e+00
   endloop
 endfacet
 facet normal -1.490423e-01  9.888308e-01  2.273594e-18
   outer loop
     vertex -3.472964e+00  1.969616e+01  2.500000e+00
     vertex -2.486874e+00  1.984478e+01  2.500000e+00
     vertex -2.486874e+00  1.984478e+01 -2.500000e+00
   endloop
 endfacet
 facet normal -1.981461e-01  9.801725e-01  0.000000e+00
   outer loop
     vertex -4.450419e+00  1.949856e+01  2.500000e+00
     vertex -3.472964e+00  1.969616e+01 -2.500000e+00
     vertex -4.450419e+00  1.949856e+01 -2.500000e+00
   endloop
 endfacet
 facet normal -1.981461e-01  9.801725e-01  4.390724e-19
   outer loop
     vertex -4.450419e+00  1.949856e+01  2.500000e+00
     vertex -3.472964e+00  1.969616e+01  2.500000e+00
     vertex -3.472964e+00  1.969616e+01 -2.500000e+00
   endloop
 endfacet
 facet normal -2.467574e-01  9.690773e-01  1.509641e-18
   outer loop
     vertex -5.416809e+00  1.925248e+01  2.500000e+00
     vertex -4.450419e+00  1.949856e+01  2.500000e+00
     vertex -4.450419e+00  1.949856e+01 -2.500000e+00
   endloop
 endfacet
 facet normal -2.467574e-01  9.690773e-01  0.000000e+00
   outer loop
     vertex -5.416809e+00  1.925248e+01  2.500000e+00
     vertex -4.450419e+00  1.949856e+01 -2.500000e+00
     vertex -5.416809e+00  1.925248e+01 -2.500000e+00
   endloop
 endfacet
 facet normal -2.947552e-01  9.555728e-01  9.067470e-19
   outer loop
     vertex -6.369733e+00  1.895855e+01  2.500000e+00
     vertex -5.416809e+00  1.925248e+01  2.500000e+00
     vertex -5.416809e+00  1.925248e+01 -2.500000e+00
   endloop
 endfacet
 facet normal -2.947552e-01  9.555728e-01  0.000000e+00
   outer loop
     vertex -6.369733e+00  1.895855e+01  2.500000e+00
     vertex -5.416809e+00  1.925248e+01 -2.500000e+00
     vertex -6.369733e+00  1.895855e+01 -2.500000e+00
   endloop
 endfacet
 facet normal -3.420201e-01  9.396926e-01  3.639981e-18
   outer loop
     vertex -7.306820e+00  1.861747e+01  2.500000e+00
     vertex -6.369733e+00  1.895855e+01  2.500000e+00
     vertex -6.369733e+00  1.895855e+01 -2.500000e+00
   endloop
 endfacet
 facet normal -3.420201e-01  9.396926e-01  0.000000e+00
   outer loop
     vertex -7.306820e+00  1.861747e+01  2.500000e+00
     vertex -6.369733e+00  1.895855e+01 -2.500000e+00
     vertex -7.306820e+00  1.861747e+01 -2.500000e+00
   endloop
 endfacet
 facet normal -3.884348e-01  9.214762e-01  1.477637e-18
   outer loop
     vertex -8.225742e+00  1.823012e+01  2.500000e+00
     vertex -7.306820e+00  1.861747e+01  2.500000e+00
     vertex -7.306820e+00  1.861747e+01 -2.500000e+00
   endloop
 endfacet
 facet normal -3.884348e-01  9.214762e-01  0.000000e+00
   outer loop
     vertex -8.225742e+00  1.823012e+01  2.500000e+00
     vertex -7.306820e+00  1.861747e+01 -2.500000e+00
     vertex -8.225742e+00  1.823012e+01 -2.500000e+00
   endloop
 endfacet
 facet normal -4.338837e-01  9.009689e-01  1.990361e-18
   outer loop
     vertex -9.124213e+00  1.779744e+01  2.500000e+00
     vertex -8.225742e+00  1.823012e+01  2.500000e+00
     vertex -8.225742e+00  1.823012e+01 -2.500000e+00
   endloop
 endfacet
 facet normal -4.338837e-01  9.009689e-01  0.000000e+00
   outer loop
     vertex -9.124213e+00  1.779744e+01  2.500000e+00
     vertex -8.225742e+00  1.823012e+01 -2.500000e+00
     vertex -9.124213e+00  1.779744e+01 -2.500000e+00
   endloop
 endfacet
 facet normal -4.782540e-01  8.782216e-01  9.721738e-19
   outer loop
     vertex -1.000000e+01  1.732051e+01  2.500000e+00
     vertex -9.124213e+00  1.779744e+01  2.500000e+00
     vertex -9.124213e+00  1.779744e+01 -2.500000e+00
   endloop
 endfacet
 facet normal -4.782540e-01  8.782216e-01  0.000000e+00
   outer loop
     vertex -1.000000e+01  1.732051e+01  2.500000e+00
     vertex -9.124213e+00  1.779744e+01 -2.500000e+00
     vertex -1.000000e+01  1.732051e+01 -2.500000e+00
   endloop
 endfacet
 facet normal -5.214352e-01  8.532909e-01 -5.022732e-18
   outer loop
     vertex -1.085093e+01  1.680052e+01  2.500000e+00
     vertex -1.000000e+01  1.732051e+01  2.500000e+00
     vertex -1.000000e+01  1.732051e+01 -2.500000e+00
   endloop
 endfacet
 facet normal -5.214352e-01  8.532909e-01  0.000000e+00
   outer loop
     vertex -1.085093e+01  1.680052e+01  2.500000e+00
     vertex -1.000000e+01  1.732051e+01 -2.500000e+00
     vertex -1.085093e+01  1.680052e+01 -2.500000e+00
   endloop
 endfacet
 facet normal -5.633201e-01  8.262388e-01  3.597662e-18
   outer loop
     vertex -1.167487e+01  1.623876e+01  2.500000e+00
     vertex -1.085093e+01  1.680052e+01  2.500000e+00
     vertex -1.085093e+01  1.680052e+01 -2.500000e+00
   endloop
 endfacet
 facet normal -5.633201e-01  8.262388e-01  0.000000e+00
   outer loop
     vertex -1.167487e+01  1.623876e+01  2.500000e+00
     vertex -1.085093e+01  1.680052e+01 -2.500000e+00
     vertex -1.167487e+01  1.623876e+01 -2.500000e+00
   endloop
 endfacet
 facet normal -6.038044e-01  7.971325e-01  3.669722e-18
   outer loop
     vertex -1.246980e+01  1.563663e+01  2.500000e+00
     vertex -1.167487e+01  1.623876e+01  2.500000e+00
     vertex -1.167487e+01  1.623876e+01 -2.500000e+00
   endloop
 endfacet
 facet normal -6.038044e-01  7.971325e-01  0.000000e+00
   outer loop
     vertex -1.246980e+01  1.563663e+01  2.500000e+00
     vertex -1.167487e+01  1.623876e+01 -2.500000e+00
     vertex -1.246980e+01  1.563663e+01 -2.500000e+00
   endloop
 endfacet
 facet normal -6.427876e-01  7.660444e-01  1.904275e-18
   outer loop
     vertex -1.323372e+01  1.499562e+01  2.500000e+00
     vertex -1.246980e+01  1.563663e+01  2.500000e+00
     vertex -1.246980e+01  1.563663e+01 -2.500000e+00
   endloop
 endfacet
 facet normal -6.427876e-01  7.660444e-01  0.000000e+00
   outer loop
     vertex -1.323372e+01  1.499562e+01  2.500000e+00
     vertex -1.246980e+01  1.563663e+01 -2.500000e+00
     vertex -1.323372e+01  1.499562e+01 -2.500000e+00
   endloop
 endfacet
 facet normal -6.801727e-01  7.330519e-01  5.229301e-18
   outer loop
     vertex -1.396474e+01  1.431734e+01  2.500000e+00
     vertex -1.323372e+01  1.499562e+01  2.500000e+00
     vertex -1.323372e+01  1.499562e+01 -2.500000e+00
   endloop
 endfacet
 facet normal -6.801727e-01  7.330519e-01  0.000000e+00
   outer loop
     vertex -1.396474e+01  1.431734e+01  2.500000e+00
     vertex -1.323372e+01  1.499562e+01 -2.500000e+00
     vertex -1.396474e+01  1.431734e+01 -2.500000e+00
   endloop
 endfacet
 facet normal -7.158668e-01  6.982368e-01  5.044140e-18
   outer loop
     vertex -1.466104e+01  1.360345e+01  2.500000e+00
     vertex -1.396474e+01  1.431734e+01  2.500000e+00
     vertex -1.396474e+01  1.431734e+01 -2.500000e+00
   endloop
 endfacet
 facet normal -7.158668e-01  6.982368e-01  0.000000e+00
   outer loop
     vertex -1.466104e+01  1.360345e+01  2.500000e+00
     vertex -1.396474e+01  1.431734e+01 -2.500000e+00
     vertex -1.466104e+01  1.360345e+01 -2.500000e+00
   endloop
 endfacet
 facet normal -7.497812e-01  6.616858e-01 -4.377807e-18
   outer loop
     vertex -1.532089e+01  1.285575e+01  2.500000e+00
     vertex -1.466104e+01  1.360345e+01  2.500000e+00
     vertex -1.466104e+01  1.360345e+01 -2.500000e+00
   endloop
 endfacet
 facet normal -7.497812e-01  6.616858e-01  0.000000e+00
   outer loop
     vertex -1.532089e+01  1.285575e+01  2.500000e+00
     vertex -1.466104e+01  1.360345e+01 -2.500000e+00
     vertex -1.532089e+01  1.285575e+01 -2.500000e+00
   endloop
 endfacet
 facet normal -7.818315e-01  6.234898e-01  1.820433e-18
   outer loop
     vertex -1.594265e+01  1.207609e+01  2.500000e+00
     vertex -1.532089e+01  1.285575e+01  2.500000e+00
     vertex -1.532089e+01  1.285575e+01 -2.500000e+00
   endloop
 endfacet
 facet normal -7.818315e-01  6.234898e-01  0.000000e+00
   outer loop
     vertex -1.594265e+01  1.207609e+01  2.500000e+00
     vertex -1.532089e+01  1.285575e+01 -2.500000e+00
     vertex -1.594265e+01  1.207609e+01 -2.500000e+00
   endloop
 endfacet
 facet normal -8.119380e-01  5.837437e-01  0.000000e+00
   outer loop
     vertex -1.594265e+01  1.207609e+01  2.500000e+00
     vertex -1.594265e+01  1.207609e+01 -2.500000e+00
     vertex -1.652478e+01  1.126640e+01 -2.500000e+00
   endloop
 endfacet
 facet normal -8.119380e-01  5.837437e-01  0.000000e+00
   outer loop
     vertex -1.652478e+01  1.126640e+01  2.500000e+00
     vertex -1.594265e+01  1.207609e+01  2.500000e+00
     vertex -1.652478e+01  1.126640e+01 -2.500000e+00
   endloop
 endfacet
 facet normal -8.400259e-01  5.425463e-01 -2.008780e-18
   outer loop
     vertex -1.706582e+01  1.042870e+01  2.500000e+00
     vertex -1.652478e+01  1.126640e+01  2.500000e+00
     vertex -1.652478e+01  1.126640e+01 -2.500000e+00
   endloop
 endfacet
 facet normal -8.400259e-01  5.425463e-01  0.000000e+00
   outer loop
     vertex -1.706582e+01  1.042870e+01  2.500000e+00
     vertex -1.652478e+01  1.126640e+01 -2.500000e+00
     vertex -1.706582e+01  1.042870e+01 -2.500000e+00
   endloop
 endfacet
 facet normal -8.660254e-01  5.000000e-01  0.000000e+00
   outer loop
     vertex -1.706582e+01  1.042870e+01  2.500000e+00
     vertex -1.706582e+01  1.042870e+01 -2.500000e+00
     vertex -1.756443e+01  9.565080e+00 -2.500000e+00
   endloop
 endfacet
 facet normal -8.660254e-01  5.000000e-01  0.000000e+00
   outer loop
     vertex -1.756443e+01  9.565080e+00  2.500000e+00
     vertex -1.706582e+01  1.042870e+01  2.500000e+00
     vertex -1.756443e+01  9.565080e+00 -2.500000e+00
   endloop
 endfacet
 facet normal -8.898718e-01  4.562107e-01  2.100766e-18
   outer loop
     vertex -1.801938e+01  8.677675e+00  2.500000e+00
     vertex -1.756443e+01  9.565080e+00  2.500000e+00
     vertex -1.756443e+01  9.565080e+00 -2.500000e+00
   endloop
 endfacet
 facet normal -8.898718e-01  4.562107e-01  0.000000e+00
   outer loop
     vertex -1.801938e+01  8.677675e+00  2.500000e+00
     vertex -1.756443e+01  9.565080e+00 -2.500000e+00
     vertex -1.801938e+01  8.677675e+00 -2.500000e+00
   endloop
 endfacet
 facet normal -9.115059e-01  4.112871e-01  4.952549e-18
   outer loop
     vertex -1.842952e+01  7.768696e+00  2.500000e+00
     vertex -1.801938e+01  8.677675e+00  2.500000e+00
     vertex -1.801938e+01  8.677675e+00 -2.500000e+00
   endloop
 endfacet
 facet normal -9.115059e-01  4.112871e-01  0.000000e+00
   outer loop
     vertex -1.842952e+01  7.768696e+00  2.500000e+00
     vertex -1.801938e+01  8.677675e+00 -2.500000e+00
     vertex -1.842952e+01  7.768696e+00 -2.500000e+00
   endloop
 endfacet
 facet normal -9.308737e-01  3.653410e-01  0.000000e+00
   outer loop
     vertex -1.842952e+01  7.768696e+00  2.500000e+00
     vertex -1.842952e+01  7.768696e+00 -2.500000e+00
     vertex -1.879385e+01  6.840403e+00 -2.500000e+00
   endloop
 endfacet
 facet normal -9.308737e-01  3.653410e-01  0.000000e+00
   outer loop
     vertex -1.879385e+01  6.840403e+00  2.500000e+00
     vertex -1.842952e+01  7.768696e+00  2.500000e+00
     vertex -1.879385e+01  6.840403e+00 -2.500000e+00
   endloop
 endfacet
 facet normal -9.479273e-01  3.184867e-01  0.000000e+00
   outer loop
     vertex -1.879385e+01  6.840403e+00  2.500000e+00
     vertex -1.879385e+01  6.840403e+00 -2.500000e+00
     vertex -1.911146e+01  5.895103e+00 -2.500000e+00
   endloop
 endfacet
 facet normal -9.479273e-01  3.184867e-01  0.000000e+00
   outer loop
     vertex -1.911146e+01  5.895103e+00  2.500000e+00
     vertex -1.879385e+01  6.840403e+00  2.500000e+00
     vertex -1.911146e+01  5.895103e+00 -2.500000e+00
   endloop
 endfacet
 facet normal -9.626242e-01  2.708405e-01  0.000000e+00
   outer loop
     vertex -1.911146e+01  5.895103e+00  2.500000e+00
     vertex -1.911146e+01  5.895103e+00 -2.500000e+00
     vertex -1.938155e+01  4.935148e+00 -2.500000e+00
   endloop
 endfacet
 facet normal -9.626242e-01  2.708405e-01  0.000000e+00
   outer loop
     vertex -1.938155e+01  4.935148e+00  2.500000e+00
     vertex -1.911146e+01  5.895103e+00  2.500000e+00
     vertex -1.938155e+01  4.935148e+00 -2.500000e+00
   endloop
 endfacet
 facet normal -9.749279e-01  2.225209e-01  0.000000e+00
   outer loop
     vertex -1.960345e+01  3.962923e+00  2.500000e+00
     vertex -1.938155e+01  4.935148e+00 -2.500000e+00
     vertex -1.960345e+01  3.962923e+00 -2.500000e+00
   endloop
 endfacet
 facet normal -9.848078e-01  1.736482e-01  0.000000e+00
   outer loop
     vertex -1.960345e+01  3.962923e+00  2.500000e+00
     vertex -1.960345e+01  3.962923e+00 -2.500000e+00
     vertex -1.977662e+01  2.980845e+00 -2.500000e+00
   endloop
 endfacet
 facet normal -9.749279e-01  2.225209e-01  2.325403e-18
   outer loop
     vertex -1.960345e+01  3.962923e+00  2.500000e+00
     vertex -1.938155e+01  4.935148e+00  2.500000e+00
     vertex -1.938155e+01  4.935148e+00 -2.500000e+00
   endloop
 endfacet
 facet normal -9.922392e-01  1.243437e-01  0.000000e+00
   outer loop
     vertex -1.977662e+01  2.980845e+00  2.500000e+00
     vertex -1.977662e+01  2.980845e+00 -2.500000e+00
     vertex -1.990062e+01  1.991357e+00 -2.500000e+00
   endloop
 endfacet
 facet normal -9.848078e-01  1.736482e-01  0.000000e+00
   outer loop
     vertex -1.977662e+01  2.980845e+00  2.500000e+00
     vertex -1.960345e+01  3.962923e+00  2.500000e+00
     vertex -1.977662e+01  2.980845e+00 -2.500000e+00
   endloop
 endfacet
 facet normal -9.922392e-01  1.243437e-01  0.000000e+00
   outer loop
     vertex -1.990062e+01  1.991357e+00  2.500000e+00
     vertex -1.977662e+01  2.980845e+00  2.500000e+00
     vertex -1.990062e+01  1.991357e+00 -2.500000e+00
   endloop
 endfacet
 facet normal -9.972038e-01  7.473009e-02 -9.720184e-19
   outer loop
     vertex -1.997514e+01  9.969177e-01  2.500000e+00
     vertex -1.990062e+01  1.991357e+00  2.500000e+00
     vertex -1.990062e+01  1.991357e+00 -2.500000e+00
   endloop
 endfacet
 facet normal -9.972038e-01  7.473009e-02  0.000000e+00
   outer loop
     vertex -1.997514e+01  9.969177e-01  2.500000e+00
     vertex -1.990062e+01  1.991357e+00 -2.500000e+00
     vertex -1.997514e+01  9.969177e-01 -2.500000e+00
   endloop
 endfacet
 facet normal -9.996892e-01  2.493069e-02 -1.545217e-19
   outer loop
     vertex -2.000000e+01 -6.860498e-14  2.500000e+00
     vertex -1.997514e+01  9.969177e-01  2.500000e+00
     vertex -1.997514e+01  9.969177e-01 -2.500000e+00
   endloop
 endfacet
 facet normal -9.996892e-01  2.493069e-02  0.000000e+00
   outer loop
     vertex -2.000000e+01 -6.860498e-14  2.500000e+00
     vertex -1.997514e+01  9.969177e-01 -2.500000e+00
     vertex -2.000000e+01 -6.860498e-14 -2.500000e+00
   endloop
 endfacet
 facet normal -9.996892e-01 -2.493069e-02 -0.000000e+00
   outer loop
     vertex -2.000000e+01 -6.860498e-14  2.500000e+00
     vertex -2.000000e+01 -6.860498e-14 -2.500000e+00
     vertex -1.997514e+01 -9.969177e-01 -2.500000e+00
   endloop
 endfacet
 facet normal -9.996892e-01 -2.493069e-02 -0.000000e+00
   outer loop
     vertex -1.997514e+01 -9.969177e-01  2.500000e+00
     vertex -2.000000e+01 -6.860498e-14  2.500000e+00
     vertex -1.997514e+01 -9.969177e-01 -2.500000e+00
   endloop
 endfacet
 facet normal -9.972038e-01 -7.473009e-02 -0.000000e+00
   outer loop
     vertex -1.997514e+01 -9.969177e-01  2.500000e+00
     vertex -1.997514e+01 -9.969177e-01 -2.500000e+00
     vertex -1.990062e+01 -1.991357e+00 -2.500000e+00
   endloop
 endfacet
 facet normal -9.972038e-01 -7.473009e-02 -0.000000e+00
   outer loop
     vertex -1.990062e+01 -1.991357e+00  2.500000e+00
     vertex -1.997514e+01 -9.969177e-01  2.500000e+00
     vertex -1.990062e+01 -1.991357e+00 -2.500000e+00
   endloop
 endfacet
 facet normal -9.922392e-01 -1.243437e-01 -1.275182e-18
   outer loop
     vertex -1.977662e+01 -2.980845e+00  2.500000e+00
     vertex -1.990062e+01 -1.991357e+00  2.500000e+00
     vertex -1.990062e+01 -1.991357e+00 -2.500000e+00
   endloop
 endfacet
 facet normal -9.922392e-01 -1.243437e-01 -0.000000e+00
   outer loop
     vertex -1.977662e+01 -2.980845e+00  2.500000e+00
     vertex -1.990062e+01 -1.991357e+00 -2.500000e+00
     vertex -1.977662e+01 -2.980845e+00 -2.500000e+00
   endloop
 endfacet
 facet normal -9.848078e-01 -1.736482e-01  2.136984e-18
   outer loop
     vertex -1.960345e+01 -3.962923e+00  2.500000e+00
     vertex -1.977662e+01 -2.980845e+00  2.500000e+00
     vertex -1.977662e+01 -2.980845e+00 -2.500000e+00
   endloop
 endfacet
 facet normal -9.848078e-01 -1.736482e-01 -0.000000e+00
   outer loop
     vertex -1.960345e+01 -3.962923e+00  2.500000e+00
     vertex -1.977662e+01 -2.980845e+00 -2.500000e+00
     vertex -1.960345e+01 -3.962923e+00 -2.500000e+00
   endloop
 endfacet
 facet normal -9.749279e-01 -2.225209e-01 -0.000000e+00
   outer loop
     vertex -1.960345e+01 -3.962923e+00  2.500000e+00
     vertex -1.960345e+01 -3.962923e+00 -2.500000e+00
     vertex -1.938155e+01 -4.935148e+00 -2.500000e+00
   endloop
 endfacet
 facet normal -9.749279e-01 -2.225209e-01 -0.000000e+00
   outer loop
     vertex -1.938155e+01 -4.935148e+00  2.500000e+00
     vertex -1.960345e+01 -3.962923e+00  2.500000e+00
     vertex -1.938155e+01 -4.935148e+00 -2.500000e+00
   endloop
 endfacet
 facet normal -9.626242e-01 -2.708405e-01 -4.269169e-18
   outer loop
     vertex -1.911146e+01 -5.895103e+00  2.500000e+00
     vertex -1.938155e+01 -4.935148e+00  2.500000e+00
     vertex -1.938155e+01 -4.935148e+00 -2.500000e+00
   endloop
 endfacet
 facet normal -9.626242e-01 -2.708405e-01 -0.000000e+00
   outer loop
     vertex -1.911146e+01 -5.895103e+00  2.500000e+00
     vertex -1.938155e+01 -4.935148e+00 -2.500000e+00
     vertex -1.911146e+01 -5.895103e+00 -2.500000e+00
   endloop
 endfacet
 facet normal -9.479273e-01 -3.184867e-01  1.860467e-19
   outer loop
     vertex -1.879385e+01 -6.840403e+00  2.500000e+00
     vertex -1.911146e+01 -5.895103e+00  2.500000e+00
     vertex -1.911146e+01 -5.895103e+00 -2.500000e+00
   endloop
 endfacet
 facet normal -9.479273e-01 -3.184867e-01 -0.000000e+00
   outer loop
     vertex -1.879385e+01 -6.840403e+00  2.500000e+00
     vertex -1.911146e+01 -5.895103e+00 -2.500000e+00
     vertex -1.879385e+01 -6.840403e+00 -2.500000e+00
   endloop
 endfacet
 facet normal -9.308737e-01 -3.653410e-01 -0.000000e+00
   outer loop
     vertex -1.879385e+01 -6.840403e+00  2.500000e+00
     vertex -1.879385e+01 -6.840403e+00 -2.500000e+00
     vertex -1.842952e+01 -7.768696e+00 -2.500000e+00
   endloop
 endfacet
 facet normal -9.308737e-01 -3.653410e-01 -0.000000e+00
   outer loop
     vertex -1.842952e+01 -7.768696e+00  2.500000e+00
     vertex -1.879385e+01 -6.840403e+00  2.500000e+00
     vertex -1.842952e+01 -7.768696e+00 -2.500000e+00
   endloop
 endfacet
 facet normal -9.115059e-01 -4.112871e-01  7.520868e-19
   outer loop
     vertex -1.801938e+01 -8.677675e+00  2.500000e+00
     vertex -1.842952e+01 -7.768696e+00  2.500000e+00
     vertex -1.842952e+01 -7.768696e+00 -2.500000e+00
   endloop
 endfacet
 facet normal -9.115059e-01 -4.112871e-01 -0.000000e+00
   outer loop
     vertex -1.801938e+01 -8.677675e+00  2.500000e+00
     vertex -1.842952e+01 -7.768696e+00 -2.500000e+00
     vertex -1.801938e+01 -8.677675e+00 -2.500000e+00
   endloop
 endfacet
 facet normal -8.898718e-01 -4.562107e-01 -2.429689e-18
   outer loop
     vertex -1.756443e+01 -9.565080e+00  2.500000e+00
     vertex -1.801938e+01 -8.677675e+00  2.500000e+00
     vertex -1.801938e+01 -8.677675e+00 -2.500000e+00
   endloop
 endfacet
 facet normal -8.898718e-01 -4.562107e-01 -0.000000e+00
   outer loop
     vertex -1.756443e+01 -9.565080e+00  2.500000e+00
     vertex -1.801938e+01 -8.677675e+00 -2.500000e+00
     vertex -1.756443e+01 -9.565080e+00 -2.500000e+00
   endloop
 endfacet
 facet normal -8.660254e-01 -5.000000e-01  4.682895e-18
   outer loop
     vertex -1.706582e+01 -1.042870e+01  2.500000e+00
     vertex -1.756443e+01 -9.565080e+00  2.500000e+00
     vertex -1.756443e+01 -9.565080e+00 -2.500000e+00
   endloop
 endfacet
 facet normal -8.660254e-01 -5.000000e-01 -0.000000e+00
   outer loop
     vertex -1.706582e+01 -1.042870e+01  2.500000e+00
     vertex -1.756443e+01 -9.565080e+00 -2.500000e+00
     vertex -1.706582e+01 -1.042870e+01 -2.500000e+00
   endloop
 endfacet
 facet normal -8.400259e-01 -5.425463e-01 -0.000000e+00
   outer loop
     vertex -1.652478e+01 -1.126640e+01  2.500000e+00
     vertex -1.706582e+01 -1.042870e+01 -2.500000e+00
     vertex -1.652478e+01 -1.126640e+01 -2.500000e+00
   endloop
 endfacet
 facet normal -8.400259e-01 -5.425463e-01 -4.654718e-18
   outer loop
     vertex -1.652478e+01 -1.126640e+01  2.500000e+00
     vertex -1.706582e+01 -1.042870e+01  2.500000e+00
     vertex -1.706582e+01 -1.042870e+01 -2.500000e+00
   endloop
 endfacet
 facet normal -8.119380e-01 -5.837437e-01 -0.000000e+00
   outer loop
     vertex -1.594265e+01 -1.207609e+01  2.500000e+00
     vertex -1.652478e+01 -1.126640e+01 -2.500000e+00
     vertex -1.594265e+01 -1.207609e+01 -2.500000e+00
   endloop
 endfacet
 facet normal -8.119380e-01 -5.837437e-01 -1.019299e-18
   outer loop
     vertex -1.594265e+01 -1.207609e+01  2.500000e+00
     vertex -1.652478e+01 -1.126640e+01  2.500000e+00
     vertex -1.652478e+01 -1.126640e+01 -2.500000e+00
   endloop
 endfacet
 facet normal -7.818315e-01 -6.234898e-01 -0.000000e+00
   outer loop
     vertex -1.532089e+01 -1.285575e+01  2.500000e+00
     vertex -1.594265e+01 -1.207609e+01 -2.500000e+00
     vertex -1.532089e+01 -1.285575e+01 -2.500000e+00
   endloop
 endfacet
 facet normal -7.818315e-01 -6.234898e-01 -4.128078e-18
   outer loop
     vertex -1.532089e+01 -1.285575e+01  2.500000e+00
     vertex -1.594265e+01 -1.207609e+01  2.500000e+00
     vertex -1.594265e+01 -1.207609e+01 -2.500000e+00
   endloop
 endfacet
 facet normal -7.497812e-01 -6.616858e-01 -0.000000e+00
   outer loop
     vertex -1.466104e+01 -1.360345e+01  2.500000e+00
     vertex -1.532089e+01 -1.285575e+01 -2.500000e+00
     vertex -1.466104e+01 -1.360345e+01 -2.500000e+00
   endloop
 endfacet
 facet normal -7.158668e-01 -6.982368e-01 -0.000000e+00
   outer loop
     vertex -1.466104e+01 -1.360345e+01  2.500000e+00
     vertex -1.466104e+01 -1.360345e+01 -2.500000e+00
     vertex -1.396474e+01 -1.431734e+01 -2.500000e+00
   endloop
 endfacet
 facet normal -7.497812e-01 -6.616858e-01 -9.152739e-19
   outer loop
     vertex -1.466104e+01 -1.360345e+01  2.500000e+00
     vertex -1.532089e+01 -1.285575e+01  2.500000e+00
     vertex -1.532089e+01 -1.285575e+01 -2.500000e+00
   endloop
 endfacet
 facet normal -7.158668e-01 -6.982368e-01 -0.000000e+00
   outer loop
     vertex -1.396474e+01 -1.431734e+01  2.500000e+00
     vertex -1.466104e+01 -1.360345e+01  2.500000e+00
     vertex -1.396474e+01 -1.431734e+01 -2.500000e+00
   endloop
 endfacet
 facet normal -6.801727e-01 -7.330519e-01 -0.000000e+00
   outer loop
     vertex -1.323372e+01 -1.499562e+01  2.500000e+00
     vertex -1.396474e+01 -1.431734e+01 -2.500000e+00
     vertex -1.323372e+01 -1.499562e+01 -2.500000e+00
   endloop
 endfacet
 facet normal -6.427876e-01 -7.660444e-01 -0.000000e+00
   outer loop
     vertex -1.323372e+01 -1.499562e+01  2.500000e+00
     vertex -1.323372e+01 -1.499562e+01 -2.500000e+00
     vertex -1.246980e+01 -1.563663e+01 -2.500000e+00
   endloop
 endfacet
 facet normal -6.801727e-01 -7.330519e-01  3.327049e-20
   outer loop
     vertex -1.323372e+01 -1.499562e+01  2.500000e+00
     vertex -1.396474e+01 -1.431734e+01  2.500000e+00
     vertex -1.396474e+01 -1.431734e+01 -2.500000e+00
   endloop
 endfacet
 facet normal -6.427876e-01 -7.660444e-01 -0.000000e+00
   outer loop
     vertex -1.246980e+01 -1.563663e+01  2.500000e+00
     vertex -1.323372e+01 -1.499562e+01  2.500000e+00
     vertex -1.246980e+01 -1.563663e+01 -2.500000e+00
   endloop
 endfacet
 facet normal -6.038044e-01 -7.971325e-01 -0.000000e+00
   outer loop
     vertex -1.167487e+01 -1.623876e+01  2.500000e+00
     vertex -1.246980e+01 -1.563663e+01 -2.500000e+00
     vertex -1.167487e+01 -1.623876e+01 -2.500000e+00
   endloop
 endfacet
 facet normal -6.038044e-01 -7.971325e-01 -4.769970e-18
   outer loop
     vertex -1.167487e+01 -1.623876e+01  2.500000e+00
     vertex -1.246980e+01 -1.563663e+01  2.500000e+00
     vertex -1.246980e+01 -1.563663e+01 -2.500000e+00
   endloop
 endfacet
 facet normal -5.633201e-01 -8.262388e-01 -0.000000e+00
   outer loop
     vertex -1.085093e+01 -1.680052e+01  2.500000e+00
     vertex -1.167487e+01 -1.623876e+01 -2.500000e+00
     vertex -1.085093e+01 -1.680052e+01 -2.500000e+00
   endloop
 endfacet
 facet normal -5.214352e-01 -8.532909e-01 -0.000000e+00
   outer loop
     vertex -1.085093e+01 -1.680052e+01  2.500000e+00
     vertex -1.085093e+01 -1.680052e+01 -2.500000e+00
     vertex -1.000000e+01 -1.732051e+01 -2.500000e+00
   endloop
 endfacet
 facet normal -5.633201e-01 -8.262388e-01 -6.001138e-19
   outer loop
     vertex -1.085093e+01 -1.680052e+01  2.500000e+00
     vertex -1.167487e+01 -1.623876e+01  2.500000e+00
     vertex -1.167487e+01 -1.623876e+01 -2.500000e+00
   endloop
 endfacet
 facet normal -5.214352e-01 -8.532909e-01 -0.000000e+00
   outer loop
     vertex -1.000000e+01 -1.732051e+01  2.500000e+00
     vertex -1.085093e+01 -1.680052e+01  2.500000e+00
     vertex -1.000000e+01 -1.732051e+01 -2.500000e+00
   endloop
 endfacet
 facet normal -4.782540e-01 -8.782216e-01 -0.000000e+00
   outer loop
     vertex -9.124213e+00 -1.779744e+01  2.500000e+00
     vertex -1.000000e+01 -1.732051e+01 -2.500000e+00
     vertex -9.124213e+00 -1.779744e+01 -2.500000e+00
   endloop
 endfacet
 facet normal -4.782540e-01 -8.782216e-01 -3.325049e-18
   outer loop
     vertex -9.124213e+00 -1.779744e+01  2.500000e+00
     vertex -1.000000e+01 -1.732051e+01  2.500000e+00
     vertex -1.000000e+01 -1.732051e+01 -2.500000e+00
   endloop
 endfacet
 facet normal -4.338837e-01 -9.009689e-01 -0.000000e+00
   outer loop
     vertex -8.225742e+00 -1.823012e+01  2.500000e+00
     vertex -9.124213e+00 -1.779744e+01 -2.500000e+00
     vertex -8.225742e+00 -1.823012e+01 -2.500000e+00
   endloop
 endfacet
 facet normal -4.338837e-01 -9.009689e-01 -6.655443e-19
   outer loop
     vertex -8.225742e+00 -1.823012e+01  2.500000e+00
     vertex -9.124213e+00 -1.779744e+01  2.500000e+00
     vertex -9.124213e+00 -1.779744e+01 -2.500000e+00
   endloop
 endfacet
 facet normal -3.884348e-01 -9.214762e-01 -0.000000e+00
   outer loop
     vertex -7.306820e+00 -1.861747e+01  2.500000e+00
     vertex -8.225742e+00 -1.823012e+01 -2.500000e+00
     vertex -7.306820e+00 -1.861747e+01 -2.500000e+00
   endloop
 endfacet
 facet normal -3.884348e-01 -9.214762e-01  1.170635e-18
   outer loop
     vertex -7.306820e+00 -1.861747e+01  2.500000e+00
     vertex -8.225742e+00 -1.823012e+01  2.500000e+00
     vertex -8.225742e+00 -1.823012e+01 -2.500000e+00
   endloop
 endfacet
 facet normal -3.420201e-01 -9.396926e-01  4.677992e-18
   outer loop
     vertex -6.369733e+00 -1.895855e+01  2.500000e+00
     vertex -7.306820e+00 -1.861747e+01  2.500000e+00
     vertex -7.306820e+00 -1.861747e+01 -2.500000e+00
   endloop
 endfacet
 facet normal -3.420201e-01 -9.396926e-01 -0.000000e+00
   outer loop
     vertex -6.369733e+00 -1.895855e+01  2.500000e+00
     vertex -7.306820e+00 -1.861747e+01 -2.500000e+00
     vertex -6.369733e+00 -1.895855e+01 -2.500000e+00
   endloop
 endfacet
 facet normal -2.947552e-01 -9.555728e-01 -0.000000e+00
   outer loop
     vertex -6.369733e+00 -1.895855e+01  2.500000e+00
     vertex -6.369733e+00 -1.895855e+01 -2.500000e+00
     vertex -5.416809e+00 -1.925248e+01 -2.500000e+00
   endloop
 endfacet
 facet normal -2.947552e-01 -9.555728e-01 -0.000000e+00
   outer loop
     vertex -5.416809e+00 -1.925248e+01  2.500000e+00
     vertex -6.369733e+00 -1.895855e+01  2.500000e+00
     vertex -5.416809e+00 -1.925248e+01 -2.500000e+00
   endloop
 endfacet
 facet normal -2.467574e-01 -9.690773e-01  7.239311e-19
   outer loop
     vertex -4.450419e+00 -1.949856e+01  2.500000e+00
     vertex -5.416809e+00 -1.925248e+01  2.500000e+00
     vertex -5.416809e+00 -1.925248e+01 -2.500000e+00
   endloop
 endfacet
 facet normal -2.467574e-01 -9.690773e-01 -0.000000e+00
   outer loop
     vertex -4.450419e+00 -1.949856e+01  2.500000e+00
     vertex -5.416809e+00 -1.925248e+01 -2.500000e+00
     vertex -4.450419e+00 -1.949856e+01 -2.500000e+00
   endloop
 endfacet
 facet normal -1.981461e-01 -9.801725e-01  1.174800e-18
   outer loop
     vertex -3.472964e+00 -1.969616e+01  2.500000e+00
     vertex -4.450419e+00 -1.949856e+01  2.500000e+00
     vertex -4.450419e+00 -1.949856e+01 -2.500000e+00
   endloop
 endfacet
 facet normal -1.981461e-01 -9.801725e-01 -0.000000e+00
   outer loop
     vertex -3.472964e+00 -1.969616e+01  2.500000e+00
     vertex -4.450419e+00 -1.949856e+01 -2.500000e+00
     vertex -3.472964e+00 -1.969616e+01 -2.500000e+00
   endloop
 endfacet
 facet normal -1.490423e-01 -9.888308e-01 -0.000000e+00
   outer loop
     vertex -2.486874e+00 -1.984478e+01  2.500000e+00
     vertex -3.472964e+00 -1.969616e+01 -2.500000e+00
     vertex -2.486874e+00 -1.984478e+01 -2.500000e+00
   endloop
 endfacet
 facet normal -1.490423e-01 -9.888308e-01 -1.460935e-18
   outer loop
     vertex -2.486874e+00 -1.984478e+01  2.500000e+00
     vertex -3.472964e+00 -1.969616e+01  2.500000e+00
     vertex -3.472964e+00 -1.969616e+01 -2.500000e+00
   endloop
 endfacet
 facet normal -9.956785e-02 -9.950308e-01 -0.000000e+00
   outer loop
     vertex -1.494602e+00 -1.994408e+01  2.500000e+00
     vertex -2.486874e+00 -1.984478e+01 -2.500000e+00
     vertex -1.494602e+00 -1.994408e+01 -2.500000e+00
   endloop
 endfacet
 facet normal -4.984589e-02 -9.987569e-01 -0.000000e+00
   outer loop
     vertex -1.494602e+00 -1.994408e+01  2.500000e+00
     vertex -1.494602e+00 -1.994408e+01 -2.500000e+00
     vertex -4.986138e-01 -1.999378e+01 -2.500000e+00
   endloop
 endfacet
 facet normal -9.956785e-02 -9.950308e-01  3.540244e-19
   outer loop
     vertex -1.494602e+00 -1.994408e+01  2.500000e+00
     vertex -2.486874e+00 -1.984478e+01  2.500000e+00
     vertex -2.486874e+00 -1.984478e+01 -2.500000e+00
   endloop
 endfacet
 facet normal -4.984589e-02 -9.987569e-01 -0.000000e+00
   outer loop
     vertex -4.986138e-01 -1.999378e+01  2.500000e+00
     vertex -1.494602e+00 -1.994408e+01  2.500000e+00
     vertex -4.986138e-01 -1.999378e+01 -2.500000e+00
   endloop
 endfacet
 facet normal  7.125181e-15 -1.000000e+00  0.000000e+00
   outer loop
     vertex  4.986138e-01 -1.999378e+01  2.500000e+00
     vertex -4.986138e-01 -1.999378e+01 -2.500000e+00
     vertex  4.986138e-01 -1.999378e+01 -2.500000e+00
   endloop
 endfacet
 facet normal  7.125181e-15 -1.000000e+00  0.000000e+00
   outer loop
     vertex  4.986138e-01 -1.999378e+01  2.500000e+00
     vertex -4.986138e-01 -1.999378e+01  2.500000e+00
     vertex -4.986138e-01 -1.999378e+01 -2.500000e+00
   endloop
 endfacet
 facet normal  4.984589e-02 -9.987569e-01  0.000000e+00
   outer loop
     vertex  1.494602e+00 -1.994408e+01  2.500000e+00
     vertex  4.986138e-01 -1.999378e+01 -2.500000e+00
     vertex  1.494602e+00 -1.994408e+01 -2.500000e+00
   endloop
 endfacet
 facet normal  4.984589e-02 -9.987569e-01 -6.193962e-19
   outer loop
     vertex  1.494602e+00 -1.994408e+01  2.500000e+00
     vertex  4.986138e-01 -1.999378e+01  2.500000e+00
     vertex  4.986138e-01 -1.999378e+01 -2.500000e+00
   endloop
 endfacet
 facet normal  9.956785e-02 -9.950308e-01  0.000000e+00
   outer loop
     vertex  2.486874e+00 -1.984478e+01  2.500000e+00
     vertex  1.494602e+00 -1.994408e+01 -2.500000e+00
     vertex  2.486874e+00 -1.984478e+01 -2.500000e+00
   endloop
 endfacet
 facet normal  1.490423e-01 -9.888308e-01  0.000000e+00
   outer loop
     vertex  2.486874e+00 -1.984478e+01  2.500000e+00
     vertex  2.486874e+00 -1.984478e+01 -2.500000e+00
     vertex  3.472964e+00 -1.969616e+01 -2.500000e+00
   endloop
 endfacet
 facet normal  9.956785e-02 -9.950308e-01 -1.375251e-18
   outer loop
     vertex  2.486874e+00 -1.984478e+01  2.500000e+00
     vertex  1.494602e+00 -1.994408e+01  2.500000e+00
     vertex  1.494602e+00 -1.994408e+01 -2.500000e+00
   endloop
 endfacet
 facet normal  1.490423e-01 -9.888308e-01  0.000000e+00
   outer loop
     vertex  3.472964e+00 -1.969616e+01  2.500000e+00
     vertex  2.486874e+00 -1.984478e+01  2.500000e+00
     vertex  3.472964e+00 -1.969616e+01 -2.500000e+00
   endloop
 endfacet
 facet normal  1.981461e-01 -9.801725e-01  0.000000e+00
   outer loop
     vertex  4.450419e+00 -1.949856e+01  2.500000e+00
     vertex  3.472964e+00 -1.969616e+01 -2.500000e+00
     vertex  4.450419e+00 -1.949856e+01 -2.500000e+00
   endloop
 endfacet
 facet normal  1.981461e-01 -9.801725e-01 -1.420898e-18
   outer loop
     vertex  4.450419e+00 -1.949856e+01  2.500000e+00
     vertex  3.472964e+00 -1.969616e+01  2.500000e+00
     vertex  3.472964e+00 -1.969616e+01 -2.500000e+00
   endloop
 endfacet
 facet normal  2.467574e-01 -9.690773e-01  0.000000e+00
   outer loop
     vertex  5.416809e+00 -1.925248e+01  2.500000e+00
     vertex  4.450419e+00 -1.949856e+01 -2.500000e+00
     vertex  5.416809e+00 -1.925248e+01 -2.500000e+00
   endloop
 endfacet
 facet normal  2.467574e-01 -9.690773e-01 -6.535932e-20
   outer loop
     vertex  5.416809e+00 -1.925248e+01  2.500000e+00
     vertex  4.450419e+00 -1.949856e+01  2.500000e+00
     vertex  4.450419e+00 -1.949856e+01 -2.500000e+00
   endloop
 endfacet
 facet normal  2.947552e-01 -9.555728e-01  0.000000e+00
   outer loop
     vertex  6.369733e+00 -1.895855e+01  2.500000e+00
     vertex  5.416809e+00 -1.925248e+01 -2.500000e+00
     vertex  6.369733e+00 -1.895855e+01 -2.500000e+00
   endloop
 endfacet
 facet normal  2.947552e-01 -9.555728e-01 -2.973575e-18
   outer loop
     vertex  6.369733e+00 -1.895855e+01  2.500000e+00
     vertex  5.416809e+00 -1.925248e+01  2.500000e+00
     vertex  5.416809e+00 -1.925248e+01 -2.500000e+00
   endloop
 endfacet
 facet normal  3.420201e-01 -9.396926e-01  0.000000e+00
   outer loop
     vertex  7.306820e+00 -1.861747e+01  2.500000e+00
     vertex  6.369733e+00 -1.895855e+01 -2.500000e+00
     vertex  7.306820e+00 -1.861747e+01 -2.500000e+00
   endloop
 endfacet
 facet normal  3.884348e-01 -9.214762e-01  0.000000e+00
   outer loop
     vertex  7.306820e+00 -1.861747e+01  2.500000e+00
     vertex  7.306820e+00 -1.861747e+01 -2.500000e+00
     vertex  8.225742e+00 -1.823012e+01 -2.500000e+00
   endloop
 endfacet
 facet normal  3.420201e-01 -9.396926e-01  2.464275e-18
   outer loop
     vertex  7.306820e+00 -1.861747e+01  2.500000e+00
     vertex  6.369733e+00 -1.895855e+01  2.500000e+00
     vertex  6.369733e+00 -1.895855e+01 -2.500000e+00
   endloop
 endfacet
 facet normal  3.884348e-01 -9.214762e-01  0.000000e+00
   outer loop
     vertex  8.225742e+00 -1.823012e+01  2.500000e+00
     vertex  7.306820e+00 -1.861747e+01  2.500000e+00
     vertex  8.225742e+00 -1.823012e+01 -2.500000e+00
   endloop
 endfacet
 facet normal  4.338837e-01 -9.009689e-01  0.000000e+00
   outer loop
     vertex  9.124213e+00 -1.779744e+01  2.500000e+00
     vertex  8.225742e+00 -1.823012e+01 -2.500000e+00
     vertex  9.124213e+00 -1.779744e+01 -2.500000e+00
   endloop
 endfacet
 facet normal  4.782540e-01 -8.782216e-01  0.000000e+00
   outer loop
     vertex  9.124213e+00 -1.779744e+01  2.500000e+00
     vertex  9.124213e+00 -1.779744e+01 -2.500000e+00
     vertex  1.000000e+01 -1.732051e+01 -2.500000e+00
   endloop
 endfacet
 facet normal  4.338837e-01 -9.009689e-01  3.802938e-18
   outer loop
     vertex  9.124213e+00 -1.779744e+01  2.500000e+00
     vertex  8.225742e+00 -1.823012e+01  2.500000e+00
     vertex  8.225742e+00 -1.823012e+01 -2.500000e+00
   endloop
 endfacet
 facet normal  4.782540e-01 -8.782216e-01  0.000000e+00
   outer loop
     vertex  1.000000e+01 -1.732051e+01  2.500000e+00
     vertex  9.124213e+00 -1.779744e+01  2.500000e+00
     vertex  1.000000e+01 -1.732051e+01 -2.500000e+00
   endloop
 endfacet
 facet normal  5.214352e-01 -8.532909e-01  0.000000e+00
   outer loop
     vertex  1.085093e+01 -1.680052e+01  2.500000e+00
     vertex  1.000000e+01 -1.732051e+01 -2.500000e+00
     vertex  1.085093e+01 -1.680052e+01 -2.500000e+00
   endloop
 endfacet
 facet normal  5.633201e-01 -8.262388e-01  0.000000e+00
   outer loop
     vertex  1.085093e+01 -1.680052e+01  2.500000e+00
     vertex  1.085093e+01 -1.680052e+01 -2.500000e+00
     vertex  1.167487e+01 -1.623876e+01 -2.500000e+00
   endloop
 endfacet
 facet normal  5.214352e-01 -8.532909e-01  4.095081e-18
   outer loop
     vertex  1.085093e+01 -1.680052e+01  2.500000e+00
     vertex  1.000000e+01 -1.732051e+01  2.500000e+00
     vertex  1.000000e+01 -1.732051e+01 -2.500000e+00
   endloop
 endfacet
 facet normal  6.038044e-01 -7.971325e-01  0.000000e+00
   outer loop
     vertex  1.167487e+01 -1.623876e+01  2.500000e+00
     vertex  1.167487e+01 -1.623876e+01 -2.500000e+00
     vertex  1.246980e+01 -1.563663e+01 -2.500000e+00
   endloop
 endfacet
 facet normal  5.633201e-01 -8.262388e-01  0.000000e+00
   outer loop
     vertex  1.167487e+01 -1.623876e+01  2.500000e+00
     vertex  1.085093e+01 -1.680052e+01  2.500000e+00
     vertex  1.167487e+01 -1.623876e+01 -2.500000e+00
   endloop
 endfacet
 facet normal  6.038044e-01 -7.971325e-01  0.000000e+00
   outer loop
     vertex  1.246980e+01 -1.563663e+01  2.500000e+00
     vertex  1.167487e+01 -1.623876e+01  2.500000e+00
     vertex  1.246980e+01 -1.563663e+01 -2.500000e+00
   endloop
 endfacet
 facet normal  6.427876e-01 -7.660444e-01  0.000000e+00
   outer loop
     vertex  1.323372e+01 -1.499562e+01  2.500000e+00
     vertex  1.246980e+01 -1.563663e+01 -2.500000e+00
     vertex  1.323372e+01 -1.499562e+01 -2.500000e+00
   endloop
 endfacet
 facet normal  6.427876e-01 -7.660444e-01  3.621455e-18
   outer loop
     vertex  1.323372e+01 -1.499562e+01  2.500000e+00
     vertex  1.246980e+01 -1.563663e+01  2.500000e+00
     vertex  1.246980e+01 -1.563663e+01 -2.500000e+00
   endloop
 endfacet
 facet normal  6.801727e-01 -7.330519e-01  0.000000e+00
   outer loop
     vertex  1.396474e+01 -1.431734e+01  2.500000e+00
     vertex  1.323372e+01 -1.499562e+01 -2.500000e+00
     vertex  1.396474e+01 -1.431734e+01 -2.500000e+00
   endloop
 endfacet
 facet normal  6.801727e-01 -7.330519e-01  2.443406e-18
   outer loop
     vertex  1.396474e+01 -1.431734e+01  2.500000e+00
     vertex  1.323372e+01 -1.499562e+01  2.500000e+00
     vertex  1.323372e+01 -1.499562e+01 -2.500000e+00
   endloop
 endfacet
 facet normal  7.158668e-01 -6.982368e-01  0.000000e+00
   outer loop
     vertex  1.466104e+01 -1.360345e+01  2.500000e+00
     vertex  1.396474e+01 -1.431734e+01 -2.500000e+00
     vertex  1.466104e+01 -1.360345e+01 -2.500000e+00
   endloop
 endfacet
 facet normal  7.158668e-01 -6.982368e-01 -4.006897e-18
   outer loop
     vertex  1.466104e+01 -1.360345e+01  2.500000e+00
     vertex  1.396474e+01 -1.431734e+01  2.500000e+00
     vertex  1.396474e+01 -1.431734e+01 -2.500000e+00
   endloop
 endfacet
 facet normal  7.497812e-01 -6.616858e-01  0.000000e+00
   outer loop
     vertex  1.532089e+01 -1.285575e+01  2.500000e+00
     vertex  1.466104e+01 -1.360345e+01 -2.500000e+00
     vertex  1.532089e+01 -1.285575e+01 -2.500000e+00
   endloop
 endfacet
 facet normal  7.497812e-01 -6.616858e-01  5.311328e-18
   outer loop
     vertex  1.532089e+01 -1.285575e+01  2.500000e+00
     vertex  1.466104e+01 -1.360345e+01  2.500000e+00
     vertex  1.466104e+01 -1.360345e+01 -2.500000e+00
   endloop
 endfacet
 facet normal  7.818315e-01 -6.234898e-01 -1.712314e-18
   outer loop
     vertex  1.594265e+01 -1.207609e+01  2.500000e+00
     vertex  1.532089e+01 -1.285575e+01  2.500000e+00
     vertex  1.532089e+01 -1.285575e+01 -2.500000e+00
   endloop
 endfacet
 facet normal  7.818315e-01 -6.234898e-01  0.000000e+00
   outer loop
     vertex  1.594265e+01 -1.207609e+01  2.500000e+00
     vertex  1.532089e+01 -1.285575e+01 -2.500000e+00
     vertex  1.594265e+01 -1.207609e+01 -2.500000e+00
   endloop
 endfacet
 facet normal  8.119380e-01 -5.837437e-01 -2.674538e-18
   outer loop
     vertex  1.652478e+01 -1.126640e+01  2.500000e+00
     vertex  1.594265e+01 -1.207609e+01  2.500000e+00
     vertex  1.594265e+01 -1.207609e+01 -2.500000e+00
   endloop
 endfacet
 facet normal  8.119380e-01 -5.837437e-01  0.000000e+00
   outer loop
     vertex  1.652478e+01 -1.126640e+01  2.500000e+00
     vertex  1.594265e+01 -1.207609e+01 -2.500000e+00
     vertex  1.652478e+01 -1.126640e+01 -2.500000e+00
   endloop
 endfacet
 facet normal  8.400259e-01 -5.425463e-01  2.617608e-18
   outer loop
     vertex  1.706582e+01 -1.042870e+01  2.500000e+00
     vertex  1.652478e+01 -1.126640e+01  2.500000e+00
     vertex  1.652478e+01 -1.126640e+01 -2.500000e+00
   endloop
 endfacet
 facet normal  8.400259e-01 -5.425463e-01  0.000000e+00
   outer loop
     vertex  1.706582e+01 -1.042870e+01  2.500000e+00
     vertex  1.652478e+01 -1.126640e+01 -2.500000e+00
     vertex  1.706582e+01 -1.042870e+01 -2.500000e+00
   endloop
 endfacet
 facet normal  8.660254e-01 -5.000000e-01 -2.508521e-20
   outer loop
     vertex  1.756443e+01 -9.565080e+00  2.500000e+00
     vertex  1.706582e+01 -1.042870e+01  2.500000e+00
     vertex  1.706582e+01 -1.042870e+01 -2.500000e+00
   endloop
 endfacet
 facet normal  8.660254e-01 -5.000000e-01  0.000000e+00
   outer loop
     vertex  1.756443e+01 -9.565080e+00  2.500000e+00
     vertex  1.706582e+01 -1.042870e+01 -2.500000e+00
     vertex  1.756443e+01 -9.565080e+00 -2.500000e+00
   endloop
 endfacet
 facet normal  8.898718e-01 -4.562107e-01  0.000000e+00
   outer loop
     vertex  1.756443e+01 -9.565080e+00  2.500000e+00
     vertex  1.756443e+01 -9.565080e+00 -2.500000e+00
     vertex  1.801938e+01 -8.677675e+00 -2.500000e+00
   endloop
 endfacet
 facet normal  8.898718e-01 -4.562107e-01  0.000000e+00
   outer loop
     vertex  1.801938e+01 -8.677675e+00  2.500000e+00
     vertex  1.756443e+01 -9.565080e+00  2.500000e+00
     vertex  1.801938e+01 -8.677675e+00 -2.500000e+00
   endloop
 endfacet
 facet normal  9.115059e-01 -4.112871e-01  0.000000e+00
   outer loop
     vertex  1.801938e+01 -8.677675e+00  2.500000e+00
     vertex  1.801938e+01 -8.677675e+00 -2.500000e+00
     vertex  1.842952e+01 -7.768696e+00 -2.500000e+00
   endloop
 endfacet
 facet normal  9.115059e-01 -4.112871e-01  0.000000e+00
   outer loop
     vertex  1.842952e+01 -7.768696e+00  2.500000e+00
     vertex  1.801938e+01 -8.677675e+00  2.500000e+00
     vertex  1.842952e+01 -7.768696e+00 -2.500000e+00
   endloop
 endfacet
 facet normal  9.308737e-01 -3.653410e-01  0.000000e+00
   outer loop
     vertex  1.842952e+01 -7.768696e+00  2.500000e+00
     vertex  1.842952e+01 -7.768696e+00 -2.500000e+00
     vertex  1.879385e+01 -6.840403e+00 -2.500000e+00
   endloop
 endfacet
 facet normal  9.308737e-01 -3.653410e-01  0.000000e+00
   outer loop
     vertex  1.879385e+01 -6.840403e+00  2.500000e+00
     vertex  1.842952e+01 -7.768696e+00  2.500000e+00
     vertex  1.879385e+01 -6.840403e+00 -2.500000e+00
   endloop
 endfacet
 facet normal  9.479273e-01 -3.184867e-01 -2.511291e-19
   outer loop
     vertex  1.911146e+01 -5.895103e+00  2.500000e+00
     vertex  1.879385e+01 -6.840403e+00  2.500000e+00
     vertex  1.879385e+01 -6.840403e+00 -2.500000e+00
   endloop
 endfacet
 facet normal  9.479273e-01 -3.184867e-01  0.000000e+00
   outer loop
     vertex  1.911146e+01 -5.895103e+00  2.500000e+00
     vertex  1.879385e+01 -6.840403e+00 -2.500000e+00
     vertex  1.911146e+01 -5.895103e+00 -2.500000e+00
   endloop
 endfacet
 facet normal  9.626242e-01 -2.708405e-01  0.000000e+00
   outer loop
     vertex  1.911146e+01 -5.895103e+00  2.500000e+00
     vertex  1.911146e+01 -5.895103e+00 -2.500000e+00
     vertex  1.938155e+01 -4.935148e+00 -2.500000e+00
   endloop
 endfacet
 facet normal  9.626242e-01 -2.708405e-01  0.000000e+00
   outer loop
     vertex  1.938155e+01 -4.935148e+00  2.500000e+00
     vertex  1.911146e+01 -5.895103e+00  2.500000e+00
     vertex  1.938155e+01 -4.935148e+00 -2.500000e+00
   endloop
 endfacet
 facet normal  9.749279e-01 -2.225209e-01  0.000000e+00
   outer loop
     vertex  1.938155e+01 -4.935148e+00  2.500000e+00
     vertex  1.938155e+01 -4.935148e+00 -2.500000e+00
     vertex  1.960345e+01 -3.962923e+00 -2.500000e+00
   endloop
 endfacet
 facet normal  9.749279e-01 -2.225209e-01  0.000000e+00
   outer loop
     vertex  1.960345e+01 -3.962923e+00  2.500000e+00
     vertex  1.938155e+01 -4.935148e+00  2.500000e+00
     vertex  1.960345e+01 -3.962923e+00 -2.500000e+00
   endloop
 endfacet
 facet normal  9.848078e-01 -1.736482e-01 -2.351980e-19
   outer loop
     vertex  1.977662e+01 -2.980845e+00  2.500000e+00
     vertex  1.960345e+01 -3.962923e+00  2.500000e+00
     vertex  1.960345e+01 -3.962923e+00 -2.500000e+00
   endloop
 endfacet
 facet normal  9.848078e-01 -1.736482e-01  0.000000e+00
   outer loop
     vertex  1.977662e+01 -2.980845e+00  2.500000e+00
     vertex  1.960345e+01 -3.962923e+00 -2.500000e+00
     vertex  1.977662e+01 -2.980845e+00 -2.500000e+00
   endloop
 endfacet
 facet normal  9.922392e-01 -1.243437e-01  0.000000e+00
   outer loop
     vertex  1.990062e+01 -1.991357e+00  2.500000e+00
     vertex  1.977662e+01 -2.980845e+00 -2.500000e+00
     vertex  1.990062e+01 -1.991357e+00 -2.500000e+00
   endloop
 endfacet
 facet normal  9.922392e-01 -1.243437e-01  1.190713e-18
   outer loop
     vertex  1.990062e+01 -1.991357e+00  2.500000e+00
     vertex  1.977662e+01 -2.980845e+00  2.500000e+00
     vertex  1.977662e+01 -2.980845e+00 -2.500000e+00
   endloop
 endfacet
 facet normal  9.972038e-01 -7.473009e-02  2.636532e-19
   outer loop
     vertex  1.997514e+01 -9.969177e-01  2.500000e+00
     vertex  1.990062e+01 -1.991357e+00  2.500000e+00
     vertex  1.990062e+01 -1.991357e+00 -2.500000e+00
   endloop
 endfacet
 facet normal  9.972038e-01 -7.473009e-02  0.000000e+00
   outer loop
     vertex  1.997514e+01 -9.969177e-01  2.500000e+00
     vertex  1.990062e+01 -1.991357e+00 -2.500000e+00
     vertex  1.997514e+01 -9.969177e-01 -2.500000e+00
   endloop
 endfacet
 facet normal  9.996892e-01 -2.493069e-02  0.000000e+00
   outer loop
     vertex  1.997514e+01 -9.969177e-01  2.500000e+00
     vertex  1.997514e+01 -9.969177e-01 -2.500000e+00
     vertex  2.000000e+01 -4.898587e-15 -2.500000e+00
   endloop
 endfacet
 facet normal  9.996892e-01 -2.493069e-02  0.000000e+00
   outer loop
     vertex  2.000000e+01 -4.898587e-15  2.500000e+00
     vertex  1.997514e+01 -9.969177e-01  2.500000e+00
     vertex  2.000000e+01 -4.898587e-15 -2.500000e+00
   endloop
 endfacet
 facet normal  0.000000e+00  0.000000e+00  1.000000e+00
   outer loop
     vertex -1.532089e+01 -1.285575e+01  2.500000e+00
     vertex -1.466104e+01 -1.360345e+01  2.500000e+00
     vertex -1.396474e+01 -1.431734e+01  2.500000e+00
   endloop
 endfacet
 facet normal  0.000000e+00  0.000000e+00  1.000000e+00
   outer loop
     vertex -1.246980e+01 -1.563663e+01  2.500000e+00
     vertex -1.396474e+01 -1.431734e+01  2.500000e+00
     vertex -1.323372e+01 -1.499562e+01  2.500000e+00
   endloop
 endfacet
 facet normal  0.000000e+00  0.000000e+00  1.000000e+00
   outer loop
     vertex -1.594265e+01 -1.207609e+01  2.500000e+00
     vertex -1.532089e+01 -1.285575e+01  2.500000e+00
     vertex -1.396474e+01 -1.431734e+01  2.500000e+00
   endloop
 endfacet
 facet normal  0.000000e+00  0.000000e+00  1.000000e+00
   outer loop
     vertex -1.085093e+01 -1.680052e+01  2.500000e+00
     vertex -1.246980e+01 -1.563663e+01  2.500000e+00
     vertex -1.167487e+01 -1.623876e+01  2.500000e+00
   endloop
 endfacet
 facet normal  0.000000e+00  0.000000e+00  1.000000e+00
   outer loop
     vertex -1.706582e+01 -1.042870e+01  2.500000e+00
     vertex -1.396474e+01 -1.431734e+01  2.500000e+00
     vertex -1.246980e+01 -1.563663e+01  2.500000e+00
   endloop
 endfacet
 facet normal  0.000000e+00  0.000000e+00  1.000000e+00
   outer loop
     vertex -1.706582e+01 -1.042870e+01  2.500000e+00
     vertex -1.594265e+01 -1.207609e+01  2.500000e+00
     vertex -1.396474e+01 -1.431734e+01  2.500000e+00
   endloop
 endfacet
 facet normal  0.000000e+00  0.000000e+00  1.000000e+00
   outer loop
     vertex -1.706582e+01 -1.042870e+01  2.500000e+00
     vertex -1.652478e+01 -1.126640e+01  2.500000e+00
     vertex -1.594265e+01 -1.207609e+01  2.500000e+00
   endloop
 endfacet
 facet normal  0.000000e+00  0.000000e+00  1.000000e+00
   outer loop
     vertex -9.124213e+00 -1.779744e+01  2.500000e+00
     vertex -1.085093e+01 -1.680052e+01  2.500000e+00
     vertex -1.000000e+01 -1.732051e+01  2.500000e+00
   endloop
 endfacet
 facet normal  0.000000e+00  0.000000e+00  1.000000e+00
   outer loop
     vertex -1.801938e+01 -8.677675e+00  2.500000e+00
     vertex -1.756443e+01 -9.565080e+00  2.500000e+00
     vertex -1.706582e+01 -1.042870e+01  2.500000e+00
   endloop
 endfacet
 facet normal  0.000000e+00  0.000000e+00  1.000000e+00
   outer loop
     vertex -1.842952e+01 -7.768696e+00  2.500000e+00
     vertex -1.801938e+01 -8.677675e+00  2.500000e+00
     vertex -1.706582e+01 -1.042870e+01  2.500000e+00
   endloop
 endfacet
 facet normal  0.000000e+00  0.000000e+00  1.000000e+00
   outer loop
     vertex -6.369733e+00 -1.895855e+01  2.500000e+00
     vertex -9.124213e+00 -1.779744e+01  2.500000e+00
     vertex -8.225742e+00 -1.823012e+01  2.500000e+00
   endloop
 endfacet
 facet normal  0.000000e+00  0.000000e+00  1.000000e+00
   outer loop
     vertex -6.369733e+00 -1.895855e+01  2.500000e+00
     vertex -8.225742e+00 -1.823012e+01  2.500000e+00
     vertex -7.306820e+00 -1.861747e+01  2.500000e+00
   endloop
 endfacet
 facet normal  0.000000e+00  0.000000e+00  1.000000e+00
   outer loop
     vertex -1.938155e+01 -4.935148e+00  2.500000e+00
     vertex -1.911146e+01 -5.895103e+00  2.500000e+00
     vertex -1.879385e+01 -6.840403e+00  2.500000e+00
   endloop
 endfacet
 facet normal  0.000000e+00  0.000000e+00  1.000000e+00
   outer loop
     vertex -1.938155e+01 -4.935148e+00  2.500000e+00
     vertex -1.879385e+01 -6.840403e+00  2.500000e+00
     vertex -1.842952e+01 -7.768696e+00  2.500000e+00
   endloop
 endfacet
 facet normal  0.000000e+00  0.000000e+00  1.000000e+00
   outer loop
     vertex -4.450419e+00 -1.949856e+01  2.500000e+00
     vertex -1.706582e+01 -1.042870e+01  2.500000e+00
     vertex -1.246980e+01 -1.563663e+01  2.500000e+00
   endloop
 endfacet
 facet normal  0.000000e+00  0.000000e+00  1.000000e+00
   outer loop
     vertex -4.450419e+00 -1.949856e+01  2.500000e+00
     vertex -1.246980e+01 -1.563663e+01  2.500000e+00
     vertex -1.085093e+01 -1.680052e+01  2.500000e+00
   endloop
 endfacet
 facet normal  0.000000e+00  0.000000e+00  1.000000e+00
   outer loop
     vertex -4.450419e+00 -1.949856e+01  2.500000e+00
     vertex -9.124213e+00 -1.779744e+01  2.500000e+00
     vertex -6.369733e+00 -1.895855e+01  2.500000e+00
   endloop
 endfacet
 facet normal  0.000000e+00  0.000000e+00  1.000000e+00
   outer loop
     vertex -4.450419e+00 -1.949856e+01  2.500000e+00
     vertex -1.085093e+01 -1.680052e+01  2.500000e+00
     vertex -9.124213e+00 -1.779744e+01  2.500000e+00
   endloop
 endfacet
 facet normal  0.000000e+00  0.000000e+00  1.000000e+00
   outer loop
     vertex -4.450419e+00 -1.949856e+01  2.500000e+00
     vertex -1.842952e+01 -7.768696e+00  2.500000e+00
     vertex -1.706582e+01 -1.042870e+01  2.500000e+00
   endloop
 endfacet
 facet normal  0.000000e+00  0.000000e+00  1.000000e+00
   outer loop
     vertex -4.450419e+00 -1.949856e+01  2.500000e+00
     vertex -6.369733e+00 -1.895855e+01  2.500000e+00
     vertex -5.416809e+00 -1.925248e+01  2.500000e+00
   endloop
 endfacet
 facet normal  0.000000e+00  0.000000e+00  1.000000e+00
   outer loop
     vertex -3.472964e+00 -1.969616e+01  2.500000e+00
     vertex -1.938155e+01 -4.935148e+00  2.500000e+00
     vertex -1.842952e+01 -7.768696e+00  2.500000e+00
   endloop
 endfacet
 facet normal  0.000000e+00  0.000000e+00  1.000000e+00
   outer loop
     vertex -3.472964e+00 -1.969616e+01  2.500000e+00
     vertex -1.842952e+01 -7.768696e+00  2.500000e+00
     vertex -4.450419e+00 -1.949856e+01  2.500000e+00
   endloop
 endfacet
 facet normal  0.000000e+00  0.000000e+00  1.000000e+00
   outer loop
     vertex -1.977662e+01 -2.980845e+00  2.500000e+00
     vertex -1.960345e+01 -3.962923e+00  2.500000e+00
     vertex -1.938155e+01 -4.935148e+00  2.500000e+00
   endloop
 endfacet
 facet normal  0.000000e+00  0.000000e+00  1.000000e+00
   outer loop
     vertex -1.494602e+00 -1.994408e+01  2.500000e+00
     vertex -3.472964e+00 -1.969616e+01  2.500000e+00
     vertex -2.486874e+00 -1.984478e+01  2.500000e+00
   endloop
 endfacet
 facet normal  0.000000e+00  0.000000e+00  1.000000e+00
   outer loop
     vertex -1.997514e+01 -9.969177e-01  2.500000e+00
     vertex -1.990062e+01 -1.991357e+00  2.500000e+00
     vertex -1.977662e+01 -2.980845e+00  2.500000e+00
   endloop
 endfacet
 facet normal  0.000000e+00  0.000000e+00  1.000000e+00
   outer loop
     vertex -1.997514e+01 -9.969177e-01  2.500000e+00
     vertex -1.977662e+01 -2.980845e+00  2.500000e+00
     vertex -1.938155e+01 -4.935148e+00  2.500000e+00
   endloop
 endfacet
 facet normal  0.000000e+00  0.000000e+00  1.000000e+00
   outer loop
     vertex -4.986138e-01 -1.999378e+01  2.500000e+00
     vertex -3.472964e+00 -1.969616e+01  2.500000e+00
     vertex -1.494602e+00 -1.994408e+01  2.500000e+00
   endloop
 endfacet
 facet normal  0.000000e+00  0.000000e+00  1.000000e+00
   outer loop
     vertex -1.997514e+01  9.969177e-01  2.500000e+00
     vertex -2.000000e+01 -6.860498e-14  2.500000e+00
     vertex -1.997514e+01 -9.969177e-01  2.500000e+00
   endloop
 endfacet
 facet normal  0.000000e+00  0.000000e+00  1.000000e+00
   outer loop
     vertex  1.494602e+00 -1.994408e+01  2.500000e+00
     vertex -4.986138e-01 -1.999378e+01  2.500000e+00
     vertex  4.986138e-01 -1.999378e+01  2.500000e+00
   endloop
 endfacet
 facet normal  0.000000e+00  0.000000e+00  1.000000e+00
   outer loop
     vertex -1.977662e+01  2.980845e+00  2.500000e+00
     vertex -1.990062e+01  1.991357e+00  2.500000e+00
     vertex -1.997514e+01  9.969177e-01  2.500000e+00
   endloop
 endfacet
 facet normal  0.000000e+00  0.000000e+00  1.000000e+00
   outer loop
     vertex -1.977662e+01  2.980845e+00  2.500000e+00
     vertex -1.997514e+01  9.969177e-01  2.500000e+00
     vertex -1.997514e+01 -9.969177e-01  2.500000e+00
   endloop
 endfacet
 facet normal  0.000000e+00  0.000000e+00  1.000000e+00
   outer loop
     vertex  3.472964e+00 -1.969616e+01  2.500000e+00
     vertex  1.494602e+00 -1.994408e+01  2.500000e+00
     vertex  2.486874e+00 -1.984478e+01  2.500000e+00
   endloop
 endfacet
 facet normal  0.000000e+00  0.000000e+00  1.000000e+00
   outer loop
     vertex  3.472964e+00 -1.969616e+01  2.500000e+00
     vertex -4.986138e-01 -1.999378e+01  2.500000e+00
     vertex  1.494602e+00 -1.994408e+01  2.500000e+00
   endloop
 endfacet
 facet normal  0.000000e+00  0.000000e+00  1.000000e+00
   outer loop
     vertex  4.450419e+00 -1.949856e+01  2.500000e+00
     vertex -4.986138e-01 -1.999378e+01  2.500000e+00
     vertex  3.472964e+00 -1.969616e+01  2.500000e+00
   endloop
 endfacet
 facet normal  0.000000e+00  0.000000e+00  1.000000e+00
   outer loop
     vertex -1.938155e+01  4.935148e+00  2.500000e+00
     vertex -1.960345e+01  3.962923e+00  2.500000e+00
     vertex -1.977662e+01  2.980845e+00  2.500000e+00
   endloop
 endfacet
 facet normal  0.000000e+00  0.000000e+00  1.000000e+00
   outer loop
     vertex -1.911146e+01  5.895103e+00  2.500000e+00
     vertex -1.938155e+01  4.935148e+00  2.500000e+00
     vertex -1.977662e+01  2.980845e+00  2.500000e+00
   endloop
 endfacet
 facet normal  0.000000e+00  0.000000e+00  1.000000e+00
   outer loop
     vertex  7.306820e+00 -1.861747e+01  2.500000e+00
     vertex  5.416809e+00 -1.925248e+01  2.500000e+00
     vertex  6.369733e+00 -1.895855e+01  2.500000e+00
   endloop
 endfacet
 facet normal  0.000000e+00  0.000000e+00  1.000000e+00
   outer loop
     vertex -1.842952e+01  7.768696e+00  2.500000e+00
     vertex -1.879385e+01  6.840403e+00  2.500000e+00
     vertex -1.911146e+01  5.895103e+00  2.500000e+00
   endloop
 endfacet
 facet normal  0.000000e+00  0.000000e+00  1.000000e+00
   outer loop
     vertex  8.225742e+00 -1.823012e+01  2.500000e+00
     vertex  5.416809e+00 -1.925248e+01  2.500000e+00
     vertex  7.306820e+00 -1.861747e+01  2.500000e+00
   endloop
 endfacet
 facet normal  0.000000e+00  0.000000e+00  1.000000e+00
   outer loop
     vertex -1.801938e+01  8.677675e+00  2.500000e+00
     vertex -1.842952e+01  7.768696e+00  2.500000e+00
     vertex -1.911146e+01  5.895103e+00  2.500000e+00
   endloop
 endfacet
 facet normal  0.000000e+00  0.000000e+00  1.000000e+00
   outer loop
     vertex  9.124213e+00 -1.779744e+01  2.500000e+00
     vertex  5.416809e+00 -1.925248e+01  2.500000e+00
     vertex  8.225742e+00 -1.823012e+01  2.500000e+00
   endloop
 endfacet
 facet normal  0.000000e+00  0.000000e+00  1.000000e+00
   outer loop
     vertex -1.706582e+01  1.042870e+01  2.500000e+00
     vertex -1.801938e+01  8.677675e+00  2.500000e+00
     vertex -1.911146e+01  5.895103e+00  2.500000e+00
   endloop
 endfacet
 facet normal  0.000000e+00  0.000000e+00  1.000000e+00
   outer loop
     vertex -1.706582e+01  1.042870e+01  2.500000e+00
     vertex -1.756443e+01  9.565080e+00  2.500000e+00
     vertex -1.801938e+01  8.677675e+00  2.500000e+00
   endloop
 endfacet
 facet normal  0.000000e+00  0.000000e+00  1.000000e+00
   outer loop
     vertex  1.085093e+01 -1.680052e+01  2.500000e+00
     vertex  9.124213e+00 -1.779744e+01  2.500000e+00
     vertex  1.000000e+01 -1.732051e+01  2.500000e+00
   endloop
 endfacet
 facet normal  0.000000e+00  0.000000e+00  1.000000e+00
   outer loop
     vertex  1.167487e+01 -1.623876e+01  2.500000e+00
     vertex  5.416809e+00 -1.925248e+01  2.500000e+00
     vertex  9.124213e+00 -1.779744e+01  2.500000e+00
   endloop
 endfacet
 facet normal  0.000000e+00  0.000000e+00  1.000000e+00
   outer loop
     vertex  1.167487e+01 -1.623876e+01  2.500000e+00
     vertex  9.124213e+00 -1.779744e+01  2.500000e+00
     vertex  1.085093e+01 -1.680052e+01  2.500000e+00
   endloop
 endfacet
 facet normal  0.000000e+00  0.000000e+00  1.000000e+00
   outer loop
     vertex  1.167487e+01 -1.623876e+01  2.500000e+00
     vertex  4.450419e+00 -1.949856e+01  2.500000e+00
     vertex  5.416809e+00 -1.925248e+01  2.500000e+00
   endloop
 endfacet
 facet normal  0.000000e+00  0.000000e+00  1.000000e+00
   outer loop
     vertex -1.532089e+01  1.285575e+01  2.500000e+00
     vertex -1.594265e+01  1.207609e+01  2.500000e+00
     vertex -1.652478e+01  1.126640e+01  2.500000e+00
   endloop
 endfacet
 facet normal  0.000000e+00  0.000000e+00  1.000000e+00
   outer loop
     vertex -1.532089e+01  1.285575e+01  2.500000e+00
     vertex -1.652478e+01  1.126640e+01  2.500000e+00
     vertex -1.706582e+01  1.042870e+01  2.500000e+00
   endloop
 endfacet
 facet normal  0.000000e+00  0.000000e+00  1.000000e+00
   outer loop
     vertex -1.466104e+01  1.360345e+01  2.500000e+00
     vertex -1.532089e+01  1.285575e+01  2.500000e+00
     vertex -1.706582e+01  1.042870e+01  2.500000e+00
   endloop
 endfacet
 facet normal  0.000000e+00  0.000000e+00  1.000000e+00
   outer loop
     vertex  1.396474e+01 -1.431734e+01  2.500000e+00
     vertex  1.246980e+01 -1.563663e+01  2.500000e+00
     vertex  1.323372e+01 -1.499562e+01  2.500000e+00
   endloop
 endfacet
 facet normal  0.000000e+00  0.000000e+00  1.000000e+00
   outer loop
     vertex -1.246980e+01  1.563663e+01  2.500000e+00
     vertex -1.323372e+01  1.499562e+01  2.500000e+00
     vertex -1.396474e+01  1.431734e+01  2.500000e+00
   endloop
 endfacet
 facet normal  0.000000e+00  0.000000e+00  1.000000e+00
   outer loop
     vertex -1.246980e+01  1.563663e+01  2.500000e+00
     vertex -1.396474e+01  1.431734e+01  2.500000e+00
     vertex -1.466104e+01  1.360345e+01  2.500000e+00
   endloop
 endfacet
 facet normal  0.000000e+00  0.000000e+00  1.000000e+00
   outer loop
     vertex  1.594265e+01 -1.207609e+01  2.500000e+00
     vertex  1.466104e+01 -1.360345e+01  2.500000e+00
     vertex  1.532089e+01 -1.285575e+01  2.500000e+00
   endloop
 endfacet
 facet normal  0.000000e+00  0.000000e+00  1.000000e+00
   outer loop
     vertex  1.652478e+01 -1.126640e+01  2.500000e+00
     vertex  1.466104e+01 -1.360345e+01  2.500000e+00
     vertex  1.594265e+01 -1.207609e+01  2.500000e+00
   endloop
 endfacet
 facet normal  0.000000e+00  0.000000e+00  1.000000e+00
   outer loop
     vertex  1.706582e+01 -1.042870e+01  2.500000e+00
     vertex  1.466104e+01 -1.360345e+01  2.500000e+00
     vertex  1.652478e+01 -1.126640e+01  2.500000e+00
   endloop
 endfacet
 facet normal  0.000000e+00  0.000000e+00  1.000000e+00
   outer loop
     vertex -9.124213e+00  1.779744e+01  2.500000e+00
     vertex -1.000000e+01  1.732051e+01  2.500000e+00
     vertex -1.085093e+01  1.680052e+01  2.500000e+00
   endloop
 endfacet
 facet normal  0.000000e+00  0.000000e+00  1.000000e+00
   outer loop
     vertex -9.124213e+00  1.779744e+01  2.500000e+00
     vertex -1.085093e+01  1.680052e+01  2.500000e+00
     vertex -1.167487e+01  1.623876e+01  2.500000e+00
   endloop
 endfacet
 facet normal  0.000000e+00  0.000000e+00  1.000000e+00
   outer loop
     vertex -9.124213e+00  1.779744e+01  2.500000e+00
     vertex -1.167487e+01  1.623876e+01  2.500000e+00
     vertex -1.246980e+01  1.563663e+01  2.500000e+00
   endloop
 endfacet
 facet normal  0.000000e+00  0.000000e+00  1.000000e+00
   outer loop
     vertex -9.124213e+00  1.779744e+01  2.500000e+00
     vertex -1.246980e+01  1.563663e+01  2.500000e+00
     vertex -1.466104e+01  1.360345e+01  2.500000e+00
   endloop
 endfacet
 facet normal  0.000000e+00  0.000000e+00  1.000000e+00
   outer loop
     vertex  1.801938e+01 -8.677675e+00  2.500000e+00
     vertex  1.396474e+01 -1.431734e+01  2.500000e+00
     vertex  1.466104e+01 -1.360345e+01  2.500000e+00
   endloop
 endfacet
 facet normal  0.000000e+00  0.000000e+00  1.000000e+00
   outer loop
     vertex  1.801938e+01 -8.677675e+00  2.500000e+00
     vertex  1.706582e+01 -1.042870e+01  2.500000e+00
     vertex  1.756443e+01 -9.565080e+00  2.500000e+00
   endloop
 endfacet
 facet normal  0.000000e+00  0.000000e+00  1.000000e+00
   outer loop
     vertex  1.801938e+01 -8.677675e+00  2.500000e+00
     vertex  1.246980e+01 -1.563663e+01  2.500000e+00
     vertex  1.396474e+01 -1.431734e+01  2.500000e+00
   endloop
 endfacet
 facet normal  0.000000e+00  0.000000e+00  1.000000e+00
   outer loop
     vertex  1.801938e+01 -8.677675e+00  2.500000e+00
     vertex  1.466104e+01 -1.360345e+01  2.500000e+00
     vertex  1.706582e+01 -1.042870e+01  2.500000e+00
   endloop
 endfacet
 facet normal  0.000000e+00  0.000000e+00  1.000000e+00
   outer loop
     vertex  1.842952e+01 -7.768696e+00  2.500000e+00
     vertex  1.167487e+01 -1.623876e+01  2.500000e+00
     vertex  1.246980e+01 -1.563663e+01  2.500000e+00
   endloop
 endfacet
 facet normal  0.000000e+00  0.000000e+00  1.000000e+00
   outer loop
     vertex  1.842952e+01 -7.768696e+00  2.500000e+00
     vertex  4.450419e+00 -1.949856e+01  2.500000e+00
     vertex  1.167487e+01 -1.623876e+01  2.500000e+00
   endloop
 endfacet
 facet normal  0.000000e+00  0.000000e+00  1.000000e+00
   outer loop
     vertex  1.842952e+01 -7.768696e+00  2.500000e+00
     vertex  1.246980e+01 -1.563663e+01  2.500000e+00
     vertex  1.801938e+01 -8.677675e+00  2.500000e+00
   endloop
 endfacet
 facet normal  0.000000e+00  0.000000e+00  1.000000e+00
   outer loop
     vertex -7.306820e+00  1.861747e+01  2.500000e+00
     vertex -8.225742e+00  1.823012e+01  2.500000e+00
     vertex -9.124213e+00  1.779744e+01  2.500000e+00
   endloop
 endfacet
 facet normal  0.000000e+00  0.000000e+00  1.000000e+00
   outer loop
     vertex  1.911146e+01 -5.895103e+00  2.500000e+00
     vertex  1.842952e+01 -7.768696e+00  2.500000e+00
     vertex  1.879385e+01 -6.840403e+00  2.500000e+00
   endloop
 endfacet
 facet normal  0.000000e+00  0.000000e+00  1.000000e+00
   outer loop
     vertex -5.416809e+00  1.925248e+01  2.500000e+00
     vertex -6.369733e+00  1.895855e+01  2.500000e+00
     vertex -7.306820e+00  1.861747e+01  2.500000e+00
   endloop
 endfacet
 facet normal  0.000000e+00  0.000000e+00  1.000000e+00
   outer loop
     vertex -5.416809e+00  1.925248e+01  2.500000e+00
     vertex -7.306820e+00  1.861747e+01  2.500000e+00
     vertex -9.124213e+00  1.779744e+01  2.500000e+00
   endloop
 endfacet
 facet normal  0.000000e+00  0.000000e+00  1.000000e+00
   outer loop
     vertex -4.450419e+00  1.949856e+01  2.500000e+00
     vertex -5.416809e+00  1.925248e+01  2.500000e+00
     vertex -9.124213e+00  1.779744e+01  2.500000e+00
   endloop
 endfacet
 facet normal  0.000000e+00  0.000000e+00  1.000000e+00
   outer loop
     vertex -4.986138e-01  1.999378e+01  2.500000e+00
     vertex -1.494602e+00  1.994408e+01  2.500000e+00
     vertex -2.486874e+00  1.984478e+01  2.500000e+00
   endloop
 endfacet
 facet normal  0.000000e+00  0.000000e+00  1.000000e+00
   outer loop
     vertex -4.986138e-01  1.999378e+01  2.500000e+00
     vertex -2.486874e+00  1.984478e+01  2.500000e+00
     vertex -3.472964e+00  1.969616e+01  2.500000e+00
   endloop
 endfacet
 facet normal  0.000000e+00  0.000000e+00  1.000000e+00
   outer loop
     vertex -4.986138e-01  1.999378e+01  2.500000e+00
     vertex -3.472964e+00  1.969616e+01  2.500000e+00
     vertex -4.450419e+00  1.949856e+01  2.500000e+00
   endloop
 endfacet
 facet normal  0.000000e+00  0.000000e+00  1.000000e+00
   outer loop
     vertex -4.986138e-01  1.999378e+01  2.500000e+00
     vertex -4.450419e+00  1.949856e+01  2.500000e+00
     vertex -9.124213e+00  1.779744e+01  2.500000e+00
   endloop
 endfacet
 facet normal  0.000000e+00  0.000000e+00  1.000000e+00
   outer loop
     vertex -4.986138e-01  1.999378e+01  2.500000e+00
     vertex -9.124213e+00  1.779744e+01  2.500000e+00
     vertex -1.466104e+01  1.360345e+01  2.500000e+00
   endloop
 endfacet
 facet normal  0.000000e+00  0.000000e+00  1.000000e+00
   outer loop
     vertex  2.000000e+01 -4.898587e-15  2.500000e+00
     vertex  1.960345e+01 -3.962923e+00  2.500000e+00
     vertex  1.977662e+01 -2.980845e+00  2.500000e+00
   endloop
 endfacet
 facet normal  0.000000e+00  0.000000e+00  1.000000e+00
   outer loop
     vertex  2.000000e+01 -4.898587e-15  2.500000e+00
     vertex  1.977662e+01 -2.980845e+00  2.500000e+00
     vertex  1.990062e+01 -1.991357e+00  2.500000e+00
   endloop
 endfacet
 facet normal  0.000000e+00  0.000000e+00  1.000000e+00
   outer loop
     vertex  2.000000e+01 -4.898587e-15  2.500000e+00
     vertex  1.990062e+01 -1.991357e+00  2.500000e+00
     vertex  1.997514e+01 -9.969177e-01  2.500000e+00
   endloop
 endfacet
 facet normal  0.000000e+00  0.000000e+00  1.000000e+00
   outer loop
     vertex  4.986138e-01  1.999378e+01  2.500000e+00
     vertex -4.986138e-01  1.999378e+01  2.500000e+00
     vertex -1.466104e+01  1.360345e+01  2.500000e+00
   endloop
 endfacet
 facet normal  0.000000e+00  0.000000e+00  1.000000e+00
   outer loop
     vertex  1.997514e+01  9.969177e-01  2.500000e+00
     vertex  1.960345e+01 -3.962923e+00  2.500000e+00
     vertex  2.000000e+01 -4.898587e-15  2.500000e+00
   endloop
 endfacet
 facet normal  0.000000e+00  0.000000e+00  1.000000e+00
   outer loop
     vertex  1.997514e+01  9.969177e-01  2.500000e+00
     vertex  1.911146e+01 -5.895103e+00  2.500000e+00
     vertex  1.938155e+01 -4.935148e+00  2.500000e+00
   endloop
 endfacet
 facet normal  0.000000e+00  0.000000e+00  1.000000e+00
   outer loop
     vertex  1.997514e+01  9.969177e-01  2.500000e+00
     vertex  1.938155e+01 -4.935148e+00  2.500000e+00
     vertex  1.960345e+01 -3.962923e+00  2.500000e+00
   endloop
 endfacet
 facet normal  0.000000e+00  0.000000e+00  1.000000e+00
   outer loop
     vertex  1.997514e+01  9.969177e-01  2.500000e+00
     vertex  4.450419e+00 -1.949856e+01  2.500000e+00
     vertex  1.842952e+01 -7.768696e+00  2.500000e+00
   endloop
 endfacet
 facet normal  0.000000e+00  0.000000e+00  1.000000e+00
   outer loop
     vertex  1.997514e+01  9.969177e-01  2.500000e+00
     vertex  1.842952e+01 -7.768696e+00  2.500000e+00
     vertex  1.911146e+01 -5.895103e+00  2.500000e+00
   endloop
 endfacet
 facet normal  0.000000e+00  0.000000e+00  1.000000e+00
   outer loop
     vertex  3.472964e+00  1.969616e+01  2.500000e+00
     vertex  2.486874e+00  1.984478e+01  2.500000e+00
     vertex  1.494602e+00  1.994408e+01  2.500000e+00
   endloop
 endfacet
 facet normal  0.000000e+00  0.000000e+00  1.000000e+00
   outer loop
     vertex  3.472964e+00  1.969616e+01  2.500000e+00
     vertex  1.494602e+00  1.994408e+01  2.500000e+00
     vertex  4.986138e-01  1.999378e+01  2.500000e+00
   endloop
 endfacet
 facet normal  0.000000e+00  0.000000e+00  1.000000e+00
   outer loop
     vertex  1.960345e+01  3.962923e+00  2.500000e+00
     vertex  1.997514e+01  9.969177e-01  2.500000e+00
     vertex  1.990062e+01  1.991357e+00  2.500000e+00
   endloop
 endfacet
 facet normal  0.000000e+00  0.000000e+00  1.000000e+00
   outer loop
     vertex  1.960345e+01  3.962923e+00  2.500000e+00
     vertex  1.990062e+01  1.991357e+00  2.500000e+00
     vertex  1.977662e+01  2.980845e+00  2.500000e+00
   endloop
 endfacet
 facet normal  0.000000e+00  0.000000e+00  1.000000e+00
   outer loop
     vertex  1.938155e+01  4.935148e+00  2.500000e+00
     vertex -4.986138e-01 -1.999378e+01  2.500000e+00
     vertex  4.450419e+00 -1.949856e+01  2.500000e+00
   endloop
 endfacet
 facet normal  0.000000e+00  0.000000e+00  1.000000e+00
   outer loop
     vertex  1.938155e+01  4.935148e+00  2.500000e+00
     vertex  1.997514e+01  9.969177e-01  2.500000e+00
     vertex  1.960345e+01  3.962923e+00  2.500000e+00
   endloop
 endfacet
 facet normal  0.000000e+00  0.000000e+00  1.000000e+00
   outer loop
     vertex  1.938155e+01  4.935148e+00  2.500000e+00
     vertex  4.450419e+00 -1.949856e+01  2.500000e+00
     vertex  1.997514e+01  9.969177e-01  2.500000e+00
   endloop
 endfacet
 facet normal  0.000000e+00  0.000000e+00  1.000000e+00
   outer loop
     vertex  6.369733e+00  1.895855e+01  2.500000e+00
     vertex  4.986138e-01  1.999378e+01  2.500000e+00
     vertex -1.466104e+01  1.360345e+01  2.500000e+00
   endloop
 endfacet
 facet normal  0.000000e+00  0.000000e+00  1.000000e+00
   outer loop
     vertex  6.369733e+00  1.895855e+01  2.500000e+00
     vertex  3.472964e+00  1.969616e+01  2.500000e+00
     vertex  4.986138e-01  1.999378e+01  2.500000e+00
   endloop
 endfacet
 facet normal  0.000000e+00  0.000000e+00  1.000000e+00
   outer loop
     vertex  6.369733e+00  1.895855e+01  2.500000e+00
     vertex  5.416809e+00  1.925248e+01  2.500000e+00
     vertex  4.450419e+00  1.949856e+01  2.500000e+00
   endloop
 endfacet
 facet normal  0.000000e+00  0.000000e+00  1.000000e+00
   outer loop
     vertex  6.369733e+00  1.895855e+01  2.500000e+00
     vertex  4.450419e+00  1.949856e+01  2.500000e+00
     vertex  3.472964e+00  1.969616e+01  2.500000e+00
   endloop
 endfacet
 facet normal  0.000000e+00  0.000000e+00  1.000000e+00
   outer loop
     vertex  6.369733e+00  1.895855e+01  2.500000e+00
     vertex -1.466104e+01  1.360345e+01  2.500000e+00
     vertex -1.706582e+01  1.042870e+01  2.500000e+00
   endloop
 endfacet
 facet normal  0.000000e+00  0.000000e+00  1.000000e+00
   outer loop
     vertex  1.879385e+01  6.840403e+00  2.500000e+00
     vertex -1.706582e+01  1.042870e+01  2.500000e+00
     vertex -1.911146e+01  5.895103e+00  2.500000e+00
   endloop
 endfacet
 facet normal  0.000000e+00  0.000000e+00  1.000000e+00
   outer loop
     vertex  1.879385e+01  6.840403e+00  2.500000e+00
     vertex  1.938155e+01  4.935148e+00  2.500000e+00
     vertex  1.911146e+01  5.895103e+00  2.500000e+00
   endloop
 endfacet
 facet normal  0.000000e+00  0.000000e+00  1.000000e+00
   outer loop
     vertex  1.879385e+01  6.840403e+00  2.500000e+00
     vertex -1.911146e+01  5.895103e+00  2.500000e+00
     vertex -1.977662e+01  2.980845e+00  2.500000e+00
   endloop
 endfacet
 facet normal  0.000000e+00  0.000000e+00  1.000000e+00
   outer loop
     vertex  1.879385e+01  6.840403e+00  2.500000e+00
     vertex -4.986138e-01 -1.999378e+01  2.500000e+00
     vertex  1.938155e+01  4.935148e+00  2.500000e+00
   endloop
 endfacet
 facet normal  0.000000e+00  0.000000e+00  1.000000e+00
   outer loop
     vertex  1.879385e+01  6.840403e+00  2.500000e+00
     vertex  6.369733e+00  1.895855e+01  2.500000e+00
     vertex -1.706582e+01  1.042870e+01  2.500000e+00
   endloop
 endfacet
 facet normal  0.000000e+00  0.000000e+00  1.000000e+00
   outer loop
     vertex  1.879385e+01  6.840403e+00  2.500000e+00
     vertex -1.938155e+01 -4.935148e+00  2.500000e+00
     vertex -3.472964e+00 -1.969616e+01  2.500000e+00
   endloop
 endfacet
 facet normal  0.000000e+00  0.000000e+00  1.000000e+00
   outer loop
     vertex  1.879385e+01  6.840403e+00  2.500000e+00
     vertex -1.997514e+01 -9.969177e-01  2.500000e+00
     vertex -1.938155e+01 -4.935148e+00  2.500000e+00
   endloop
 endfacet
 facet normal  0.000000e+00  0.000000e+00  1.000000e+00
   outer loop
     vertex  1.879385e+01  6.840403e+00  2.500000e+00
     vertex -3.472964e+00 -1.969616e+01  2.500000e+00
     vertex -4.986138e-01 -1.999378e+01  2.500000e+00
   endloop
 endfacet
 facet normal  0.000000e+00  0.000000e+00  1.000000e+00
   outer loop
     vertex  1.879385e+01  6.840403e+00  2.500000e+00
     vertex -1.977662e+01  2.980845e+00  2.500000e+00
     vertex -1.997514e+01 -9.969177e-01  2.500000e+00
   endloop
 endfacet
 facet normal  0.000000e+00  0.000000e+00  1.000000e+00
   outer loop
     vertex  8.225742e+00  1.823012e+01  2.500000e+00
     vertex  7.306820e+00  1.861747e+01  2.500000e+00
     vertex  6.369733e+00  1.895855e+01  2.500000e+00
   endloop
 endfacet
 facet normal  0.000000e+00  0.000000e+00  1.000000e+00
   outer loop
     vertex  1.801938e+01  8.677675e+00  2.500000e+00
     vertex  1.879385e+01  6.840403e+00  2.500000e+00
     vertex  1.842952e+01  7.768696e+00  2.500000e+00
   endloop
 endfacet
 facet normal  0.000000e+00  0.000000e+00  1.000000e+00
   outer loop
     vertex  9.124213e+00  1.779744e+01  2.500000e+00
     vertex  8.225742e+00  1.823012e+01  2.500000e+00
     vertex  6.369733e+00  1.895855e+01  2.500000e+00
   endloop
 endfacet
 facet normal  0.000000e+00  0.000000e+00  1.000000e+00
   outer loop
     vertex  1.000000e+01  1.732051e+01  2.500000e+00
     vertex  9.124213e+00  1.779744e+01  2.500000e+00
     vertex  6.369733e+00  1.895855e+01  2.500000e+00
   endloop
 endfacet
 facet normal  0.000000e+00  0.000000e+00  1.000000e+00
   outer loop
     vertex  1.167487e+01  1.623876e+01  2.500000e+00
     vertex  6.369733e+00  1.895855e+01  2.500000e+00
     vertex  1.879385e+01  6.840403e+00  2.500000e+00
   endloop
 endfacet
 facet normal  0.000000e+00  0.000000e+00  1.000000e+00
   outer loop
     vertex  1.167487e+01  1.623876e+01  2.500000e+00
     vertex  1.801938e+01  8.677675e+00  2.500000e+00
     vertex  1.756443e+01  9.565080e+00  2.500000e+00
   endloop
 endfacet
 facet normal  0.000000e+00  0.000000e+00  1.000000e+00
   outer loop
     vertex  1.167487e+01  1.623876e+01  2.500000e+00
     vertex  1.085093e+01  1.680052e+01  2.500000e+00
     vertex  1.000000e+01  1.732051e+01  2.500000e+00
   endloop
 endfacet
 facet normal  0.000000e+00  0.000000e+00  1.000000e+00
   outer loop
     vertex  1.167487e+01  1.623876e+01  2.500000e+00
     vertex  1.879385e+01  6.840403e+00  2.500000e+00
     vertex  1.801938e+01  8.677675e+00  2.500000e+00
   endloop
 endfacet
 facet normal  0.000000e+00  0.000000e+00  1.000000e+00
   outer loop
     vertex  1.167487e+01  1.623876e+01  2.500000e+00
     vertex  1.000000e+01  1.732051e+01  2.500000e+00
     vertex  6.369733e+00  1.895855e+01  2.500000e+00
   endloop
 endfacet
 facet normal  0.000000e+00  0.000000e+00  1.000000e+00
   outer loop
     vertex  1.594265e+01  1.207609e+01  2.500000e+00
     vertex  1.756443e+01  9.565080e+00  2.500000e+00
     vertex  1.706582e+01  1.042870e+01  2.500000e+00
   endloop
 endfacet
 facet normal  0.000000e+00  0.000000e+00  1.000000e+00
   outer loop
     vertex  1.594265e+01  1.207609e+01  2.500000e+00
     vertex  1.706582e+01  1.042870e+01  2.500000e+00
     vertex  1.652478e+01  1.126640e+01  2.500000e+00
   endloop
 endfacet
 facet normal  0.000000e+00  0.000000e+00  1.000000e+00
   outer loop
     vertex  1.594265e+01  1.207609e+01  2.500000e+00
     vertex  1.167487e+01  1.623876e+01  2.500000e+00
     vertex  1.756443e+01  9.565080e+00  2.500000e+00
   endloop
 endfacet
 facet normal  0.000000e+00  0.000000e+00  1.000000e+00
   outer loop
     vertex  1.323372e+01  1.499562e+01  2.500000e+00
     vertex  1.246980e+01  1.563663e+01  2.500000e+00
     vertex  1.167487e+01  1.623876e+01  2.500000e+00
   endloop
 endfacet
 facet normal  0.000000e+00  0.000000e+00  1.000000e+00
   outer loop
     vertex  1.396474e+01  1.431734e+01  2.500000e+00
     vertex  1.594265e+01  1.207609e+01  2.500000e+00
     vertex  1.532089e+01  1.285575e+01  2.500000e+00
   endloop
 endfacet
 facet normal  0.000000e+00  0.000000e+00  1.000000e+00
   outer loop
     vertex  1.396474e+01  1.431734e+01  2.500000e+00
     vertex  1.532089e+01  1.285575e+01  2.500000e+00
     vertex  1.466104e+01  1.360345e+01  2.500000e+00
   endloop
 endfacet
 facet normal  0.000000e+00  0.000000e+00  1.000000e+00
   outer loop
     vertex  1.396474e+01  1.431734e+01  2.500000e+00
     vertex  1.167487e+01  1.623876e+01  2.500000e+00
     vertex  1.594265e+01  1.207609e+01  2.500000e+00
   endloop
 endfacet
 facet normal  0.000000e+00  0.000000e+00  1.000000e+00
   outer loop
     vertex  1.396474e+01  1.431734e+01  2.500000e+00
     vertex  1.323372e+01  1.499562e+01  2.500000e+00
     vertex  1.167487e+01  1.623876e+01  2.500000e+00
   endloop
 endfacet
 facet normal  0.000000e+00  0.000000e+00 -1.000000e+00
   outer loop
     vertex -1.532089e+01 -1.285575e+01 -2.500000e+00
     vertex -1.396474e+01 -1.431734e+01 -2.500000e+00
     vertex -1.466104e+01 -1.360345e+01 -2.500000e+00
   endloop
 endfacet
 facet normal  0.000000e+00  0.000000e+00 -1.000000e+00
   outer loop
     vertex -1.246980e+01 -1.563663e+01 -2.500000e+00
     vertex -1.323372e+01 -1.499562e+01 -2.500000e+00
     vertex -1.396474e+01 -1.431734e+01 -2.500000e+00
   endloop
 endfacet
 facet normal  0.000000e+00  0.000000e+00 -1.000000e+00
   outer loop
     vertex -1.594265e+01 -1.207609e+01 -2.500000e+00
     vertex -1.396474e+01 -1.431734e+01 -2.500000e+00
     vertex -1.532089e+01 -1.285575e+01 -2.500000e+00
   endloop
 endfacet
 facet normal  0.000000e+00  0.000000e+00 -1.000000e+00
   outer loop
     vertex -1.085093e+01 -1.680052e+01 -2.500000e+00
     vertex -1.167487e+01 -1.623876e+01 -2.500000e+00
     vertex -1.246980e+01 -1.563663e+01 -2.500000e+00
   endloop
 endfacet
 facet normal  0.000000e+00  0.000000e+00 -1.000000e+00
   outer loop
     vertex -1.706582e+01 -1.042870e+01 -2.500000e+00
     vertex -1.246980e+01 -1.563663e+01 -2.500000e+00
     vertex -1.396474e+01 -1.431734e+01 -2.500000e+00
   endloop
 endfacet
 facet normal  0.000000e+00  0.000000e+00 -1.000000e+00
   outer loop
     vertex -1.706582e+01 -1.042870e+01 -2.500000e+00
     vertex -1.396474e+01 -1.431734e+01 -2.500000e+00
     vertex -1.594265e+01 -1.207609e+01 -2.500000e+00
   endloop
 endfacet
 facet normal  0.000000e+00  0.000000e+00 -1.000000e+00
   outer loop
     vertex -1.706582e+01 -1.042870e+01 -2.500000e+00
     vertex -1.594265e+01 -1.207609e+01 -2.500000e+00
     vertex -1.652478e+01 -1.126640e+01 -2.500000e+00
   endloop
 endfacet
 facet normal  0.000000e+00  0.000000e+00 -1.000000e+00
   outer loop
     vertex -9.124213e+00 -1.779744e+01 -2.500000e+00
     vertex -1.000000e+01 -1.732051e+01 -2.500000e+00
     vertex -1.085093e+01 -1.680052e+01 -2.500000e+00
   endloop
 endfacet
 facet normal  0.000000e+00  0.000000e+00 -1.000000e+00
   outer loop
     vertex -1.801938e+01 -8.677675e+00 -2.500000e+00
     vertex -1.706582e+01 -1.042870e+01 -2.500000e+00
     vertex -1.756443e+01 -9.565080e+00 -2.500000e+00
   endloop
 endfacet
 facet normal  0.000000e+00  0.000000e+00 -1.000000e+00
   outer loop
     vertex -1.842952e+01 -7.768696e+00 -2.500000e+00
     vertex -1.706582e+01 -1.042870e+01 -2.500000e+00
     vertex -1.801938e+01 -8.677675e+00 -2.500000e+00
   endloop
 endfacet
 facet normal  0.000000e+00  0.000000e+00 -1.000000e+00
   outer loop
     vertex -6.369733e+00 -1.895855e+01 -2.500000e+00
     vertex -8.225742e+00 -1.823012e+01 -2.500000e+00
     vertex -9.124213e+00 -1.779744e+01 -2.500000e+00
   endloop
 endfacet
 facet normal  0.000000e+00  0.000000e+00 -1.000000e+00
   outer loop
     vertex -6.369733e+00 -1.895855e+01 -2.500000e+00
     vertex -7.306820e+00 -1.861747e+01 -2.500000e+00
     vertex -8.225742e+00 -1.823012e+01 -2.500000e+00
   endloop
 endfacet
 facet normal  0.000000e+00  0.000000e+00 -1.000000e+00
   outer loop
     vertex -1.938155e+01 -4.935148e+00 -2.500000e+00
     vertex -1.879385e+01 -6.840403e+00 -2.500000e+00
     vertex -1.911146e+01 -5.895103e+00 -2.500000e+00
   endloop
 endfacet
 facet normal  0.000000e+00  0.000000e+00 -1.000000e+00
   outer loop
     vertex -1.938155e+01 -4.935148e+00 -2.500000e+00
     vertex -1.842952e+01 -7.768696e+00 -2.500000e+00
     vertex -1.879385e+01 -6.840403e+00 -2.500000e+00
   endloop
 endfacet
 facet normal  0.000000e+00  0.000000e+00 -1.000000e+00
   outer loop
     vertex -4.450419e+00 -1.949856e+01 -2.500000e+00
     vertex -1.246980e+01 -1.563663e+01 -2.500000e+00
     vertex -1.706582e+01 -1.042870e+01 -2.500000e+00
   endloop
 endfacet
 facet normal  0.000000e+00  0.000000e+00 -1.000000e+00
   outer loop
     vertex -4.450419e+00 -1.949856e+01 -2.500000e+00
     vertex -1.085093e+01 -1.680052e+01 -2.500000e+00
     vertex -1.246980e+01 -1.563663e+01 -2.500000e+00
   endloop
 endfacet
 facet normal  0.000000e+00  0.000000e+00 -1.000000e+00
   outer loop
     vertex -4.450419e+00 -1.949856e+01 -2.500000e+00
     vertex -6.369733e+00 -1.895855e+01 -2.500000e+00
     vertex -9.124213e+00 -1.779744e+01 -2.500000e+00
   endloop
 endfacet
 facet normal  0.000000e+00  0.000000e+00 -1.000000e+00
   outer loop
     vertex -4.450419e+00 -1.949856e+01 -2.500000e+00
     vertex -9.124213e+00 -1.779744e+01 -2.500000e+00
     vertex -1.085093e+01 -1.680052e+01 -2.500000e+00
   endloop
 endfacet
 facet normal  0.000000e+00  0.000000e+00 -1.000000e+00
   outer loop
     vertex -4.450419e+00 -1.949856e+01 -2.500000e+00
     vertex -1.706582e+01 -1.042870e+01 -2.500000e+00
     vertex -1.842952e+01 -7.768696e+00 -2.500000e+00
   endloop
 endfacet
 facet normal  0.000000e+00  0.000000e+00 -1.000000e+00
   outer loop
     vertex -4.450419e+00 -1.949856e+01 -2.500000e+00
     vertex -5.416809e+00 -1.925248e+01 -2.500000e+00
     vertex -6.369733e+00 -1.895855e+01 -2.500000e+00
   endloop
 endfacet
 facet normal  0.000000e+00  0.000000e+00 -1.000000e+00
   outer loop
     vertex -3.472964e+00 -1.969616e+01 -2.500000e+00
     vertex -1.842952e+01 -7.768696e+00 -2.500000e+00
     vertex -1.938155e+01 -4.935148e+00 -2.500000e+00
   endloop
 endfacet
 facet normal  0.000000e+00  0.000000e+00 -1.000000e+00
   outer loop
     vertex -3.472964e+00 -1.969616e+01 -2.500000e+00
     vertex -4.450419e+00 -1.949856e+01 -2.500000e+00
     vertex -1.842952e+01 -7.768696e+00 -2.500000e+00
   endloop
 endfacet
 facet normal  0.000000e+00  0.000000e+00 -1.000000e+00
   outer loop
     vertex -1.977662e+01 -2.980845e+00 -2.500000e+00
     vertex -1.938155e+01 -4.935148e+00 -2.500000e+00
     vertex -1.960345e+01 -3.962923e+00 -2.500000e+00
   endloop
 endfacet
 facet normal  0.000000e+00  0.000000e+00 -1.000000e+00
   outer loop
     vertex -1.494602e+00 -1.994408e+01 -2.500000e+00
     vertex -2.486874e+00 -1.984478e+01 -2.500000e+00
     vertex -3.472964e+00 -1.969616e+01 -2.500000e+00
   endloop
 endfacet
 facet normal  0.000000e+00  0.000000e+00 -1.000000e+00
   outer loop
     vertex -1.997514e+01 -9.969177e-01 -2.500000e+00
     vertex -1.977662e+01 -2.980845e+00 -2.500000e+00
     vertex -1.990062e+01 -1.991357e+00 -2.500000e+00
   endloop
 endfacet
 facet normal  0.000000e+00  0.000000e+00 -1.000000e+00
   outer loop
     vertex -1.997514e+01 -9.969177e-01 -2.500000e+00
     vertex -1.938155e+01 -4.935148e+00 -2.500000e+00
     vertex -1.977662e+01 -2.980845e+00 -2.500000e+00
   endloop
 endfacet
 facet normal  0.000000e+00  0.000000e+00 -1.000000e+00
   outer loop
     vertex -4.986138e-01 -1.999378e+01 -2.500000e+00
     vertex -1.494602e+00 -1.994408e+01 -2.500000e+00
     vertex -3.472964e+00 -1.969616e+01 -2.500000e+00
   endloop
 endfacet
 facet normal  0.000000e+00 -0.000000e+00 -1.000000e+00
   outer loop
     vertex -1.997514e+01  9.969177e-01 -2.500000e+00
     vertex -1.997514e+01 -9.969177e-01 -2.500000e+00
     vertex -2.000000e+01 -6.860498e-14 -2.500000e+00
   endloop
 endfacet
 facet normal  0.000000e+00  0.000000e+00 -1.000000e+00
   outer loop
     vertex  1.494602e+00 -1.994408e+01 -2.500000e+00
     vertex  4.986138e-01 -1.999378e+01 -2.500000e+00
     vertex -4.986138e-01 -1.999378e+01 -2.500000e+00
   endloop
 endfacet
 facet normal  0.000000e+00  0.000000e+00 -1.000000e+00
   outer loop
     vertex -1.977662e+01  2.980845e+00 -2.500000e+00
     vertex -1.997514e+01  9.969177e-01 -2.500000e+00
     vertex -1.990062e+01  1.991357e+00 -2.500000e+00
   endloop
 endfacet
 facet normal  0.000000e+00  0.000000e+00 -1.000000e+00
   outer loop
     vertex -1.977662e+01  2.980845e+00 -2.500000e+00
     vertex -1.997514e+01 -9.969177e-01 -2.500000e+00
     vertex -1.997514e+01  9.969177e-01 -2.500000e+00
   endloop
 endfacet
 facet normal  0.000000e+00  0.000000e+00 -1.000000e+00
   outer loop
     vertex  3.472964e+00 -1.969616e+01 -2.500000e+00
     vertex  2.486874e+00 -1.984478e+01 -2.500000e+00
     vertex  1.494602e+00 -1.994408e+01 -2.500000e+00
   endloop
 endfacet
 facet normal  0.000000e+00  0.000000e+00 -1.000000e+00
   outer loop
     vertex  3.472964e+00 -1.969616e+01 -2.500000e+00
     vertex  1.494602e+00 -1.994408e+01 -2.500000e+00
     vertex -4.986138e-01 -1.999378e+01 -2.500000e+00
   endloop
 endfacet
 facet normal  0.000000e+00  0.000000e+00 -1.000000e+00
   outer loop
     vertex  4.450419e+00 -1.949856e+01 -2.500000e+00
     vertex  3.472964e+00 -1.969616e+01 -2.500000e+00
     vertex -4.986138e-01 -1.999378e+01 -2.500000e+00
   endloop
 endfacet
 facet normal  0.000000e+00  0.000000e+00 -1.000000e+00
   outer loop
     vertex -1.938155e+01  4.935148e+00 -2.500000e+00
     vertex -1.977662e+01  2.980845e+00 -2.500000e+00
     vertex -1.960345e+01  3.962923e+00 -2.500000e+00
   endloop
 endfacet
 facet normal  0.000000e+00  0.000000e+00 -1.000000e+00
   outer loop
     vertex -1.911146e+01  5.895103e+00 -2.500000e+00
     vertex -1.977662e+01  2.980845e+00 -2.500000e+00
     vertex -1.938155e+01  4.935148e+00 -2.500000e+00
   endloop
 endfacet
 facet normal  0.000000e+00  0.000000e+00 -1.000000e+00
   outer loop
     vertex  7.306820e+00 -1.861747e+01 -2.500000e+00
     vertex  6.369733e+00 -1.895855e+01 -2.500000e+00
     vertex  5.416809e+00 -1.925248e+01 -2.500000e+00
   endloop
 endfacet
 facet normal  0.000000e+00  0.000000e+00 -1.000000e+00
   outer loop
     vertex -1.842952e+01  7.768696e+00 -2.500000e+00
     vertex -1.911146e+01  5.895103e+00 -2.500000e+00
     vertex -1.879385e+01  6.840403e+00 -2.500000e+00
   endloop
 endfacet
 facet normal  0.000000e+00  0.000000e+00 -1.000000e+00
   outer loop
     vertex  8.225742e+00 -1.823012e+01 -2.500000e+00
     vertex  7.306820e+00 -1.861747e+01 -2.500000e+00
     vertex  5.416809e+00 -1.925248e+01 -2.500000e+00
   endloop
 endfacet
 facet normal  0.000000e+00  0.000000e+00 -1.000000e+00
   outer loop
     vertex -1.801938e+01  8.677675e+00 -2.500000e+00
     vertex -1.911146e+01  5.895103e+00 -2.500000e+00
     vertex -1.842952e+01  7.768696e+00 -2.500000e+00
   endloop
 endfacet
 facet normal  0.000000e+00  0.000000e+00 -1.000000e+00
   outer loop
     vertex  9.124213e+00 -1.779744e+01 -2.500000e+00
     vertex  8.225742e+00 -1.823012e+01 -2.500000e+00
     vertex  5.416809e+00 -1.925248e+01 -2.500000e+00
   endloop
 endfacet
 facet normal  0.000000e+00  0.000000e+00 -1.000000e+00
   outer loop
     vertex -1.706582e+01  1.042870e+01 -2.500000e+00
     vertex -1.911146e+01  5.895103e+00 -2.500000e+00
     vertex -1.801938e+01  8.677675e+00 -2.500000e+00
   endloop
 endfacet
 facet normal  0.000000e+00  0.000000e+00 -1.000000e+00
   outer loop
     vertex -1.706582e+01  1.042870e+01 -2.500000e+00
     vertex -1.801938e+01  8.677675e+00 -2.500000e+00
     vertex -1.756443e+01  9.565080e+00 -2.500000e+00
   endloop
 endfacet
 facet normal  0.000000e+00  0.000000e+00 -1.000000e+00
   outer loop
     vertex  1.085093e+01 -1.680052e+01 -2.500000e+00
     vertex  1.000000e+01 -1.732051e+01 -2.500000e+00
     vertex  9.124213e+00 -1.779744e+01 -2.500000e+00
   endloop
 endfacet
 facet normal  0.000000e+00  0.000000e+00 -1.000000e+00
   outer loop
     vertex  1.167487e+01 -1.623876e+01 -2.500000e+00
     vertex  9.124213e+00 -1.779744e+01 -2.500000e+00
     vertex  5.416809e+00 -1.925248e+01 -2.500000e+00
   endloop
 endfacet
 facet normal  0.000000e+00  0.000000e+00 -1.000000e+00
   outer loop
     vertex  1.167487e+01 -1.623876e+01 -2.500000e+00
     vertex  1.085093e+01 -1.680052e+01 -2.500000e+00
     vertex  9.124213e+00 -1.779744e+01 -2.500000e+00
   endloop
 endfacet
 facet normal  0.000000e+00  0.000000e+00 -1.000000e+00
   outer loop
     vertex  1.167487e+01 -1.623876e+01 -2.500000e+00
     vertex  5.416809e+00 -1.925248e+01 -2.500000e+00
     vertex  4.450419e+00 -1.949856e+01 -2.500000e+00
   endloop
 endfacet
 facet normal  0.000000e+00  0.000000e+00 -1.000000e+00
   outer loop
     vertex -1.532089e+01  1.285575e+01 -2.500000e+00
     vertex -1.652478e+01  1.126640e+01 -2.500000e+00
     vertex -1.594265e+01  1.207609e+01 -2.500000e+00
   endloop
 endfacet
 facet normal  0.000000e+00  0.000000e+00 -1.000000e+00
   outer loop
     vertex -1.532089e+01  1.285575e+01 -2.500000e+00
     vertex -1.706582e+01  1.042870e+01 -2.500000e+00
     vertex -1.652478e+01  1.126640e+01 -2.500000e+00
   endloop
 endfacet
 facet normal  0.000000e+00  0.000000e+00 -1.000000e+00
   outer loop
     vertex -1.466104e+01  1.360345e+01 -2.500000e+00
     vertex -1.706582e+01  1.042870e+01 -2.500000e+00
     vertex -1.532089e+01  1.285575e+01 -2.500000e+00
   endloop
 endfacet
 facet normal  0.000000e+00  0.000000e+00 -1.000000e+00
   outer loop
     vertex  1.396474e+01 -1.431734e+01 -2.500000e+00
     vertex  1.323372e+01 -1.499562e+01 -2.500000e+00
     vertex  1.246980e+01 -1.563663e+01 -2.500000e+00
   endloop
 endfacet
 facet normal  0.000000e+00  0.000000e+00 -1.000000e+00
   outer loop
     vertex -1.246980e+01  1.563663e+01 -2.500000e+00
     vertex -1.396474e+01  1.431734e+01 -2.500000e+00
     vertex -1.323372e+01  1.499562e+01 -2.500000e+00
   endloop
 endfacet
 facet normal  0.000000e+00  0.000000e+00 -1.000000e+00
   outer loop
     vertex -1.246980e+01  1.563663e+01 -2.500000e+00
     vertex -1.466104e+01  1.360345e+01 -2.500000e+00
     vertex -1.396474e+01  1.431734e+01 -2.500000e+00
   endloop
 endfacet
 facet normal  0.000000e+00  0.000000e+00 -1.000000e+00
   outer loop
     vertex  1.594265e+01 -1.207609e+01 -2.500000e+00
     vertex  1.532089e+01 -1.285575e+01 -2.500000e+00
     vertex  1.466104e+01 -1.360345e+01 -2.500000e+00
   endloop
 endfacet
 facet normal  0.000000e+00  0.000000e+00 -1.000000e+00
   outer loop
     vertex  1.652478e+01 -1.126640e+01 -2.500000e+00
     vertex  1.594265e+01 -1.207609e+01 -2.500000e+00
     vertex  1.466104e+01 -1.360345e+01 -2.500000e+00
   endloop
 endfacet
 facet normal  0.000000e+00  0.000000e+00 -1.000000e+00
   outer loop
     vertex  1.706582e+01 -1.042870e+01 -2.500000e+00
     vertex  1.652478e+01 -1.126640e+01 -2.500000e+00
     vertex  1.466104e+01 -1.360345e+01 -2.500000e+00
   endloop
 endfacet
 facet normal  0.000000e+00  0.000000e+00 -1.000000e+00
   outer loop
     vertex -9.124213e+00  1.779744e+01 -2.500000e+00
     vertex -1.085093e+01  1.680052e+01 -2.500000e+00
     vertex -1.000000e+01  1.732051e+01 -2.500000e+00
   endloop
 endfacet
 facet normal  0.000000e+00  0.000000e+00 -1.000000e+00
   outer loop
     vertex -9.124213e+00  1.779744e+01 -2.500000e+00
     vertex -1.167487e+01  1.623876e+01 -2.500000e+00
     vertex -1.085093e+01  1.680052e+01 -2.500000e+00
   endloop
 endfacet
 facet normal  0.000000e+00  0.000000e+00 -1.000000e+00
   outer loop
     vertex -9.124213e+00  1.779744e+01 -2.500000e+00
     vertex -1.246980e+01  1.563663e+01 -2.500000e+00
     vertex -1.167487e+01  1.623876e+01 -2.500000e+00
   endloop
 endfacet
 facet normal  0.000000e+00  0.000000e+00 -1.000000e+00
   outer loop
     vertex -9.124213e+00  1.779744e+01 -2.500000e+00
     vertex -1.466104e+01  1.360345e+01 -2.500000e+00
     vertex -1.246980e+01  1.563663e+01 -2.500000e+00
   endloop
 endfacet
 facet normal  0.000000e+00  0.000000e+00 -1.000000e+00
   outer loop
     vertex  1.801938e+01 -8.677675e+00 -2.500000e+00
     vertex  1.466104e+01 -1.360345e+01 -2.500000e+00
     vertex  1.396474e+01 -1.431734e+01 -2.500000e+00
   endloop
 endfacet
 facet normal  0.000000e+00  0.000000e+00 -1.000000e+00
   outer loop
     vertex  1.801938e+01 -8.677675e+00 -2.500000e+00
     vertex  1.756443e+01 -9.565080e+00 -2.500000e+00
     vertex  1.706582e+01 -1.042870e+01 -2.500000e+00
   endloop
 endfacet
 facet normal  0.000000e+00  0.000000e+00 -1.000000e+00
   outer loop
     vertex  1.801938e+01 -8.677675e+00 -2.500000e+00
     vertex  1.396474e+01 -1.431734e+01 -2.500000e+00
     vertex  1.246980e+01 -1.563663e+01 -2.500000e+00
   endloop
 endfacet
 facet normal  0.000000e+00  0.000000e+00 -1.000000e+00
   outer loop
     vertex  1.801938e+01 -8.677675e+00 -2.500000e+00
     vertex  1.706582e+01 -1.042870e+01 -2.500000e+00
     vertex  1.466104e+01 -1.360345e+01 -2.500000e+00
   endloop
 endfacet
 facet normal  0.000000e+00  0.000000e+00 -1.000000e+00
   outer loop
     vertex  1.842952e+01 -7.768696e+00 -2.500000e+00
     vertex  1.246980e+01 -1.563663e+01 -2.500000e+00
     vertex  1.167487e+01 -1.623876e+01 -2.500000e+00
   endloop
 endfacet
 facet normal  0.000000e+00  0.000000e+00 -1.000000e+00
   outer loop
     vertex  1.842952e+01 -7.768696e+00 -2.500000e+00
     vertex  1.167487e+01 -1.623876e+01 -2.500000e+00
     vertex  4.450419e+00 -1.949856e+01 -2.500000e+00
   endloop
 endfacet
 facet normal  0.000000e+00  0.000000e+00 -1.000000e+00
   outer loop
     vertex  1.842952e+01 -7.768696e+00 -2.500000e+00
     vertex  1.801938e+01 -8.677675e+00 -2.500000e+00
     vertex  1.246980e+01 -1.563663e+01 -2.500000e+00
   endloop
 endfacet
 facet normal  0.000000e+00  0.000000e+00 -1.000000e+00
   outer loop
     vertex -7.306820e+00  1.861747e+01 -2.500000e+00
     vertex -9.124213e+00  1.779744e+01 -2.500000e+00
     vertex -8.225742e+00  1.823012e+01 -2.500000e+00
   endloop
 endfacet
 facet normal  0.000000e+00  0.000000e+00 -1.000000e+00
   outer loop
     vertex  1.911146e+01 -5.895103e+00 -2.500000e+00
     vertex  1.879385e+01 -6.840403e+00 -2.500000e+00
     vertex  1.842952e+01 -7.768696e+00 -2.500000e+00
   endloop
 endfacet
 facet normal  0.000000e+00  0.000000e+00 -1.000000e+00
   outer loop
     vertex -5.416809e+00  1.925248e+01 -2.500000e+00
     vertex -7.306820e+00  1.861747e+01 -2.500000e+00
     vertex -6.369733e+00  1.895855e+01 -2.500000e+00
   endloop
 endfacet
 facet normal  0.000000e+00  0.000000e+00 -1.000000e+00
   outer loop
     vertex -5.416809e+00  1.925248e+01 -2.500000e+00
     vertex -9.124213e+00  1.779744e+01 -2.500000e+00
     vertex -7.306820e+00  1.861747e+01 -2.500000e+00
   endloop
 endfacet
 facet normal  0.000000e+00  0.000000e+00 -1.000000e+00
   outer loop
     vertex -4.450419e+00  1.949856e+01 -2.500000e+00
     vertex -9.124213e+00  1.779744e+01 -2.500000e+00
     vertex -5.416809e+00  1.925248e+01 -2.500000e+00
   endloop
 endfacet
 facet normal  0.000000e+00  0.000000e+00 -1.000000e+00
   outer loop
     vertex -4.986138e-01  1.999378e+01 -2.500000e+00
     vertex -2.486874e+00  1.984478e+01 -2.500000e+00
     vertex -1.494602e+00  1.994408e+01 -2.500000e+00
   endloop
 endfacet
 facet normal  0.000000e+00  0.000000e+00 -1.000000e+00
   outer loop
     vertex -4.986138e-01  1.999378e+01 -2.500000e+00
     vertex -3.472964e+00  1.969616e+01 -2.500000e+00
     vertex -2.486874e+00  1.984478e+01 -2.500000e+00
   endloop
 endfacet
 facet normal  0.000000e+00  0.000000e+00 -1.000000e+00
   outer loop
     vertex -4.986138e-01  1.999378e+01 -2.500000e+00
     vertex -4.450419e+00  1.949856e+01 -2.500000e+00
     vertex -3.472964e+00  1.969616e+01 -2.500000e+00
   endloop
 endfacet
 facet normal  0.000000e+00  0.000000e+00 -1.000000e+00
   outer loop
     vertex -4.986138e-01  1.999378e+01 -2.500000e+00
     vertex -9.124213e+00  1.779744e+01 -2.500000e+00
     vertex -4.450419e+00  1.949856e+01 -2.500000e+00
   endloop
 endfacet
 facet normal  0.000000e+00  0.000000e+00 -1.000000e+00
   outer loop
     vertex -4.986138e-01  1.999378e+01 -2.500000e+00
     vertex -1.466104e+01  1.360345e+01 -2.500000e+00
     vertex -9.124213e+00  1.779744e+01 -2.500000e+00
   endloop
 endfacet
 facet normal  0.000000e+00  0.000000e+00 -1.000000e+00
   outer loop
     vertex  2.000000e+01 -4.898587e-15 -2.500000e+00
     vertex  1.977662e+01 -2.980845e+00 -2.500000e+00
     vertex  1.960345e+01 -3.962923e+00 -2.500000e+00
   endloop
 endfacet
 facet normal  0.000000e+00  0.000000e+00 -1.000000e+00
   outer loop
     vertex  2.000000e+01 -4.898587e-15 -2.500000e+00
     vertex  1.990062e+01 -1.991357e+00 -2.500000e+00
     vertex  1.977662e+01 -2.980845e+00 -2.500000e+00
   endloop
 endfacet
 facet normal  0.000000e+00  0.000000e+00 -1.000000e+00
   outer loop
     vertex  2.000000e+01 -4.898587e-15 -2.500000e+00
     vertex  1.997514e+01 -9.969177e-01 -2.500000e+00
     vertex  1.990062e+01 -1.991357e+00 -2.500000e+00
   endloop
 endfacet
 facet normal -0.000000e+00  0.000000e+00 -1.000000e+00
   outer loop
     vertex  4.986138e-01  1.999378e+01 -2.500000e+00
     vertex -1.466104e+01  1.360345e+01 -2.500000e+00
     vertex -4.986138e-01  1.999378e+01 -2.500000e+00
   endloop
 endfacet
 facet normal  0.000000e+00 -0.000000e+00 -1.000000e+00
   outer loop
     vertex  1.997514e+01  9.969177e-01 -2.500000e+00
     vertex  2.000000e+01 -4.898587e-15 -2.500000e+00
     vertex  1.960345e+01 -3.962923e+00 -2.500000e+00
   endloop
 endfacet
 facet normal  0.000000e+00  0.000000e+00 -1.000000e+00
   outer loop
     vertex  1.997514e+01  9.969177e-01 -2.500000e+00
     vertex  1.938155e+01 -4.935148e+00 -2.500000e+00
     vertex  1.911146e+01 -5.895103e+00 -2.500000e+00
   endloop
 endfacet
 facet normal  0.000000e+00  0.000000e+00 -1.000000e+00
   outer loop
     vertex  1.997514e+01  9.969177e-01 -2.500000e+00
     vertex  1.960345e+01 -3.962923e+00 -2.500000e+00
     vertex  1.938155e+01 -4.935148e+00 -2.500000e+00
   endloop
 endfacet
 facet normal  0.000000e+00  0.000000e+00 -1.000000e+00
   outer loop
     vertex  1.997514e+01  9.969177e-01 -2.500000e+00
     vertex  1.842952e+01 -7.768696e+00 -2.500000e+00
     vertex  4.450419e+00 -1.949856e+01 -2.500000e+00
   endloop
 endfacet
 facet normal  0.000000e+00  0.000000e+00 -1.000000e+00
   outer loop
     vertex  1.997514e+01  9.969177e-01 -2.500000e+00
     vertex  1.911146e+01 -5.895103e+00 -2.500000e+00
     vertex  1.842952e+01 -7.768696e+00 -2.500000e+00
   endloop
 endfacet
 facet normal  0.000000e+00  0.000000e+00 -1.000000e+00
   outer loop
     vertex  3.472964e+00  1.969616e+01 -2.500000e+00
     vertex  1.494602e+00  1.994408e+01 -2.500000e+00
     vertex  2.486874e+00  1.984478e+01 -2.500000e+00
   endloop
 endfacet
 facet normal  0.000000e+00  0.000000e+00 -1.000000e+00
   outer loop
     vertex  3.472964e+00  1.969616e+01 -2.500000e+00
     vertex  4.986138e-01  1.999378e+01 -2.500000e+00
     vertex  1.494602e+00  1.994408e+01 -2.500000e+00
   endloop
 endfacet
 facet normal  0.000000e+00  0.000000e+00 -1.000000e+00
   outer loop
     vertex  1.960345e+01  3.962923e+00 -2.500000e+00
     vertex  1.990062e+01  1.991357e+00 -2.500000e+00
     vertex  1.997514e+01  9.969177e-01 -2.500000e+00
   endloop
 endfacet
 facet normal  0.000000e+00  0.000000e+00 -1.000000e+00
   outer loop
     vertex  1.960345e+01  3.962923e+00 -2.500000e+00
     vertex  1.977662e+01  2.980845e+00 -2.500000e+00
     vertex  1.990062e+01  1.991357e+00 -2.500000e+00
   endloop
 endfacet
 facet normal  0.000000e+00  0.000000e+00 -1.000000e+00
   outer loop
     vertex  1.938155e+01  4.935148e+00 -2.500000e+00
     vertex  4.450419e+00 -1.949856e+01 -2.500000e+00
     vertex -4.986138e-01 -1.999378e+01 -2.500000e+00
   endloop
 endfacet
 facet normal  0.000000e+00  0.000000e+00 -1.000000e+00
   outer loop
     vertex  1.938155e+01  4.935148e+00 -2.500000e+00
     vertex  1.960345e+01  3.962923e+00 -2.500000e+00
     vertex  1.997514e+01  9.969177e-01 -2.500000e+00
   endloop
 endfacet
 facet normal  0.000000e+00 -0.000000e+00 -1.000000e+00
   outer loop
     vertex  1.938155e+01  4.935148e+00 -2.500000e+00
     vertex  1.997514e+01  9.969177e-01 -2.500000e+00
     vertex  4.450419e+00 -1.949856e+01 -2.500000e+00
   endloop
 endfacet
 facet normal -0.000000e+00  0.000000e+00 -1.000000e+00
   outer loop
     vertex  6.369733e+00  1.895855e+01 -2.500000e+00
     vertex -1.466104e+01  1.360345e+01 -2.500000e+00
     vertex  4.986138e-01  1.999378e+01 -2.500000e+00
   endloop
 endfacet
 facet normal  0.000000e+00  0.000000e+00 -1.000000e+00
   outer loop
     vertex  6.369733e+00  1.895855e+01 -2.500000e+00
     vertex  4.986138e-01  1.999378e+01 -2.500000e+00
     vertex  3.472964e+00  1.969616e+01 -2.500000e+00
   endloop
 endfacet
 facet normal  0.000000e+00  0.000000e+00 -1.000000e+00
   outer loop
     vertex  6.369733e+00  1.895855e+01 -2.500000e+00
     vertex  4.450419e+00  1.949856e+01 -2.500000e+00
     vertex  5.416809e+00  1.925248e+01 -2.500000e+00
   endloop
 endfacet
 facet normal  0.000000e+00  0.000000e+00 -1.000000e+00
   outer loop
     vertex  6.369733e+00  1.895855e+01 -2.500000e+00
     vertex  3.472964e+00  1.969616e+01 -2.500000e+00
     vertex  4.450419e+00  1.949856e+01 -2.500000e+00
   endloop
 endfacet
 facet normal  0.000000e+00  0.000000e+00 -1.000000e+00
   outer loop
     vertex  6.369733e+00  1.895855e+01 -2.500000e+00
     vertex -1.706582e+01  1.042870e+01 -2.500000e+00
     vertex -1.466104e+01  1.360345e+01 -2.500000e+00
   endloop
 endfacet
 facet normal -0.000000e+00  0.000000e+00 -1.000000e+00
   outer loop
     vertex  1.879385e+01  6.840403e+00 -2.500000e+00
     vertex -1.911146e+01  5.895103e+00 -2.500000e+00
     vertex -1.706582e+01  1.042870e+01 -2.500000e+00
   endloop
 endfacet
 facet normal  0.000000e+00  0.000000e+00 -1.000000e+00
   outer loop
     vertex  1.879385e+01  6.840403e+00 -2.500000e+00
     vertex  1.911146e+01  5.895103e+00 -2.500000e+00
     vertex  1.938155e+01  4.935148e+00 -2.500000e+00
   endloop
 endfacet
 facet normal  0.000000e+00  0.000000e+00 -1.000000e+00
   outer loop
     vertex  1.879385e+01  6.840403e+00 -2.500000e+00
     vertex -1.977662e+01  2.980845e+00 -2.500000e+00
     vertex -1.911146e+01  5.895103e+00 -2.500000e+00
   endloop
 endfacet
 facet normal  0.000000e+00 -0.000000e+00 -1.000000e+00
   outer loop
     vertex  1.879385e+01  6.840403e+00 -2.500000e+00
     vertex  1.938155e+01  4.935148e+00 -2.500000e+00
     vertex -4.986138e-01 -1.999378e+01 -2.500000e+00
   endloop
 endfacet
 facet normal  0.000000e+00  0.000000e+00 -1.000000e+00
   outer loop
     vertex  1.879385e+01  6.840403e+00 -2.500000e+00
     vertex -1.706582e+01  1.042870e+01 -2.500000e+00
     vertex  6.369733e+00  1.895855e+01 -2.500000e+00
   endloop
 endfacet
 facet normal  0.000000e+00  0.000000e+00 -1.000000e+00
   outer loop
     vertex  1.879385e+01  6.840403e+00 -2.500000e+00
     vertex -3.472964e+00 -1.969616e+01 -2.500000e+00
     vertex -1.938155e+01 -4.935148e+00 -2.500000e+00
   endloop
 endfacet
 facet normal  0.000000e+00  0.000000e+00 -1.000000e+00
   outer loop
     vertex  1.879385e+01  6.840403e+00 -2.500000e+00
     vertex -1.938155e+01 -4.935148e+00 -2.500000e+00
     vertex -1.997514e+01 -9.969177e-01 -2.500000e+00
   endloop
 endfacet
 facet normal  0.000000e+00  0.000000e+00 -1.000000e+00
   outer loop
     vertex  1.879385e+01  6.840403e+00 -2.500000e+00
     vertex -4.986138e-01 -1.999378e+01 -2.500000e+00
     vertex -3.472964e+00 -1.969616e+01 -2.500000e+00
   endloop
 endfacet
 facet normal  0.000000e+00  0.000000e+00 -1.000000e+00
   outer loop
     vertex  1.879385e+01  6.840403e+00 -2.500000e+00
     vertex -1.997514e+01 -9.969177e-01 -2.500000e+00
     vertex -1.977662e+01  2.980845e+00 -2.500000e+00
   endloop
 endfacet
 facet normal  0.000000e+00  0.000000e+00 -1.000000e+00
   outer loop
     vertex  8.225742e+00  1.823012e+01 -2.500000e+00
     vertex  6.369733e+00  1.895855e+01 -2.500000e+00
     vertex  7.306820e+00  1.861747e+01 -2.500000e+00
   endloop
 endfacet
 facet normal  0.000000e+00  0.000000e+00 -1.000000e+00
   outer loop
     vertex  1.801938e+01  8.677675e+00 -2.500000e+00
     vertex  1.842952e+01  7.768696e+00 -2.500000e+00
     vertex  1.879385e+01  6.840403e+00 -2.500000e+00
   endloop
 endfacet
 facet normal  0.000000e+00  0.000000e+00 -1.000000e+00
   outer loop
     vertex  9.124213e+00  1.779744e+01 -2.500000e+00
     vertex  6.369733e+00  1.895855e+01 -2.500000e+00
     vertex  8.225742e+00  1.823012e+01 -2.500000e+00
   endloop
 endfacet
 facet normal  0.000000e+00  0.000000e+00 -1.000000e+00
   outer loop
     vertex  1.000000e+01  1.732051e+01 -2.500000e+00
     vertex  6.369733e+00  1.895855e+01 -2.500000e+00
     vertex  9.124213e+00  1.779744e+01 -2.500000e+00
   endloop
 endfacet
 facet normal -0.000000e+00 -0.000000e+00 -1.000000e+00
   outer loop
     vertex  1.167487e+01  1.623876e+01 -2.500000e+00
     vertex  1.879385e+01  6.840403e+00 -2.500000e+00
     vertex  6.369733e+00  1.895855e+01 -2.500000e+00
   endloop
 endfacet
 facet normal  0.000000e+00  0.000000e+00 -1.000000e+00
   outer loop
     vertex  1.167487e+01  1.623876e+01 -2.500000e+00
     vertex  1.756443e+01  9.565080e+00 -2.500000e+00
     vertex  1.801938e+01  8.677675e+00 -2.500000e+00
   endloop
 endfacet
 facet normal  0.000000e+00  0.000000e+00 -1.000000e+00
   outer loop
     vertex  1.167487e+01  1.623876e+01 -2.500000e+00
     vertex  1.000000e+01  1.732051e+01 -2.500000e+00
     vertex  1.085093e+01  1.680052e+01 -2.500000e+00
   endloop
 endfacet
 facet normal  0.000000e+00  0.000000e+00 -1.000000e+00
   outer loop
     vertex  1.167487e+01  1.623876e+01 -2.500000e+00
     vertex  1.801938e+01  8.677675e+00 -2.500000e+00
     vertex  1.879385e+01  6.840403e+00 -2.500000e+00
   endloop
 endfacet
 facet normal  0.000000e+00  0.000000e+00 -1.000000e+00
   outer loop
     vertex  1.167487e+01  1.623876e+01 -2.500000e+00
     vertex  6.369733e+00  1.895855e+01 -2.500000e+00
     vertex  1.000000e+01  1.732051e+01 -2.500000e+00
   endloop
 endfacet
 facet normal  0.000000e+00  0.000000e+00 -1.000000e+00
   outer loop
     vertex  1.594265e+01  1.207609e+01 -2.500000e+00
     vertex  1.706582e+01  1.042870e+01 -2.500000e+00
     vertex  1.756443e+01  9.565080e+00 -2.500000e+00
   endloop
 endfacet
 facet normal  0.000000e+00  0.000000e+00 -1.000000e+00
   outer loop
     vertex  1.594265e+01  1.207609e+01 -2.500000e+00
     vertex  1.652478e+01  1.126640e+01 -2.500000e+00
     vertex  1.706582e+01  1.042870e+01 -2.500000e+00
   endloop
 endfacet
 facet normal -0.000000e+00 -0.000000e+00 -1.000000e+00
   outer loop
     vertex  1.594265e+01  1.207609e+01 -2.500000e+00
     vertex  1.756443e+01  9.565080e+00 -2.500000e+00
     vertex  1.167487e+01  1.623876e+01 -2.500000e+00
   endloop
 endfacet
 facet normal  0.000000e+00  0.000000e+00 -1.000000e+00
   outer loop
     vertex  1.323372e+01  1.499562e+01 -2.500000e+00
     vertex  1.167487e+01  1.623876e+01 -2.500000e+00
     vertex  1.246980e+01  1.563663e+01 -2.500000e+00
   endloop
 endfacet
 facet normal  0.000000e+00  0.000000e+00 -1.000000e+00
   outer loop
     vertex  1.396474e+01  1.431734e+01 -2.500000e+00
     vertex  1.532089e+01  1.285575e+01 -2.500000e+00
     vertex  1.594265e+01  1.207609e+01 -2.500000e+00
   endloop
 endfacet
 facet normal  0.000000e+00  0.000000e+00 -1.000000e+00
   outer loop
     vertex  1.396474e+01  1.431734e+01 -2.500000e+00
     vertex  1.466104e+01  1.360345e+01 -2.500000e+00
     vertex  1.532089e+01  1.285575e+01 -2.500000e+00
   endloop
 endfacet
 facet normal -0.000000e+00 -0.000000e+00 -1.000000e+00
   outer loop
     vertex  1.396474e+01  1.431734e+01 -2.500000e+00
     vertex  1.594265e+01  1.207609e+01 -2.500000e+00
     vertex  1.167487e+01  1.623876e+01 -2.500000e+00
   endloop
 endfacet
 facet normal  0.000000e+00  0.000000e+00 -1.000000e+00
   outer loop
     vertex  1.396474e+01  1.431734e+01 -2.500000e+00
     vertex  1.167487e+01  1.623876e+01 -2.500000e+00
     vertex  1.323372e+01  1.499562e+01 -2.500000e+00
   endloop
 endfacet
endsolid
