solid OpenSCAD_Model
  facet normal 0.982288 0.187378 0
    outer loop
      vertex 8.92903 1.128 7.5
      vertex 8.71725 2.23821 -7.5
      vertex 8.71725 2.23821 7.5
    endloop
  endfacet
  facet normal 0.982288 0.187378 0
    outer loop
      vertex 8.71725 2.23821 -7.5
      vertex 8.92903 1.128 7.5
      vertex 8.92903 1.128 -7.5
    endloop
  endfacet
  facet normal 0.998027 0.0627925 0
    outer loop
      vertex 9 0 7.5
      vertex 8.92903 1.128 -7.5
      vertex 8.92903 1.128 7.5
    endloop
  endfacet
  facet normal 0.998027 0.0627925 0
    outer loop
      vertex 8.92903 1.128 -7.5
      vertex 9 0 7.5
      vertex 9 0 -7.5
    endloop
  endfacet
  facet normal 0.481751 0.876308 -0
    outer loop
      vertex 4.82244 7.59895 -7.5
      vertex 3.83201 8.14344 7.5
      vertex 4.82244 7.59895 7.5
    endloop
  endfacet
  facet normal 0.481751 0.876308 0
    outer loop
      vertex 3.83201 8.14344 7.5
      vertex 4.82244 7.59895 -7.5
      vertex 3.83201 8.14344 -7.5
    endloop
  endfacet
  facet normal -0.481751 -0.876308 0
    outer loop
      vertex -4.82244 -7.59895 -7.5
      vertex -3.83201 -8.14344 7.5
      vertex -4.82244 -7.59895 7.5
    endloop
  endfacet
  facet normal -0.481751 -0.876308 -0
    outer loop
      vertex -3.83201 -8.14344 7.5
      vertex -4.82244 -7.59895 -7.5
      vertex -3.83201 -8.14344 -7.5
    endloop
  endfacet
  facet normal 0.587782 -0.80902 0
    outer loop
      vertex 4.82244 -7.59895 -7.5
      vertex 5.73682 -6.93462 7.5
      vertex 4.82244 -7.59895 7.5
    endloop
  endfacet
  facet normal 0.587782 -0.80902 0
    outer loop
      vertex 5.73682 -6.93462 7.5
      vertex 4.82244 -7.59895 -7.5
      vertex 5.73682 -6.93462 -7.5
    endloop
  endfacet
  facet normal 0.368128 -0.929775 0
    outer loop
      vertex 2.78115 -8.55951 -7.5
      vertex 3.83201 -8.14344 7.5
      vertex 2.78115 -8.55951 7.5
    endloop
  endfacet
  facet normal 0.368128 -0.929775 0
    outer loop
      vertex 3.83201 -8.14344 7.5
      vertex 2.78115 -8.55951 -7.5
      vertex 3.83201 -8.14344 -7.5
    endloop
  endfacet
  facet normal 0.844328 0.535826 0
    outer loop
      vertex 7.88676 4.33578 7.5
      vertex 7.28115 5.29007 -7.5
      vertex 7.28115 5.29007 7.5
    endloop
  endfacet
  facet normal 0.844328 0.535826 0
    outer loop
      vertex 7.28115 5.29007 -7.5
      vertex 7.88676 4.33578 7.5
      vertex 7.88676 4.33578 -7.5
    endloop
  endfacet
  facet normal 0 0 -1
    outer loop
      vertex -3.30267 -1.22391 -7.5
      vertex 3.30267 -1.22391 -7.5
      vertex -3.27356 -1.31348 -7.5
    endloop
  endfacet
  facet normal 0 0 -1
    outer loop
      vertex 3.30267 1.22391 -7.5
      vertex -3.25591 1.406 -7.5
      vertex -3.25 1.5 -7.5
    endloop
  endfacet
  facet normal 0 0 -1
    outer loop
      vertex 3.30267 -1.22391 -7.5
      vertex -3.30267 -1.22391 -7.5
      vertex 3.30267 1.22391 -7.5
    endloop
  endfacet
  facet normal 0 0 -1
    outer loop
      vertex 3.30267 1.22391 -7.5
      vertex -3.27356 1.31348 -7.5
      vertex -3.25591 1.406 -7.5
    endloop
  endfacet
  facet normal 0 0 -1
    outer loop
      vertex -3.30267 1.22391 -7.5
      vertex 3.30267 1.22391 -7.5
      vertex -3.30267 -1.22391 -7.5
    endloop
  endfacet
  facet normal 0 0 -1
    outer loop
      vertex 3.30267 1.22391 -7.5
      vertex -3.30267 1.22391 -7.5
      vertex -3.27356 1.31348 -7.5
    endloop
  endfacet
  facet normal 0 0 -1
    outer loop
      vertex -3.34277 -1.13868 -7.5
      vertex -3.30267 1.22391 -7.5
      vertex -3.30267 -1.22391 -7.5
    endloop
  endfacet
  facet normal 0 0 -1
    outer loop
      vertex -3.34277 -1.13868 -7.5
      vertex -3.34277 1.13868 -7.5
      vertex -3.30267 1.22391 -7.5
    endloop
  endfacet
  facet normal 0 0 -1
    outer loop
      vertex -3.39324 -1.05916 -7.5
      vertex -3.34277 1.13868 -7.5
      vertex -3.34277 -1.13868 -7.5
    endloop
  endfacet
  facet normal 0 0 -1
    outer loop
      vertex -3.39324 -1.05916 -7.5
      vertex -3.39324 1.05916 -7.5
      vertex -3.34277 1.13868 -7.5
    endloop
  endfacet
  facet normal 0 0 -1
    outer loop
      vertex -3.45327 -0.986589 -7.5
      vertex -3.39324 1.05916 -7.5
      vertex -3.39324 -1.05916 -7.5
    endloop
  endfacet
  facet normal 0 0 -1
    outer loop
      vertex -3.45327 -0.986589 -7.5
      vertex -3.45327 0.986589 -7.5
      vertex -3.39324 1.05916 -7.5
    endloop
  endfacet
  facet normal 0 0 -1
    outer loop
      vertex -3.52193 -0.922114 -7.5
      vertex -3.45327 0.986589 -7.5
      vertex -3.45327 -0.986589 -7.5
    endloop
  endfacet
  facet normal 0 0 -1
    outer loop
      vertex -3.52193 -0.922114 -7.5
      vertex -3.52193 0.922114 -7.5
      vertex -3.45327 0.986589 -7.5
    endloop
  endfacet
  facet normal 0 0 -1
    outer loop
      vertex -3.59813 -0.866754 -7.5
      vertex -3.52193 0.922114 -7.5
      vertex -3.52193 -0.922114 -7.5
    endloop
  endfacet
  facet normal 0 0 -1
    outer loop
      vertex -3.59813 -0.866754 -7.5
      vertex -3.59813 0.866754 -7.5
      vertex -3.52193 0.922114 -7.5
    endloop
  endfacet
  facet normal 0 0 -1
    outer loop
      vertex -3.68067 -0.82138 -7.5
      vertex -3.59813 0.866754 -7.5
      vertex -3.59813 -0.866754 -7.5
    endloop
  endfacet
  facet normal 0 0 -1
    outer loop
      vertex -3.68067 -0.82138 -7.5
      vertex -3.68067 0.82138 -7.5
      vertex -3.59813 0.866754 -7.5
    endloop
  endfacet
  facet normal 0 0 -1
    outer loop
      vertex -3.76824 -0.786707 -7.5
      vertex -3.68067 0.82138 -7.5
      vertex -3.68067 -0.82138 -7.5
    endloop
  endfacet
  facet normal 0 0 -1
    outer loop
      vertex -3.76824 -0.786707 -7.5
      vertex -3.76824 0.786707 -7.5
      vertex -3.68067 0.82138 -7.5
    endloop
  endfacet
  facet normal 0 0 -1
    outer loop
      vertex -3.85946 -0.763284 -7.5
      vertex -3.76824 0.786707 -7.5
      vertex -3.76824 -0.786707 -7.5
    endloop
  endfacet
  facet normal 0 0 -1
    outer loop
      vertex -3.85946 -0.763284 -7.5
      vertex -3.85946 0.763284 -7.5
      vertex -3.76824 0.786707 -7.5
    endloop
  endfacet
  facet normal 0 0 -1
    outer loop
      vertex -3.95291 -0.751479 -7.5
      vertex -3.85946 0.763284 -7.5
      vertex -3.85946 -0.763284 -7.5
    endloop
  endfacet
  facet normal 0 0 -1
    outer loop
      vertex -3.95291 -0.751479 -7.5
      vertex -3.95291 0.751479 -7.5
      vertex -3.85946 0.763284 -7.5
    endloop
  endfacet
  facet normal 0 0 -1
    outer loop
      vertex -4.04709 -0.751479 -7.5
      vertex -3.95291 0.751479 -7.5
      vertex -3.95291 -0.751479 -7.5
    endloop
  endfacet
  facet normal 0 0 -1
    outer loop
      vertex -4.04709 -0.751479 -7.5
      vertex -4.04709 0.751479 -7.5
      vertex -3.95291 0.751479 -7.5
    endloop
  endfacet
  facet normal 0 0 -1
    outer loop
      vertex -4.14054 -0.763284 -7.5
      vertex -4.04709 0.751479 -7.5
      vertex -4.04709 -0.751479 -7.5
    endloop
  endfacet
  facet normal 0 0 -1
    outer loop
      vertex -4.14054 -0.763284 -7.5
      vertex -4.14054 0.763284 -7.5
      vertex -4.04709 0.751479 -7.5
    endloop
  endfacet
  facet normal 0 0 -1
    outer loop
      vertex -4.23176 -0.786707 -7.5
      vertex -4.14054 0.763284 -7.5
      vertex -4.14054 -0.763284 -7.5
    endloop
  endfacet
  facet normal 0 0 -1
    outer loop
      vertex -4.23176 -0.786707 -7.5
      vertex -4.23176 0.786707 -7.5
      vertex -4.14054 0.763284 -7.5
    endloop
  endfacet
  facet normal 0 0 -1
    outer loop
      vertex -4.31933 -0.82138 -7.5
      vertex -4.23176 0.786707 -7.5
      vertex -4.23176 -0.786707 -7.5
    endloop
  endfacet
  facet normal 0 0 -1
    outer loop
      vertex -4.31933 -0.82138 -7.5
      vertex -4.31933 0.82138 -7.5
      vertex -4.23176 0.786707 -7.5
    endloop
  endfacet
  facet normal 0 0 -1
    outer loop
      vertex -4.40187 -0.866754 -7.5
      vertex -4.31933 0.82138 -7.5
      vertex -4.31933 -0.82138 -7.5
    endloop
  endfacet
  facet normal 0 0 -1
    outer loop
      vertex -4.40187 -0.866754 -7.5
      vertex -4.40187 0.866754 -7.5
      vertex -4.31933 0.82138 -7.5
    endloop
  endfacet
  facet normal 0 0 -1
    outer loop
      vertex -4.47807 -0.922114 -7.5
      vertex -4.40187 0.866754 -7.5
      vertex -4.40187 -0.866754 -7.5
    endloop
  endfacet
  facet normal 0 0 -1
    outer loop
      vertex -4.47807 -0.922114 -7.5
      vertex -4.47807 0.922114 -7.5
      vertex -4.40187 0.866754 -7.5
    endloop
  endfacet
  facet normal 0 0 -1
    outer loop
      vertex -4.54673 -0.986589 -7.5
      vertex -4.47807 0.922114 -7.5
      vertex -4.47807 -0.922114 -7.5
    endloop
  endfacet
  facet normal 0 0 -1
    outer loop
      vertex -4.54673 -0.986589 -7.5
      vertex -4.54673 0.986589 -7.5
      vertex -4.47807 0.922114 -7.5
    endloop
  endfacet
  facet normal 0 0 -1
    outer loop
      vertex -4.60676 -1.05916 -7.5
      vertex -4.54673 0.986589 -7.5
      vertex -4.54673 -0.986589 -7.5
    endloop
  endfacet
  facet normal 0 0 -1
    outer loop
      vertex -4.60676 -1.05916 -7.5
      vertex -4.60676 1.05916 -7.5
      vertex -4.54673 0.986589 -7.5
    endloop
  endfacet
  facet normal 0 0 -1
    outer loop
      vertex -4.65723 -1.13868 -7.5
      vertex -4.60676 1.05916 -7.5
      vertex -4.60676 -1.05916 -7.5
    endloop
  endfacet
  facet normal 0 0 -1
    outer loop
      vertex -4.65723 -1.13868 -7.5
      vertex -4.65723 1.13868 -7.5
      vertex -4.60676 1.05916 -7.5
    endloop
  endfacet
  facet normal 0 0 -1
    outer loop
      vertex -9 0 -7.5
      vertex -4.65723 -1.13868 -7.5
      vertex -4.69733 -1.22391 -7.5
    endloop
  endfacet
  facet normal 0 0 -1
    outer loop
      vertex -4.65723 -1.13868 -7.5
      vertex -9 0 -7.5
      vertex -4.65723 1.13868 -7.5
    endloop
  endfacet
  facet normal 0 0 -1
    outer loop
      vertex -8.92903 -1.128 -7.5
      vertex -4.69733 -1.22391 -7.5
      vertex -4.72644 -1.31348 -7.5
    endloop
  endfacet
  facet normal -0 0 -1
    outer loop
      vertex -4.65723 1.13868 -7.5
      vertex -9 0 -7.5
      vertex -4.69733 1.22391 -7.5
    endloop
  endfacet
  facet normal 0 0 -1
    outer loop
      vertex -8.92903 -1.128 -7.5
      vertex -4.72644 -1.31348 -7.5
      vertex -4.74409 -1.406 -7.5
    endloop
  endfacet
  facet normal 0 -0 -1
    outer loop
      vertex -8.92903 1.128 -7.5
      vertex -4.69733 1.22391 -7.5
      vertex -9 0 -7.5
    endloop
  endfacet
  facet normal 0 0 -1
    outer loop
      vertex -8.92903 -1.128 -7.5
      vertex -4.74409 -1.406 -7.5
      vertex -4.75 -1.5 -7.5
    endloop
  endfacet
  facet normal -0 0 -1
    outer loop
      vertex -4.69733 1.22391 -7.5
      vertex -8.92903 1.128 -7.5
      vertex -4.72644 1.31348 -7.5
    endloop
  endfacet
  facet normal 0 0 -1
    outer loop
      vertex -3.34277 1.86131 -7.5
      vertex 3.34277 1.86131 -7.5
      vertex -3.30267 1.77609 -7.5
    endloop
  endfacet
  facet normal 0 0 -1
    outer loop
      vertex 3.34277 1.86131 -7.5
      vertex -3.34277 1.86131 -7.5
      vertex 3.39324 1.94084 -7.5
    endloop
  endfacet
  facet normal 0 0 -1
    outer loop
      vertex -3.39324 1.94084 -7.5
      vertex 3.39324 1.94084 -7.5
      vertex -3.34277 1.86131 -7.5
    endloop
  endfacet
  facet normal 0 0 -1
    outer loop
      vertex 3.39324 1.94084 -7.5
      vertex -3.39324 1.94084 -7.5
      vertex -0.565114 8.98224 -7.5
    endloop
  endfacet
  facet normal 0 0 -1
    outer loop
      vertex -3.45327 2.01341 -7.5
      vertex -0.565114 8.98224 -7.5
      vertex -3.39324 1.94084 -7.5
    endloop
  endfacet
  facet normal 0 0 -1
    outer loop
      vertex -0.565114 8.98224 -7.5
      vertex -3.45327 2.01341 -7.5
      vertex -1.68643 8.84058 -7.5
    endloop
  endfacet
  facet normal 0 0 -1
    outer loop
      vertex -3.52193 2.07788 -7.5
      vertex -1.68643 8.84058 -7.5
      vertex -3.45327 2.01341 -7.5
    endloop
  endfacet
  facet normal 0 0 -1
    outer loop
      vertex -1.68643 8.84058 -7.5
      vertex -3.52193 2.07788 -7.5
      vertex -2.78115 8.55951 -7.5
    endloop
  endfacet
  facet normal 0 0 -1
    outer loop
      vertex -3.59813 2.13325 -7.5
      vertex -2.78115 8.55951 -7.5
      vertex -3.52193 2.07788 -7.5
    endloop
  endfacet
  facet normal 0 0 -1
    outer loop
      vertex -3.68067 2.17862 -7.5
      vertex -2.78115 8.55951 -7.5
      vertex -3.59813 2.13325 -7.5
    endloop
  endfacet
  facet normal 0 0 -1
    outer loop
      vertex -3.83201 8.14344 -7.5
      vertex -3.68067 2.17862 -7.5
      vertex -3.76824 2.21329 -7.5
    endloop
  endfacet
  facet normal 0 0 -1
    outer loop
      vertex -3.68067 2.17862 -7.5
      vertex -3.83201 8.14344 -7.5
      vertex -2.78115 8.55951 -7.5
    endloop
  endfacet
  facet normal 0 0 -1
    outer loop
      vertex -4.82244 7.59895 -7.5
      vertex -3.76824 2.21329 -7.5
      vertex -3.85946 2.23672 -7.5
    endloop
  endfacet
  facet normal 0 0 -1
    outer loop
      vertex -4.82244 7.59895 -7.5
      vertex -3.85946 2.23672 -7.5
      vertex -3.95291 2.24852 -7.5
    endloop
  endfacet
  facet normal 0 0 -1
    outer loop
      vertex -5.73682 6.93462 -7.5
      vertex -3.95291 2.24852 -7.5
      vertex -4.04709 2.24852 -7.5
    endloop
  endfacet
  facet normal 0 0 -1
    outer loop
      vertex -5.73682 6.93462 -7.5
      vertex -4.04709 2.24852 -7.5
      vertex -4.14054 2.23672 -7.5
    endloop
  endfacet
  facet normal 0 0 -1
    outer loop
      vertex -6.56072 6.16092 -7.5
      vertex -4.14054 2.23672 -7.5
      vertex -4.23176 2.21329 -7.5
    endloop
  endfacet
  facet normal 0 0 -1
    outer loop
      vertex -6.56072 6.16092 -7.5
      vertex -4.23176 2.21329 -7.5
      vertex -4.31933 2.17862 -7.5
    endloop
  endfacet
  facet normal 0 0 -1
    outer loop
      vertex -7.28115 5.29007 -7.5
      vertex -4.31933 2.17862 -7.5
      vertex -4.40187 2.13325 -7.5
    endloop
  endfacet
  facet normal 0 0 -1
    outer loop
      vertex -7.28115 5.29007 -7.5
      vertex -4.40187 2.13325 -7.5
      vertex -4.47807 2.07788 -7.5
    endloop
  endfacet
  facet normal 0 0 -1
    outer loop
      vertex -7.88676 4.33578 -7.5
      vertex -4.47807 2.07788 -7.5
      vertex -4.54673 2.01341 -7.5
    endloop
  endfacet
  facet normal 0 0 -1
    outer loop
      vertex -7.88676 4.33578 -7.5
      vertex -4.54673 2.01341 -7.5
      vertex -4.60676 1.94084 -7.5
    endloop
  endfacet
  facet normal 0 0 -1
    outer loop
      vertex -7.88676 4.33578 -7.5
      vertex -4.60676 1.94084 -7.5
      vertex -4.65723 1.86131 -7.5
    endloop
  endfacet
  facet normal 0 0 -1
    outer loop
      vertex -8.36799 3.31312 -7.5
      vertex -4.65723 1.86131 -7.5
      vertex -4.69733 1.77609 -7.5
    endloop
  endfacet
  facet normal 0 0 -1
    outer loop
      vertex -8.36799 3.31312 -7.5
      vertex -4.69733 1.77609 -7.5
      vertex -4.72644 1.68652 -7.5
    endloop
  endfacet
  facet normal 0 0 -1
    outer loop
      vertex -8.71725 2.23821 -7.5
      vertex -4.72644 1.68652 -7.5
      vertex -4.74409 1.594 -7.5
    endloop
  endfacet
  facet normal 0 0 -1
    outer loop
      vertex -3.76824 2.21329 -7.5
      vertex -4.82244 7.59895 -7.5
      vertex -3.83201 8.14344 -7.5
    endloop
  endfacet
  facet normal 0 0 -1
    outer loop
      vertex -8.71725 2.23821 -7.5
      vertex -4.74409 1.594 -7.5
      vertex -4.75 1.5 -7.5
    endloop
  endfacet
  facet normal -0 0 -1
    outer loop
      vertex -4.65723 -1.86131 -7.5
      vertex -8.36799 -3.31312 -7.5
      vertex -4.69733 -1.77609 -7.5
    endloop
  endfacet
  facet normal -0 0 -1
    outer loop
      vertex -4.69733 -1.77609 -7.5
      vertex -8.36799 -3.31312 -7.5
      vertex -4.72644 -1.68652 -7.5
    endloop
  endfacet
  facet normal 0 0 -1
    outer loop
      vertex -3.95291 2.24852 -7.5
      vertex -5.73682 6.93462 -7.5
      vertex -4.82244 7.59895 -7.5
    endloop
  endfacet
  facet normal 0 0 -1
    outer loop
      vertex -8.71725 -2.23821 -7.5
      vertex -4.72644 -1.68652 -7.5
      vertex -8.36799 -3.31312 -7.5
    endloop
  endfacet
  facet normal 0 0 -1
    outer loop
      vertex -4.14054 2.23672 -7.5
      vertex -6.56072 6.16092 -7.5
      vertex -5.73682 6.93462 -7.5
    endloop
  endfacet
  facet normal -0 0 -1
    outer loop
      vertex -4.72644 -1.68652 -7.5
      vertex -8.71725 -2.23821 -7.5
      vertex -4.74409 -1.594 -7.5
    endloop
  endfacet
  facet normal 0 0 -1
    outer loop
      vertex -4.31933 2.17862 -7.5
      vertex -7.28115 5.29007 -7.5
      vertex -6.56072 6.16092 -7.5
    endloop
  endfacet
  facet normal -0 0 -1
    outer loop
      vertex -4.74409 -1.594 -7.5
      vertex -8.71725 -2.23821 -7.5
      vertex -4.75 -1.5 -7.5
    endloop
  endfacet
  facet normal 0 0 -1
    outer loop
      vertex -4.47807 2.07788 -7.5
      vertex -7.88676 4.33578 -7.5
      vertex -7.28115 5.29007 -7.5
    endloop
  endfacet
  facet normal 0 0 -1
    outer loop
      vertex -8.92903 -1.128 -7.5
      vertex -4.75 -1.5 -7.5
      vertex -8.71725 -2.23821 -7.5
    endloop
  endfacet
  facet normal 0 0 -1
    outer loop
      vertex -4.65723 1.86131 -7.5
      vertex -8.36799 3.31312 -7.5
      vertex -7.88676 4.33578 -7.5
    endloop
  endfacet
  facet normal 0 0 -1
    outer loop
      vertex -4.69733 -1.22391 -7.5
      vertex -8.92903 -1.128 -7.5
      vertex -9 0 -7.5
    endloop
  endfacet
  facet normal 0 0 -1
    outer loop
      vertex -4.72644 1.68652 -7.5
      vertex -8.71725 2.23821 -7.5
      vertex -8.36799 3.31312 -7.5
    endloop
  endfacet
  facet normal -0 0 -1
    outer loop
      vertex -4.72644 1.31348 -7.5
      vertex -8.92903 1.128 -7.5
      vertex -4.74409 1.406 -7.5
    endloop
  endfacet
  facet normal -0 0 -1
    outer loop
      vertex -4.75 1.5 -7.5
      vertex -8.92903 1.128 -7.5
      vertex -8.71725 2.23821 -7.5
    endloop
  endfacet
  facet normal -0 0 -1
    outer loop
      vertex -4.74409 1.406 -7.5
      vertex -8.92903 1.128 -7.5
      vertex -4.75 1.5 -7.5
    endloop
  endfacet
  facet normal 0 0 -1
    outer loop
      vertex 4.69733 -1.22391 -7.5
      vertex 8.92903 -1.128 -7.5
      vertex 4.72644 -1.31348 -7.5
    endloop
  endfacet
  facet normal 0 0 -1
    outer loop
      vertex 9 0 -7.5
      vertex 4.74409 1.406 -7.5
      vertex 4.75 1.5 -7.5
    endloop
  endfacet
  facet normal -0 0 -1
    outer loop
      vertex 8.92903 -1.128 -7.5
      vertex 4.69733 -1.22391 -7.5
      vertex 9 0 -7.5
    endloop
  endfacet
  facet normal 0 0 -1
    outer loop
      vertex 9 0 -7.5
      vertex 4.72644 1.31348 -7.5
      vertex 4.74409 1.406 -7.5
    endloop
  endfacet
  facet normal 0 0 -1
    outer loop
      vertex 4.65723 -1.13868 -7.5
      vertex 9 0 -7.5
      vertex 4.69733 -1.22391 -7.5
    endloop
  endfacet
  facet normal 0 0 -1
    outer loop
      vertex 9 0 -7.5
      vertex 4.69733 1.22391 -7.5
      vertex 4.72644 1.31348 -7.5
    endloop
  endfacet
  facet normal 0 0 -1
    outer loop
      vertex 4.65723 1.13868 -7.5
      vertex 9 0 -7.5
      vertex 4.65723 -1.13868 -7.5
    endloop
  endfacet
  facet normal 0 0 -1
    outer loop
      vertex 9 0 -7.5
      vertex 4.65723 1.13868 -7.5
      vertex 4.69733 1.22391 -7.5
    endloop
  endfacet
  facet normal 0 0 -1
    outer loop
      vertex 4.60676 -1.05916 -7.5
      vertex 4.65723 1.13868 -7.5
      vertex 4.65723 -1.13868 -7.5
    endloop
  endfacet
  facet normal 0 0 -1
    outer loop
      vertex 4.60676 -1.05916 -7.5
      vertex 4.60676 1.05916 -7.5
      vertex 4.65723 1.13868 -7.5
    endloop
  endfacet
  facet normal 0 0 -1
    outer loop
      vertex 4.54673 -0.986589 -7.5
      vertex 4.60676 1.05916 -7.5
      vertex 4.60676 -1.05916 -7.5
    endloop
  endfacet
  facet normal 0 0 -1
    outer loop
      vertex 4.54673 -0.986589 -7.5
      vertex 4.54673 0.986589 -7.5
      vertex 4.60676 1.05916 -7.5
    endloop
  endfacet
  facet normal 0 0 -1
    outer loop
      vertex 4.47807 -0.922114 -7.5
      vertex 4.54673 0.986589 -7.5
      vertex 4.54673 -0.986589 -7.5
    endloop
  endfacet
  facet normal 0 0 -1
    outer loop
      vertex 4.47807 -0.922114 -7.5
      vertex 4.47807 0.922114 -7.5
      vertex 4.54673 0.986589 -7.5
    endloop
  endfacet
  facet normal 0 0 -1
    outer loop
      vertex 4.40187 -0.866754 -7.5
      vertex 4.47807 0.922114 -7.5
      vertex 4.47807 -0.922114 -7.5
    endloop
  endfacet
  facet normal 0 0 -1
    outer loop
      vertex 4.40187 -0.866754 -7.5
      vertex 4.40187 0.866754 -7.5
      vertex 4.47807 0.922114 -7.5
    endloop
  endfacet
  facet normal 0 0 -1
    outer loop
      vertex 4.31933 -0.82138 -7.5
      vertex 4.40187 0.866754 -7.5
      vertex 4.40187 -0.866754 -7.5
    endloop
  endfacet
  facet normal 0 0 -1
    outer loop
      vertex 4.31933 -0.82138 -7.5
      vertex 4.31933 0.82138 -7.5
      vertex 4.40187 0.866754 -7.5
    endloop
  endfacet
  facet normal 0 0 -1
    outer loop
      vertex 4.23176 -0.786707 -7.5
      vertex 4.31933 0.82138 -7.5
      vertex 4.31933 -0.82138 -7.5
    endloop
  endfacet
  facet normal 0 0 -1
    outer loop
      vertex 4.23176 -0.786707 -7.5
      vertex 4.23176 0.786707 -7.5
      vertex 4.31933 0.82138 -7.5
    endloop
  endfacet
  facet normal 0 0 -1
    outer loop
      vertex 4.14054 -0.763284 -7.5
      vertex 4.23176 0.786707 -7.5
      vertex 4.23176 -0.786707 -7.5
    endloop
  endfacet
  facet normal 0 0 -1
    outer loop
      vertex 4.14054 -0.763284 -7.5
      vertex 4.14054 0.763284 -7.5
      vertex 4.23176 0.786707 -7.5
    endloop
  endfacet
  facet normal 0 0 -1
    outer loop
      vertex 4.04709 -0.751479 -7.5
      vertex 4.14054 0.763284 -7.5
      vertex 4.14054 -0.763284 -7.5
    endloop
  endfacet
  facet normal 0 0 -1
    outer loop
      vertex 4.04709 -0.751479 -7.5
      vertex 4.04709 0.751479 -7.5
      vertex 4.14054 0.763284 -7.5
    endloop
  endfacet
  facet normal 0 0 -1
    outer loop
      vertex 3.95291 -0.751479 -7.5
      vertex 4.04709 0.751479 -7.5
      vertex 4.04709 -0.751479 -7.5
    endloop
  endfacet
  facet normal 0 0 -1
    outer loop
      vertex 3.95291 -0.751479 -7.5
      vertex 3.95291 0.751479 -7.5
      vertex 4.04709 0.751479 -7.5
    endloop
  endfacet
  facet normal 0 0 -1
    outer loop
      vertex 3.85946 -0.763284 -7.5
      vertex 3.95291 0.751479 -7.5
      vertex 3.95291 -0.751479 -7.5
    endloop
  endfacet
  facet normal 0 0 -1
    outer loop
      vertex 3.85946 -0.763284 -7.5
      vertex 3.85946 0.763284 -7.5
      vertex 3.95291 0.751479 -7.5
    endloop
  endfacet
  facet normal 0 0 -1
    outer loop
      vertex 3.76824 -0.786707 -7.5
      vertex 3.85946 0.763284 -7.5
      vertex 3.85946 -0.763284 -7.5
    endloop
  endfacet
  facet normal 0 0 -1
    outer loop
      vertex 3.76824 -0.786707 -7.5
      vertex 3.76824 0.786707 -7.5
      vertex 3.85946 0.763284 -7.5
    endloop
  endfacet
  facet normal 0 0 -1
    outer loop
      vertex 3.68067 -0.82138 -7.5
      vertex 3.76824 0.786707 -7.5
      vertex 3.76824 -0.786707 -7.5
    endloop
  endfacet
  facet normal 0 0 -1
    outer loop
      vertex 3.68067 -0.82138 -7.5
      vertex 3.68067 0.82138 -7.5
      vertex 3.76824 0.786707 -7.5
    endloop
  endfacet
  facet normal 0 0 -1
    outer loop
      vertex 3.59813 -0.866754 -7.5
      vertex 3.68067 0.82138 -7.5
      vertex 3.68067 -0.82138 -7.5
    endloop
  endfacet
  facet normal 0 0 -1
    outer loop
      vertex 3.59813 -0.866754 -7.5
      vertex 3.59813 0.866754 -7.5
      vertex 3.68067 0.82138 -7.5
    endloop
  endfacet
  facet normal 0 0 -1
    outer loop
      vertex 3.52193 -0.922114 -7.5
      vertex 3.59813 0.866754 -7.5
      vertex 3.59813 -0.866754 -7.5
    endloop
  endfacet
  facet normal 0 0 -1
    outer loop
      vertex 3.52193 -0.922114 -7.5
      vertex 3.52193 0.922114 -7.5
      vertex 3.59813 0.866754 -7.5
    endloop
  endfacet
  facet normal 0 0 -1
    outer loop
      vertex 3.45327 -0.986589 -7.5
      vertex 3.52193 0.922114 -7.5
      vertex 3.52193 -0.922114 -7.5
    endloop
  endfacet
  facet normal 0 0 -1
    outer loop
      vertex 3.45327 -0.986589 -7.5
      vertex 3.45327 0.986589 -7.5
      vertex 3.52193 0.922114 -7.5
    endloop
  endfacet
  facet normal 0 0 -1
    outer loop
      vertex 3.39324 -1.05916 -7.5
      vertex 3.45327 0.986589 -7.5
      vertex 3.45327 -0.986589 -7.5
    endloop
  endfacet
  facet normal 0 0 -1
    outer loop
      vertex 3.39324 -1.05916 -7.5
      vertex 3.39324 1.05916 -7.5
      vertex 3.45327 0.986589 -7.5
    endloop
  endfacet
  facet normal 0 0 -1
    outer loop
      vertex 3.34277 -1.13868 -7.5
      vertex 3.39324 1.05916 -7.5
      vertex 3.39324 -1.05916 -7.5
    endloop
  endfacet
  facet normal 0 0 -1
    outer loop
      vertex 3.34277 -1.13868 -7.5
      vertex 3.34277 1.13868 -7.5
      vertex 3.39324 1.05916 -7.5
    endloop
  endfacet
  facet normal 0 0 -1
    outer loop
      vertex 3.30267 -1.22391 -7.5
      vertex 3.34277 1.13868 -7.5
      vertex 3.34277 -1.13868 -7.5
    endloop
  endfacet
  facet normal 0 0 -1
    outer loop
      vertex 3.30267 -1.22391 -7.5
      vertex 3.30267 1.22391 -7.5
      vertex 3.34277 1.13868 -7.5
    endloop
  endfacet
  facet normal 0 0 -1
    outer loop
      vertex 3.25591 -1.406 -7.5
      vertex -3.25591 -1.406 -7.5
      vertex 3.27356 -1.31348 -7.5
    endloop
  endfacet
  facet normal 0 0 -1
    outer loop
      vertex -3.27356 -1.31348 -7.5
      vertex 3.27356 -1.31348 -7.5
      vertex -3.25591 -1.406 -7.5
    endloop
  endfacet
  facet normal 0 0 -1
    outer loop
      vertex -3.25591 -1.406 -7.5
      vertex 3.25591 -1.406 -7.5
      vertex -3.25 -1.5 -7.5
    endloop
  endfacet
  facet normal 0 0 -1
    outer loop
      vertex 3.27356 -1.31348 -7.5
      vertex -3.27356 -1.31348 -7.5
      vertex 3.30267 -1.22391 -7.5
    endloop
  endfacet
  facet normal 0 0 -1
    outer loop
      vertex -3.25 -1.5 -7.5
      vertex 3.25591 -1.406 -7.5
      vertex 3.25 -1.5 -7.5
    endloop
  endfacet
  facet normal 0 0 -1
    outer loop
      vertex 3.30267 1.22391 -7.5
      vertex -3.25 1.5 -7.5
      vertex 3.27356 1.31348 -7.5
    endloop
  endfacet
  facet normal 0 0 -1
    outer loop
      vertex 4.74409 -1.406 -7.5
      vertex 8.92903 -1.128 -7.5
      vertex 4.75 -1.5 -7.5
    endloop
  endfacet
  facet normal 0 0 -1
    outer loop
      vertex 4.75 -1.5 -7.5
      vertex 8.92903 -1.128 -7.5
      vertex 8.71725 -2.23821 -7.5
    endloop
  endfacet
  facet normal 0 0 -1
    outer loop
      vertex 4.72644 -1.31348 -7.5
      vertex 8.92903 -1.128 -7.5
      vertex 4.74409 -1.406 -7.5
    endloop
  endfacet
  facet normal 0 0 -1
    outer loop
      vertex 4.72644 -1.68652 -7.5
      vertex 8.71725 -2.23821 -7.5
      vertex 8.36799 -3.31312 -7.5
    endloop
  endfacet
  facet normal 0 0 -1
    outer loop
      vertex 9 0 -7.5
      vertex 4.75 1.5 -7.5
      vertex 8.92903 1.128 -7.5
    endloop
  endfacet
  facet normal 0 0 -1
    outer loop
      vertex 4.65723 -1.86131 -7.5
      vertex 8.36799 -3.31312 -7.5
      vertex 7.88676 -4.33578 -7.5
    endloop
  endfacet
  facet normal 0 0 -1
    outer loop
      vertex 8.92903 1.128 -7.5
      vertex 4.75 1.5 -7.5
      vertex 8.71725 2.23821 -7.5
    endloop
  endfacet
  facet normal 0 0 -1
    outer loop
      vertex 4.47807 -2.07788 -7.5
      vertex 7.88676 -4.33578 -7.5
      vertex 7.28115 -5.29007 -7.5
    endloop
  endfacet
  facet normal 0 0 -1
    outer loop
      vertex 4.74409 1.594 -7.5
      vertex 8.71725 2.23821 -7.5
      vertex 4.75 1.5 -7.5
    endloop
  endfacet
  facet normal 0 0 -1
    outer loop
      vertex 4.31933 -2.17862 -7.5
      vertex 7.28115 -5.29007 -7.5
      vertex 6.56072 -6.16092 -7.5
    endloop
  endfacet
  facet normal 0 0 -1
    outer loop
      vertex 4.72644 1.68652 -7.5
      vertex 8.71725 2.23821 -7.5
      vertex 4.74409 1.594 -7.5
    endloop
  endfacet
  facet normal 0 0 -1
    outer loop
      vertex 4.14054 -2.23672 -7.5
      vertex 6.56072 -6.16092 -7.5
      vertex 5.73682 -6.93462 -7.5
    endloop
  endfacet
  facet normal -0 0 -1
    outer loop
      vertex 8.71725 2.23821 -7.5
      vertex 4.72644 1.68652 -7.5
      vertex 8.36799 3.31312 -7.5
    endloop
  endfacet
  facet normal 0 0 -1
    outer loop
      vertex 3.95291 -2.24852 -7.5
      vertex 5.73682 -6.93462 -7.5
      vertex 4.82244 -7.59895 -7.5
    endloop
  endfacet
  facet normal 0 0 -1
    outer loop
      vertex 4.69733 1.77609 -7.5
      vertex 8.36799 3.31312 -7.5
      vertex 4.72644 1.68652 -7.5
    endloop
  endfacet
  facet normal 0 0 -1
    outer loop
      vertex 4.65723 1.86131 -7.5
      vertex 8.36799 3.31312 -7.5
      vertex 4.69733 1.77609 -7.5
    endloop
  endfacet
  facet normal 0 0 -1
    outer loop
      vertex 8.71725 -2.23821 -7.5
      vertex 4.74409 -1.594 -7.5
      vertex 4.75 -1.5 -7.5
    endloop
  endfacet
  facet normal 0 0 -1
    outer loop
      vertex 8.71725 -2.23821 -7.5
      vertex 4.72644 -1.68652 -7.5
      vertex 4.74409 -1.594 -7.5
    endloop
  endfacet
  facet normal 0 0 -1
    outer loop
      vertex 8.36799 -3.31312 -7.5
      vertex 4.69733 -1.77609 -7.5
      vertex 4.72644 -1.68652 -7.5
    endloop
  endfacet
  facet normal 0 0 -1
    outer loop
      vertex 8.36799 -3.31312 -7.5
      vertex 4.65723 -1.86131 -7.5
      vertex 4.69733 -1.77609 -7.5
    endloop
  endfacet
  facet normal 0 0 -1
    outer loop
      vertex 7.88676 -4.33578 -7.5
      vertex 4.60676 -1.94084 -7.5
      vertex 4.65723 -1.86131 -7.5
    endloop
  endfacet
  facet normal 0 0 -1
    outer loop
      vertex 7.88676 -4.33578 -7.5
      vertex 4.54673 -2.01341 -7.5
      vertex 4.60676 -1.94084 -7.5
    endloop
  endfacet
  facet normal 0 0 -1
    outer loop
      vertex 7.88676 -4.33578 -7.5
      vertex 4.47807 -2.07788 -7.5
      vertex 4.54673 -2.01341 -7.5
    endloop
  endfacet
  facet normal 0 0 -1
    outer loop
      vertex 7.28115 -5.29007 -7.5
      vertex 4.40187 -2.13325 -7.5
      vertex 4.47807 -2.07788 -7.5
    endloop
  endfacet
  facet normal 0 0 -1
    outer loop
      vertex 7.28115 -5.29007 -7.5
      vertex 4.31933 -2.17862 -7.5
      vertex 4.40187 -2.13325 -7.5
    endloop
  endfacet
  facet normal 0 0 -1
    outer loop
      vertex 6.56072 -6.16092 -7.5
      vertex 4.23176 -2.21329 -7.5
      vertex 4.31933 -2.17862 -7.5
    endloop
  endfacet
  facet normal 0 0 -1
    outer loop
      vertex 6.56072 -6.16092 -7.5
      vertex 4.14054 -2.23672 -7.5
      vertex 4.23176 -2.21329 -7.5
    endloop
  endfacet
  facet normal 0 0 -1
    outer loop
      vertex 5.73682 -6.93462 -7.5
      vertex 4.04709 -2.24852 -7.5
      vertex 4.14054 -2.23672 -7.5
    endloop
  endfacet
  facet normal 0 0 -1
    outer loop
      vertex 5.73682 -6.93462 -7.5
      vertex 3.95291 -2.24852 -7.5
      vertex 4.04709 -2.24852 -7.5
    endloop
  endfacet
  facet normal 0 0 -1
    outer loop
      vertex 4.82244 -7.59895 -7.5
      vertex 3.85946 -2.23672 -7.5
      vertex 3.95291 -2.24852 -7.5
    endloop
  endfacet
  facet normal 0 0 -1
    outer loop
      vertex 3.76824 -2.21329 -7.5
      vertex 4.82244 -7.59895 -7.5
      vertex 3.83201 -8.14344 -7.5
    endloop
  endfacet
  facet normal 0 0 -1
    outer loop
      vertex 4.82244 -7.59895 -7.5
      vertex 3.76824 -2.21329 -7.5
      vertex 3.85946 -2.23672 -7.5
    endloop
  endfacet
  facet normal 0 0 -1
    outer loop
      vertex 3.83201 -8.14344 -7.5
      vertex 3.68067 -2.17862 -7.5
      vertex 3.76824 -2.21329 -7.5
    endloop
  endfacet
  facet normal 0 0 -1
    outer loop
      vertex 2.78115 -8.55951 -7.5
      vertex 3.68067 -2.17862 -7.5
      vertex 3.83201 -8.14344 -7.5
    endloop
  endfacet
  facet normal -0 0 -1
    outer loop
      vertex 3.68067 -2.17862 -7.5
      vertex 2.78115 -8.55951 -7.5
      vertex 3.59813 -2.13325 -7.5
    endloop
  endfacet
  facet normal -0 0 -1
    outer loop
      vertex 3.59813 -2.13325 -7.5
      vertex 2.78115 -8.55951 -7.5
      vertex 3.52193 -2.07788 -7.5
    endloop
  endfacet
  facet normal 0 0 -1
    outer loop
      vertex 1.68643 -8.84058 -7.5
      vertex 3.52193 -2.07788 -7.5
      vertex 2.78115 -8.55951 -7.5
    endloop
  endfacet
  facet normal -0 0 -1
    outer loop
      vertex 3.52193 -2.07788 -7.5
      vertex 1.68643 -8.84058 -7.5
      vertex 3.45327 -2.01341 -7.5
    endloop
  endfacet
  facet normal 0 0 -1
    outer loop
      vertex 0.565114 -8.98224 -7.5
      vertex 3.45327 -2.01341 -7.5
      vertex 1.68643 -8.84058 -7.5
    endloop
  endfacet
  facet normal -0 0 -1
    outer loop
      vertex 3.45327 -2.01341 -7.5
      vertex 0.565114 -8.98224 -7.5
      vertex 3.39324 -1.94084 -7.5
    endloop
  endfacet
  facet normal 0 0 -1
    outer loop
      vertex -3.39324 -1.94084 -7.5
      vertex 3.39324 -1.94084 -7.5
      vertex 0.565114 -8.98224 -7.5
    endloop
  endfacet
  facet normal 0 0 -1
    outer loop
      vertex 3.34277 -1.86131 -7.5
      vertex -3.34277 -1.86131 -7.5
      vertex 3.30267 -1.77609 -7.5
    endloop
  endfacet
  facet normal 0 -0 -1
    outer loop
      vertex -3.34277 -1.86131 -7.5
      vertex 3.34277 -1.86131 -7.5
      vertex -3.39324 -1.94084 -7.5
    endloop
  endfacet
  facet normal 0 0 -1
    outer loop
      vertex 3.39324 -1.94084 -7.5
      vertex -3.39324 -1.94084 -7.5
      vertex 3.34277 -1.86131 -7.5
    endloop
  endfacet
  facet normal -0 0 -1
    outer loop
      vertex 8.36799 3.31312 -7.5
      vertex 4.65723 1.86131 -7.5
      vertex 7.88676 4.33578 -7.5
    endloop
  endfacet
  facet normal 0 0 -1
    outer loop
      vertex 4.60676 1.94084 -7.5
      vertex 7.88676 4.33578 -7.5
      vertex 4.65723 1.86131 -7.5
    endloop
  endfacet
  facet normal 0 0 -1
    outer loop
      vertex 4.54673 2.01341 -7.5
      vertex 7.88676 4.33578 -7.5
      vertex 4.60676 1.94084 -7.5
    endloop
  endfacet
  facet normal 0 0 -1
    outer loop
      vertex 4.47807 2.07788 -7.5
      vertex 7.88676 4.33578 -7.5
      vertex 4.54673 2.01341 -7.5
    endloop
  endfacet
  facet normal -0 0 -1
    outer loop
      vertex 7.88676 4.33578 -7.5
      vertex 4.47807 2.07788 -7.5
      vertex 7.28115 5.29007 -7.5
    endloop
  endfacet
  facet normal 0 0 -1
    outer loop
      vertex 4.40187 2.13325 -7.5
      vertex 7.28115 5.29007 -7.5
      vertex 4.47807 2.07788 -7.5
    endloop
  endfacet
  facet normal 0 0 -1
    outer loop
      vertex 4.31933 2.17862 -7.5
      vertex 7.28115 5.29007 -7.5
      vertex 4.40187 2.13325 -7.5
    endloop
  endfacet
  facet normal -0 0 -1
    outer loop
      vertex 7.28115 5.29007 -7.5
      vertex 4.31933 2.17862 -7.5
      vertex 6.56072 6.16092 -7.5
    endloop
  endfacet
  facet normal 0 0 -1
    outer loop
      vertex 4.23176 2.21329 -7.5
      vertex 6.56072 6.16092 -7.5
      vertex 4.31933 2.17862 -7.5
    endloop
  endfacet
  facet normal 0 0 -1
    outer loop
      vertex 4.14054 2.23672 -7.5
      vertex 6.56072 6.16092 -7.5
      vertex 4.23176 2.21329 -7.5
    endloop
  endfacet
  facet normal -0 0 -1
    outer loop
      vertex 6.56072 6.16092 -7.5
      vertex 4.14054 2.23672 -7.5
      vertex 5.73682 6.93462 -7.5
    endloop
  endfacet
  facet normal 0 0 -1
    outer loop
      vertex 4.04709 2.24852 -7.5
      vertex 5.73682 6.93462 -7.5
      vertex 4.14054 2.23672 -7.5
    endloop
  endfacet
  facet normal 0 0 -1
    outer loop
      vertex 3.95291 2.24852 -7.5
      vertex 5.73682 6.93462 -7.5
      vertex 4.04709 2.24852 -7.5
    endloop
  endfacet
  facet normal -0 0 -1
    outer loop
      vertex 5.73682 6.93462 -7.5
      vertex 3.95291 2.24852 -7.5
      vertex 4.82244 7.59895 -7.5
    endloop
  endfacet
  facet normal 0 0 -1
    outer loop
      vertex 3.85946 2.23672 -7.5
      vertex 4.82244 7.59895 -7.5
      vertex 3.95291 2.24852 -7.5
    endloop
  endfacet
  facet normal 0 0 -1
    outer loop
      vertex 3.76824 2.21329 -7.5
      vertex 4.82244 7.59895 -7.5
      vertex 3.85946 2.23672 -7.5
    endloop
  endfacet
  facet normal -0 0 -1
    outer loop
      vertex 4.82244 7.59895 -7.5
      vertex 3.76824 2.21329 -7.5
      vertex 3.83201 8.14344 -7.5
    endloop
  endfacet
  facet normal 0 0 -1
    outer loop
      vertex 3.68067 2.17862 -7.5
      vertex 3.83201 8.14344 -7.5
      vertex 3.76824 2.21329 -7.5
    endloop
  endfacet
  facet normal 0 0 -1
    outer loop
      vertex 2.78115 8.55951 -7.5
      vertex 3.68067 2.17862 -7.5
      vertex 3.59813 2.13325 -7.5
    endloop
  endfacet
  facet normal 0 0 -1
    outer loop
      vertex 2.78115 8.55951 -7.5
      vertex 3.59813 2.13325 -7.5
      vertex 3.52193 2.07788 -7.5
    endloop
  endfacet
  facet normal 0 0 -1
    outer loop
      vertex 1.68643 8.84058 -7.5
      vertex 3.52193 2.07788 -7.5
      vertex 3.45327 2.01341 -7.5
    endloop
  endfacet
  facet normal 0 0 -1
    outer loop
      vertex 0.565114 8.98224 -7.5
      vertex 3.45327 2.01341 -7.5
      vertex 3.39324 1.94084 -7.5
    endloop
  endfacet
  facet normal 0 0 -1
    outer loop
      vertex 3.27356 1.68652 -7.5
      vertex -3.27356 1.68652 -7.5
      vertex 3.30267 1.77609 -7.5
    endloop
  endfacet
  facet normal 0 0 -1
    outer loop
      vertex -3.27356 1.68652 -7.5
      vertex 3.27356 1.68652 -7.5
      vertex -3.25591 1.594 -7.5
    endloop
  endfacet
  facet normal 0 0 -1
    outer loop
      vertex -3.25591 1.594 -7.5
      vertex 3.25591 1.594 -7.5
      vertex -3.25 1.5 -7.5
    endloop
  endfacet
  facet normal 0 0 -1
    outer loop
      vertex 3.25 1.5 -7.5
      vertex -3.25 1.5 -7.5
      vertex 3.25591 1.594 -7.5
    endloop
  endfacet
  facet normal 0 0 -1
    outer loop
      vertex 3.68067 2.17862 -7.5
      vertex 2.78115 8.55951 -7.5
      vertex 3.83201 8.14344 -7.5
    endloop
  endfacet
  facet normal 0 0 -1
    outer loop
      vertex 3.25591 1.406 -7.5
      vertex -3.25 1.5 -7.5
      vertex 3.25 1.5 -7.5
    endloop
  endfacet
  facet normal 0 -0 -1
    outer loop
      vertex -3.25591 -1.594 -7.5
      vertex 3.25591 -1.594 -7.5
      vertex -3.27356 -1.68652 -7.5
    endloop
  endfacet
  facet normal 0 -0 -1
    outer loop
      vertex -3.30267 -1.77609 -7.5
      vertex 3.30267 -1.77609 -7.5
      vertex -3.34277 -1.86131 -7.5
    endloop
  endfacet
  facet normal 0 0 -1
    outer loop
      vertex 3.25591 1.594 -7.5
      vertex -3.25591 1.594 -7.5
      vertex 3.27356 1.68652 -7.5
    endloop
  endfacet
  facet normal 0 0 -1
    outer loop
      vertex 3.30267 -1.77609 -7.5
      vertex -3.30267 -1.77609 -7.5
      vertex 3.27356 -1.68652 -7.5
    endloop
  endfacet
  facet normal 0 0 -1
    outer loop
      vertex 3.52193 2.07788 -7.5
      vertex 1.68643 8.84058 -7.5
      vertex 2.78115 8.55951 -7.5
    endloop
  endfacet
  facet normal 0 0 -1
    outer loop
      vertex -3.39324 -1.94084 -7.5
      vertex 0.565114 -8.98224 -7.5
      vertex -0.565114 -8.98224 -7.5
    endloop
  endfacet
  facet normal 0 0 -1
    outer loop
      vertex 3.45327 2.01341 -7.5
      vertex 0.565114 8.98224 -7.5
      vertex 1.68643 8.84058 -7.5
    endloop
  endfacet
  facet normal 0 0 -1
    outer loop
      vertex -3.45327 -2.01341 -7.5
      vertex -0.565114 -8.98224 -7.5
      vertex -1.68643 -8.84058 -7.5
    endloop
  endfacet
  facet normal 0 0 -1
    outer loop
      vertex 3.39324 1.94084 -7.5
      vertex -0.565114 8.98224 -7.5
      vertex 0.565114 8.98224 -7.5
    endloop
  endfacet
  facet normal 0 0 -1
    outer loop
      vertex -3.52193 -2.07788 -7.5
      vertex -1.68643 -8.84058 -7.5
      vertex -2.78115 -8.55951 -7.5
    endloop
  endfacet
  facet normal 0 0 -1
    outer loop
      vertex -3.30267 1.77609 -7.5
      vertex 3.30267 1.77609 -7.5
      vertex -3.27356 1.68652 -7.5
    endloop
  endfacet
  facet normal 0 0 -1
    outer loop
      vertex 3.30267 1.77609 -7.5
      vertex -3.30267 1.77609 -7.5
      vertex 3.34277 1.86131 -7.5
    endloop
  endfacet
  facet normal 0 0 -1
    outer loop
      vertex 3.27356 1.31348 -7.5
      vertex -3.25 1.5 -7.5
      vertex 3.25591 1.406 -7.5
    endloop
  endfacet
  facet normal 0 -0 -1
    outer loop
      vertex -3.25 -1.5 -7.5
      vertex 3.25 -1.5 -7.5
      vertex -3.25591 -1.594 -7.5
    endloop
  endfacet
  facet normal 0 0 -1
    outer loop
      vertex 3.25591 -1.594 -7.5
      vertex -3.25591 -1.594 -7.5
      vertex 3.25 -1.5 -7.5
    endloop
  endfacet
  facet normal 0 0 -1
    outer loop
      vertex 3.27356 -1.68652 -7.5
      vertex -3.27356 -1.68652 -7.5
      vertex 3.25591 -1.594 -7.5
    endloop
  endfacet
  facet normal 0 -0 -1
    outer loop
      vertex -3.27356 -1.68652 -7.5
      vertex 3.27356 -1.68652 -7.5
      vertex -3.30267 -1.77609 -7.5
    endloop
  endfacet
  facet normal 0 0 -1
    outer loop
      vertex -0.565114 -8.98224 -7.5
      vertex -3.45327 -2.01341 -7.5
      vertex -3.39324 -1.94084 -7.5
    endloop
  endfacet
  facet normal 0 0 -1
    outer loop
      vertex -1.68643 -8.84058 -7.5
      vertex -3.52193 -2.07788 -7.5
      vertex -3.45327 -2.01341 -7.5
    endloop
  endfacet
  facet normal 0 0 -1
    outer loop
      vertex -2.78115 -8.55951 -7.5
      vertex -3.59813 -2.13325 -7.5
      vertex -3.52193 -2.07788 -7.5
    endloop
  endfacet
  facet normal 0 0 -1
    outer loop
      vertex -2.78115 -8.55951 -7.5
      vertex -3.68067 -2.17862 -7.5
      vertex -3.59813 -2.13325 -7.5
    endloop
  endfacet
  facet normal 0 0 -1
    outer loop
      vertex -3.83201 -8.14344 -7.5
      vertex -3.68067 -2.17862 -7.5
      vertex -2.78115 -8.55951 -7.5
    endloop
  endfacet
  facet normal 0 0 -1
    outer loop
      vertex -3.68067 -2.17862 -7.5
      vertex -3.83201 -8.14344 -7.5
      vertex -3.76824 -2.21329 -7.5
    endloop
  endfacet
  facet normal 0 0 -1
    outer loop
      vertex -4.82244 -7.59895 -7.5
      vertex -3.76824 -2.21329 -7.5
      vertex -3.83201 -8.14344 -7.5
    endloop
  endfacet
  facet normal 0 0 -1
    outer loop
      vertex -3.76824 -2.21329 -7.5
      vertex -4.82244 -7.59895 -7.5
      vertex -3.85946 -2.23672 -7.5
    endloop
  endfacet
  facet normal 0 0 -1
    outer loop
      vertex -3.85946 -2.23672 -7.5
      vertex -4.82244 -7.59895 -7.5
      vertex -3.95291 -2.24852 -7.5
    endloop
  endfacet
  facet normal 0 0 -1
    outer loop
      vertex -5.73682 -6.93462 -7.5
      vertex -3.95291 -2.24852 -7.5
      vertex -4.82244 -7.59895 -7.5
    endloop
  endfacet
  facet normal -0 0 -1
    outer loop
      vertex -3.95291 -2.24852 -7.5
      vertex -5.73682 -6.93462 -7.5
      vertex -4.04709 -2.24852 -7.5
    endloop
  endfacet
  facet normal -0 0 -1
    outer loop
      vertex -4.04709 -2.24852 -7.5
      vertex -5.73682 -6.93462 -7.5
      vertex -4.14054 -2.23672 -7.5
    endloop
  endfacet
  facet normal 0 0 -1
    outer loop
      vertex -6.56072 -6.16092 -7.5
      vertex -4.14054 -2.23672 -7.5
      vertex -5.73682 -6.93462 -7.5
    endloop
  endfacet
  facet normal -0 0 -1
    outer loop
      vertex -4.14054 -2.23672 -7.5
      vertex -6.56072 -6.16092 -7.5
      vertex -4.23176 -2.21329 -7.5
    endloop
  endfacet
  facet normal -0 0 -1
    outer loop
      vertex -4.23176 -2.21329 -7.5
      vertex -6.56072 -6.16092 -7.5
      vertex -4.31933 -2.17862 -7.5
    endloop
  endfacet
  facet normal 0 0 -1
    outer loop
      vertex -7.28115 -5.29007 -7.5
      vertex -4.31933 -2.17862 -7.5
      vertex -6.56072 -6.16092 -7.5
    endloop
  endfacet
  facet normal -0 0 -1
    outer loop
      vertex -4.31933 -2.17862 -7.5
      vertex -7.28115 -5.29007 -7.5
      vertex -4.40187 -2.13325 -7.5
    endloop
  endfacet
  facet normal -0 0 -1
    outer loop
      vertex -4.40187 -2.13325 -7.5
      vertex -7.28115 -5.29007 -7.5
      vertex -4.47807 -2.07788 -7.5
    endloop
  endfacet
  facet normal 0 0 -1
    outer loop
      vertex -7.88676 -4.33578 -7.5
      vertex -4.47807 -2.07788 -7.5
      vertex -7.28115 -5.29007 -7.5
    endloop
  endfacet
  facet normal -0 0 -1
    outer loop
      vertex -4.47807 -2.07788 -7.5
      vertex -7.88676 -4.33578 -7.5
      vertex -4.54673 -2.01341 -7.5
    endloop
  endfacet
  facet normal 0 0 -1
    outer loop
      vertex -8.36799 -3.31312 -7.5
      vertex -4.65723 -1.86131 -7.5
      vertex -7.88676 -4.33578 -7.5
    endloop
  endfacet
  facet normal -0 0 -1
    outer loop
      vertex -4.60676 -1.94084 -7.5
      vertex -7.88676 -4.33578 -7.5
      vertex -4.65723 -1.86131 -7.5
    endloop
  endfacet
  facet normal -0 0 -1
    outer loop
      vertex -4.54673 -2.01341 -7.5
      vertex -7.88676 -4.33578 -7.5
      vertex -4.60676 -1.94084 -7.5
    endloop
  endfacet
  facet normal 0.904826 0.425781 0
    outer loop
      vertex 8.36799 3.31312 7.5
      vertex 7.88676 4.33578 -7.5
      vertex 7.88676 4.33578 7.5
    endloop
  endfacet
  facet normal 0.904826 0.425781 0
    outer loop
      vertex 7.88676 4.33578 -7.5
      vertex 8.36799 3.31312 7.5
      vertex 8.36799 3.31312 -7.5
    endloop
  endfacet
  facet normal 0.770513 0.637424 0
    outer loop
      vertex 7.28115 5.29007 7.5
      vertex 6.56072 6.16092 -7.5
      vertex 6.56072 6.16092 7.5
    endloop
  endfacet
  facet normal 0.770513 0.637424 0
    outer loop
      vertex 6.56072 6.16092 -7.5
      vertex 7.28115 5.29007 7.5
      vertex 7.28115 5.29007 -7.5
    endloop
  endfacet
  facet normal 0.368128 0.929775 -0
    outer loop
      vertex 3.83201 8.14344 -7.5
      vertex 2.78115 8.55951 7.5
      vertex 3.83201 8.14344 7.5
    endloop
  endfacet
  facet normal 0.368128 0.929775 0
    outer loop
      vertex 2.78115 8.55951 7.5
      vertex 3.83201 8.14344 -7.5
      vertex 2.78115 8.55951 -7.5
    endloop
  endfacet
  facet normal 0.998027 -0.0627925 0
    outer loop
      vertex 8.92903 -1.128 7.5
      vertex 9 0 -7.5
      vertex 9 0 7.5
    endloop
  endfacet
  facet normal 0.998027 -0.0627925 0
    outer loop
      vertex 9 0 -7.5
      vertex 8.92903 -1.128 7.5
      vertex 8.92903 -1.128 -7.5
    endloop
  endfacet
  facet normal 0 0 1
    outer loop
      vertex -3.30267 1.22391 7.5
      vertex 3.30267 1.22391 7.5
      vertex -3.27356 1.31348 7.5
    endloop
  endfacet
  facet normal 0 0 1
    outer loop
      vertex 3.30267 -1.22391 7.5
      vertex -3.25591 -1.406 7.5
      vertex -3.25 -1.5 7.5
    endloop
  endfacet
  facet normal 0 0 1
    outer loop
      vertex 3.30267 1.22391 7.5
      vertex -3.30267 1.22391 7.5
      vertex 3.30267 -1.22391 7.5
    endloop
  endfacet
  facet normal 0 0 1
    outer loop
      vertex 3.30267 -1.22391 7.5
      vertex -3.27356 -1.31348 7.5
      vertex -3.25591 -1.406 7.5
    endloop
  endfacet
  facet normal 0 0 1
    outer loop
      vertex -3.30267 -1.22391 7.5
      vertex 3.30267 -1.22391 7.5
      vertex -3.30267 1.22391 7.5
    endloop
  endfacet
  facet normal 0 0 1
    outer loop
      vertex 3.30267 -1.22391 7.5
      vertex -3.30267 -1.22391 7.5
      vertex -3.27356 -1.31348 7.5
    endloop
  endfacet
  facet normal -0 0 1
    outer loop
      vertex -3.34277 1.13868 7.5
      vertex -3.30267 -1.22391 7.5
      vertex -3.30267 1.22391 7.5
    endloop
  endfacet
  facet normal 0 0 1
    outer loop
      vertex -3.34277 1.13868 7.5
      vertex -3.34277 -1.13868 7.5
      vertex -3.30267 -1.22391 7.5
    endloop
  endfacet
  facet normal -0 0 1
    outer loop
      vertex -3.39324 1.05916 7.5
      vertex -3.34277 -1.13868 7.5
      vertex -3.34277 1.13868 7.5
    endloop
  endfacet
  facet normal 0 0 1
    outer loop
      vertex -3.39324 1.05916 7.5
      vertex -3.39324 -1.05916 7.5
      vertex -3.34277 -1.13868 7.5
    endloop
  endfacet
  facet normal -0 0 1
    outer loop
      vertex -3.45327 0.986589 7.5
      vertex -3.39324 -1.05916 7.5
      vertex -3.39324 1.05916 7.5
    endloop
  endfacet
  facet normal 0 0 1
    outer loop
      vertex -3.45327 0.986589 7.5
      vertex -3.45327 -0.986589 7.5
      vertex -3.39324 -1.05916 7.5
    endloop
  endfacet
  facet normal -0 0 1
    outer loop
      vertex -3.52193 0.922114 7.5
      vertex -3.45327 -0.986589 7.5
      vertex -3.45327 0.986589 7.5
    endloop
  endfacet
  facet normal 0 0 1
    outer loop
      vertex -3.52193 0.922114 7.5
      vertex -3.52193 -0.922114 7.5
      vertex -3.45327 -0.986589 7.5
    endloop
  endfacet
  facet normal -0 0 1
    outer loop
      vertex -3.59813 0.866754 7.5
      vertex -3.52193 -0.922114 7.5
      vertex -3.52193 0.922114 7.5
    endloop
  endfacet
  facet normal 0 0 1
    outer loop
      vertex -3.59813 0.866754 7.5
      vertex -3.59813 -0.866754 7.5
      vertex -3.52193 -0.922114 7.5
    endloop
  endfacet
  facet normal -0 0 1
    outer loop
      vertex -3.68067 0.82138 7.5
      vertex -3.59813 -0.866754 7.5
      vertex -3.59813 0.866754 7.5
    endloop
  endfacet
  facet normal 0 0 1
    outer loop
      vertex -3.68067 0.82138 7.5
      vertex -3.68067 -0.82138 7.5
      vertex -3.59813 -0.866754 7.5
    endloop
  endfacet
  facet normal -0 0 1
    outer loop
      vertex -3.76824 0.786707 7.5
      vertex -3.68067 -0.82138 7.5
      vertex -3.68067 0.82138 7.5
    endloop
  endfacet
  facet normal 0 0 1
    outer loop
      vertex -3.76824 0.786707 7.5
      vertex -3.76824 -0.786707 7.5
      vertex -3.68067 -0.82138 7.5
    endloop
  endfacet
  facet normal -0 0 1
    outer loop
      vertex -3.85946 0.763284 7.5
      vertex -3.76824 -0.786707 7.5
      vertex -3.76824 0.786707 7.5
    endloop
  endfacet
  facet normal 0 0 1
    outer loop
      vertex -3.85946 0.763284 7.5
      vertex -3.85946 -0.763284 7.5
      vertex -3.76824 -0.786707 7.5
    endloop
  endfacet
  facet normal -0 0 1
    outer loop
      vertex -3.95291 0.751479 7.5
      vertex -3.85946 -0.763284 7.5
      vertex -3.85946 0.763284 7.5
    endloop
  endfacet
  facet normal 0 0 1
    outer loop
      vertex -3.95291 0.751479 7.5
      vertex -3.95291 -0.751479 7.5
      vertex -3.85946 -0.763284 7.5
    endloop
  endfacet
  facet normal -0 0 1
    outer loop
      vertex -4.04709 0.751479 7.5
      vertex -3.95291 -0.751479 7.5
      vertex -3.95291 0.751479 7.5
    endloop
  endfacet
  facet normal 0 0 1
    outer loop
      vertex -4.04709 0.751479 7.5
      vertex -4.04709 -0.751479 7.5
      vertex -3.95291 -0.751479 7.5
    endloop
  endfacet
  facet normal 0 0 1
    outer loop
      vertex -4.14054 0.763284 7.5
      vertex -4.04709 -0.751479 7.5
      vertex -4.04709 0.751479 7.5
    endloop
  endfacet
  facet normal 0 0 1
    outer loop
      vertex -4.14054 0.763284 7.5
      vertex -4.14054 -0.763284 7.5
      vertex -4.04709 -0.751479 7.5
    endloop
  endfacet
  facet normal 0 0 1
    outer loop
      vertex -4.23176 0.786707 7.5
      vertex -4.14054 -0.763284 7.5
      vertex -4.14054 0.763284 7.5
    endloop
  endfacet
  facet normal 0 0 1
    outer loop
      vertex -4.23176 0.786707 7.5
      vertex -4.23176 -0.786707 7.5
      vertex -4.14054 -0.763284 7.5
    endloop
  endfacet
  facet normal 0 0 1
    outer loop
      vertex -4.31933 0.82138 7.5
      vertex -4.23176 -0.786707 7.5
      vertex -4.23176 0.786707 7.5
    endloop
  endfacet
  facet normal 0 0 1
    outer loop
      vertex -4.31933 0.82138 7.5
      vertex -4.31933 -0.82138 7.5
      vertex -4.23176 -0.786707 7.5
    endloop
  endfacet
  facet normal 0 0 1
    outer loop
      vertex -4.40187 0.866754 7.5
      vertex -4.31933 -0.82138 7.5
      vertex -4.31933 0.82138 7.5
    endloop
  endfacet
  facet normal 0 0 1
    outer loop
      vertex -4.40187 0.866754 7.5
      vertex -4.40187 -0.866754 7.5
      vertex -4.31933 -0.82138 7.5
    endloop
  endfacet
  facet normal 0 0 1
    outer loop
      vertex -4.47807 0.922114 7.5
      vertex -4.40187 -0.866754 7.5
      vertex -4.40187 0.866754 7.5
    endloop
  endfacet
  facet normal 0 0 1
    outer loop
      vertex -4.47807 0.922114 7.5
      vertex -4.47807 -0.922114 7.5
      vertex -4.40187 -0.866754 7.5
    endloop
  endfacet
  facet normal 0 0 1
    outer loop
      vertex -4.54673 0.986589 7.5
      vertex -4.47807 -0.922114 7.5
      vertex -4.47807 0.922114 7.5
    endloop
  endfacet
  facet normal 0 0 1
    outer loop
      vertex -4.54673 0.986589 7.5
      vertex -4.54673 -0.986589 7.5
      vertex -4.47807 -0.922114 7.5
    endloop
  endfacet
  facet normal 0 0 1
    outer loop
      vertex -4.60676 1.05916 7.5
      vertex -4.54673 -0.986589 7.5
      vertex -4.54673 0.986589 7.5
    endloop
  endfacet
  facet normal 0 0 1
    outer loop
      vertex -4.60676 1.05916 7.5
      vertex -4.60676 -1.05916 7.5
      vertex -4.54673 -0.986589 7.5
    endloop
  endfacet
  facet normal 0 0 1
    outer loop
      vertex -4.65723 1.13868 7.5
      vertex -4.60676 -1.05916 7.5
      vertex -4.60676 1.05916 7.5
    endloop
  endfacet
  facet normal 0 0 1
    outer loop
      vertex -4.65723 1.13868 7.5
      vertex -4.65723 -1.13868 7.5
      vertex -4.60676 -1.05916 7.5
    endloop
  endfacet
  facet normal 0 0 1
    outer loop
      vertex -9 0 7.5
      vertex -4.65723 1.13868 7.5
      vertex -4.69733 1.22391 7.5
    endloop
  endfacet
  facet normal 0 0 1
    outer loop
      vertex -4.65723 1.13868 7.5
      vertex -9 0 7.5
      vertex -4.65723 -1.13868 7.5
    endloop
  endfacet
  facet normal 0 0 1
    outer loop
      vertex -8.92903 1.128 7.5
      vertex -4.69733 1.22391 7.5
      vertex -4.72644 1.31348 7.5
    endloop
  endfacet
  facet normal 0 0 1
    outer loop
      vertex -4.65723 -1.13868 7.5
      vertex -9 0 7.5
      vertex -4.69733 -1.22391 7.5
    endloop
  endfacet
  facet normal 0 0 1
    outer loop
      vertex -8.92903 1.128 7.5
      vertex -4.72644 1.31348 7.5
      vertex -4.74409 1.406 7.5
    endloop
  endfacet
  facet normal -0 -0 1
    outer loop
      vertex -8.92903 -1.128 7.5
      vertex -4.69733 -1.22391 7.5
      vertex -9 0 7.5
    endloop
  endfacet
  facet normal 0 0 1
    outer loop
      vertex -8.92903 1.128 7.5
      vertex -4.74409 1.406 7.5
      vertex -4.75 1.5 7.5
    endloop
  endfacet
  facet normal 0 0 1
    outer loop
      vertex -4.69733 -1.22391 7.5
      vertex -8.92903 -1.128 7.5
      vertex -4.72644 -1.31348 7.5
    endloop
  endfacet
  facet normal 0 0 1
    outer loop
      vertex -3.34277 -1.86131 7.5
      vertex 3.34277 -1.86131 7.5
      vertex -3.30267 -1.77609 7.5
    endloop
  endfacet
  facet normal 0 0 1
    outer loop
      vertex 3.34277 -1.86131 7.5
      vertex -3.34277 -1.86131 7.5
      vertex 3.39324 -1.94084 7.5
    endloop
  endfacet
  facet normal 0 0 1
    outer loop
      vertex -3.39324 -1.94084 7.5
      vertex 3.39324 -1.94084 7.5
      vertex -3.34277 -1.86131 7.5
    endloop
  endfacet
  facet normal 0 0 1
    outer loop
      vertex 3.39324 -1.94084 7.5
      vertex -3.39324 -1.94084 7.5
      vertex -0.565114 -8.98224 7.5
    endloop
  endfacet
  facet normal -0 0 1
    outer loop
      vertex -3.45327 -2.01341 7.5
      vertex -0.565114 -8.98224 7.5
      vertex -3.39324 -1.94084 7.5
    endloop
  endfacet
  facet normal 0 0 1
    outer loop
      vertex -0.565114 -8.98224 7.5
      vertex -3.45327 -2.01341 7.5
      vertex -1.68643 -8.84058 7.5
    endloop
  endfacet
  facet normal -0 0 1
    outer loop
      vertex -3.52193 -2.07788 7.5
      vertex -1.68643 -8.84058 7.5
      vertex -3.45327 -2.01341 7.5
    endloop
  endfacet
  facet normal 0 0 1
    outer loop
      vertex -1.68643 -8.84058 7.5
      vertex -3.52193 -2.07788 7.5
      vertex -2.78115 -8.55951 7.5
    endloop
  endfacet
  facet normal -0 0 1
    outer loop
      vertex -3.59813 -2.13325 7.5
      vertex -2.78115 -8.55951 7.5
      vertex -3.52193 -2.07788 7.5
    endloop
  endfacet
  facet normal -0 0 1
    outer loop
      vertex -3.68067 -2.17862 7.5
      vertex -2.78115 -8.55951 7.5
      vertex -3.59813 -2.13325 7.5
    endloop
  endfacet
  facet normal 0 0 1
    outer loop
      vertex -3.83201 -8.14344 7.5
      vertex -3.68067 -2.17862 7.5
      vertex -3.76824 -2.21329 7.5
    endloop
  endfacet
  facet normal 0 0 1
    outer loop
      vertex -3.68067 -2.17862 7.5
      vertex -3.83201 -8.14344 7.5
      vertex -2.78115 -8.55951 7.5
    endloop
  endfacet
  facet normal 0 0 1
    outer loop
      vertex -4.82244 -7.59895 7.5
      vertex -3.76824 -2.21329 7.5
      vertex -3.85946 -2.23672 7.5
    endloop
  endfacet
  facet normal 0 0 1
    outer loop
      vertex -4.82244 -7.59895 7.5
      vertex -3.85946 -2.23672 7.5
      vertex -3.95291 -2.24852 7.5
    endloop
  endfacet
  facet normal 0 0 1
    outer loop
      vertex -5.73682 -6.93462 7.5
      vertex -3.95291 -2.24852 7.5
      vertex -4.04709 -2.24852 7.5
    endloop
  endfacet
  facet normal 0 0 1
    outer loop
      vertex -5.73682 -6.93462 7.5
      vertex -4.04709 -2.24852 7.5
      vertex -4.14054 -2.23672 7.5
    endloop
  endfacet
  facet normal 0 0 1
    outer loop
      vertex -6.56072 -6.16092 7.5
      vertex -4.14054 -2.23672 7.5
      vertex -4.23176 -2.21329 7.5
    endloop
  endfacet
  facet normal 0 0 1
    outer loop
      vertex -6.56072 -6.16092 7.5
      vertex -4.23176 -2.21329 7.5
      vertex -4.31933 -2.17862 7.5
    endloop
  endfacet
  facet normal 0 0 1
    outer loop
      vertex -7.28115 -5.29007 7.5
      vertex -4.31933 -2.17862 7.5
      vertex -4.40187 -2.13325 7.5
    endloop
  endfacet
  facet normal 0 0 1
    outer loop
      vertex -7.28115 -5.29007 7.5
      vertex -4.40187 -2.13325 7.5
      vertex -4.47807 -2.07788 7.5
    endloop
  endfacet
  facet normal 0 0 1
    outer loop
      vertex -7.88676 -4.33578 7.5
      vertex -4.47807 -2.07788 7.5
      vertex -4.54673 -2.01341 7.5
    endloop
  endfacet
  facet normal 0 0 1
    outer loop
      vertex -7.88676 -4.33578 7.5
      vertex -4.54673 -2.01341 7.5
      vertex -4.60676 -1.94084 7.5
    endloop
  endfacet
  facet normal 0 0 1
    outer loop
      vertex -7.88676 -4.33578 7.5
      vertex -4.60676 -1.94084 7.5
      vertex -4.65723 -1.86131 7.5
    endloop
  endfacet
  facet normal 0 0 1
    outer loop
      vertex -8.36799 -3.31312 7.5
      vertex -4.65723 -1.86131 7.5
      vertex -4.69733 -1.77609 7.5
    endloop
  endfacet
  facet normal 0 0 1
    outer loop
      vertex -8.36799 -3.31312 7.5
      vertex -4.69733 -1.77609 7.5
      vertex -4.72644 -1.68652 7.5
    endloop
  endfacet
  facet normal 0 0 1
    outer loop
      vertex -8.71725 -2.23821 7.5
      vertex -4.72644 -1.68652 7.5
      vertex -4.74409 -1.594 7.5
    endloop
  endfacet
  facet normal 0 0 1
    outer loop
      vertex -3.76824 -2.21329 7.5
      vertex -4.82244 -7.59895 7.5
      vertex -3.83201 -8.14344 7.5
    endloop
  endfacet
  facet normal 0 0 1
    outer loop
      vertex -8.71725 -2.23821 7.5
      vertex -4.74409 -1.594 7.5
      vertex -4.75 -1.5 7.5
    endloop
  endfacet
  facet normal 0 0 1
    outer loop
      vertex -4.65723 1.86131 7.5
      vertex -8.36799 3.31312 7.5
      vertex -4.69733 1.77609 7.5
    endloop
  endfacet
  facet normal 0 0 1
    outer loop
      vertex -4.69733 1.77609 7.5
      vertex -8.36799 3.31312 7.5
      vertex -4.72644 1.68652 7.5
    endloop
  endfacet
  facet normal 0 0 1
    outer loop
      vertex -3.95291 -2.24852 7.5
      vertex -5.73682 -6.93462 7.5
      vertex -4.82244 -7.59895 7.5
    endloop
  endfacet
  facet normal -0 0 1
    outer loop
      vertex -8.71725 2.23821 7.5
      vertex -4.72644 1.68652 7.5
      vertex -8.36799 3.31312 7.5
    endloop
  endfacet
  facet normal 0 0 1
    outer loop
      vertex -4.14054 -2.23672 7.5
      vertex -6.56072 -6.16092 7.5
      vertex -5.73682 -6.93462 7.5
    endloop
  endfacet
  facet normal 0 0 1
    outer loop
      vertex -4.72644 1.68652 7.5
      vertex -8.71725 2.23821 7.5
      vertex -4.74409 1.594 7.5
    endloop
  endfacet
  facet normal 0 0 1
    outer loop
      vertex -4.31933 -2.17862 7.5
      vertex -7.28115 -5.29007 7.5
      vertex -6.56072 -6.16092 7.5
    endloop
  endfacet
  facet normal 0 0 1
    outer loop
      vertex -4.74409 1.594 7.5
      vertex -8.71725 2.23821 7.5
      vertex -4.75 1.5 7.5
    endloop
  endfacet
  facet normal 0 0 1
    outer loop
      vertex -4.47807 -2.07788 7.5
      vertex -7.88676 -4.33578 7.5
      vertex -7.28115 -5.29007 7.5
    endloop
  endfacet
  facet normal 0 0 1
    outer loop
      vertex -8.92903 1.128 7.5
      vertex -4.75 1.5 7.5
      vertex -8.71725 2.23821 7.5
    endloop
  endfacet
  facet normal 0 0 1
    outer loop
      vertex -4.65723 -1.86131 7.5
      vertex -8.36799 -3.31312 7.5
      vertex -7.88676 -4.33578 7.5
    endloop
  endfacet
  facet normal 0 0 1
    outer loop
      vertex -4.69733 1.22391 7.5
      vertex -8.92903 1.128 7.5
      vertex -9 0 7.5
    endloop
  endfacet
  facet normal 0 0 1
    outer loop
      vertex -4.72644 -1.68652 7.5
      vertex -8.71725 -2.23821 7.5
      vertex -8.36799 -3.31312 7.5
    endloop
  endfacet
  facet normal 0 0 1
    outer loop
      vertex -4.72644 -1.31348 7.5
      vertex -8.92903 -1.128 7.5
      vertex -4.74409 -1.406 7.5
    endloop
  endfacet
  facet normal 0 0 1
    outer loop
      vertex -4.75 -1.5 7.5
      vertex -8.92903 -1.128 7.5
      vertex -8.71725 -2.23821 7.5
    endloop
  endfacet
  facet normal 0 0 1
    outer loop
      vertex -4.74409 -1.406 7.5
      vertex -8.92903 -1.128 7.5
      vertex -4.75 -1.5 7.5
    endloop
  endfacet
  facet normal -0 0 1
    outer loop
      vertex 4.69733 1.22391 7.5
      vertex 8.92903 1.128 7.5
      vertex 4.72644 1.31348 7.5
    endloop
  endfacet
  facet normal 0 0 1
    outer loop
      vertex 9 0 7.5
      vertex 4.74409 -1.406 7.5
      vertex 4.75 -1.5 7.5
    endloop
  endfacet
  facet normal 0 0 1
    outer loop
      vertex 8.92903 1.128 7.5
      vertex 4.69733 1.22391 7.5
      vertex 9 0 7.5
    endloop
  endfacet
  facet normal 0 0 1
    outer loop
      vertex 9 0 7.5
      vertex 4.72644 -1.31348 7.5
      vertex 4.74409 -1.406 7.5
    endloop
  endfacet
  facet normal -0 0 1
    outer loop
      vertex 4.65723 1.13868 7.5
      vertex 9 0 7.5
      vertex 4.69733 1.22391 7.5
    endloop
  endfacet
  facet normal 0 0 1
    outer loop
      vertex 9 0 7.5
      vertex 4.69733 -1.22391 7.5
      vertex 4.72644 -1.31348 7.5
    endloop
  endfacet
  facet normal 0 0 1
    outer loop
      vertex 4.65723 -1.13868 7.5
      vertex 9 0 7.5
      vertex 4.65723 1.13868 7.5
    endloop
  endfacet
  facet normal 0 0 1
    outer loop
      vertex 9 0 7.5
      vertex 4.65723 -1.13868 7.5
      vertex 4.69733 -1.22391 7.5
    endloop
  endfacet
  facet normal -0 0 1
    outer loop
      vertex 4.60676 1.05916 7.5
      vertex 4.65723 -1.13868 7.5
      vertex 4.65723 1.13868 7.5
    endloop
  endfacet
  facet normal 0 0 1
    outer loop
      vertex 4.60676 1.05916 7.5
      vertex 4.60676 -1.05916 7.5
      vertex 4.65723 -1.13868 7.5
    endloop
  endfacet
  facet normal -0 0 1
    outer loop
      vertex 4.54673 0.986589 7.5
      vertex 4.60676 -1.05916 7.5
      vertex 4.60676 1.05916 7.5
    endloop
  endfacet
  facet normal 0 0 1
    outer loop
      vertex 4.54673 0.986589 7.5
      vertex 4.54673 -0.986589 7.5
      vertex 4.60676 -1.05916 7.5
    endloop
  endfacet
  facet normal -0 0 1
    outer loop
      vertex 4.47807 0.922114 7.5
      vertex 4.54673 -0.986589 7.5
      vertex 4.54673 0.986589 7.5
    endloop
  endfacet
  facet normal 0 0 1
    outer loop
      vertex 4.47807 0.922114 7.5
      vertex 4.47807 -0.922114 7.5
      vertex 4.54673 -0.986589 7.5
    endloop
  endfacet
  facet normal -0 0 1
    outer loop
      vertex 4.40187 0.866754 7.5
      vertex 4.47807 -0.922114 7.5
      vertex 4.47807 0.922114 7.5
    endloop
  endfacet
  facet normal 0 0 1
    outer loop
      vertex 4.40187 0.866754 7.5
      vertex 4.40187 -0.866754 7.5
      vertex 4.47807 -0.922114 7.5
    endloop
  endfacet
  facet normal -0 0 1
    outer loop
      vertex 4.31933 0.82138 7.5
      vertex 4.40187 -0.866754 7.5
      vertex 4.40187 0.866754 7.5
    endloop
  endfacet
  facet normal 0 0 1
    outer loop
      vertex 4.31933 0.82138 7.5
      vertex 4.31933 -0.82138 7.5
      vertex 4.40187 -0.866754 7.5
    endloop
  endfacet
  facet normal -0 0 1
    outer loop
      vertex 4.23176 0.786707 7.5
      vertex 4.31933 -0.82138 7.5
      vertex 4.31933 0.82138 7.5
    endloop
  endfacet
  facet normal 0 0 1
    outer loop
      vertex 4.23176 0.786707 7.5
      vertex 4.23176 -0.786707 7.5
      vertex 4.31933 -0.82138 7.5
    endloop
  endfacet
  facet normal -0 0 1
    outer loop
      vertex 4.14054 0.763284 7.5
      vertex 4.23176 -0.786707 7.5
      vertex 4.23176 0.786707 7.5
    endloop
  endfacet
  facet normal 0 0 1
    outer loop
      vertex 4.14054 0.763284 7.5
      vertex 4.14054 -0.763284 7.5
      vertex 4.23176 -0.786707 7.5
    endloop
  endfacet
  facet normal -0 0 1
    outer loop
      vertex 4.04709 0.751479 7.5
      vertex 4.14054 -0.763284 7.5
      vertex 4.14054 0.763284 7.5
    endloop
  endfacet
  facet normal 0 0 1
    outer loop
      vertex 4.04709 0.751479 7.5
      vertex 4.04709 -0.751479 7.5
      vertex 4.14054 -0.763284 7.5
    endloop
  endfacet
  facet normal -0 0 1
    outer loop
      vertex 3.95291 0.751479 7.5
      vertex 4.04709 -0.751479 7.5
      vertex 4.04709 0.751479 7.5
    endloop
  endfacet
  facet normal 0 0 1
    outer loop
      vertex 3.95291 0.751479 7.5
      vertex 3.95291 -0.751479 7.5
      vertex 4.04709 -0.751479 7.5
    endloop
  endfacet
  facet normal 0 0 1
    outer loop
      vertex 3.85946 0.763284 7.5
      vertex 3.95291 -0.751479 7.5
      vertex 3.95291 0.751479 7.5
    endloop
  endfacet
  facet normal 0 0 1
    outer loop
      vertex 3.85946 0.763284 7.5
      vertex 3.85946 -0.763284 7.5
      vertex 3.95291 -0.751479 7.5
    endloop
  endfacet
  facet normal 0 0 1
    outer loop
      vertex 3.76824 0.786707 7.5
      vertex 3.85946 -0.763284 7.5
      vertex 3.85946 0.763284 7.5
    endloop
  endfacet
  facet normal 0 0 1
    outer loop
      vertex 3.76824 0.786707 7.5
      vertex 3.76824 -0.786707 7.5
      vertex 3.85946 -0.763284 7.5
    endloop
  endfacet
  facet normal 0 0 1
    outer loop
      vertex 3.68067 0.82138 7.5
      vertex 3.76824 -0.786707 7.5
      vertex 3.76824 0.786707 7.5
    endloop
  endfacet
  facet normal 0 0 1
    outer loop
      vertex 3.68067 0.82138 7.5
      vertex 3.68067 -0.82138 7.5
      vertex 3.76824 -0.786707 7.5
    endloop
  endfacet
  facet normal 0 0 1
    outer loop
      vertex 3.59813 0.866754 7.5
      vertex 3.68067 -0.82138 7.5
      vertex 3.68067 0.82138 7.5
    endloop
  endfacet
  facet normal 0 0 1
    outer loop
      vertex 3.59813 0.866754 7.5
      vertex 3.59813 -0.866754 7.5
      vertex 3.68067 -0.82138 7.5
    endloop
  endfacet
  facet normal 0 0 1
    outer loop
      vertex 3.52193 0.922114 7.5
      vertex 3.59813 -0.866754 7.5
      vertex 3.59813 0.866754 7.5
    endloop
  endfacet
  facet normal 0 0 1
    outer loop
      vertex 3.52193 0.922114 7.5
      vertex 3.52193 -0.922114 7.5
      vertex 3.59813 -0.866754 7.5
    endloop
  endfacet
  facet normal 0 0 1
    outer loop
      vertex 3.45327 0.986589 7.5
      vertex 3.52193 -0.922114 7.5
      vertex 3.52193 0.922114 7.5
    endloop
  endfacet
  facet normal 0 0 1
    outer loop
      vertex 3.45327 0.986589 7.5
      vertex 3.45327 -0.986589 7.5
      vertex 3.52193 -0.922114 7.5
    endloop
  endfacet
  facet normal 0 0 1
    outer loop
      vertex 3.39324 1.05916 7.5
      vertex 3.45327 -0.986589 7.5
      vertex 3.45327 0.986589 7.5
    endloop
  endfacet
  facet normal 0 0 1
    outer loop
      vertex 3.39324 1.05916 7.5
      vertex 3.39324 -1.05916 7.5
      vertex 3.45327 -0.986589 7.5
    endloop
  endfacet
  facet normal 0 0 1
    outer loop
      vertex 3.34277 1.13868 7.5
      vertex 3.39324 -1.05916 7.5
      vertex 3.39324 1.05916 7.5
    endloop
  endfacet
  facet normal 0 0 1
    outer loop
      vertex 3.34277 1.13868 7.5
      vertex 3.34277 -1.13868 7.5
      vertex 3.39324 -1.05916 7.5
    endloop
  endfacet
  facet normal 0 0 1
    outer loop
      vertex 3.30267 1.22391 7.5
      vertex 3.34277 -1.13868 7.5
      vertex 3.34277 1.13868 7.5
    endloop
  endfacet
  facet normal 0 0 1
    outer loop
      vertex 3.30267 1.22391 7.5
      vertex 3.30267 -1.22391 7.5
      vertex 3.34277 -1.13868 7.5
    endloop
  endfacet
  facet normal 0 0 1
    outer loop
      vertex 3.25591 1.406 7.5
      vertex -3.25591 1.406 7.5
      vertex 3.27356 1.31348 7.5
    endloop
  endfacet
  facet normal 0 0 1
    outer loop
      vertex -3.27356 1.31348 7.5
      vertex 3.27356 1.31348 7.5
      vertex -3.25591 1.406 7.5
    endloop
  endfacet
  facet normal 0 0 1
    outer loop
      vertex -3.25591 1.406 7.5
      vertex 3.25591 1.406 7.5
      vertex -3.25 1.5 7.5
    endloop
  endfacet
  facet normal 0 0 1
    outer loop
      vertex 3.27356 1.31348 7.5
      vertex -3.27356 1.31348 7.5
      vertex 3.30267 1.22391 7.5
    endloop
  endfacet
  facet normal -0 0 1
    outer loop
      vertex -3.25 1.5 7.5
      vertex 3.25591 1.406 7.5
      vertex 3.25 1.5 7.5
    endloop
  endfacet
  facet normal 0 0 1
    outer loop
      vertex 3.30267 -1.22391 7.5
      vertex -3.25 -1.5 7.5
      vertex 3.27356 -1.31348 7.5
    endloop
  endfacet
  facet normal -0 0 1
    outer loop
      vertex 4.74409 1.406 7.5
      vertex 8.92903 1.128 7.5
      vertex 4.75 1.5 7.5
    endloop
  endfacet
  facet normal -0 0 1
    outer loop
      vertex 4.75 1.5 7.5
      vertex 8.92903 1.128 7.5
      vertex 8.71725 2.23821 7.5
    endloop
  endfacet
  facet normal -0 0 1
    outer loop
      vertex 4.72644 1.31348 7.5
      vertex 8.92903 1.128 7.5
      vertex 4.74409 1.406 7.5
    endloop
  endfacet
  facet normal 0 0 1
    outer loop
      vertex 4.72644 1.68652 7.5
      vertex 8.71725 2.23821 7.5
      vertex 8.36799 3.31312 7.5
    endloop
  endfacet
  facet normal 0 0 1
    outer loop
      vertex 9 0 7.5
      vertex 4.75 -1.5 7.5
      vertex 8.92903 -1.128 7.5
    endloop
  endfacet
  facet normal 0 0 1
    outer loop
      vertex 4.65723 1.86131 7.5
      vertex 8.36799 3.31312 7.5
      vertex 7.88676 4.33578 7.5
    endloop
  endfacet
  facet normal 0 0 1
    outer loop
      vertex 8.92903 -1.128 7.5
      vertex 4.75 -1.5 7.5
      vertex 8.71725 -2.23821 7.5
    endloop
  endfacet
  facet normal 0 0 1
    outer loop
      vertex 4.47807 2.07788 7.5
      vertex 7.88676 4.33578 7.5
      vertex 7.28115 5.29007 7.5
    endloop
  endfacet
  facet normal -0 0 1
    outer loop
      vertex 4.74409 -1.594 7.5
      vertex 8.71725 -2.23821 7.5
      vertex 4.75 -1.5 7.5
    endloop
  endfacet
  facet normal 0 0 1
    outer loop
      vertex 4.31933 2.17862 7.5
      vertex 7.28115 5.29007 7.5
      vertex 6.56072 6.16092 7.5
    endloop
  endfacet
  facet normal -0 0 1
    outer loop
      vertex 4.72644 -1.68652 7.5
      vertex 8.71725 -2.23821 7.5
      vertex 4.74409 -1.594 7.5
    endloop
  endfacet
  facet normal 0 0 1
    outer loop
      vertex 4.14054 2.23672 7.5
      vertex 6.56072 6.16092 7.5
      vertex 5.73682 6.93462 7.5
    endloop
  endfacet
  facet normal 0 0 1
    outer loop
      vertex 8.71725 -2.23821 7.5
      vertex 4.72644 -1.68652 7.5
      vertex 8.36799 -3.31312 7.5
    endloop
  endfacet
  facet normal 0 0 1
    outer loop
      vertex 3.95291 2.24852 7.5
      vertex 5.73682 6.93462 7.5
      vertex 4.82244 7.59895 7.5
    endloop
  endfacet
  facet normal -0 0 1
    outer loop
      vertex 4.69733 -1.77609 7.5
      vertex 8.36799 -3.31312 7.5
      vertex 4.72644 -1.68652 7.5
    endloop
  endfacet
  facet normal -0 0 1
    outer loop
      vertex 4.65723 -1.86131 7.5
      vertex 8.36799 -3.31312 7.5
      vertex 4.69733 -1.77609 7.5
    endloop
  endfacet
  facet normal 0 0 1
    outer loop
      vertex 8.71725 2.23821 7.5
      vertex 4.74409 1.594 7.5
      vertex 4.75 1.5 7.5
    endloop
  endfacet
  facet normal 0 0 1
    outer loop
      vertex 8.71725 2.23821 7.5
      vertex 4.72644 1.68652 7.5
      vertex 4.74409 1.594 7.5
    endloop
  endfacet
  facet normal 0 0 1
    outer loop
      vertex 8.36799 3.31312 7.5
      vertex 4.69733 1.77609 7.5
      vertex 4.72644 1.68652 7.5
    endloop
  endfacet
  facet normal 0 0 1
    outer loop
      vertex 8.36799 3.31312 7.5
      vertex 4.65723 1.86131 7.5
      vertex 4.69733 1.77609 7.5
    endloop
  endfacet
  facet normal 0 0 1
    outer loop
      vertex 7.88676 4.33578 7.5
      vertex 4.60676 1.94084 7.5
      vertex 4.65723 1.86131 7.5
    endloop
  endfacet
  facet normal 0 0 1
    outer loop
      vertex 7.88676 4.33578 7.5
      vertex 4.54673 2.01341 7.5
      vertex 4.60676 1.94084 7.5
    endloop
  endfacet
  facet normal 0 0 1
    outer loop
      vertex 7.88676 4.33578 7.5
      vertex 4.47807 2.07788 7.5
      vertex 4.54673 2.01341 7.5
    endloop
  endfacet
  facet normal 0 0 1
    outer loop
      vertex 7.28115 5.29007 7.5
      vertex 4.40187 2.13325 7.5
      vertex 4.47807 2.07788 7.5
    endloop
  endfacet
  facet normal 0 0 1
    outer loop
      vertex 7.28115 5.29007 7.5
      vertex 4.31933 2.17862 7.5
      vertex 4.40187 2.13325 7.5
    endloop
  endfacet
  facet normal 0 0 1
    outer loop
      vertex 6.56072 6.16092 7.5
      vertex 4.23176 2.21329 7.5
      vertex 4.31933 2.17862 7.5
    endloop
  endfacet
  facet normal 0 0 1
    outer loop
      vertex 6.56072 6.16092 7.5
      vertex 4.14054 2.23672 7.5
      vertex 4.23176 2.21329 7.5
    endloop
  endfacet
  facet normal 0 0 1
    outer loop
      vertex 5.73682 6.93462 7.5
      vertex 4.04709 2.24852 7.5
      vertex 4.14054 2.23672 7.5
    endloop
  endfacet
  facet normal 0 0 1
    outer loop
      vertex 5.73682 6.93462 7.5
      vertex 3.95291 2.24852 7.5
      vertex 4.04709 2.24852 7.5
    endloop
  endfacet
  facet normal 0 0 1
    outer loop
      vertex 4.82244 7.59895 7.5
      vertex 3.85946 2.23672 7.5
      vertex 3.95291 2.24852 7.5
    endloop
  endfacet
  facet normal 0 0 1
    outer loop
      vertex 3.76824 2.21329 7.5
      vertex 4.82244 7.59895 7.5
      vertex 3.83201 8.14344 7.5
    endloop
  endfacet
  facet normal 0 0 1
    outer loop
      vertex 4.82244 7.59895 7.5
      vertex 3.76824 2.21329 7.5
      vertex 3.85946 2.23672 7.5
    endloop
  endfacet
  facet normal 0 0 1
    outer loop
      vertex 3.83201 8.14344 7.5
      vertex 3.68067 2.17862 7.5
      vertex 3.76824 2.21329 7.5
    endloop
  endfacet
  facet normal 0 0 1
    outer loop
      vertex 2.78115 8.55951 7.5
      vertex 3.68067 2.17862 7.5
      vertex 3.83201 8.14344 7.5
    endloop
  endfacet
  facet normal 0 0 1
    outer loop
      vertex 3.68067 2.17862 7.5
      vertex 2.78115 8.55951 7.5
      vertex 3.59813 2.13325 7.5
    endloop
  endfacet
  facet normal 0 0 1
    outer loop
      vertex 3.59813 2.13325 7.5
      vertex 2.78115 8.55951 7.5
      vertex 3.52193 2.07788 7.5
    endloop
  endfacet
  facet normal 0 0 1
    outer loop
      vertex 1.68643 8.84058 7.5
      vertex 3.52193 2.07788 7.5
      vertex 2.78115 8.55951 7.5
    endloop
  endfacet
  facet normal 0 0 1
    outer loop
      vertex 3.52193 2.07788 7.5
      vertex 1.68643 8.84058 7.5
      vertex 3.45327 2.01341 7.5
    endloop
  endfacet
  facet normal 0 0 1
    outer loop
      vertex 0.565114 8.98224 7.5
      vertex 3.45327 2.01341 7.5
      vertex 1.68643 8.84058 7.5
    endloop
  endfacet
  facet normal 0 0 1
    outer loop
      vertex 3.45327 2.01341 7.5
      vertex 0.565114 8.98224 7.5
      vertex 3.39324 1.94084 7.5
    endloop
  endfacet
  facet normal 0 0 1
    outer loop
      vertex -3.39324 1.94084 7.5
      vertex 3.39324 1.94084 7.5
      vertex 0.565114 8.98224 7.5
    endloop
  endfacet
  facet normal 0 0 1
    outer loop
      vertex 3.34277 1.86131 7.5
      vertex -3.34277 1.86131 7.5
      vertex 3.30267 1.77609 7.5
    endloop
  endfacet
  facet normal 0 -0 1
    outer loop
      vertex -3.34277 1.86131 7.5
      vertex 3.34277 1.86131 7.5
      vertex -3.39324 1.94084 7.5
    endloop
  endfacet
  facet normal 0 0 1
    outer loop
      vertex 3.39324 1.94084 7.5
      vertex -3.39324 1.94084 7.5
      vertex 3.34277 1.86131 7.5
    endloop
  endfacet
  facet normal 0 0 1
    outer loop
      vertex 8.36799 -3.31312 7.5
      vertex 4.65723 -1.86131 7.5
      vertex 7.88676 -4.33578 7.5
    endloop
  endfacet
  facet normal -0 0 1
    outer loop
      vertex 4.60676 -1.94084 7.5
      vertex 7.88676 -4.33578 7.5
      vertex 4.65723 -1.86131 7.5
    endloop
  endfacet
  facet normal -0 0 1
    outer loop
      vertex 4.54673 -2.01341 7.5
      vertex 7.88676 -4.33578 7.5
      vertex 4.60676 -1.94084 7.5
    endloop
  endfacet
  facet normal -0 0 1
    outer loop
      vertex 4.47807 -2.07788 7.5
      vertex 7.88676 -4.33578 7.5
      vertex 4.54673 -2.01341 7.5
    endloop
  endfacet
  facet normal 0 0 1
    outer loop
      vertex 7.88676 -4.33578 7.5
      vertex 4.47807 -2.07788 7.5
      vertex 7.28115 -5.29007 7.5
    endloop
  endfacet
  facet normal -0 0 1
    outer loop
      vertex 4.40187 -2.13325 7.5
      vertex 7.28115 -5.29007 7.5
      vertex 4.47807 -2.07788 7.5
    endloop
  endfacet
  facet normal -0 0 1
    outer loop
      vertex 4.31933 -2.17862 7.5
      vertex 7.28115 -5.29007 7.5
      vertex 4.40187 -2.13325 7.5
    endloop
  endfacet
  facet normal 0 0 1
    outer loop
      vertex 7.28115 -5.29007 7.5
      vertex 4.31933 -2.17862 7.5
      vertex 6.56072 -6.16092 7.5
    endloop
  endfacet
  facet normal -0 0 1
    outer loop
      vertex 4.23176 -2.21329 7.5
      vertex 6.56072 -6.16092 7.5
      vertex 4.31933 -2.17862 7.5
    endloop
  endfacet
  facet normal -0 0 1
    outer loop
      vertex 4.14054 -2.23672 7.5
      vertex 6.56072 -6.16092 7.5
      vertex 4.23176 -2.21329 7.5
    endloop
  endfacet
  facet normal 0 0 1
    outer loop
      vertex 6.56072 -6.16092 7.5
      vertex 4.14054 -2.23672 7.5
      vertex 5.73682 -6.93462 7.5
    endloop
  endfacet
  facet normal -0 0 1
    outer loop
      vertex 4.04709 -2.24852 7.5
      vertex 5.73682 -6.93462 7.5
      vertex 4.14054 -2.23672 7.5
    endloop
  endfacet
  facet normal -0 0 1
    outer loop
      vertex 3.95291 -2.24852 7.5
      vertex 5.73682 -6.93462 7.5
      vertex 4.04709 -2.24852 7.5
    endloop
  endfacet
  facet normal 0 0 1
    outer loop
      vertex 5.73682 -6.93462 7.5
      vertex 3.95291 -2.24852 7.5
      vertex 4.82244 -7.59895 7.5
    endloop
  endfacet
  facet normal 0 0 1
    outer loop
      vertex 3.85946 -2.23672 7.5
      vertex 4.82244 -7.59895 7.5
      vertex 3.95291 -2.24852 7.5
    endloop
  endfacet
  facet normal 0 0 1
    outer loop
      vertex 3.76824 -2.21329 7.5
      vertex 4.82244 -7.59895 7.5
      vertex 3.85946 -2.23672 7.5
    endloop
  endfacet
  facet normal 0 0 1
    outer loop
      vertex 4.82244 -7.59895 7.5
      vertex 3.76824 -2.21329 7.5
      vertex 3.83201 -8.14344 7.5
    endloop
  endfacet
  facet normal 0 0 1
    outer loop
      vertex 3.68067 -2.17862 7.5
      vertex 3.83201 -8.14344 7.5
      vertex 3.76824 -2.21329 7.5
    endloop
  endfacet
  facet normal 0 0 1
    outer loop
      vertex 2.78115 -8.55951 7.5
      vertex 3.68067 -2.17862 7.5
      vertex 3.59813 -2.13325 7.5
    endloop
  endfacet
  facet normal 0 0 1
    outer loop
      vertex 2.78115 -8.55951 7.5
      vertex 3.59813 -2.13325 7.5
      vertex 3.52193 -2.07788 7.5
    endloop
  endfacet
  facet normal 0 0 1
    outer loop
      vertex 1.68643 -8.84058 7.5
      vertex 3.52193 -2.07788 7.5
      vertex 3.45327 -2.01341 7.5
    endloop
  endfacet
  facet normal 0 0 1
    outer loop
      vertex 0.565114 -8.98224 7.5
      vertex 3.45327 -2.01341 7.5
      vertex 3.39324 -1.94084 7.5
    endloop
  endfacet
  facet normal 0 0 1
    outer loop
      vertex 3.27356 -1.68652 7.5
      vertex -3.27356 -1.68652 7.5
      vertex 3.30267 -1.77609 7.5
    endloop
  endfacet
  facet normal 0 0 1
    outer loop
      vertex -3.27356 -1.68652 7.5
      vertex 3.27356 -1.68652 7.5
      vertex -3.25591 -1.594 7.5
    endloop
  endfacet
  facet normal 0 0 1
    outer loop
      vertex -3.25591 -1.594 7.5
      vertex 3.25591 -1.594 7.5
      vertex -3.25 -1.5 7.5
    endloop
  endfacet
  facet normal 0 0 1
    outer loop
      vertex 3.25 -1.5 7.5
      vertex -3.25 -1.5 7.5
      vertex 3.25591 -1.594 7.5
    endloop
  endfacet
  facet normal 0 0 1
    outer loop
      vertex 3.68067 -2.17862 7.5
      vertex 2.78115 -8.55951 7.5
      vertex 3.83201 -8.14344 7.5
    endloop
  endfacet
  facet normal 0 0 1
    outer loop
      vertex 3.25591 -1.406 7.5
      vertex -3.25 -1.5 7.5
      vertex 3.25 -1.5 7.5
    endloop
  endfacet
  facet normal 0 -0 1
    outer loop
      vertex -3.25591 1.594 7.5
      vertex 3.25591 1.594 7.5
      vertex -3.27356 1.68652 7.5
    endloop
  endfacet
  facet normal 0 -0 1
    outer loop
      vertex -3.30267 1.77609 7.5
      vertex 3.30267 1.77609 7.5
      vertex -3.34277 1.86131 7.5
    endloop
  endfacet
  facet normal 0 0 1
    outer loop
      vertex 3.25591 -1.594 7.5
      vertex -3.25591 -1.594 7.5
      vertex 3.27356 -1.68652 7.5
    endloop
  endfacet
  facet normal 0 0 1
    outer loop
      vertex 3.30267 1.77609 7.5
      vertex -3.30267 1.77609 7.5
      vertex 3.27356 1.68652 7.5
    endloop
  endfacet
  facet normal 0 0 1
    outer loop
      vertex 3.52193 -2.07788 7.5
      vertex 1.68643 -8.84058 7.5
      vertex 2.78115 -8.55951 7.5
    endloop
  endfacet
  facet normal 0 0 1
    outer loop
      vertex -3.39324 1.94084 7.5
      vertex 0.565114 8.98224 7.5
      vertex -0.565114 8.98224 7.5
    endloop
  endfacet
  facet normal 0 0 1
    outer loop
      vertex 3.45327 -2.01341 7.5
      vertex 0.565114 -8.98224 7.5
      vertex 1.68643 -8.84058 7.5
    endloop
  endfacet
  facet normal 0 0 1
    outer loop
      vertex -3.45327 2.01341 7.5
      vertex -0.565114 8.98224 7.5
      vertex -1.68643 8.84058 7.5
    endloop
  endfacet
  facet normal 0 0 1
    outer loop
      vertex 3.39324 -1.94084 7.5
      vertex -0.565114 -8.98224 7.5
      vertex 0.565114 -8.98224 7.5
    endloop
  endfacet
  facet normal 0 0 1
    outer loop
      vertex -3.52193 2.07788 7.5
      vertex -1.68643 8.84058 7.5
      vertex -2.78115 8.55951 7.5
    endloop
  endfacet
  facet normal 0 0 1
    outer loop
      vertex -3.30267 -1.77609 7.5
      vertex 3.30267 -1.77609 7.5
      vertex -3.27356 -1.68652 7.5
    endloop
  endfacet
  facet normal 0 0 1
    outer loop
      vertex 3.30267 -1.77609 7.5
      vertex -3.30267 -1.77609 7.5
      vertex 3.34277 -1.86131 7.5
    endloop
  endfacet
  facet normal 0 0 1
    outer loop
      vertex 3.27356 -1.31348 7.5
      vertex -3.25 -1.5 7.5
      vertex 3.25591 -1.406 7.5
    endloop
  endfacet
  facet normal 0 -0 1
    outer loop
      vertex -3.25 1.5 7.5
      vertex 3.25 1.5 7.5
      vertex -3.25591 1.594 7.5
    endloop
  endfacet
  facet normal 0 0 1
    outer loop
      vertex 3.25591 1.594 7.5
      vertex -3.25591 1.594 7.5
      vertex 3.25 1.5 7.5
    endloop
  endfacet
  facet normal 0 0 1
    outer loop
      vertex 3.27356 1.68652 7.5
      vertex -3.27356 1.68652 7.5
      vertex 3.25591 1.594 7.5
    endloop
  endfacet
  facet normal 0 -0 1
    outer loop
      vertex -3.27356 1.68652 7.5
      vertex 3.27356 1.68652 7.5
      vertex -3.30267 1.77609 7.5
    endloop
  endfacet
  facet normal 0 0 1
    outer loop
      vertex -0.565114 8.98224 7.5
      vertex -3.45327 2.01341 7.5
      vertex -3.39324 1.94084 7.5
    endloop
  endfacet
  facet normal 0 0 1
    outer loop
      vertex -1.68643 8.84058 7.5
      vertex -3.52193 2.07788 7.5
      vertex -3.45327 2.01341 7.5
    endloop
  endfacet
  facet normal 0 0 1
    outer loop
      vertex -2.78115 8.55951 7.5
      vertex -3.59813 2.13325 7.5
      vertex -3.52193 2.07788 7.5
    endloop
  endfacet
  facet normal 0 0 1
    outer loop
      vertex -2.78115 8.55951 7.5
      vertex -3.68067 2.17862 7.5
      vertex -3.59813 2.13325 7.5
    endloop
  endfacet
  facet normal -0 0 1
    outer loop
      vertex -3.83201 8.14344 7.5
      vertex -3.68067 2.17862 7.5
      vertex -2.78115 8.55951 7.5
    endloop
  endfacet
  facet normal 0 0 1
    outer loop
      vertex -3.68067 2.17862 7.5
      vertex -3.83201 8.14344 7.5
      vertex -3.76824 2.21329 7.5
    endloop
  endfacet
  facet normal -0 0 1
    outer loop
      vertex -4.82244 7.59895 7.5
      vertex -3.76824 2.21329 7.5
      vertex -3.83201 8.14344 7.5
    endloop
  endfacet
  facet normal 0 0 1
    outer loop
      vertex -3.76824 2.21329 7.5
      vertex -4.82244 7.59895 7.5
      vertex -3.85946 2.23672 7.5
    endloop
  endfacet
  facet normal 0 0 1
    outer loop
      vertex -3.85946 2.23672 7.5
      vertex -4.82244 7.59895 7.5
      vertex -3.95291 2.24852 7.5
    endloop
  endfacet
  facet normal -0 0 1
    outer loop
      vertex -5.73682 6.93462 7.5
      vertex -3.95291 2.24852 7.5
      vertex -4.82244 7.59895 7.5
    endloop
  endfacet
  facet normal 0 0 1
    outer loop
      vertex -3.95291 2.24852 7.5
      vertex -5.73682 6.93462 7.5
      vertex -4.04709 2.24852 7.5
    endloop
  endfacet
  facet normal 0 0 1
    outer loop
      vertex -4.04709 2.24852 7.5
      vertex -5.73682 6.93462 7.5
      vertex -4.14054 2.23672 7.5
    endloop
  endfacet
  facet normal -0 0 1
    outer loop
      vertex -6.56072 6.16092 7.5
      vertex -4.14054 2.23672 7.5
      vertex -5.73682 6.93462 7.5
    endloop
  endfacet
  facet normal 0 0 1
    outer loop
      vertex -4.14054 2.23672 7.5
      vertex -6.56072 6.16092 7.5
      vertex -4.23176 2.21329 7.5
    endloop
  endfacet
  facet normal 0 0 1
    outer loop
      vertex -4.23176 2.21329 7.5
      vertex -6.56072 6.16092 7.5
      vertex -4.31933 2.17862 7.5
    endloop
  endfacet
  facet normal -0 0 1
    outer loop
      vertex -7.28115 5.29007 7.5
      vertex -4.31933 2.17862 7.5
      vertex -6.56072 6.16092 7.5
    endloop
  endfacet
  facet normal 0 0 1
    outer loop
      vertex -4.31933 2.17862 7.5
      vertex -7.28115 5.29007 7.5
      vertex -4.40187 2.13325 7.5
    endloop
  endfacet
  facet normal 0 0 1
    outer loop
      vertex -4.40187 2.13325 7.5
      vertex -7.28115 5.29007 7.5
      vertex -4.47807 2.07788 7.5
    endloop
  endfacet
  facet normal -0 0 1
    outer loop
      vertex -7.88676 4.33578 7.5
      vertex -4.47807 2.07788 7.5
      vertex -7.28115 5.29007 7.5
    endloop
  endfacet
  facet normal 0 0 1
    outer loop
      vertex -4.47807 2.07788 7.5
      vertex -7.88676 4.33578 7.5
      vertex -4.54673 2.01341 7.5
    endloop
  endfacet
  facet normal -0 0 1
    outer loop
      vertex -8.36799 3.31312 7.5
      vertex -4.65723 1.86131 7.5
      vertex -7.88676 4.33578 7.5
    endloop
  endfacet
  facet normal 0 0 1
    outer loop
      vertex -4.60676 1.94084 7.5
      vertex -7.88676 4.33578 7.5
      vertex -4.65723 1.86131 7.5
    endloop
  endfacet
  facet normal 0 0 1
    outer loop
      vertex -4.54673 2.01341 7.5
      vertex -7.88676 4.33578 7.5
      vertex -4.60676 1.94084 7.5
    endloop
  endfacet
  facet normal 0.951056 -0.309017 0
    outer loop
      vertex 8.36799 -3.31312 7.5
      vertex 8.71725 -2.23821 -7.5
      vertex 8.71725 -2.23821 7.5
    endloop
  endfacet
  facet normal 0.951056 -0.309017 0
    outer loop
      vertex 8.71725 -2.23821 -7.5
      vertex 8.36799 -3.31312 7.5
      vertex 8.36799 -3.31312 -7.5
    endloop
  endfacet
  facet normal -0.951056 0.309017 0
    outer loop
      vertex -8.71725 2.23821 -7.5
      vertex -8.36799 3.31312 7.5
      vertex -8.36799 3.31312 -7.5
    endloop
  endfacet
  facet normal -0.951056 0.309017 0
    outer loop
      vertex -8.36799 3.31312 7.5
      vertex -8.71725 2.23821 -7.5
      vertex -8.71725 2.23821 7.5
    endloop
  endfacet
  facet normal 0.125337 -0.992114 0
    outer loop
      vertex 0.565114 -8.98224 -7.5
      vertex 1.68643 -8.84058 7.5
      vertex 0.565114 -8.98224 7.5
    endloop
  endfacet
  facet normal 0.125337 -0.992114 0
    outer loop
      vertex 1.68643 -8.84058 7.5
      vertex 0.565114 -8.98224 -7.5
      vertex 1.68643 -8.84058 -7.5
    endloop
  endfacet
  facet normal -0.481751 0.876308 0
    outer loop
      vertex -3.83201 8.14344 -7.5
      vertex -4.82244 7.59895 7.5
      vertex -3.83201 8.14344 7.5
    endloop
  endfacet
  facet normal -0.481751 0.876308 0
    outer loop
      vertex -4.82244 7.59895 7.5
      vertex -3.83201 8.14344 -7.5
      vertex -4.82244 7.59895 -7.5
    endloop
  endfacet
  facet normal -0.998027 0.0627925 0
    outer loop
      vertex -9 0 -7.5
      vertex -8.92903 1.128 7.5
      vertex -8.92903 1.128 -7.5
    endloop
  endfacet
  facet normal -0.998027 0.0627925 0
    outer loop
      vertex -8.92903 1.128 7.5
      vertex -9 0 -7.5
      vertex -9 0 7.5
    endloop
  endfacet
  facet normal 0.587782 0.80902 -0
    outer loop
      vertex 5.73682 6.93462 -7.5
      vertex 4.82244 7.59895 7.5
      vertex 5.73682 6.93462 7.5
    endloop
  endfacet
  facet normal 0.587782 0.80902 0
    outer loop
      vertex 4.82244 7.59895 7.5
      vertex 5.73682 6.93462 -7.5
      vertex 4.82244 7.59895 -7.5
    endloop
  endfacet
  facet normal 0.248685 -0.968585 0
    outer loop
      vertex 1.68643 -8.84058 -7.5
      vertex 2.78115 -8.55951 7.5
      vertex 1.68643 -8.84058 7.5
    endloop
  endfacet
  facet normal 0.248685 -0.968585 0
    outer loop
      vertex 2.78115 -8.55951 7.5
      vertex 1.68643 -8.84058 -7.5
      vertex 2.78115 -8.55951 -7.5
    endloop
  endfacet
  facet normal -0.904826 -0.425781 0
    outer loop
      vertex -7.88676 -4.33578 -7.5
      vertex -8.36799 -3.31312 7.5
      vertex -8.36799 -3.31312 -7.5
    endloop
  endfacet
  facet normal -0.904826 -0.425781 0
    outer loop
      vertex -8.36799 -3.31312 7.5
      vertex -7.88676 -4.33578 -7.5
      vertex -7.88676 -4.33578 7.5
    endloop
  endfacet
  facet normal -0.844328 -0.535826 0
    outer loop
      vertex -7.28115 -5.29007 -7.5
      vertex -7.88676 -4.33578 7.5
      vertex -7.88676 -4.33578 -7.5
    endloop
  endfacet
  facet normal -0.844328 -0.535826 0
    outer loop
      vertex -7.88676 -4.33578 7.5
      vertex -7.28115 -5.29007 -7.5
      vertex -7.28115 -5.29007 7.5
    endloop
  endfacet
  facet normal -0.68455 0.728966 0
    outer loop
      vertex -5.73682 6.93462 -7.5
      vertex -6.56072 6.16092 7.5
      vertex -5.73682 6.93462 7.5
    endloop
  endfacet
  facet normal -0.68455 0.728966 0
    outer loop
      vertex -6.56072 6.16092 7.5
      vertex -5.73682 6.93462 -7.5
      vertex -6.56072 6.16092 -7.5
    endloop
  endfacet
  facet normal 0.68455 0.728966 -0
    outer loop
      vertex 6.56072 6.16092 -7.5
      vertex 5.73682 6.93462 7.5
      vertex 6.56072 6.16092 7.5
    endloop
  endfacet
  facet normal 0.68455 0.728966 0
    outer loop
      vertex 5.73682 6.93462 7.5
      vertex 6.56072 6.16092 -7.5
      vertex 5.73682 6.93462 -7.5
    endloop
  endfacet
  facet normal -0.125337 0.992114 0
    outer loop
      vertex -0.565114 8.98224 -7.5
      vertex -1.68643 8.84058 7.5
      vertex -0.565114 8.98224 7.5
    endloop
  endfacet
  facet normal -0.125337 0.992114 0
    outer loop
      vertex -1.68643 8.84058 7.5
      vertex -0.565114 8.98224 -7.5
      vertex -1.68643 8.84058 -7.5
    endloop
  endfacet
  facet normal 0.904826 -0.425781 0
    outer loop
      vertex 7.88676 -4.33578 7.5
      vertex 8.36799 -3.31312 -7.5
      vertex 8.36799 -3.31312 7.5
    endloop
  endfacet
  facet normal 0.904826 -0.425781 0
    outer loop
      vertex 8.36799 -3.31312 -7.5
      vertex 7.88676 -4.33578 7.5
      vertex 7.88676 -4.33578 -7.5
    endloop
  endfacet
  facet normal 0.982288 -0.187378 0
    outer loop
      vertex 8.71725 -2.23821 7.5
      vertex 8.92903 -1.128 -7.5
      vertex 8.92903 -1.128 7.5
    endloop
  endfacet
  facet normal 0.982288 -0.187378 0
    outer loop
      vertex 8.92903 -1.128 -7.5
      vertex 8.71725 -2.23821 7.5
      vertex 8.71725 -2.23821 -7.5
    endloop
  endfacet
  facet normal -0.368128 0.929775 0
    outer loop
      vertex -2.78115 8.55951 -7.5
      vertex -3.83201 8.14344 7.5
      vertex -2.78115 8.55951 7.5
    endloop
  endfacet
  facet normal -0.368128 0.929775 0
    outer loop
      vertex -3.83201 8.14344 7.5
      vertex -2.78115 8.55951 -7.5
      vertex -3.83201 8.14344 -7.5
    endloop
  endfacet
  facet normal -0.587782 -0.80902 0
    outer loop
      vertex -5.73682 -6.93462 -7.5
      vertex -4.82244 -7.59895 7.5
      vertex -5.73682 -6.93462 7.5
    endloop
  endfacet
  facet normal -0.587782 -0.80902 -0
    outer loop
      vertex -4.82244 -7.59895 7.5
      vertex -5.73682 -6.93462 -7.5
      vertex -4.82244 -7.59895 -7.5
    endloop
  endfacet
  facet normal -0.982288 -0.187378 0
    outer loop
      vertex -8.71725 -2.23821 -7.5
      vertex -8.92903 -1.128 7.5
      vertex -8.92903 -1.128 -7.5
    endloop
  endfacet
  facet normal -0.982288 -0.187378 0
    outer loop
      vertex -8.92903 -1.128 7.5
      vertex -8.71725 -2.23821 -7.5
      vertex -8.71725 -2.23821 7.5
    endloop
  endfacet
  facet normal -0.68455 -0.728966 0
    outer loop
      vertex -6.56072 -6.16092 -7.5
      vertex -5.73682 -6.93462 7.5
      vertex -6.56072 -6.16092 7.5
    endloop
  endfacet
  facet normal -0.68455 -0.728966 -0
    outer loop
      vertex -5.73682 -6.93462 7.5
      vertex -6.56072 -6.16092 -7.5
      vertex -5.73682 -6.93462 -7.5
    endloop
  endfacet
  facet normal -0.770513 -0.637424 0
    outer loop
      vertex -6.56072 -6.16092 -7.5
      vertex -7.28115 -5.29007 7.5
      vertex -7.28115 -5.29007 -7.5
    endloop
  endfacet
  facet normal -0.770513 -0.637424 0
    outer loop
      vertex -7.28115 -5.29007 7.5
      vertex -6.56072 -6.16092 -7.5
      vertex -6.56072 -6.16092 7.5
    endloop
  endfacet
  facet normal 0 -1 0
    outer loop
      vertex -0.565114 -8.98224 -7.5
      vertex 0.565114 -8.98224 7.5
      vertex -0.565114 -8.98224 7.5
    endloop
  endfacet
  facet normal 0 -1 -0
    outer loop
      vertex 0.565114 -8.98224 7.5
      vertex -0.565114 -8.98224 -7.5
      vertex 0.565114 -8.98224 -7.5
    endloop
  endfacet
  facet normal 0.248685 0.968585 -0
    outer loop
      vertex 2.78115 8.55951 -7.5
      vertex 1.68643 8.84058 7.5
      vertex 2.78115 8.55951 7.5
    endloop
  endfacet
  facet normal 0.248685 0.968585 0
    outer loop
      vertex 1.68643 8.84058 7.5
      vertex 2.78115 8.55951 -7.5
      vertex 1.68643 8.84058 -7.5
    endloop
  endfacet
  facet normal 0.844328 -0.535826 0
    outer loop
      vertex 7.28115 -5.29007 7.5
      vertex 7.88676 -4.33578 -7.5
      vertex 7.88676 -4.33578 7.5
    endloop
  endfacet
  facet normal 0.844328 -0.535826 0
    outer loop
      vertex 7.88676 -4.33578 -7.5
      vertex 7.28115 -5.29007 7.5
      vertex 7.28115 -5.29007 -7.5
    endloop
  endfacet
  facet normal 0.125337 0.992114 -0
    outer loop
      vertex 1.68643 8.84058 -7.5
      vertex 0.565114 8.98224 7.5
      vertex 1.68643 8.84058 7.5
    endloop
  endfacet
  facet normal 0.125337 0.992114 0
    outer loop
      vertex 0.565114 8.98224 7.5
      vertex 1.68643 8.84058 -7.5
      vertex 0.565114 8.98224 -7.5
    endloop
  endfacet
  facet normal -0.844328 0.535826 0
    outer loop
      vertex -7.88676 4.33578 -7.5
      vertex -7.28115 5.29007 7.5
      vertex -7.28115 5.29007 -7.5
    endloop
  endfacet
  facet normal -0.844328 0.535826 0
    outer loop
      vertex -7.28115 5.29007 7.5
      vertex -7.88676 4.33578 -7.5
      vertex -7.88676 4.33578 7.5
    endloop
  endfacet
  facet normal -0.587782 0.80902 0
    outer loop
      vertex -4.82244 7.59895 -7.5
      vertex -5.73682 6.93462 7.5
      vertex -4.82244 7.59895 7.5
    endloop
  endfacet
  facet normal -0.587782 0.80902 0
    outer loop
      vertex -5.73682 6.93462 7.5
      vertex -4.82244 7.59895 -7.5
      vertex -5.73682 6.93462 -7.5
    endloop
  endfacet
  facet normal 0.481751 -0.876308 0
    outer loop
      vertex 3.83201 -8.14344 -7.5
      vertex 4.82244 -7.59895 7.5
      vertex 3.83201 -8.14344 7.5
    endloop
  endfacet
  facet normal 0.481751 -0.876308 0
    outer loop
      vertex 4.82244 -7.59895 7.5
      vertex 3.83201 -8.14344 -7.5
      vertex 4.82244 -7.59895 -7.5
    endloop
  endfacet
  facet normal -0.248685 -0.968585 0
    outer loop
      vertex -2.78115 -8.55951 -7.5
      vertex -1.68643 -8.84058 7.5
      vertex -2.78115 -8.55951 7.5
    endloop
  endfacet
  facet normal -0.248685 -0.968585 -0
    outer loop
      vertex -1.68643 -8.84058 7.5
      vertex -2.78115 -8.55951 -7.5
      vertex -1.68643 -8.84058 -7.5
    endloop
  endfacet
  facet normal 0.951056 0.309017 0
    outer loop
      vertex 8.71725 2.23821 7.5
      vertex 8.36799 3.31312 -7.5
      vertex 8.36799 3.31312 7.5
    endloop
  endfacet
  facet normal 0.951056 0.309017 0
    outer loop
      vertex 8.36799 3.31312 -7.5
      vertex 8.71725 2.23821 7.5
      vertex 8.71725 2.23821 -7.5
    endloop
  endfacet
  facet normal -0.248685 0.968585 0
    outer loop
      vertex -1.68643 8.84058 -7.5
      vertex -2.78115 8.55951 7.5
      vertex -1.68643 8.84058 7.5
    endloop
  endfacet
  facet normal -0.248685 0.968585 0
    outer loop
      vertex -2.78115 8.55951 7.5
      vertex -1.68643 8.84058 -7.5
      vertex -2.78115 8.55951 -7.5
    endloop
  endfacet
  facet normal -0.998027 -0.0627925 0
    outer loop
      vertex -8.92903 -1.128 -7.5
      vertex -9 0 7.5
      vertex -9 0 -7.5
    endloop
  endfacet
  facet normal -0.998027 -0.0627925 0
    outer loop
      vertex -9 0 7.5
      vertex -8.92903 -1.128 -7.5
      vertex -8.92903 -1.128 7.5
    endloop
  endfacet
  facet normal -0.904826 0.425781 0
    outer loop
      vertex -8.36799 3.31312 -7.5
      vertex -7.88676 4.33578 7.5
      vertex -7.88676 4.33578 -7.5
    endloop
  endfacet
  facet normal -0.904826 0.425781 0
    outer loop
      vertex -7.88676 4.33578 7.5
      vertex -8.36799 3.31312 -7.5
      vertex -8.36799 3.31312 7.5
    endloop
  endfacet
  facet normal -0.951056 -0.309017 0
    outer loop
      vertex -8.36799 -3.31312 -7.5
      vertex -8.71725 -2.23821 7.5
      vertex -8.71725 -2.23821 -7.5
    endloop
  endfacet
  facet normal -0.951056 -0.309017 0
    outer loop
      vertex -8.71725 -2.23821 7.5
      vertex -8.36799 -3.31312 -7.5
      vertex -8.36799 -3.31312 7.5
    endloop
  endfacet
  facet normal 0.68455 -0.728966 0
    outer loop
      vertex 5.73682 -6.93462 -7.5
      vertex 6.56072 -6.16092 7.5
      vertex 5.73682 -6.93462 7.5
    endloop
  endfacet
  facet normal 0.68455 -0.728966 0
    outer loop
      vertex 6.56072 -6.16092 7.5
      vertex 5.73682 -6.93462 -7.5
      vertex 6.56072 -6.16092 -7.5
    endloop
  endfacet
  facet normal -0.125337 -0.992114 0
    outer loop
      vertex -1.68643 -8.84058 -7.5
      vertex -0.565114 -8.98224 7.5
      vertex -1.68643 -8.84058 7.5
    endloop
  endfacet
  facet normal -0.125337 -0.992114 -0
    outer loop
      vertex -0.565114 -8.98224 7.5
      vertex -1.68643 -8.84058 -7.5
      vertex -0.565114 -8.98224 -7.5
    endloop
  endfacet
  facet normal -0.770513 0.637424 0
    outer loop
      vertex -7.28115 5.29007 -7.5
      vertex -6.56072 6.16092 7.5
      vertex -6.56072 6.16092 -7.5
    endloop
  endfacet
  facet normal -0.770513 0.637424 0
    outer loop
      vertex -6.56072 6.16092 7.5
      vertex -7.28115 5.29007 -7.5
      vertex -7.28115 5.29007 7.5
    endloop
  endfacet
  facet normal 0 1 -0
    outer loop
      vertex 0.565114 8.98224 -7.5
      vertex -0.565114 8.98224 7.5
      vertex 0.565114 8.98224 7.5
    endloop
  endfacet
  facet normal 0 1 0
    outer loop
      vertex -0.565114 8.98224 7.5
      vertex 0.565114 8.98224 -7.5
      vertex -0.565114 8.98224 -7.5
    endloop
  endfacet
  facet normal 0.770513 -0.637424 0
    outer loop
      vertex 6.56072 -6.16092 7.5
      vertex 7.28115 -5.29007 -7.5
      vertex 7.28115 -5.29007 7.5
    endloop
  endfacet
  facet normal 0.770513 -0.637424 0
    outer loop
      vertex 7.28115 -5.29007 -7.5
      vertex 6.56072 -6.16092 7.5
      vertex 6.56072 -6.16092 -7.5
    endloop
  endfacet
  facet normal -0.982288 0.187378 0
    outer loop
      vertex -8.92903 1.128 -7.5
      vertex -8.71725 2.23821 7.5
      vertex -8.71725 2.23821 -7.5
    endloop
  endfacet
  facet normal -0.982288 0.187378 0
    outer loop
      vertex -8.71725 2.23821 7.5
      vertex -8.92903 1.128 -7.5
      vertex -8.92903 1.128 7.5
    endloop
  endfacet
  facet normal -0.368128 -0.929775 0
    outer loop
      vertex -3.83201 -8.14344 -7.5
      vertex -2.78115 -8.55951 7.5
      vertex -3.83201 -8.14344 7.5
    endloop
  endfacet
  facet normal -0.368128 -0.929775 -0
    outer loop
      vertex -2.78115 -8.55951 7.5
      vertex -3.83201 -8.14344 -7.5
      vertex -2.78115 -8.55951 -7.5
    endloop
  endfacet
  facet normal 0.248776 -0.968561 0
    outer loop
      vertex 3.76824 2.21329 -7.5
      vertex 3.85946 2.23672 7.5
      vertex 3.76824 2.21329 7.5
    endloop
  endfacet
  facet normal 0.248776 -0.968561 0
    outer loop
      vertex 3.85946 2.23672 7.5
      vertex 3.76824 2.21329 -7.5
      vertex 3.85946 2.23672 -7.5
    endloop
  endfacet
  facet normal -0.982286 -0.18739 0
    outer loop
      vertex 4.74409 1.594 -7.5
      vertex 4.72644 1.68652 7.5
      vertex 4.72644 1.68652 -7.5
    endloop
  endfacet
  facet normal -0.982286 -0.18739 0
    outer loop
      vertex 4.72644 1.68652 7.5
      vertex 4.74409 1.594 -7.5
      vertex 4.74409 1.594 7.5
    endloop
  endfacet
  facet normal -0.998029 -0.0627484 0
    outer loop
      vertex 4.75 1.5 -7.5
      vertex 4.74409 1.594 7.5
      vertex 4.74409 1.594 -7.5
    endloop
  endfacet
  facet normal -0.998029 -0.0627484 0
    outer loop
      vertex 4.74409 1.594 7.5
      vertex 4.75 1.5 -7.5
      vertex 4.75 1.5 7.5
    endloop
  endfacet
  facet normal -0.998029 0.0627484 0
    outer loop
      vertex 4.74409 1.406 -7.5
      vertex 4.75 1.5 7.5
      vertex 4.75 1.5 -7.5
    endloop
  endfacet
  facet normal -0.998029 0.0627484 0
    outer loop
      vertex 4.75 1.5 7.5
      vertex 4.74409 1.406 -7.5
      vertex 4.74409 1.406 7.5
    endloop
  endfacet
  facet normal -0.684513 -0.729001 0
    outer loop
      vertex 4.47807 2.07788 -7.5
      vertex 4.54673 2.01341 7.5
      vertex 4.47807 2.07788 7.5
    endloop
  endfacet
  facet normal -0.684513 -0.729001 -0
    outer loop
      vertex 4.54673 2.01341 7.5
      vertex 4.47807 2.07788 -7.5
      vertex 4.54673 2.01341 -7.5
    endloop
  endfacet
  facet normal -0.844304 0.535865 0
    outer loop
      vertex 4.60676 1.05916 -7.5
      vertex 4.65723 1.13868 7.5
      vertex 4.65723 1.13868 -7.5
    endloop
  endfacet
  facet normal -0.844304 0.535865 0
    outer loop
      vertex 4.65723 1.13868 7.5
      vertex 4.60676 1.05916 -7.5
      vertex 4.60676 1.05916 7.5
    endloop
  endfacet
  facet normal 0.770544 0.637386 0
    outer loop
      vertex 3.45327 0.986589 7.5
      vertex 3.39324 1.05916 -7.5
      vertex 3.39324 1.05916 7.5
    endloop
  endfacet
  facet normal 0.770544 0.637386 0
    outer loop
      vertex 3.39324 1.05916 -7.5
      vertex 3.45327 0.986589 7.5
      vertex 3.45327 0.986589 -7.5
    endloop
  endfacet
  facet normal -0.587768 0.80903 0
    outer loop
      vertex 4.47807 0.922114 -7.5
      vertex 4.40187 0.866754 7.5
      vertex 4.47807 0.922114 7.5
    endloop
  endfacet
  facet normal -0.587768 0.80903 0
    outer loop
      vertex 4.40187 0.866754 7.5
      vertex 4.47807 0.922114 -7.5
      vertex 4.40187 0.866754 -7.5
    endloop
  endfacet
  facet normal 0.904852 0.425725 0
    outer loop
      vertex 3.34277 1.13868 7.5
      vertex 3.30267 1.22391 -7.5
      vertex 3.30267 1.22391 7.5
    endloop
  endfacet
  facet normal 0.904852 0.425725 0
    outer loop
      vertex 3.30267 1.22391 -7.5
      vertex 3.34277 1.13868 7.5
      vertex 3.34277 1.13868 -7.5
    endloop
  endfacet
  facet normal 0.481699 -0.876337 0
    outer loop
      vertex 3.59813 2.13325 -7.5
      vertex 3.68067 2.17862 7.5
      vertex 3.59813 2.13325 7.5
    endloop
  endfacet
  facet normal 0.481699 -0.876337 0
    outer loop
      vertex 3.68067 2.17862 7.5
      vertex 3.59813 2.13325 -7.5
      vertex 3.68067 2.17862 -7.5
    endloop
  endfacet
  facet normal 0.481731 0.876319 -0
    outer loop
      vertex 3.68067 0.82138 -7.5
      vertex 3.59813 0.866754 7.5
      vertex 3.68067 0.82138 7.5
    endloop
  endfacet
  facet normal 0.481731 0.876319 0
    outer loop
      vertex 3.59813 0.866754 7.5
      vertex 3.68067 0.82138 -7.5
      vertex 3.59813 0.866754 -7.5
    endloop
  endfacet
  facet normal -0.125328 0.992115 0
    outer loop
      vertex 4.14054 0.763284 -7.5
      vertex 4.04709 0.751479 7.5
      vertex 4.14054 0.763284 7.5
    endloop
  endfacet
  facet normal -0.125328 0.992115 0
    outer loop
      vertex 4.04709 0.751479 7.5
      vertex 4.14054 0.763284 -7.5
      vertex 4.04709 0.751479 -7.5
    endloop
  endfacet
  facet normal 0.587837 -0.808979 0
    outer loop
      vertex 3.52193 2.07788 -7.5
      vertex 3.59813 2.13325 7.5
      vertex 3.52193 2.07788 7.5
    endloop
  endfacet
  facet normal 0.587837 -0.808979 0
    outer loop
      vertex 3.59813 2.13325 7.5
      vertex 3.52193 2.07788 -7.5
      vertex 3.59813 2.13325 -7.5
    endloop
  endfacet
  facet normal -0.904833 -0.425766 0
    outer loop
      vertex 4.69733 1.77609 -7.5
      vertex 4.65723 1.86131 7.5
      vertex 4.65723 1.86131 -7.5
    endloop
  endfacet
  facet normal -0.904833 -0.425766 0
    outer loop
      vertex 4.65723 1.86131 7.5
      vertex 4.69733 1.77609 -7.5
      vertex 4.69733 1.77609 7.5
    endloop
  endfacet
  facet normal 0.951035 -0.309084 0
    outer loop
      vertex 3.27356 1.68652 7.5
      vertex 3.30267 1.77609 -7.5
      vertex 3.30267 1.77609 7.5
    endloop
  endfacet
  facet normal 0.951035 -0.309084 0
    outer loop
      vertex 3.30267 1.77609 -7.5
      vertex 3.27356 1.68652 7.5
      vertex 3.27356 1.68652 -7.5
    endloop
  endfacet
  facet normal -0.248707 0.968579 0
    outer loop
      vertex 4.23176 0.786707 -7.5
      vertex 4.14054 0.763284 7.5
      vertex 4.23176 0.786707 7.5
    endloop
  endfacet
  facet normal -0.248707 0.968579 0
    outer loop
      vertex 4.14054 0.763284 7.5
      vertex 4.23176 0.786707 -7.5
      vertex 4.14054 0.763284 -7.5
    endloop
  endfacet
  facet normal -0.368139 0.929771 0
    outer loop
      vertex 4.31933 0.82138 -7.5
      vertex 4.23176 0.786707 7.5
      vertex 4.31933 0.82138 7.5
    endloop
  endfacet
  facet normal -0.368139 0.929771 0
    outer loop
      vertex 4.23176 0.786707 7.5
      vertex 4.31933 0.82138 -7.5
      vertex 4.23176 0.786707 -7.5
    endloop
  endfacet
  facet normal 0.998029 0.0627484 0
    outer loop
      vertex 3.25591 1.406 7.5
      vertex 3.25 1.5 -7.5
      vertex 3.25 1.5 7.5
    endloop
  endfacet
  facet normal 0.998029 0.0627484 0
    outer loop
      vertex 3.25 1.5 -7.5
      vertex 3.25591 1.406 7.5
      vertex 3.25591 1.406 -7.5
    endloop
  endfacet
  facet normal -0.844334 -0.535817 0
    outer loop
      vertex 4.65723 1.86131 -7.5
      vertex 4.60676 1.94084 7.5
      vertex 4.60676 1.94084 -7.5
    endloop
  endfacet
  facet normal -0.844334 -0.535817 0
    outer loop
      vertex 4.60676 1.94084 7.5
      vertex 4.65723 1.86131 -7.5
      vertex 4.65723 1.86131 7.5
    endloop
  endfacet
  facet normal -0.684541 0.728974 0
    outer loop
      vertex 4.54673 0.986589 -7.5
      vertex 4.47807 0.922114 7.5
      vertex 4.54673 0.986589 7.5
    endloop
  endfacet
  facet normal -0.684541 0.728974 0
    outer loop
      vertex 4.47807 0.922114 7.5
      vertex 4.54673 0.986589 -7.5
      vertex 4.47807 0.922114 -7.5
    endloop
  endfacet
  facet normal 0.684541 0.728974 -0
    outer loop
      vertex 3.52193 0.922114 -7.5
      vertex 3.45327 0.986589 7.5
      vertex 3.52193 0.922114 7.5
    endloop
  endfacet
  facet normal 0.684541 0.728974 0
    outer loop
      vertex 3.45327 0.986589 7.5
      vertex 3.52193 0.922114 -7.5
      vertex 3.45327 0.986589 -7.5
    endloop
  endfacet
  facet normal 0.125328 0.992115 -0
    outer loop
      vertex 3.95291 0.751479 -7.5
      vertex 3.85946 0.763284 7.5
      vertex 3.95291 0.751479 7.5
    endloop
  endfacet
  facet normal 0.125328 0.992115 0
    outer loop
      vertex 3.85946 0.763284 7.5
      vertex 3.95291 0.751479 -7.5
      vertex 3.85946 0.763284 -7.5
    endloop
  endfacet
  facet normal -0.951035 0.309084 0
    outer loop
      vertex 4.69733 1.22391 -7.5
      vertex 4.72644 1.31348 7.5
      vertex 4.72644 1.31348 -7.5
    endloop
  endfacet
  facet normal -0.951035 0.309084 0
    outer loop
      vertex 4.72644 1.31348 7.5
      vertex 4.69733 1.22391 -7.5
      vertex 4.69733 1.22391 7.5
    endloop
  endfacet
  facet normal -0.587837 -0.808979 0
    outer loop
      vertex 4.40187 2.13325 -7.5
      vertex 4.47807 2.07788 7.5
      vertex 4.40187 2.13325 7.5
    endloop
  endfacet
  facet normal -0.587837 -0.808979 -0
    outer loop
      vertex 4.47807 2.07788 7.5
      vertex 4.40187 2.13325 -7.5
      vertex 4.47807 2.07788 -7.5
    endloop
  endfacet
  facet normal 0.982286 -0.18739 0
    outer loop
      vertex 3.25591 1.594 7.5
      vertex 3.27356 1.68652 -7.5
      vertex 3.27356 1.68652 7.5
    endloop
  endfacet
  facet normal 0.982286 -0.18739 0
    outer loop
      vertex 3.27356 1.68652 -7.5
      vertex 3.25591 1.594 7.5
      vertex 3.25591 1.594 -7.5
    endloop
  endfacet
  facet normal 0.998029 -0.0627484 0
    outer loop
      vertex 3.25 1.5 7.5
      vertex 3.25591 1.594 -7.5
      vertex 3.25591 1.594 7.5
    endloop
  endfacet
  facet normal 0.998029 -0.0627484 0
    outer loop
      vertex 3.25591 1.594 -7.5
      vertex 3.25 1.5 7.5
      vertex 3.25 1.5 -7.5
    endloop
  endfacet
  facet normal -0.982286 0.18739 0
    outer loop
      vertex 4.72644 1.31348 -7.5
      vertex 4.74409 1.406 7.5
      vertex 4.74409 1.406 -7.5
    endloop
  endfacet
  facet normal -0.982286 0.18739 0
    outer loop
      vertex 4.74409 1.406 7.5
      vertex 4.72644 1.31348 -7.5
      vertex 4.72644 1.31348 7.5
    endloop
  endfacet
  facet normal -0.481731 0.876319 0
    outer loop
      vertex 4.40187 0.866754 -7.5
      vertex 4.31933 0.82138 7.5
      vertex 4.40187 0.866754 7.5
    endloop
  endfacet
  facet normal -0.481731 0.876319 0
    outer loop
      vertex 4.31933 0.82138 7.5
      vertex 4.40187 0.866754 -7.5
      vertex 4.31933 0.82138 -7.5
    endloop
  endfacet
  facet normal 0.125276 -0.992122 0
    outer loop
      vertex 3.85946 2.23672 -7.5
      vertex 3.95291 2.24852 7.5
      vertex 3.85946 2.23672 7.5
    endloop
  endfacet
  facet normal 0.125276 -0.992122 0
    outer loop
      vertex 3.95291 2.24852 7.5
      vertex 3.85946 2.23672 -7.5
      vertex 3.95291 2.24852 -7.5
    endloop
  endfacet
  facet normal 0.844334 -0.535817 0
    outer loop
      vertex 3.34277 1.86131 7.5
      vertex 3.39324 1.94084 -7.5
      vertex 3.39324 1.94084 7.5
    endloop
  endfacet
  facet normal 0.844334 -0.535817 0
    outer loop
      vertex 3.39324 1.94084 -7.5
      vertex 3.34277 1.86131 7.5
      vertex 3.34277 1.86131 -7.5
    endloop
  endfacet
  facet normal -0.248776 -0.968561 0
    outer loop
      vertex 4.14054 2.23672 -7.5
      vertex 4.23176 2.21329 7.5
      vertex 4.14054 2.23672 7.5
    endloop
  endfacet
  facet normal -0.248776 -0.968561 -0
    outer loop
      vertex 4.23176 2.21329 7.5
      vertex 4.14054 2.23672 -7.5
      vertex 4.23176 2.21329 -7.5
    endloop
  endfacet
  facet normal -0.904852 0.425725 0
    outer loop
      vertex 4.65723 1.13868 -7.5
      vertex 4.69733 1.22391 7.5
      vertex 4.69733 1.22391 -7.5
    endloop
  endfacet
  facet normal -0.904852 0.425725 0
    outer loop
      vertex 4.69733 1.22391 7.5
      vertex 4.65723 1.13868 -7.5
      vertex 4.65723 1.13868 7.5
    endloop
  endfacet
  facet normal 0.368139 0.929771 -0
    outer loop
      vertex 3.76824 0.786707 -7.5
      vertex 3.68067 0.82138 7.5
      vertex 3.76824 0.786707 7.5
    endloop
  endfacet
  facet normal 0.368139 0.929771 0
    outer loop
      vertex 3.68067 0.82138 7.5
      vertex 3.76824 0.786707 -7.5
      vertex 3.68067 0.82138 -7.5
    endloop
  endfacet
  facet normal 0.844304 0.535865 0
    outer loop
      vertex 3.39324 1.05916 7.5
      vertex 3.34277 1.13868 -7.5
      vertex 3.34277 1.13868 7.5
    endloop
  endfacet
  facet normal 0.844304 0.535865 0
    outer loop
      vertex 3.34277 1.13868 -7.5
      vertex 3.39324 1.05916 7.5
      vertex 3.39324 1.05916 -7.5
    endloop
  endfacet
  facet normal 0.587768 0.80903 -0
    outer loop
      vertex 3.59813 0.866754 -7.5
      vertex 3.52193 0.922114 7.5
      vertex 3.59813 0.866754 7.5
    endloop
  endfacet
  facet normal 0.587768 0.80903 0
    outer loop
      vertex 3.52193 0.922114 7.5
      vertex 3.59813 0.866754 -7.5
      vertex 3.52193 0.922114 -7.5
    endloop
  endfacet
  facet normal -0.368112 -0.929782 0
    outer loop
      vertex 4.23176 2.21329 -7.5
      vertex 4.31933 2.17862 7.5
      vertex 4.23176 2.21329 7.5
    endloop
  endfacet
  facet normal -0.368112 -0.929782 -0
    outer loop
      vertex 4.31933 2.17862 7.5
      vertex 4.23176 2.21329 -7.5
      vertex 4.31933 2.17862 -7.5
    endloop
  endfacet
  facet normal 0.982286 0.18739 0
    outer loop
      vertex 3.27356 1.31348 7.5
      vertex 3.25591 1.406 -7.5
      vertex 3.25591 1.406 7.5
    endloop
  endfacet
  facet normal 0.982286 0.18739 0
    outer loop
      vertex 3.25591 1.406 -7.5
      vertex 3.27356 1.31348 7.5
      vertex 3.27356 1.31348 -7.5
    endloop
  endfacet
  facet normal -0.481699 -0.876337 0
    outer loop
      vertex 4.31933 2.17862 -7.5
      vertex 4.40187 2.13325 7.5
      vertex 4.31933 2.17862 7.5
    endloop
  endfacet
  facet normal -0.481699 -0.876337 -0
    outer loop
      vertex 4.40187 2.13325 7.5
      vertex 4.31933 2.17862 -7.5
      vertex 4.40187 2.13325 -7.5
    endloop
  endfacet
  facet normal 0 1 -0
    outer loop
      vertex 4.04709 0.751479 -7.5
      vertex 3.95291 0.751479 7.5
      vertex 4.04709 0.751479 7.5
    endloop
  endfacet
  facet normal 0 1 0
    outer loop
      vertex 3.95291 0.751479 7.5
      vertex 4.04709 0.751479 -7.5
      vertex 3.95291 0.751479 -7.5
    endloop
  endfacet
  facet normal 0 -1 0
    outer loop
      vertex 3.95291 2.24852 -7.5
      vertex 4.04709 2.24852 7.5
      vertex 3.95291 2.24852 7.5
    endloop
  endfacet
  facet normal 0 -1 -0
    outer loop
      vertex 4.04709 2.24852 7.5
      vertex 3.95291 2.24852 -7.5
      vertex 4.04709 2.24852 -7.5
    endloop
  endfacet
  facet normal -0.77054 -0.637392 0
    outer loop
      vertex 4.60676 1.94084 -7.5
      vertex 4.54673 2.01341 7.5
      vertex 4.54673 2.01341 -7.5
    endloop
  endfacet
  facet normal -0.77054 -0.637392 0
    outer loop
      vertex 4.54673 2.01341 7.5
      vertex 4.60676 1.94084 -7.5
      vertex 4.60676 1.94084 7.5
    endloop
  endfacet
  facet normal -0.951035 -0.309084 0
    outer loop
      vertex 4.72644 1.68652 -7.5
      vertex 4.69733 1.77609 7.5
      vertex 4.69733 1.77609 -7.5
    endloop
  endfacet
  facet normal -0.951035 -0.309084 0
    outer loop
      vertex 4.69733 1.77609 7.5
      vertex 4.72644 1.68652 -7.5
      vertex 4.72644 1.68652 7.5
    endloop
  endfacet
  facet normal 0.951035 0.309084 0
    outer loop
      vertex 3.30267 1.22391 7.5
      vertex 3.27356 1.31348 -7.5
      vertex 3.27356 1.31348 7.5
    endloop
  endfacet
  facet normal 0.951035 0.309084 0
    outer loop
      vertex 3.27356 1.31348 -7.5
      vertex 3.30267 1.22391 7.5
      vertex 3.30267 1.22391 -7.5
    endloop
  endfacet
  facet normal 0.684513 -0.729001 0
    outer loop
      vertex 3.45327 2.01341 -7.5
      vertex 3.52193 2.07788 7.5
      vertex 3.45327 2.01341 7.5
    endloop
  endfacet
  facet normal 0.684513 -0.729001 0
    outer loop
      vertex 3.52193 2.07788 7.5
      vertex 3.45327 2.01341 -7.5
      vertex 3.52193 2.07788 -7.5
    endloop
  endfacet
  facet normal 0.368112 -0.929782 0
    outer loop
      vertex 3.68067 2.17862 -7.5
      vertex 3.76824 2.21329 7.5
      vertex 3.68067 2.17862 7.5
    endloop
  endfacet
  facet normal 0.368112 -0.929782 0
    outer loop
      vertex 3.76824 2.21329 7.5
      vertex 3.68067 2.17862 -7.5
      vertex 3.76824 2.21329 -7.5
    endloop
  endfacet
  facet normal 0.77054 -0.637392 0
    outer loop
      vertex 3.39324 1.94084 7.5
      vertex 3.45327 2.01341 -7.5
      vertex 3.45327 2.01341 7.5
    endloop
  endfacet
  facet normal 0.77054 -0.637392 0
    outer loop
      vertex 3.45327 2.01341 -7.5
      vertex 3.39324 1.94084 7.5
      vertex 3.39324 1.94084 -7.5
    endloop
  endfacet
  facet normal 0.904833 -0.425766 0
    outer loop
      vertex 3.30267 1.77609 7.5
      vertex 3.34277 1.86131 -7.5
      vertex 3.34277 1.86131 7.5
    endloop
  endfacet
  facet normal 0.904833 -0.425766 0
    outer loop
      vertex 3.34277 1.86131 -7.5
      vertex 3.30267 1.77609 7.5
      vertex 3.30267 1.77609 -7.5
    endloop
  endfacet
  facet normal -0.770544 0.637386 0
    outer loop
      vertex 4.54673 0.986589 -7.5
      vertex 4.60676 1.05916 7.5
      vertex 4.60676 1.05916 -7.5
    endloop
  endfacet
  facet normal -0.770544 0.637386 0
    outer loop
      vertex 4.60676 1.05916 7.5
      vertex 4.54673 0.986589 -7.5
      vertex 4.54673 0.986589 7.5
    endloop
  endfacet
  facet normal -0.125276 -0.992122 0
    outer loop
      vertex 4.04709 2.24852 -7.5
      vertex 4.14054 2.23672 7.5
      vertex 4.04709 2.24852 7.5
    endloop
  endfacet
  facet normal -0.125276 -0.992122 -0
    outer loop
      vertex 4.14054 2.23672 7.5
      vertex 4.04709 2.24852 -7.5
      vertex 4.14054 2.23672 -7.5
    endloop
  endfacet
  facet normal 0.248707 0.968579 -0
    outer loop
      vertex 3.85946 0.763284 -7.5
      vertex 3.76824 0.786707 7.5
      vertex 3.85946 0.763284 7.5
    endloop
  endfacet
  facet normal 0.248707 0.968579 0
    outer loop
      vertex 3.76824 0.786707 7.5
      vertex 3.85946 0.763284 -7.5
      vertex 3.76824 0.786707 -7.5
    endloop
  endfacet
  facet normal 0.368112 0.929782 -0
    outer loop
      vertex 3.76824 -2.21329 -7.5
      vertex 3.68067 -2.17862 7.5
      vertex 3.76824 -2.21329 7.5
    endloop
  endfacet
  facet normal 0.368112 0.929782 0
    outer loop
      vertex 3.68067 -2.17862 7.5
      vertex 3.76824 -2.21329 -7.5
      vertex 3.68067 -2.17862 -7.5
    endloop
  endfacet
  facet normal 0.998029 0.0627484 0
    outer loop
      vertex 3.25591 -1.594 7.5
      vertex 3.25 -1.5 -7.5
      vertex 3.25 -1.5 7.5
    endloop
  endfacet
  facet normal 0.998029 0.0627484 0
    outer loop
      vertex 3.25 -1.5 -7.5
      vertex 3.25591 -1.594 7.5
      vertex 3.25591 -1.594 -7.5
    endloop
  endfacet
  facet normal 0 -1 0
    outer loop
      vertex 3.95291 -0.751479 -7.5
      vertex 4.04709 -0.751479 7.5
      vertex 3.95291 -0.751479 7.5
    endloop
  endfacet
  facet normal 0 -1 -0
    outer loop
      vertex 4.04709 -0.751479 7.5
      vertex 3.95291 -0.751479 -7.5
      vertex 4.04709 -0.751479 -7.5
    endloop
  endfacet
  facet normal -0.684541 -0.728974 0
    outer loop
      vertex 4.47807 -0.922114 -7.5
      vertex 4.54673 -0.986589 7.5
      vertex 4.47807 -0.922114 7.5
    endloop
  endfacet
  facet normal -0.684541 -0.728974 -0
    outer loop
      vertex 4.54673 -0.986589 7.5
      vertex 4.47807 -0.922114 -7.5
      vertex 4.54673 -0.986589 -7.5
    endloop
  endfacet
  facet normal -0.368112 0.929782 0
    outer loop
      vertex 4.31933 -2.17862 -7.5
      vertex 4.23176 -2.21329 7.5
      vertex 4.31933 -2.17862 7.5
    endloop
  endfacet
  facet normal -0.368112 0.929782 0
    outer loop
      vertex 4.23176 -2.21329 7.5
      vertex 4.31933 -2.17862 -7.5
      vertex 4.23176 -2.21329 -7.5
    endloop
  endfacet
  facet normal 0.982286 0.18739 0
    outer loop
      vertex 3.27356 -1.68652 7.5
      vertex 3.25591 -1.594 -7.5
      vertex 3.25591 -1.594 7.5
    endloop
  endfacet
  facet normal 0.982286 0.18739 0
    outer loop
      vertex 3.25591 -1.594 -7.5
      vertex 3.27356 -1.68652 7.5
      vertex 3.27356 -1.68652 -7.5
    endloop
  endfacet
  facet normal -0.481699 0.876337 0
    outer loop
      vertex 4.40187 -2.13325 -7.5
      vertex 4.31933 -2.17862 7.5
      vertex 4.40187 -2.13325 7.5
    endloop
  endfacet
  facet normal -0.481699 0.876337 0
    outer loop
      vertex 4.31933 -2.17862 7.5
      vertex 4.40187 -2.13325 -7.5
      vertex 4.31933 -2.17862 -7.5
    endloop
  endfacet
  facet normal 0.77054 0.637392 0
    outer loop
      vertex 3.45327 -2.01341 7.5
      vertex 3.39324 -1.94084 -7.5
      vertex 3.39324 -1.94084 7.5
    endloop
  endfacet
  facet normal 0.77054 0.637392 0
    outer loop
      vertex 3.39324 -1.94084 -7.5
      vertex 3.45327 -2.01341 7.5
      vertex 3.45327 -2.01341 -7.5
    endloop
  endfacet
  facet normal 0.684513 0.729001 -0
    outer loop
      vertex 3.52193 -2.07788 -7.5
      vertex 3.45327 -2.01341 7.5
      vertex 3.52193 -2.07788 7.5
    endloop
  endfacet
  facet normal 0.684513 0.729001 0
    outer loop
      vertex 3.45327 -2.01341 7.5
      vertex 3.52193 -2.07788 -7.5
      vertex 3.45327 -2.01341 -7.5
    endloop
  endfacet
  facet normal -0.844304 -0.535865 0
    outer loop
      vertex 4.65723 -1.13868 -7.5
      vertex 4.60676 -1.05916 7.5
      vertex 4.60676 -1.05916 -7.5
    endloop
  endfacet
  facet normal -0.844304 -0.535865 0
    outer loop
      vertex 4.60676 -1.05916 7.5
      vertex 4.65723 -1.13868 -7.5
      vertex 4.65723 -1.13868 7.5
    endloop
  endfacet
  facet normal -0.998029 -0.0627484 0
    outer loop
      vertex 4.75 -1.5 -7.5
      vertex 4.74409 -1.406 7.5
      vertex 4.74409 -1.406 -7.5
    endloop
  endfacet
  facet normal -0.998029 -0.0627484 0
    outer loop
      vertex 4.74409 -1.406 7.5
      vertex 4.75 -1.5 -7.5
      vertex 4.75 -1.5 7.5
    endloop
  endfacet
  facet normal 0.125276 0.992122 -0
    outer loop
      vertex 3.95291 -2.24852 -7.5
      vertex 3.85946 -2.23672 7.5
      vertex 3.95291 -2.24852 7.5
    endloop
  endfacet
  facet normal 0.125276 0.992122 0
    outer loop
      vertex 3.85946 -2.23672 7.5
      vertex 3.95291 -2.24852 -7.5
      vertex 3.85946 -2.23672 -7.5
    endloop
  endfacet
  facet normal -0.368139 -0.929771 0
    outer loop
      vertex 4.23176 -0.786707 -7.5
      vertex 4.31933 -0.82138 7.5
      vertex 4.23176 -0.786707 7.5
    endloop
  endfacet
  facet normal -0.368139 -0.929771 -0
    outer loop
      vertex 4.31933 -0.82138 7.5
      vertex 4.23176 -0.786707 -7.5
      vertex 4.31933 -0.82138 -7.5
    endloop
  endfacet
  facet normal -0.982286 -0.18739 0
    outer loop
      vertex 4.74409 -1.406 -7.5
      vertex 4.72644 -1.31348 7.5
      vertex 4.72644 -1.31348 -7.5
    endloop
  endfacet
  facet normal -0.982286 -0.18739 0
    outer loop
      vertex 4.72644 -1.31348 7.5
      vertex 4.74409 -1.406 -7.5
      vertex 4.74409 -1.406 7.5
    endloop
  endfacet
  facet normal 0.844304 -0.535865 0
    outer loop
      vertex 3.34277 -1.13868 7.5
      vertex 3.39324 -1.05916 -7.5
      vertex 3.39324 -1.05916 7.5
    endloop
  endfacet
  facet normal 0.844304 -0.535865 0
    outer loop
      vertex 3.39324 -1.05916 -7.5
      vertex 3.34277 -1.13868 7.5
      vertex 3.34277 -1.13868 -7.5
    endloop
  endfacet
  facet normal 0 1 -0
    outer loop
      vertex 4.04709 -2.24852 -7.5
      vertex 3.95291 -2.24852 7.5
      vertex 4.04709 -2.24852 7.5
    endloop
  endfacet
  facet normal 0 1 0
    outer loop
      vertex 3.95291 -2.24852 7.5
      vertex 4.04709 -2.24852 -7.5
      vertex 3.95291 -2.24852 -7.5
    endloop
  endfacet
  facet normal 0.982286 -0.18739 0
    outer loop
      vertex 3.25591 -1.406 7.5
      vertex 3.27356 -1.31348 -7.5
      vertex 3.27356 -1.31348 7.5
    endloop
  endfacet
  facet normal 0.982286 -0.18739 0
    outer loop
      vertex 3.27356 -1.31348 -7.5
      vertex 3.25591 -1.406 7.5
      vertex 3.25591 -1.406 -7.5
    endloop
  endfacet
  facet normal -0.684513 0.729001 0
    outer loop
      vertex 4.54673 -2.01341 -7.5
      vertex 4.47807 -2.07788 7.5
      vertex 4.54673 -2.01341 7.5
    endloop
  endfacet
  facet normal -0.684513 0.729001 0
    outer loop
      vertex 4.47807 -2.07788 7.5
      vertex 4.54673 -2.01341 -7.5
      vertex 4.47807 -2.07788 -7.5
    endloop
  endfacet
  facet normal -0.951035 0.309084 0
    outer loop
      vertex 4.69733 -1.77609 -7.5
      vertex 4.72644 -1.68652 7.5
      vertex 4.72644 -1.68652 -7.5
    endloop
  endfacet
  facet normal -0.951035 0.309084 0
    outer loop
      vertex 4.72644 -1.68652 7.5
      vertex 4.69733 -1.77609 -7.5
      vertex 4.69733 -1.77609 7.5
    endloop
  endfacet
  facet normal -0.248776 0.968561 0
    outer loop
      vertex 4.23176 -2.21329 -7.5
      vertex 4.14054 -2.23672 7.5
      vertex 4.23176 -2.21329 7.5
    endloop
  endfacet
  facet normal -0.248776 0.968561 0
    outer loop
      vertex 4.14054 -2.23672 7.5
      vertex 4.23176 -2.21329 -7.5
      vertex 4.14054 -2.23672 -7.5
    endloop
  endfacet
  facet normal 0.248707 -0.968579 0
    outer loop
      vertex 3.76824 -0.786707 -7.5
      vertex 3.85946 -0.763284 7.5
      vertex 3.76824 -0.786707 7.5
    endloop
  endfacet
  facet normal 0.248707 -0.968579 0
    outer loop
      vertex 3.85946 -0.763284 7.5
      vertex 3.76824 -0.786707 -7.5
      vertex 3.85946 -0.763284 -7.5
    endloop
  endfacet
  facet normal -0.587768 -0.80903 0
    outer loop
      vertex 4.40187 -0.866754 -7.5
      vertex 4.47807 -0.922114 7.5
      vertex 4.40187 -0.866754 7.5
    endloop
  endfacet
  facet normal -0.587768 -0.80903 -0
    outer loop
      vertex 4.47807 -0.922114 7.5
      vertex 4.40187 -0.866754 -7.5
      vertex 4.47807 -0.922114 -7.5
    endloop
  endfacet
  facet normal -0.248707 -0.968579 0
    outer loop
      vertex 4.14054 -0.763284 -7.5
      vertex 4.23176 -0.786707 7.5
      vertex 4.14054 -0.763284 7.5
    endloop
  endfacet
  facet normal -0.248707 -0.968579 -0
    outer loop
      vertex 4.23176 -0.786707 7.5
      vertex 4.14054 -0.763284 -7.5
      vertex 4.23176 -0.786707 -7.5
    endloop
  endfacet
  facet normal 0.684541 -0.728974 0
    outer loop
      vertex 3.45327 -0.986589 -7.5
      vertex 3.52193 -0.922114 7.5
      vertex 3.45327 -0.986589 7.5
    endloop
  endfacet
  facet normal 0.684541 -0.728974 0
    outer loop
      vertex 3.52193 -0.922114 7.5
      vertex 3.45327 -0.986589 -7.5
      vertex 3.52193 -0.922114 -7.5
    endloop
  endfacet
  facet normal -0.125276 0.992122 0
    outer loop
      vertex 4.14054 -2.23672 -7.5
      vertex 4.04709 -2.24852 7.5
      vertex 4.14054 -2.23672 7.5
    endloop
  endfacet
  facet normal -0.125276 0.992122 0
    outer loop
      vertex 4.04709 -2.24852 7.5
      vertex 4.14054 -2.23672 -7.5
      vertex 4.04709 -2.24852 -7.5
    endloop
  endfacet
  facet normal 0.248776 0.968561 -0
    outer loop
      vertex 3.85946 -2.23672 -7.5
      vertex 3.76824 -2.21329 7.5
      vertex 3.85946 -2.23672 7.5
    endloop
  endfacet
  facet normal 0.248776 0.968561 0
    outer loop
      vertex 3.76824 -2.21329 7.5
      vertex 3.85946 -2.23672 -7.5
      vertex 3.76824 -2.21329 -7.5
    endloop
  endfacet
  facet normal 0.844334 0.535817 0
    outer loop
      vertex 3.39324 -1.94084 7.5
      vertex 3.34277 -1.86131 -7.5
      vertex 3.34277 -1.86131 7.5
    endloop
  endfacet
  facet normal 0.844334 0.535817 0
    outer loop
      vertex 3.34277 -1.86131 -7.5
      vertex 3.39324 -1.94084 7.5
      vertex 3.39324 -1.94084 -7.5
    endloop
  endfacet
  facet normal -0.951035 -0.309084 0
    outer loop
      vertex 4.72644 -1.31348 -7.5
      vertex 4.69733 -1.22391 7.5
      vertex 4.69733 -1.22391 -7.5
    endloop
  endfacet
  facet normal -0.951035 -0.309084 0
    outer loop
      vertex 4.69733 -1.22391 7.5
      vertex 4.72644 -1.31348 -7.5
      vertex 4.72644 -1.31348 7.5
    endloop
  endfacet
  facet normal -0.998029 0.0627484 0
    outer loop
      vertex 4.74409 -1.594 -7.5
      vertex 4.75 -1.5 7.5
      vertex 4.75 -1.5 -7.5
    endloop
  endfacet
  facet normal -0.998029 0.0627484 0
    outer loop
      vertex 4.75 -1.5 7.5
      vertex 4.74409 -1.594 -7.5
      vertex 4.74409 -1.594 7.5
    endloop
  endfacet
  facet normal 0.904852 -0.425725 0
    outer loop
      vertex 3.30267 -1.22391 7.5
      vertex 3.34277 -1.13868 -7.5
      vertex 3.34277 -1.13868 7.5
    endloop
  endfacet
  facet normal 0.904852 -0.425725 0
    outer loop
      vertex 3.34277 -1.13868 -7.5
      vertex 3.30267 -1.22391 7.5
      vertex 3.30267 -1.22391 -7.5
    endloop
  endfacet
  facet normal 0.587768 -0.80903 0
    outer loop
      vertex 3.52193 -0.922114 -7.5
      vertex 3.59813 -0.866754 7.5
      vertex 3.52193 -0.922114 7.5
    endloop
  endfacet
  facet normal 0.587768 -0.80903 0
    outer loop
      vertex 3.59813 -0.866754 7.5
      vertex 3.52193 -0.922114 -7.5
      vertex 3.59813 -0.866754 -7.5
    endloop
  endfacet
  facet normal 0.481699 0.876337 -0
    outer loop
      vertex 3.68067 -2.17862 -7.5
      vertex 3.59813 -2.13325 7.5
      vertex 3.68067 -2.17862 7.5
    endloop
  endfacet
  facet normal 0.481699 0.876337 0
    outer loop
      vertex 3.59813 -2.13325 7.5
      vertex 3.68067 -2.17862 -7.5
      vertex 3.59813 -2.13325 -7.5
    endloop
  endfacet
  facet normal -0.844334 0.535817 0
    outer loop
      vertex 4.60676 -1.94084 -7.5
      vertex 4.65723 -1.86131 7.5
      vertex 4.65723 -1.86131 -7.5
    endloop
  endfacet
  facet normal -0.844334 0.535817 0
    outer loop
      vertex 4.65723 -1.86131 7.5
      vertex 4.60676 -1.94084 -7.5
      vertex 4.60676 -1.94084 7.5
    endloop
  endfacet
  facet normal -0.904833 0.425766 0
    outer loop
      vertex 4.65723 -1.86131 -7.5
      vertex 4.69733 -1.77609 7.5
      vertex 4.69733 -1.77609 -7.5
    endloop
  endfacet
  facet normal -0.904833 0.425766 0
    outer loop
      vertex 4.69733 -1.77609 7.5
      vertex 4.65723 -1.86131 -7.5
      vertex 4.65723 -1.86131 7.5
    endloop
  endfacet
  facet normal 0.951035 0.309084 0
    outer loop
      vertex 3.30267 -1.77609 7.5
      vertex 3.27356 -1.68652 -7.5
      vertex 3.27356 -1.68652 7.5
    endloop
  endfacet
  facet normal 0.951035 0.309084 0
    outer loop
      vertex 3.27356 -1.68652 -7.5
      vertex 3.30267 -1.77609 7.5
      vertex 3.30267 -1.77609 -7.5
    endloop
  endfacet
  facet normal 0.951035 -0.309084 0
    outer loop
      vertex 3.27356 -1.31348 7.5
      vertex 3.30267 -1.22391 -7.5
      vertex 3.30267 -1.22391 7.5
    endloop
  endfacet
  facet normal 0.951035 -0.309084 0
    outer loop
      vertex 3.30267 -1.22391 -7.5
      vertex 3.27356 -1.31348 7.5
      vertex 3.27356 -1.31348 -7.5
    endloop
  endfacet
  facet normal 0.998029 -0.0627484 0
    outer loop
      vertex 3.25 -1.5 7.5
      vertex 3.25591 -1.406 -7.5
      vertex 3.25591 -1.406 7.5
    endloop
  endfacet
  facet normal 0.998029 -0.0627484 0
    outer loop
      vertex 3.25591 -1.406 -7.5
      vertex 3.25 -1.5 7.5
      vertex 3.25 -1.5 -7.5
    endloop
  endfacet
  facet normal -0.770544 -0.637386 0
    outer loop
      vertex 4.60676 -1.05916 -7.5
      vertex 4.54673 -0.986589 7.5
      vertex 4.54673 -0.986589 -7.5
    endloop
  endfacet
  facet normal -0.770544 -0.637386 0
    outer loop
      vertex 4.54673 -0.986589 7.5
      vertex 4.60676 -1.05916 -7.5
      vertex 4.60676 -1.05916 7.5
    endloop
  endfacet
  facet normal 0.904833 0.425766 0
    outer loop
      vertex 3.34277 -1.86131 7.5
      vertex 3.30267 -1.77609 -7.5
      vertex 3.30267 -1.77609 7.5
    endloop
  endfacet
  facet normal 0.904833 0.425766 0
    outer loop
      vertex 3.30267 -1.77609 -7.5
      vertex 3.34277 -1.86131 7.5
      vertex 3.34277 -1.86131 -7.5
    endloop
  endfacet
  facet normal -0.982286 0.18739 0
    outer loop
      vertex 4.72644 -1.68652 -7.5
      vertex 4.74409 -1.594 7.5
      vertex 4.74409 -1.594 -7.5
    endloop
  endfacet
  facet normal -0.982286 0.18739 0
    outer loop
      vertex 4.74409 -1.594 7.5
      vertex 4.72644 -1.68652 -7.5
      vertex 4.72644 -1.68652 7.5
    endloop
  endfacet
  facet normal 0.368139 -0.929771 0
    outer loop
      vertex 3.68067 -0.82138 -7.5
      vertex 3.76824 -0.786707 7.5
      vertex 3.68067 -0.82138 7.5
    endloop
  endfacet
  facet normal 0.368139 -0.929771 0
    outer loop
      vertex 3.76824 -0.786707 7.5
      vertex 3.68067 -0.82138 -7.5
      vertex 3.76824 -0.786707 -7.5
    endloop
  endfacet
  facet normal -0.904852 -0.425725 0
    outer loop
      vertex 4.69733 -1.22391 -7.5
      vertex 4.65723 -1.13868 7.5
      vertex 4.65723 -1.13868 -7.5
    endloop
  endfacet
  facet normal -0.904852 -0.425725 0
    outer loop
      vertex 4.65723 -1.13868 7.5
      vertex 4.69733 -1.22391 -7.5
      vertex 4.69733 -1.22391 7.5
    endloop
  endfacet
  facet normal -0.77054 0.637392 0
    outer loop
      vertex 4.54673 -2.01341 -7.5
      vertex 4.60676 -1.94084 7.5
      vertex 4.60676 -1.94084 -7.5
    endloop
  endfacet
  facet normal -0.77054 0.637392 0
    outer loop
      vertex 4.60676 -1.94084 7.5
      vertex 4.54673 -2.01341 -7.5
      vertex 4.54673 -2.01341 7.5
    endloop
  endfacet
  facet normal -0.587837 0.808979 0
    outer loop
      vertex 4.47807 -2.07788 -7.5
      vertex 4.40187 -2.13325 7.5
      vertex 4.47807 -2.07788 7.5
    endloop
  endfacet
  facet normal -0.587837 0.808979 0
    outer loop
      vertex 4.40187 -2.13325 7.5
      vertex 4.47807 -2.07788 -7.5
      vertex 4.40187 -2.13325 -7.5
    endloop
  endfacet
  facet normal 0.770544 -0.637386 0
    outer loop
      vertex 3.39324 -1.05916 7.5
      vertex 3.45327 -0.986589 -7.5
      vertex 3.45327 -0.986589 7.5
    endloop
  endfacet
  facet normal 0.770544 -0.637386 0
    outer loop
      vertex 3.45327 -0.986589 -7.5
      vertex 3.39324 -1.05916 7.5
      vertex 3.39324 -1.05916 -7.5
    endloop
  endfacet
  facet normal -0.481731 -0.876319 0
    outer loop
      vertex 4.31933 -0.82138 -7.5
      vertex 4.40187 -0.866754 7.5
      vertex 4.31933 -0.82138 7.5
    endloop
  endfacet
  facet normal -0.481731 -0.876319 -0
    outer loop
      vertex 4.40187 -0.866754 7.5
      vertex 4.31933 -0.82138 -7.5
      vertex 4.40187 -0.866754 -7.5
    endloop
  endfacet
  facet normal -0.125328 -0.992115 0
    outer loop
      vertex 4.04709 -0.751479 -7.5
      vertex 4.14054 -0.763284 7.5
      vertex 4.04709 -0.751479 7.5
    endloop
  endfacet
  facet normal -0.125328 -0.992115 -0
    outer loop
      vertex 4.14054 -0.763284 7.5
      vertex 4.04709 -0.751479 -7.5
      vertex 4.14054 -0.763284 -7.5
    endloop
  endfacet
  facet normal 0.481731 -0.876319 0
    outer loop
      vertex 3.59813 -0.866754 -7.5
      vertex 3.68067 -0.82138 7.5
      vertex 3.59813 -0.866754 7.5
    endloop
  endfacet
  facet normal 0.481731 -0.876319 0
    outer loop
      vertex 3.68067 -0.82138 7.5
      vertex 3.59813 -0.866754 -7.5
      vertex 3.68067 -0.82138 -7.5
    endloop
  endfacet
  facet normal 0.587837 0.808979 -0
    outer loop
      vertex 3.59813 -2.13325 -7.5
      vertex 3.52193 -2.07788 7.5
      vertex 3.59813 -2.13325 7.5
    endloop
  endfacet
  facet normal 0.587837 0.808979 0
    outer loop
      vertex 3.52193 -2.07788 7.5
      vertex 3.59813 -2.13325 -7.5
      vertex 3.52193 -2.07788 -7.5
    endloop
  endfacet
  facet normal 0.125328 -0.992115 0
    outer loop
      vertex 3.85946 -0.763284 -7.5
      vertex 3.95291 -0.751479 7.5
      vertex 3.85946 -0.763284 7.5
    endloop
  endfacet
  facet normal 0.125328 -0.992115 0
    outer loop
      vertex 3.95291 -0.751479 7.5
      vertex 3.85946 -0.763284 -7.5
      vertex 3.95291 -0.751479 -7.5
    endloop
  endfacet
  facet normal -0.982286 -0.18739 0
    outer loop
      vertex -3.25591 1.594 -7.5
      vertex -3.27356 1.68652 7.5
      vertex -3.27356 1.68652 -7.5
    endloop
  endfacet
  facet normal -0.982286 -0.18739 0
    outer loop
      vertex -3.27356 1.68652 7.5
      vertex -3.25591 1.594 -7.5
      vertex -3.25591 1.594 7.5
    endloop
  endfacet
  facet normal -0.998029 -0.0627484 0
    outer loop
      vertex -3.25 1.5 -7.5
      vertex -3.25591 1.594 7.5
      vertex -3.25591 1.594 -7.5
    endloop
  endfacet
  facet normal -0.998029 -0.0627484 0
    outer loop
      vertex -3.25591 1.594 7.5
      vertex -3.25 1.5 -7.5
      vertex -3.25 1.5 7.5
    endloop
  endfacet
  facet normal -0.770544 0.637386 0
    outer loop
      vertex -3.45327 0.986589 -7.5
      vertex -3.39324 1.05916 7.5
      vertex -3.39324 1.05916 -7.5
    endloop
  endfacet
  facet normal -0.770544 0.637386 0
    outer loop
      vertex -3.39324 1.05916 7.5
      vertex -3.45327 0.986589 -7.5
      vertex -3.45327 0.986589 7.5
    endloop
  endfacet
  facet normal -0.982286 0.18739 0
    outer loop
      vertex -3.27356 1.31348 -7.5
      vertex -3.25591 1.406 7.5
      vertex -3.25591 1.406 -7.5
    endloop
  endfacet
  facet normal -0.982286 0.18739 0
    outer loop
      vertex -3.25591 1.406 7.5
      vertex -3.27356 1.31348 -7.5
      vertex -3.27356 1.31348 7.5
    endloop
  endfacet
  facet normal -0.248707 0.968579 0
    outer loop
      vertex -3.76824 0.786707 -7.5
      vertex -3.85946 0.763284 7.5
      vertex -3.76824 0.786707 7.5
    endloop
  endfacet
  facet normal -0.248707 0.968579 0
    outer loop
      vertex -3.85946 0.763284 7.5
      vertex -3.76824 0.786707 -7.5
      vertex -3.85946 0.763284 -7.5
    endloop
  endfacet
  facet normal 0.125276 -0.992122 0
    outer loop
      vertex -4.14054 2.23672 -7.5
      vertex -4.04709 2.24852 7.5
      vertex -4.14054 2.23672 7.5
    endloop
  endfacet
  facet normal 0.125276 -0.992122 0
    outer loop
      vertex -4.04709 2.24852 7.5
      vertex -4.14054 2.23672 -7.5
      vertex -4.04709 2.24852 -7.5
    endloop
  endfacet
  facet normal -0.684513 -0.729001 0
    outer loop
      vertex -3.52193 2.07788 -7.5
      vertex -3.45327 2.01341 7.5
      vertex -3.52193 2.07788 7.5
    endloop
  endfacet
  facet normal -0.684513 -0.729001 -0
    outer loop
      vertex -3.45327 2.01341 7.5
      vertex -3.52193 2.07788 -7.5
      vertex -3.45327 2.01341 -7.5
    endloop
  endfacet
  facet normal 0.77054 -0.637392 0
    outer loop
      vertex -4.60676 1.94084 7.5
      vertex -4.54673 2.01341 -7.5
      vertex -4.54673 2.01341 7.5
    endloop
  endfacet
  facet normal 0.77054 -0.637392 0
    outer loop
      vertex -4.54673 2.01341 -7.5
      vertex -4.60676 1.94084 7.5
      vertex -4.60676 1.94084 -7.5
    endloop
  endfacet
  facet normal 0.904852 0.425725 0
    outer loop
      vertex -4.65723 1.13868 7.5
      vertex -4.69733 1.22391 -7.5
      vertex -4.69733 1.22391 7.5
    endloop
  endfacet
  facet normal 0.904852 0.425725 0
    outer loop
      vertex -4.69733 1.22391 -7.5
      vertex -4.65723 1.13868 7.5
      vertex -4.65723 1.13868 -7.5
    endloop
  endfacet
  facet normal 0.904833 -0.425766 0
    outer loop
      vertex -4.69733 1.77609 7.5
      vertex -4.65723 1.86131 -7.5
      vertex -4.65723 1.86131 7.5
    endloop
  endfacet
  facet normal 0.904833 -0.425766 0
    outer loop
      vertex -4.65723 1.86131 -7.5
      vertex -4.69733 1.77609 7.5
      vertex -4.69733 1.77609 -7.5
    endloop
  endfacet
  facet normal -0.998029 0.0627484 0
    outer loop
      vertex -3.25591 1.406 -7.5
      vertex -3.25 1.5 7.5
      vertex -3.25 1.5 -7.5
    endloop
  endfacet
  facet normal -0.998029 0.0627484 0
    outer loop
      vertex -3.25 1.5 7.5
      vertex -3.25591 1.406 -7.5
      vertex -3.25591 1.406 7.5
    endloop
  endfacet
  facet normal -0.904852 0.425725 0
    outer loop
      vertex -3.34277 1.13868 -7.5
      vertex -3.30267 1.22391 7.5
      vertex -3.30267 1.22391 -7.5
    endloop
  endfacet
  facet normal -0.904852 0.425725 0
    outer loop
      vertex -3.30267 1.22391 7.5
      vertex -3.34277 1.13868 -7.5
      vertex -3.34277 1.13868 7.5
    endloop
  endfacet
  facet normal 0 1 -0
    outer loop
      vertex -3.95291 0.751479 -7.5
      vertex -4.04709 0.751479 7.5
      vertex -3.95291 0.751479 7.5
    endloop
  endfacet
  facet normal 0 1 0
    outer loop
      vertex -4.04709 0.751479 7.5
      vertex -3.95291 0.751479 -7.5
      vertex -4.04709 0.751479 -7.5
    endloop
  endfacet
  facet normal -0.844334 -0.535817 0
    outer loop
      vertex -3.34277 1.86131 -7.5
      vertex -3.39324 1.94084 7.5
      vertex -3.39324 1.94084 -7.5
    endloop
  endfacet
  facet normal -0.844334 -0.535817 0
    outer loop
      vertex -3.39324 1.94084 7.5
      vertex -3.34277 1.86131 -7.5
      vertex -3.34277 1.86131 7.5
    endloop
  endfacet
  facet normal 0.998029 0.0627484 0
    outer loop
      vertex -4.74409 1.406 7.5
      vertex -4.75 1.5 -7.5
      vertex -4.75 1.5 7.5
    endloop
  endfacet
  facet normal 0.998029 0.0627484 0
    outer loop
      vertex -4.75 1.5 -7.5
      vertex -4.74409 1.406 7.5
      vertex -4.74409 1.406 -7.5
    endloop
  endfacet
  facet normal -0.368112 -0.929782 0
    outer loop
      vertex -3.76824 2.21329 -7.5
      vertex -3.68067 2.17862 7.5
      vertex -3.76824 2.21329 7.5
    endloop
  endfacet
  facet normal -0.368112 -0.929782 -0
    outer loop
      vertex -3.68067 2.17862 7.5
      vertex -3.76824 2.21329 -7.5
      vertex -3.68067 2.17862 -7.5
    endloop
  endfacet
  facet normal 0.684541 0.728974 -0
    outer loop
      vertex -4.47807 0.922114 -7.5
      vertex -4.54673 0.986589 7.5
      vertex -4.47807 0.922114 7.5
    endloop
  endfacet
  facet normal 0.684541 0.728974 0
    outer loop
      vertex -4.54673 0.986589 7.5
      vertex -4.47807 0.922114 -7.5
      vertex -4.54673 0.986589 -7.5
    endloop
  endfacet
  facet normal 0.844304 0.535865 0
    outer loop
      vertex -4.60676 1.05916 7.5
      vertex -4.65723 1.13868 -7.5
      vertex -4.65723 1.13868 7.5
    endloop
  endfacet
  facet normal 0.844304 0.535865 0
    outer loop
      vertex -4.65723 1.13868 -7.5
      vertex -4.60676 1.05916 7.5
      vertex -4.60676 1.05916 -7.5
    endloop
  endfacet
  facet normal -0.951035 0.309084 0
    outer loop
      vertex -3.30267 1.22391 -7.5
      vertex -3.27356 1.31348 7.5
      vertex -3.27356 1.31348 -7.5
    endloop
  endfacet
  facet normal -0.951035 0.309084 0
    outer loop
      vertex -3.27356 1.31348 7.5
      vertex -3.30267 1.22391 -7.5
      vertex -3.30267 1.22391 7.5
    endloop
  endfacet
  facet normal -0.125276 -0.992122 0
    outer loop
      vertex -3.95291 2.24852 -7.5
      vertex -3.85946 2.23672 7.5
      vertex -3.95291 2.24852 7.5
    endloop
  endfacet
  facet normal -0.125276 -0.992122 -0
    outer loop
      vertex -3.85946 2.23672 7.5
      vertex -3.95291 2.24852 -7.5
      vertex -3.85946 2.23672 -7.5
    endloop
  endfacet
  facet normal 0.481699 -0.876337 0
    outer loop
      vertex -4.40187 2.13325 -7.5
      vertex -4.31933 2.17862 7.5
      vertex -4.40187 2.13325 7.5
    endloop
  endfacet
  facet normal 0.481699 -0.876337 0
    outer loop
      vertex -4.31933 2.17862 7.5
      vertex -4.40187 2.13325 -7.5
      vertex -4.31933 2.17862 -7.5
    endloop
  endfacet
  facet normal -0.844304 0.535865 0
    outer loop
      vertex -3.39324 1.05916 -7.5
      vertex -3.34277 1.13868 7.5
      vertex -3.34277 1.13868 -7.5
    endloop
  endfacet
  facet normal -0.844304 0.535865 0
    outer loop
      vertex -3.34277 1.13868 7.5
      vertex -3.39324 1.05916 -7.5
      vertex -3.39324 1.05916 7.5
    endloop
  endfacet
  facet normal 0.587837 -0.808979 0
    outer loop
      vertex -4.47807 2.07788 -7.5
      vertex -4.40187 2.13325 7.5
      vertex -4.47807 2.07788 7.5
    endloop
  endfacet
  facet normal 0.587837 -0.808979 0
    outer loop
      vertex -4.40187 2.13325 7.5
      vertex -4.47807 2.07788 -7.5
      vertex -4.40187 2.13325 -7.5
    endloop
  endfacet
  facet normal 0.481731 0.876319 -0
    outer loop
      vertex -4.31933 0.82138 -7.5
      vertex -4.40187 0.866754 7.5
      vertex -4.31933 0.82138 7.5
    endloop
  endfacet
  facet normal 0.481731 0.876319 0
    outer loop
      vertex -4.40187 0.866754 7.5
      vertex -4.31933 0.82138 -7.5
      vertex -4.40187 0.866754 -7.5
    endloop
  endfacet
  facet normal -0.481699 -0.876337 0
    outer loop
      vertex -3.68067 2.17862 -7.5
      vertex -3.59813 2.13325 7.5
      vertex -3.68067 2.17862 7.5
    endloop
  endfacet
  facet normal -0.481699 -0.876337 -0
    outer loop
      vertex -3.59813 2.13325 7.5
      vertex -3.68067 2.17862 -7.5
      vertex -3.59813 2.13325 -7.5
    endloop
  endfacet
  facet normal 0.248776 -0.968561 0
    outer loop
      vertex -4.23176 2.21329 -7.5
      vertex -4.14054 2.23672 7.5
      vertex -4.23176 2.21329 7.5
    endloop
  endfacet
  facet normal 0.248776 -0.968561 0
    outer loop
      vertex -4.14054 2.23672 7.5
      vertex -4.23176 2.21329 -7.5
      vertex -4.14054 2.23672 -7.5
    endloop
  endfacet
  facet normal -0.587837 -0.808979 0
    outer loop
      vertex -3.59813 2.13325 -7.5
      vertex -3.52193 2.07788 7.5
      vertex -3.59813 2.13325 7.5
    endloop
  endfacet
  facet normal -0.587837 -0.808979 -0
    outer loop
      vertex -3.52193 2.07788 7.5
      vertex -3.59813 2.13325 -7.5
      vertex -3.52193 2.07788 -7.5
    endloop
  endfacet
  facet normal 0.951035 -0.309084 0
    outer loop
      vertex -4.72644 1.68652 7.5
      vertex -4.69733 1.77609 -7.5
      vertex -4.69733 1.77609 7.5
    endloop
  endfacet
  facet normal 0.951035 -0.309084 0
    outer loop
      vertex -4.69733 1.77609 -7.5
      vertex -4.72644 1.68652 7.5
      vertex -4.72644 1.68652 -7.5
    endloop
  endfacet
  facet normal 0.368112 -0.929782 0
    outer loop
      vertex -4.31933 2.17862 -7.5
      vertex -4.23176 2.21329 7.5
      vertex -4.31933 2.17862 7.5
    endloop
  endfacet
  facet normal 0.368112 -0.929782 0
    outer loop
      vertex -4.23176 2.21329 7.5
      vertex -4.31933 2.17862 -7.5
      vertex -4.23176 2.21329 -7.5
    endloop
  endfacet
  facet normal -0.125328 0.992115 0
    outer loop
      vertex -3.85946 0.763284 -7.5
      vertex -3.95291 0.751479 7.5
      vertex -3.85946 0.763284 7.5
    endloop
  endfacet
  facet normal -0.125328 0.992115 0
    outer loop
      vertex -3.95291 0.751479 7.5
      vertex -3.85946 0.763284 -7.5
      vertex -3.95291 0.751479 -7.5
    endloop
  endfacet
  facet normal 0.368139 0.929771 -0
    outer loop
      vertex -4.23176 0.786707 -7.5
      vertex -4.31933 0.82138 7.5
      vertex -4.23176 0.786707 7.5
    endloop
  endfacet
  facet normal 0.368139 0.929771 0
    outer loop
      vertex -4.31933 0.82138 7.5
      vertex -4.23176 0.786707 -7.5
      vertex -4.31933 0.82138 -7.5
    endloop
  endfacet
  facet normal 0.770544 0.637386 0
    outer loop
      vertex -4.54673 0.986589 7.5
      vertex -4.60676 1.05916 -7.5
      vertex -4.60676 1.05916 7.5
    endloop
  endfacet
  facet normal 0.770544 0.637386 0
    outer loop
      vertex -4.60676 1.05916 -7.5
      vertex -4.54673 0.986589 7.5
      vertex -4.54673 0.986589 -7.5
    endloop
  endfacet
  facet normal 0.587768 0.80903 -0
    outer loop
      vertex -4.40187 0.866754 -7.5
      vertex -4.47807 0.922114 7.5
      vertex -4.40187 0.866754 7.5
    endloop
  endfacet
  facet normal 0.587768 0.80903 0
    outer loop
      vertex -4.47807 0.922114 7.5
      vertex -4.40187 0.866754 -7.5
      vertex -4.47807 0.922114 -7.5
    endloop
  endfacet
  facet normal 0 -1 0
    outer loop
      vertex -4.04709 2.24852 -7.5
      vertex -3.95291 2.24852 7.5
      vertex -4.04709 2.24852 7.5
    endloop
  endfacet
  facet normal 0 -1 -0
    outer loop
      vertex -3.95291 2.24852 7.5
      vertex -4.04709 2.24852 -7.5
      vertex -3.95291 2.24852 -7.5
    endloop
  endfacet
  facet normal -0.904833 -0.425766 0
    outer loop
      vertex -3.30267 1.77609 -7.5
      vertex -3.34277 1.86131 7.5
      vertex -3.34277 1.86131 -7.5
    endloop
  endfacet
  facet normal -0.904833 -0.425766 0
    outer loop
      vertex -3.34277 1.86131 7.5
      vertex -3.30267 1.77609 -7.5
      vertex -3.30267 1.77609 7.5
    endloop
  endfacet
  facet normal -0.368139 0.929771 0
    outer loop
      vertex -3.68067 0.82138 -7.5
      vertex -3.76824 0.786707 7.5
      vertex -3.68067 0.82138 7.5
    endloop
  endfacet
  facet normal -0.368139 0.929771 0
    outer loop
      vertex -3.76824 0.786707 7.5
      vertex -3.68067 0.82138 -7.5
      vertex -3.76824 0.786707 -7.5
    endloop
  endfacet
  facet normal 0.982286 0.18739 0
    outer loop
      vertex -4.72644 1.31348 7.5
      vertex -4.74409 1.406 -7.5
      vertex -4.74409 1.406 7.5
    endloop
  endfacet
  facet normal 0.982286 0.18739 0
    outer loop
      vertex -4.74409 1.406 -7.5
      vertex -4.72644 1.31348 7.5
      vertex -4.72644 1.31348 -7.5
    endloop
  endfacet
  facet normal 0.951035 0.309084 0
    outer loop
      vertex -4.69733 1.22391 7.5
      vertex -4.72644 1.31348 -7.5
      vertex -4.72644 1.31348 7.5
    endloop
  endfacet
  facet normal 0.951035 0.309084 0
    outer loop
      vertex -4.72644 1.31348 -7.5
      vertex -4.69733 1.22391 7.5
      vertex -4.69733 1.22391 -7.5
    endloop
  endfacet
  facet normal -0.684541 0.728974 0
    outer loop
      vertex -3.45327 0.986589 -7.5
      vertex -3.52193 0.922114 7.5
      vertex -3.45327 0.986589 7.5
    endloop
  endfacet
  facet normal -0.684541 0.728974 0
    outer loop
      vertex -3.52193 0.922114 7.5
      vertex -3.45327 0.986589 -7.5
      vertex -3.52193 0.922114 -7.5
    endloop
  endfacet
  facet normal -0.248776 -0.968561 0
    outer loop
      vertex -3.85946 2.23672 -7.5
      vertex -3.76824 2.21329 7.5
      vertex -3.85946 2.23672 7.5
    endloop
  endfacet
  facet normal -0.248776 -0.968561 -0
    outer loop
      vertex -3.76824 2.21329 7.5
      vertex -3.85946 2.23672 -7.5
      vertex -3.76824 2.21329 -7.5
    endloop
  endfacet
  facet normal 0.982286 -0.18739 0
    outer loop
      vertex -4.74409 1.594 7.5
      vertex -4.72644 1.68652 -7.5
      vertex -4.72644 1.68652 7.5
    endloop
  endfacet
  facet normal 0.982286 -0.18739 0
    outer loop
      vertex -4.72644 1.68652 -7.5
      vertex -4.74409 1.594 7.5
      vertex -4.74409 1.594 -7.5
    endloop
  endfacet
  facet normal -0.77054 -0.637392 0
    outer loop
      vertex -3.39324 1.94084 -7.5
      vertex -3.45327 2.01341 7.5
      vertex -3.45327 2.01341 -7.5
    endloop
  endfacet
  facet normal -0.77054 -0.637392 0
    outer loop
      vertex -3.45327 2.01341 7.5
      vertex -3.39324 1.94084 -7.5
      vertex -3.39324 1.94084 7.5
    endloop
  endfacet
  facet normal -0.481731 0.876319 0
    outer loop
      vertex -3.59813 0.866754 -7.5
      vertex -3.68067 0.82138 7.5
      vertex -3.59813 0.866754 7.5
    endloop
  endfacet
  facet normal -0.481731 0.876319 0
    outer loop
      vertex -3.68067 0.82138 7.5
      vertex -3.59813 0.866754 -7.5
      vertex -3.68067 0.82138 -7.5
    endloop
  endfacet
  facet normal -0.951035 -0.309084 0
    outer loop
      vertex -3.27356 1.68652 -7.5
      vertex -3.30267 1.77609 7.5
      vertex -3.30267 1.77609 -7.5
    endloop
  endfacet
  facet normal -0.951035 -0.309084 0
    outer loop
      vertex -3.30267 1.77609 7.5
      vertex -3.27356 1.68652 -7.5
      vertex -3.27356 1.68652 7.5
    endloop
  endfacet
  facet normal 0.998029 -0.0627484 0
    outer loop
      vertex -4.75 1.5 7.5
      vertex -4.74409 1.594 -7.5
      vertex -4.74409 1.594 7.5
    endloop
  endfacet
  facet normal 0.998029 -0.0627484 0
    outer loop
      vertex -4.74409 1.594 -7.5
      vertex -4.75 1.5 7.5
      vertex -4.75 1.5 -7.5
    endloop
  endfacet
  facet normal 0.125328 0.992115 -0
    outer loop
      vertex -4.04709 0.751479 -7.5
      vertex -4.14054 0.763284 7.5
      vertex -4.04709 0.751479 7.5
    endloop
  endfacet
  facet normal 0.125328 0.992115 0
    outer loop
      vertex -4.14054 0.763284 7.5
      vertex -4.04709 0.751479 -7.5
      vertex -4.14054 0.763284 -7.5
    endloop
  endfacet
  facet normal 0.684513 -0.729001 0
    outer loop
      vertex -4.54673 2.01341 -7.5
      vertex -4.47807 2.07788 7.5
      vertex -4.54673 2.01341 7.5
    endloop
  endfacet
  facet normal 0.684513 -0.729001 0
    outer loop
      vertex -4.47807 2.07788 7.5
      vertex -4.54673 2.01341 -7.5
      vertex -4.47807 2.07788 -7.5
    endloop
  endfacet
  facet normal 0.248707 0.968579 -0
    outer loop
      vertex -4.14054 0.763284 -7.5
      vertex -4.23176 0.786707 7.5
      vertex -4.14054 0.763284 7.5
    endloop
  endfacet
  facet normal 0.248707 0.968579 0
    outer loop
      vertex -4.23176 0.786707 7.5
      vertex -4.14054 0.763284 -7.5
      vertex -4.23176 0.786707 -7.5
    endloop
  endfacet
  facet normal -0.587768 0.80903 0
    outer loop
      vertex -3.52193 0.922114 -7.5
      vertex -3.59813 0.866754 7.5
      vertex -3.52193 0.922114 7.5
    endloop
  endfacet
  facet normal -0.587768 0.80903 0
    outer loop
      vertex -3.59813 0.866754 7.5
      vertex -3.52193 0.922114 -7.5
      vertex -3.59813 0.866754 -7.5
    endloop
  endfacet
  facet normal 0.844334 -0.535817 0
    outer loop
      vertex -4.65723 1.86131 7.5
      vertex -4.60676 1.94084 -7.5
      vertex -4.60676 1.94084 7.5
    endloop
  endfacet
  facet normal 0.844334 -0.535817 0
    outer loop
      vertex -4.60676 1.94084 -7.5
      vertex -4.65723 1.86131 7.5
      vertex -4.65723 1.86131 -7.5
    endloop
  endfacet
  facet normal -0.982286 -0.18739 0
    outer loop
      vertex -3.25591 -1.406 -7.5
      vertex -3.27356 -1.31348 7.5
      vertex -3.27356 -1.31348 -7.5
    endloop
  endfacet
  facet normal -0.982286 -0.18739 0
    outer loop
      vertex -3.27356 -1.31348 7.5
      vertex -3.25591 -1.406 -7.5
      vertex -3.25591 -1.406 7.5
    endloop
  endfacet
  facet normal -0.998029 -0.0627484 0
    outer loop
      vertex -3.25 -1.5 -7.5
      vertex -3.25591 -1.406 7.5
      vertex -3.25591 -1.406 -7.5
    endloop
  endfacet
  facet normal -0.998029 -0.0627484 0
    outer loop
      vertex -3.25591 -1.406 7.5
      vertex -3.25 -1.5 -7.5
      vertex -3.25 -1.5 7.5
    endloop
  endfacet
  facet normal -0.77054 0.637392 0
    outer loop
      vertex -3.45327 -2.01341 -7.5
      vertex -3.39324 -1.94084 7.5
      vertex -3.39324 -1.94084 -7.5
    endloop
  endfacet
  facet normal -0.77054 0.637392 0
    outer loop
      vertex -3.39324 -1.94084 7.5
      vertex -3.45327 -2.01341 -7.5
      vertex -3.45327 -2.01341 7.5
    endloop
  endfacet
  facet normal -0.982286 0.18739 0
    outer loop
      vertex -3.27356 -1.68652 -7.5
      vertex -3.25591 -1.594 7.5
      vertex -3.25591 -1.594 -7.5
    endloop
  endfacet
  facet normal -0.982286 0.18739 0
    outer loop
      vertex -3.25591 -1.594 7.5
      vertex -3.27356 -1.68652 -7.5
      vertex -3.27356 -1.68652 7.5
    endloop
  endfacet
  facet normal -0.248776 0.968561 0
    outer loop
      vertex -3.76824 -2.21329 -7.5
      vertex -3.85946 -2.23672 7.5
      vertex -3.76824 -2.21329 7.5
    endloop
  endfacet
  facet normal -0.248776 0.968561 0
    outer loop
      vertex -3.85946 -2.23672 7.5
      vertex -3.76824 -2.21329 -7.5
      vertex -3.85946 -2.23672 -7.5
    endloop
  endfacet
  facet normal 0.125328 -0.992115 0
    outer loop
      vertex -4.14054 -0.763284 -7.5
      vertex -4.04709 -0.751479 7.5
      vertex -4.14054 -0.763284 7.5
    endloop
  endfacet
  facet normal 0.125328 -0.992115 0
    outer loop
      vertex -4.04709 -0.751479 7.5
      vertex -4.14054 -0.763284 -7.5
      vertex -4.04709 -0.751479 -7.5
    endloop
  endfacet
  facet normal -0.684541 -0.728974 0
    outer loop
      vertex -3.52193 -0.922114 -7.5
      vertex -3.45327 -0.986589 7.5
      vertex -3.52193 -0.922114 7.5
    endloop
  endfacet
  facet normal -0.684541 -0.728974 -0
    outer loop
      vertex -3.45327 -0.986589 7.5
      vertex -3.52193 -0.922114 -7.5
      vertex -3.45327 -0.986589 -7.5
    endloop
  endfacet
  facet normal 0.770544 -0.637386 0
    outer loop
      vertex -4.60676 -1.05916 7.5
      vertex -4.54673 -0.986589 -7.5
      vertex -4.54673 -0.986589 7.5
    endloop
  endfacet
  facet normal 0.770544 -0.637386 0
    outer loop
      vertex -4.54673 -0.986589 -7.5
      vertex -4.60676 -1.05916 7.5
      vertex -4.60676 -1.05916 -7.5
    endloop
  endfacet
  facet normal 0.904833 0.425766 0
    outer loop
      vertex -4.65723 -1.86131 7.5
      vertex -4.69733 -1.77609 -7.5
      vertex -4.69733 -1.77609 7.5
    endloop
  endfacet
  facet normal 0.904833 0.425766 0
    outer loop
      vertex -4.69733 -1.77609 -7.5
      vertex -4.65723 -1.86131 7.5
      vertex -4.65723 -1.86131 -7.5
    endloop
  endfacet
  facet normal 0.904852 -0.425725 0
    outer loop
      vertex -4.69733 -1.22391 7.5
      vertex -4.65723 -1.13868 -7.5
      vertex -4.65723 -1.13868 7.5
    endloop
  endfacet
  facet normal 0.904852 -0.425725 0
    outer loop
      vertex -4.65723 -1.13868 -7.5
      vertex -4.69733 -1.22391 7.5
      vertex -4.69733 -1.22391 -7.5
    endloop
  endfacet
  facet normal -0.998029 0.0627484 0
    outer loop
      vertex -3.25591 -1.594 -7.5
      vertex -3.25 -1.5 7.5
      vertex -3.25 -1.5 -7.5
    endloop
  endfacet
  facet normal -0.998029 0.0627484 0
    outer loop
      vertex -3.25 -1.5 7.5
      vertex -3.25591 -1.594 -7.5
      vertex -3.25591 -1.594 7.5
    endloop
  endfacet
  facet normal -0.904833 0.425766 0
    outer loop
      vertex -3.34277 -1.86131 -7.5
      vertex -3.30267 -1.77609 7.5
      vertex -3.30267 -1.77609 -7.5
    endloop
  endfacet
  facet normal -0.904833 0.425766 0
    outer loop
      vertex -3.30267 -1.77609 7.5
      vertex -3.34277 -1.86131 -7.5
      vertex -3.34277 -1.86131 7.5
    endloop
  endfacet
  facet normal 0 1 -0
    outer loop
      vertex -3.95291 -2.24852 -7.5
      vertex -4.04709 -2.24852 7.5
      vertex -3.95291 -2.24852 7.5
    endloop
  endfacet
  facet normal 0 1 0
    outer loop
      vertex -4.04709 -2.24852 7.5
      vertex -3.95291 -2.24852 -7.5
      vertex -4.04709 -2.24852 -7.5
    endloop
  endfacet
  facet normal -0.844304 -0.535865 0
    outer loop
      vertex -3.34277 -1.13868 -7.5
      vertex -3.39324 -1.05916 7.5
      vertex -3.39324 -1.05916 -7.5
    endloop
  endfacet
  facet normal -0.844304 -0.535865 0
    outer loop
      vertex -3.39324 -1.05916 7.5
      vertex -3.34277 -1.13868 -7.5
      vertex -3.34277 -1.13868 7.5
    endloop
  endfacet
  facet normal 0.998029 0.0627484 0
    outer loop
      vertex -4.74409 -1.594 7.5
      vertex -4.75 -1.5 -7.5
      vertex -4.75 -1.5 7.5
    endloop
  endfacet
  facet normal 0.998029 0.0627484 0
    outer loop
      vertex -4.75 -1.5 -7.5
      vertex -4.74409 -1.594 7.5
      vertex -4.74409 -1.594 -7.5
    endloop
  endfacet
  facet normal -0.368139 -0.929771 0
    outer loop
      vertex -3.76824 -0.786707 -7.5
      vertex -3.68067 -0.82138 7.5
      vertex -3.76824 -0.786707 7.5
    endloop
  endfacet
  facet normal -0.368139 -0.929771 -0
    outer loop
      vertex -3.68067 -0.82138 7.5
      vertex -3.76824 -0.786707 -7.5
      vertex -3.68067 -0.82138 -7.5
    endloop
  endfacet
  facet normal 0.684513 0.729001 -0
    outer loop
      vertex -4.47807 -2.07788 -7.5
      vertex -4.54673 -2.01341 7.5
      vertex -4.47807 -2.07788 7.5
    endloop
  endfacet
  facet normal 0.684513 0.729001 0
    outer loop
      vertex -4.54673 -2.01341 7.5
      vertex -4.47807 -2.07788 -7.5
      vertex -4.54673 -2.01341 -7.5
    endloop
  endfacet
  facet normal 0.844334 0.535817 0
    outer loop
      vertex -4.60676 -1.94084 7.5
      vertex -4.65723 -1.86131 -7.5
      vertex -4.65723 -1.86131 7.5
    endloop
  endfacet
  facet normal 0.844334 0.535817 0
    outer loop
      vertex -4.65723 -1.86131 -7.5
      vertex -4.60676 -1.94084 7.5
      vertex -4.60676 -1.94084 -7.5
    endloop
  endfacet
  facet normal -0.951035 0.309084 0
    outer loop
      vertex -3.30267 -1.77609 -7.5
      vertex -3.27356 -1.68652 7.5
      vertex -3.27356 -1.68652 -7.5
    endloop
  endfacet
  facet normal -0.951035 0.309084 0
    outer loop
      vertex -3.27356 -1.68652 7.5
      vertex -3.30267 -1.77609 -7.5
      vertex -3.30267 -1.77609 7.5
    endloop
  endfacet
  facet normal -0.125328 -0.992115 0
    outer loop
      vertex -3.95291 -0.751479 -7.5
      vertex -3.85946 -0.763284 7.5
      vertex -3.95291 -0.751479 7.5
    endloop
  endfacet
  facet normal -0.125328 -0.992115 -0
    outer loop
      vertex -3.85946 -0.763284 7.5
      vertex -3.95291 -0.751479 -7.5
      vertex -3.85946 -0.763284 -7.5
    endloop
  endfacet
  facet normal 0.481731 -0.876319 0
    outer loop
      vertex -4.40187 -0.866754 -7.5
      vertex -4.31933 -0.82138 7.5
      vertex -4.40187 -0.866754 7.5
    endloop
  endfacet
  facet normal 0.481731 -0.876319 0
    outer loop
      vertex -4.31933 -0.82138 7.5
      vertex -4.40187 -0.866754 -7.5
      vertex -4.31933 -0.82138 -7.5
    endloop
  endfacet
  facet normal -0.844334 0.535817 0
    outer loop
      vertex -3.39324 -1.94084 -7.5
      vertex -3.34277 -1.86131 7.5
      vertex -3.34277 -1.86131 -7.5
    endloop
  endfacet
  facet normal -0.844334 0.535817 0
    outer loop
      vertex -3.34277 -1.86131 7.5
      vertex -3.39324 -1.94084 -7.5
      vertex -3.39324 -1.94084 7.5
    endloop
  endfacet
  facet normal 0.481699 0.876337 -0
    outer loop
      vertex -4.31933 -2.17862 -7.5
      vertex -4.40187 -2.13325 7.5
      vertex -4.31933 -2.17862 7.5
    endloop
  endfacet
  facet normal 0.481699 0.876337 0
    outer loop
      vertex -4.40187 -2.13325 7.5
      vertex -4.31933 -2.17862 -7.5
      vertex -4.40187 -2.13325 -7.5
    endloop
  endfacet
  facet normal -0.481731 -0.876319 0
    outer loop
      vertex -3.68067 -0.82138 -7.5
      vertex -3.59813 -0.866754 7.5
      vertex -3.68067 -0.82138 7.5
    endloop
  endfacet
  facet normal -0.481731 -0.876319 -0
    outer loop
      vertex -3.59813 -0.866754 7.5
      vertex -3.68067 -0.82138 -7.5
      vertex -3.59813 -0.866754 -7.5
    endloop
  endfacet
  facet normal 0.248707 -0.968579 0
    outer loop
      vertex -4.23176 -0.786707 -7.5
      vertex -4.14054 -0.763284 7.5
      vertex -4.23176 -0.786707 7.5
    endloop
  endfacet
  facet normal 0.248707 -0.968579 0
    outer loop
      vertex -4.14054 -0.763284 7.5
      vertex -4.23176 -0.786707 -7.5
      vertex -4.14054 -0.763284 -7.5
    endloop
  endfacet
  facet normal -0.587768 -0.80903 0
    outer loop
      vertex -3.59813 -0.866754 -7.5
      vertex -3.52193 -0.922114 7.5
      vertex -3.59813 -0.866754 7.5
    endloop
  endfacet
  facet normal -0.587768 -0.80903 -0
    outer loop
      vertex -3.52193 -0.922114 7.5
      vertex -3.59813 -0.866754 -7.5
      vertex -3.52193 -0.922114 -7.5
    endloop
  endfacet
  facet normal 0.951035 -0.309084 0
    outer loop
      vertex -4.72644 -1.31348 7.5
      vertex -4.69733 -1.22391 -7.5
      vertex -4.69733 -1.22391 7.5
    endloop
  endfacet
  facet normal 0.951035 -0.309084 0
    outer loop
      vertex -4.69733 -1.22391 -7.5
      vertex -4.72644 -1.31348 7.5
      vertex -4.72644 -1.31348 -7.5
    endloop
  endfacet
  facet normal 0.368139 -0.929771 0
    outer loop
      vertex -4.31933 -0.82138 -7.5
      vertex -4.23176 -0.786707 7.5
      vertex -4.31933 -0.82138 7.5
    endloop
  endfacet
  facet normal 0.368139 -0.929771 0
    outer loop
      vertex -4.23176 -0.786707 7.5
      vertex -4.31933 -0.82138 -7.5
      vertex -4.23176 -0.786707 -7.5
    endloop
  endfacet
  facet normal -0.125276 0.992122 0
    outer loop
      vertex -3.85946 -2.23672 -7.5
      vertex -3.95291 -2.24852 7.5
      vertex -3.85946 -2.23672 7.5
    endloop
  endfacet
  facet normal -0.125276 0.992122 0
    outer loop
      vertex -3.95291 -2.24852 7.5
      vertex -3.85946 -2.23672 -7.5
      vertex -3.95291 -2.24852 -7.5
    endloop
  endfacet
  facet normal 0.368112 0.929782 -0
    outer loop
      vertex -4.23176 -2.21329 -7.5
      vertex -4.31933 -2.17862 7.5
      vertex -4.23176 -2.21329 7.5
    endloop
  endfacet
  facet normal 0.368112 0.929782 0
    outer loop
      vertex -4.31933 -2.17862 7.5
      vertex -4.23176 -2.21329 -7.5
      vertex -4.31933 -2.17862 -7.5
    endloop
  endfacet
  facet normal 0.587837 0.808979 -0
    outer loop
      vertex -4.40187 -2.13325 -7.5
      vertex -4.47807 -2.07788 7.5
      vertex -4.40187 -2.13325 7.5
    endloop
  endfacet
  facet normal 0.587837 0.808979 0
    outer loop
      vertex -4.47807 -2.07788 7.5
      vertex -4.40187 -2.13325 -7.5
      vertex -4.47807 -2.07788 -7.5
    endloop
  endfacet
  facet normal 0 -1 0
    outer loop
      vertex -4.04709 -0.751479 -7.5
      vertex -3.95291 -0.751479 7.5
      vertex -4.04709 -0.751479 7.5
    endloop
  endfacet
  facet normal 0 -1 -0
    outer loop
      vertex -3.95291 -0.751479 7.5
      vertex -4.04709 -0.751479 -7.5
      vertex -3.95291 -0.751479 -7.5
    endloop
  endfacet
  facet normal -0.904852 -0.425725 0
    outer loop
      vertex -3.30267 -1.22391 -7.5
      vertex -3.34277 -1.13868 7.5
      vertex -3.34277 -1.13868 -7.5
    endloop
  endfacet
  facet normal -0.904852 -0.425725 0
    outer loop
      vertex -3.34277 -1.13868 7.5
      vertex -3.30267 -1.22391 -7.5
      vertex -3.30267 -1.22391 7.5
    endloop
  endfacet
  facet normal 0.587768 -0.80903 0
    outer loop
      vertex -4.47807 -0.922114 -7.5
      vertex -4.40187 -0.866754 7.5
      vertex -4.47807 -0.922114 7.5
    endloop
  endfacet
  facet normal 0.587768 -0.80903 0
    outer loop
      vertex -4.40187 -0.866754 7.5
      vertex -4.47807 -0.922114 -7.5
      vertex -4.40187 -0.866754 -7.5
    endloop
  endfacet
  facet normal -0.368112 0.929782 0
    outer loop
      vertex -3.68067 -2.17862 -7.5
      vertex -3.76824 -2.21329 7.5
      vertex -3.68067 -2.17862 7.5
    endloop
  endfacet
  facet normal -0.368112 0.929782 0
    outer loop
      vertex -3.76824 -2.21329 7.5
      vertex -3.68067 -2.17862 -7.5
      vertex -3.76824 -2.21329 -7.5
    endloop
  endfacet
  facet normal 0.982286 0.18739 0
    outer loop
      vertex -4.72644 -1.68652 7.5
      vertex -4.74409 -1.594 -7.5
      vertex -4.74409 -1.594 7.5
    endloop
  endfacet
  facet normal 0.982286 0.18739 0
    outer loop
      vertex -4.74409 -1.594 -7.5
      vertex -4.72644 -1.68652 7.5
      vertex -4.72644 -1.68652 -7.5
    endloop
  endfacet
  facet normal 0.951035 0.309084 0
    outer loop
      vertex -4.69733 -1.77609 7.5
      vertex -4.72644 -1.68652 -7.5
      vertex -4.72644 -1.68652 7.5
    endloop
  endfacet
  facet normal 0.951035 0.309084 0
    outer loop
      vertex -4.72644 -1.68652 -7.5
      vertex -4.69733 -1.77609 7.5
      vertex -4.69733 -1.77609 -7.5
    endloop
  endfacet
  facet normal -0.248707 -0.968579 0
    outer loop
      vertex -3.85946 -0.763284 -7.5
      vertex -3.76824 -0.786707 7.5
      vertex -3.85946 -0.763284 7.5
    endloop
  endfacet
  facet normal -0.248707 -0.968579 -0
    outer loop
      vertex -3.76824 -0.786707 7.5
      vertex -3.85946 -0.763284 -7.5
      vertex -3.76824 -0.786707 -7.5
    endloop
  endfacet
  facet normal 0.982286 -0.18739 0
    outer loop
      vertex -4.74409 -1.406 7.5
      vertex -4.72644 -1.31348 -7.5
      vertex -4.72644 -1.31348 7.5
    endloop
  endfacet
  facet normal 0.982286 -0.18739 0
    outer loop
      vertex -4.72644 -1.31348 -7.5
      vertex -4.74409 -1.406 7.5
      vertex -4.74409 -1.406 -7.5
    endloop
  endfacet
  facet normal -0.770544 -0.637386 0
    outer loop
      vertex -3.39324 -1.05916 -7.5
      vertex -3.45327 -0.986589 7.5
      vertex -3.45327 -0.986589 -7.5
    endloop
  endfacet
  facet normal -0.770544 -0.637386 0
    outer loop
      vertex -3.45327 -0.986589 7.5
      vertex -3.39324 -1.05916 -7.5
      vertex -3.39324 -1.05916 7.5
    endloop
  endfacet
  facet normal -0.481699 0.876337 0
    outer loop
      vertex -3.59813 -2.13325 -7.5
      vertex -3.68067 -2.17862 7.5
      vertex -3.59813 -2.13325 7.5
    endloop
  endfacet
  facet normal -0.481699 0.876337 0
    outer loop
      vertex -3.68067 -2.17862 7.5
      vertex -3.59813 -2.13325 -7.5
      vertex -3.68067 -2.17862 -7.5
    endloop
  endfacet
  facet normal -0.951035 -0.309084 0
    outer loop
      vertex -3.27356 -1.31348 -7.5
      vertex -3.30267 -1.22391 7.5
      vertex -3.30267 -1.22391 -7.5
    endloop
  endfacet
  facet normal -0.951035 -0.309084 0
    outer loop
      vertex -3.30267 -1.22391 7.5
      vertex -3.27356 -1.31348 -7.5
      vertex -3.27356 -1.31348 7.5
    endloop
  endfacet
  facet normal 0.998029 -0.0627484 0
    outer loop
      vertex -4.75 -1.5 7.5
      vertex -4.74409 -1.406 -7.5
      vertex -4.74409 -1.406 7.5
    endloop
  endfacet
  facet normal 0.998029 -0.0627484 0
    outer loop
      vertex -4.74409 -1.406 -7.5
      vertex -4.75 -1.5 7.5
      vertex -4.75 -1.5 -7.5
    endloop
  endfacet
  facet normal 0.125276 0.992122 -0
    outer loop
      vertex -4.04709 -2.24852 -7.5
      vertex -4.14054 -2.23672 7.5
      vertex -4.04709 -2.24852 7.5
    endloop
  endfacet
  facet normal 0.125276 0.992122 0
    outer loop
      vertex -4.14054 -2.23672 7.5
      vertex -4.04709 -2.24852 -7.5
      vertex -4.14054 -2.23672 -7.5
    endloop
  endfacet
  facet normal 0.684541 -0.728974 0
    outer loop
      vertex -4.54673 -0.986589 -7.5
      vertex -4.47807 -0.922114 7.5
      vertex -4.54673 -0.986589 7.5
    endloop
  endfacet
  facet normal 0.684541 -0.728974 0
    outer loop
      vertex -4.47807 -0.922114 7.5
      vertex -4.54673 -0.986589 -7.5
      vertex -4.47807 -0.922114 -7.5
    endloop
  endfacet
  facet normal 0.248776 0.968561 -0
    outer loop
      vertex -4.14054 -2.23672 -7.5
      vertex -4.23176 -2.21329 7.5
      vertex -4.14054 -2.23672 7.5
    endloop
  endfacet
  facet normal 0.248776 0.968561 0
    outer loop
      vertex -4.23176 -2.21329 7.5
      vertex -4.14054 -2.23672 -7.5
      vertex -4.23176 -2.21329 -7.5
    endloop
  endfacet
  facet normal 0.77054 0.637392 0
    outer loop
      vertex -4.54673 -2.01341 7.5
      vertex -4.60676 -1.94084 -7.5
      vertex -4.60676 -1.94084 7.5
    endloop
  endfacet
  facet normal 0.77054 0.637392 0
    outer loop
      vertex -4.60676 -1.94084 -7.5
      vertex -4.54673 -2.01341 7.5
      vertex -4.54673 -2.01341 -7.5
    endloop
  endfacet
  facet normal -0.587837 0.808979 0
    outer loop
      vertex -3.52193 -2.07788 -7.5
      vertex -3.59813 -2.13325 7.5
      vertex -3.52193 -2.07788 7.5
    endloop
  endfacet
  facet normal -0.587837 0.808979 0
    outer loop
      vertex -3.59813 -2.13325 7.5
      vertex -3.52193 -2.07788 -7.5
      vertex -3.59813 -2.13325 -7.5
    endloop
  endfacet
  facet normal -0.684513 0.729001 0
    outer loop
      vertex -3.45327 -2.01341 -7.5
      vertex -3.52193 -2.07788 7.5
      vertex -3.45327 -2.01341 7.5
    endloop
  endfacet
  facet normal -0.684513 0.729001 0
    outer loop
      vertex -3.52193 -2.07788 7.5
      vertex -3.45327 -2.01341 -7.5
      vertex -3.52193 -2.07788 -7.5
    endloop
  endfacet
  facet normal 0.844304 -0.535865 0
    outer loop
      vertex -4.65723 -1.13868 7.5
      vertex -4.60676 -1.05916 -7.5
      vertex -4.60676 -1.05916 7.5
    endloop
  endfacet
  facet normal 0.844304 -0.535865 0
    outer loop
      vertex -4.60676 -1.05916 -7.5
      vertex -4.65723 -1.13868 7.5
      vertex -4.65723 -1.13868 -7.5
    endloop
  endfacet
endsolid OpenSCAD_Model
