solid OpenSCAD_Model
  facet normal 1 -0 0
    outer loop
      vertex 30 -3 2
      vertex 30 3 -2
      vertex 30 3 2
    endloop
  endfacet
  facet normal 1 0 0
    outer loop
      vertex 30 3 -2
      vertex 30 -3 2
      vertex 30 -3 -2
    endloop
  endfacet
  facet normal -0 0 1
    outer loop
      vertex -32.1631 16.6574 2
      vertex -32 13.4621 2
      vertex -32 16.7048 2
    endloop
  endfacet
  facet normal -0 0 1
    outer loop
      vertex -32.5769 16.5084 2
      vertex -32 13.4621 2
      vertex -32.1631 16.6574 2
    endloop
  endfacet
  facet normal -0 0 1
    outer loop
      vertex -32.9805 16.3338 2
      vertex -32 13.4621 2
      vertex -32.5769 16.5084 2
    endloop
  endfacet
  facet normal -0 0 1
    outer loop
      vertex -33.3723 16.1341 2
      vertex -32 13.4621 2
      vertex -32.9805 16.3338 2
    endloop
  endfacet
  facet normal -0 0 1
    outer loop
      vertex -33.7508 15.9103 2
      vertex -32 13.4621 2
      vertex -33.3723 16.1341 2
    endloop
  endfacet
  facet normal 0 0 1
    outer loop
      vertex -32 13.4621 2
      vertex -33.7508 15.9103 2
      vertex -32.1433 13.3773 2
    endloop
  endfacet
  facet normal 0 0 1
    outer loop
      vertex -32.1433 13.3773 2
      vertex -33.7508 15.9103 2
      vertex -32.3511 13.2361 2
    endloop
  endfacet
  facet normal -0 0 1
    outer loop
      vertex -34.1145 15.6631 2
      vertex -32.3511 13.2361 2
      vertex -33.7508 15.9103 2
    endloop
  endfacet
  facet normal 0 0 1
    outer loop
      vertex -32.3511 13.2361 2
      vertex -34.1145 15.6631 2
      vertex -32.5497 13.0821 2
    endloop
  endfacet
  facet normal -0 0 1
    outer loop
      vertex -34.462 15.3936 2
      vertex -32.5497 13.0821 2
      vertex -34.1145 15.6631 2
    endloop
  endfacet
  facet normal 0 0 1
    outer loop
      vertex -32.5497 13.0821 2
      vertex -34.462 15.3936 2
      vertex -32.7382 12.9159 2
    endloop
  endfacet
  facet normal -0 0 1
    outer loop
      vertex -34.7918 15.1028 2
      vertex -32.7382 12.9159 2
      vertex -34.462 15.3936 2
    endloop
  endfacet
  facet normal 0 0 1
    outer loop
      vertex -32.7382 12.9159 2
      vertex -34.7918 15.1028 2
      vertex -32.9159 12.7382 2
    endloop
  endfacet
  facet normal -0 0 1
    outer loop
      vertex -35.1028 14.7918 2
      vertex -32.9159 12.7382 2
      vertex -34.7918 15.1028 2
    endloop
  endfacet
  facet normal 0 0 1
    outer loop
      vertex -32.9159 12.7382 2
      vertex -35.1028 14.7918 2
      vertex -33.0821 12.5497 2
    endloop
  endfacet
  facet normal -0 0 1
    outer loop
      vertex -35.3936 14.462 2
      vertex -33.0821 12.5497 2
      vertex -35.1028 14.7918 2
    endloop
  endfacet
  facet normal 0 0 1
    outer loop
      vertex -33.0821 12.5497 2
      vertex -35.3936 14.462 2
      vertex -33.2361 12.3511 2
    endloop
  endfacet
  facet normal -0 0 1
    outer loop
      vertex -35.6631 14.1145 2
      vertex -33.2361 12.3511 2
      vertex -35.3936 14.462 2
    endloop
  endfacet
  facet normal 0 0 1
    outer loop
      vertex -33.2361 12.3511 2
      vertex -35.6631 14.1145 2
      vertex -33.3773 12.1433 2
    endloop
  endfacet
  facet normal -0 0 1
    outer loop
      vertex -35.9103 13.7508 2
      vertex -33.3773 12.1433 2
      vertex -35.6631 14.1145 2
    endloop
  endfacet
  facet normal 0 0 1
    outer loop
      vertex -33.3773 12.1433 2
      vertex -35.9103 13.7508 2
      vertex -33.5052 11.927 2
    endloop
  endfacet
  facet normal 0 0 1
    outer loop
      vertex -33.5052 11.927 2
      vertex -36.1341 13.3723 2
      vertex -33.6193 11.7031 2
    endloop
  endfacet
  facet normal -0 0 1
    outer loop
      vertex -36.1341 13.3723 2
      vertex -33.5052 11.927 2
      vertex -35.9103 13.7508 2
    endloop
  endfacet
  facet normal 0 0 1
    outer loop
      vertex 13 10 2
      vertex 12.8567 3.37731 2
      vertex 13 3.46206 2
    endloop
  endfacet
  facet normal 0 0 1
    outer loop
      vertex 13 10 2
      vertex 12.6489 3.23607 2
      vertex 12.8567 3.37731 2
    endloop
  endfacet
  facet normal 0 0 1
    outer loop
      vertex 13 10 2
      vertex 12.4503 3.08205 2
      vertex 12.6489 3.23607 2
    endloop
  endfacet
  facet normal 0 0 1
    outer loop
      vertex 13 10 2
      vertex 12.2618 2.91587 2
      vertex 12.4503 3.08205 2
    endloop
  endfacet
  facet normal 0 0 1
    outer loop
      vertex 13 10 2
      vertex 12.0841 2.73819 2
      vertex 12.2618 2.91587 2
    endloop
  endfacet
  facet normal 0 0 1
    outer loop
      vertex 2.91587 2.73819 2
      vertex 12.0841 2.73819 2
      vertex 13 10 2
    endloop
  endfacet
  facet normal 0 0 1
    outer loop
      vertex 12.0841 2.73819 2
      vertex 2.91587 2.73819 2
      vertex 11.9179 2.5497 2
    endloop
  endfacet
  facet normal 0 -0 1
    outer loop
      vertex 3.08205 2.5497 2
      vertex 11.9179 2.5497 2
      vertex 2.91587 2.73819 2
    endloop
  endfacet
  facet normal 0 0 1
    outer loop
      vertex 11.9179 2.5497 2
      vertex 3.08205 2.5497 2
      vertex 11.7639 2.35114 2
    endloop
  endfacet
  facet normal 0 -0 1
    outer loop
      vertex 3.23607 2.35114 2
      vertex 11.7639 2.35114 2
      vertex 3.08205 2.5497 2
    endloop
  endfacet
  facet normal 0 -0 1
    outer loop
      vertex 3.37731 2.14331 2
      vertex 11.6227 2.14331 2
      vertex 3.23607 2.35114 2
    endloop
  endfacet
  facet normal 0 0 1
    outer loop
      vertex 11.6227 2.14331 2
      vertex 3.37731 2.14331 2
      vertex 11.4948 1.92701 2
    endloop
  endfacet
  facet normal 0 -0 1
    outer loop
      vertex 3.50523 1.92701 2
      vertex 11.4948 1.92701 2
      vertex 3.37731 2.14331 2
    endloop
  endfacet
  facet normal 0 0 1
    outer loop
      vertex 11.4948 1.92701 2
      vertex 3.50523 1.92701 2
      vertex 11.3807 1.70312 2
    endloop
  endfacet
  facet normal 0 0 1
    outer loop
      vertex 11.0079 0.251162 2
      vertex 4 0 2
      vertex 11 0 2
    endloop
  endfacet
  facet normal 0 0 1
    outer loop
      vertex 3.99211 0.251162 2
      vertex 11.0079 0.251162 2
      vertex 11.0315 0.501332 2
    endloop
  endfacet
  facet normal 0 0 1
    outer loop
      vertex 3.96846 0.501332 2
      vertex 11.0315 0.501332 2
      vertex 11.0709 0.749525 2
    endloop
  endfacet
  facet normal 0 0 1
    outer loop
      vertex 11.3807 1.70312 2
      vertex 3.61931 1.70312 2
      vertex 11.2809 1.4725 2
    endloop
  endfacet
  facet normal 0 0 1
    outer loop
      vertex 11.0079 0.251162 2
      vertex 3.99211 0.251162 2
      vertex 4 0 2
    endloop
  endfacet
  facet normal 0 0 1
    outer loop
      vertex 11.0315 0.501332 2
      vertex 3.96846 0.501332 2
      vertex 3.99211 0.251162 2
    endloop
  endfacet
  facet normal 0 0 1
    outer loop
      vertex 11.0709 0.749525 2
      vertex 3.92915 0.749525 2
      vertex 3.96846 0.501332 2
    endloop
  endfacet
  facet normal 0 0 1
    outer loop
      vertex 11.0709 0.749525 2
      vertex 3.87433 0.994759 2
      vertex 3.92915 0.749525 2
    endloop
  endfacet
  facet normal 0 0 1
    outer loop
      vertex 11.1257 0.994759 2
      vertex 3.87433 0.994759 2
      vertex 11.0709 0.749525 2
    endloop
  endfacet
  facet normal 0 -0 1
    outer loop
      vertex 3.87433 0.994759 2
      vertex 11.1257 0.994759 2
      vertex 3.80423 1.23607 2
    endloop
  endfacet
  facet normal 0 0 1
    outer loop
      vertex 11.1958 1.23607 2
      vertex 3.80423 1.23607 2
      vertex 11.1257 0.994759 2
    endloop
  endfacet
  facet normal 0 -0 1
    outer loop
      vertex 3.80423 1.23607 2
      vertex 11.1958 1.23607 2
      vertex 3.71911 1.4725 2
    endloop
  endfacet
  facet normal 0 0 1
    outer loop
      vertex 11.2809 1.4725 2
      vertex 3.71911 1.4725 2
      vertex 11.1958 1.23607 2
    endloop
  endfacet
  facet normal 0 -0 1
    outer loop
      vertex 3.71911 1.4725 2
      vertex 11.2809 1.4725 2
      vertex 3.61931 1.70312 2
    endloop
  endfacet
  facet normal 0 -0 1
    outer loop
      vertex 3.61931 1.70312 2
      vertex 11.3807 1.70312 2
      vertex 3.50523 1.92701 2
    endloop
  endfacet
  facet normal 0 0 1
    outer loop
      vertex 11.7639 2.35114 2
      vertex 3.23607 2.35114 2
      vertex 11.6227 2.14331 2
    endloop
  endfacet
  facet normal 0 0 1
    outer loop
      vertex 13 10 2
      vertex 2.73819 2.91587 2
      vertex 2.91587 2.73819 2
    endloop
  endfacet
  facet normal 0 0 1
    outer loop
      vertex 13 10 2
      vertex 2.5497 3.08205 2
      vertex 2.73819 2.91587 2
    endloop
  endfacet
  facet normal 0 0 1
    outer loop
      vertex 13 10 2
      vertex 2.35114 3.23607 2
      vertex 2.5497 3.08205 2
    endloop
  endfacet
  facet normal 0 0 1
    outer loop
      vertex 13 10 2
      vertex 2.14331 3.37731 2
      vertex 2.35114 3.23607 2
    endloop
  endfacet
  facet normal 0 0 1
    outer loop
      vertex 13 10 2
      vertex 1.92701 3.50523 2
      vertex 2.14331 3.37731 2
    endloop
  endfacet
  facet normal 0 0 1
    outer loop
      vertex 13 10 2
      vertex 1.70312 3.61931 2
      vertex 1.92701 3.50523 2
    endloop
  endfacet
  facet normal 0 0 1
    outer loop
      vertex 13 10 2
      vertex 1.4725 3.71911 2
      vertex 1.70312 3.61931 2
    endloop
  endfacet
  facet normal 0 0 1
    outer loop
      vertex 13 10 2
      vertex 1.23607 3.80423 2
      vertex 1.4725 3.71911 2
    endloop
  endfacet
  facet normal 0 0 1
    outer loop
      vertex 13 10 2
      vertex 0.994759 3.87433 2
      vertex 1.23607 3.80423 2
    endloop
  endfacet
  facet normal 0 0 1
    outer loop
      vertex 13 10 2
      vertex 0.749525 3.92915 2
      vertex 0.994759 3.87433 2
    endloop
  endfacet
  facet normal 0 0 1
    outer loop
      vertex 13 10 2
      vertex 0.501332 3.96846 2
      vertex 0.749525 3.92915 2
    endloop
  endfacet
  facet normal 0 0 1
    outer loop
      vertex 13 10 2
      vertex 0.251162 3.99211 2
      vertex 0.501332 3.96846 2
    endloop
  endfacet
  facet normal 0 0 1
    outer loop
      vertex 13 10 2
      vertex 0 4 2
      vertex 0.251162 3.99211 2
    endloop
  endfacet
  facet normal 0 0 1
    outer loop
      vertex 13 10 2
      vertex -0.251162 3.99211 2
      vertex 0 4 2
    endloop
  endfacet
  facet normal 0 0 1
    outer loop
      vertex 13 10 2
      vertex -0.501332 3.96846 2
      vertex -0.251162 3.99211 2
    endloop
  endfacet
  facet normal 0 0 1
    outer loop
      vertex 13 10 2
      vertex -0.749525 3.92915 2
      vertex -0.501332 3.96846 2
    endloop
  endfacet
  facet normal -0 0 1
    outer loop
      vertex -23 10 2
      vertex -0.749525 3.92915 2
      vertex 13 10 2
    endloop
  endfacet
  facet normal 0 0 1
    outer loop
      vertex -0.749525 3.92915 2
      vertex -23 10 2
      vertex -0.994759 3.87433 2
    endloop
  endfacet
  facet normal 0 0 1
    outer loop
      vertex -0.994759 3.87433 2
      vertex -23 10 2
      vertex -1.23607 3.80423 2
    endloop
  endfacet
  facet normal 0 -0 1
    outer loop
      vertex -13.7639 3.80423 2
      vertex -1.23607 3.80423 2
      vertex -23 10 2
    endloop
  endfacet
  facet normal 0 0 1
    outer loop
      vertex -3.99211 0.251162 2
      vertex -11 0 2
      vertex -4 0 2
    endloop
  endfacet
  facet normal 0 0 1
    outer loop
      vertex -11.0079 0.251162 2
      vertex -3.99211 0.251162 2
      vertex -3.96846 0.501332 2
    endloop
  endfacet
  facet normal 0 0 1
    outer loop
      vertex -11.0315 0.501332 2
      vertex -3.96846 0.501332 2
      vertex -3.92915 0.749525 2
    endloop
  endfacet
  facet normal 0 0 1
    outer loop
      vertex -11.0709 0.749525 2
      vertex -3.92915 0.749525 2
      vertex -3.87433 0.994759 2
    endloop
  endfacet
  facet normal 0 0 1
    outer loop
      vertex -11.1257 0.994759 2
      vertex -3.87433 0.994759 2
      vertex -3.80423 1.23607 2
    endloop
  endfacet
  facet normal 0 0 1
    outer loop
      vertex -11.1958 1.23607 2
      vertex -3.80423 1.23607 2
      vertex -3.71911 1.4725 2
    endloop
  endfacet
  facet normal 0 0 1
    outer loop
      vertex -11.2809 1.4725 2
      vertex -3.71911 1.4725 2
      vertex -3.61931 1.70312 2
    endloop
  endfacet
  facet normal 0 0 1
    outer loop
      vertex -11.3807 1.70312 2
      vertex -3.61931 1.70312 2
      vertex -3.50523 1.92701 2
    endloop
  endfacet
  facet normal 0 0 1
    outer loop
      vertex -11.4948 1.92701 2
      vertex -3.50523 1.92701 2
      vertex -3.37731 2.14331 2
    endloop
  endfacet
  facet normal 0 0 1
    outer loop
      vertex -11.6227 2.14331 2
      vertex -3.37731 2.14331 2
      vertex -3.23607 2.35114 2
    endloop
  endfacet
  facet normal 0 0 1
    outer loop
      vertex -11.7639 2.35114 2
      vertex -3.23607 2.35114 2
      vertex -3.08205 2.5497 2
    endloop
  endfacet
  facet normal 0 0 1
    outer loop
      vertex -11.9179 2.5497 2
      vertex -3.08205 2.5497 2
      vertex -2.91587 2.73819 2
    endloop
  endfacet
  facet normal 0 0 1
    outer loop
      vertex -12.0841 2.73819 2
      vertex -2.91587 2.73819 2
      vertex -2.73819 2.91587 2
    endloop
  endfacet
  facet normal 0 0 1
    outer loop
      vertex -12.2618 2.91587 2
      vertex -2.73819 2.91587 2
      vertex -2.5497 3.08205 2
    endloop
  endfacet
  facet normal 0 0 1
    outer loop
      vertex -12.4503 3.08205 2
      vertex -2.5497 3.08205 2
      vertex -2.35114 3.23607 2
    endloop
  endfacet
  facet normal 0 0 1
    outer loop
      vertex -12.6489 3.23607 2
      vertex -2.35114 3.23607 2
      vertex -2.14331 3.37731 2
    endloop
  endfacet
  facet normal 0 0 1
    outer loop
      vertex -12.8567 3.37731 2
      vertex -2.14331 3.37731 2
      vertex -1.92701 3.50523 2
    endloop
  endfacet
  facet normal 0 0 1
    outer loop
      vertex -13.073 3.50523 2
      vertex -1.92701 3.50523 2
      vertex -1.70312 3.61931 2
    endloop
  endfacet
  facet normal 0 0 1
    outer loop
      vertex -1.23607 3.80423 2
      vertex -13.7639 3.80423 2
      vertex -1.4725 3.71911 2
    endloop
  endfacet
  facet normal 0 0 1
    outer loop
      vertex -3.99211 0.251162 2
      vertex -11.0079 0.251162 2
      vertex -11 0 2
    endloop
  endfacet
  facet normal 0 0 1
    outer loop
      vertex -3.96846 0.501332 2
      vertex -11.0315 0.501332 2
      vertex -11.0079 0.251162 2
    endloop
  endfacet
  facet normal 0 0 1
    outer loop
      vertex -3.92915 0.749525 2
      vertex -11.0709 0.749525 2
      vertex -11.0315 0.501332 2
    endloop
  endfacet
  facet normal 0 0 1
    outer loop
      vertex -3.87433 0.994759 2
      vertex -11.1257 0.994759 2
      vertex -11.0709 0.749525 2
    endloop
  endfacet
  facet normal 0 0 1
    outer loop
      vertex -3.80423 1.23607 2
      vertex -11.1958 1.23607 2
      vertex -11.1257 0.994759 2
    endloop
  endfacet
  facet normal 0 0 1
    outer loop
      vertex -3.71911 1.4725 2
      vertex -11.2809 1.4725 2
      vertex -11.1958 1.23607 2
    endloop
  endfacet
  facet normal 0 0 1
    outer loop
      vertex -3.61931 1.70312 2
      vertex -11.3807 1.70312 2
      vertex -11.2809 1.4725 2
    endloop
  endfacet
  facet normal 0 0 1
    outer loop
      vertex -3.50523 1.92701 2
      vertex -11.4948 1.92701 2
      vertex -11.3807 1.70312 2
    endloop
  endfacet
  facet normal 0 0 1
    outer loop
      vertex -3.37731 2.14331 2
      vertex -11.6227 2.14331 2
      vertex -11.4948 1.92701 2
    endloop
  endfacet
  facet normal 0 0 1
    outer loop
      vertex -3.23607 2.35114 2
      vertex -11.7639 2.35114 2
      vertex -11.6227 2.14331 2
    endloop
  endfacet
  facet normal 0 0 1
    outer loop
      vertex -3.08205 2.5497 2
      vertex -11.9179 2.5497 2
      vertex -11.7639 2.35114 2
    endloop
  endfacet
  facet normal 0 0 1
    outer loop
      vertex -2.91587 2.73819 2
      vertex -12.0841 2.73819 2
      vertex -11.9179 2.5497 2
    endloop
  endfacet
  facet normal 0 0 1
    outer loop
      vertex -2.73819 2.91587 2
      vertex -12.2618 2.91587 2
      vertex -12.0841 2.73819 2
    endloop
  endfacet
  facet normal 0 0 1
    outer loop
      vertex -2.5497 3.08205 2
      vertex -12.4503 3.08205 2
      vertex -12.2618 2.91587 2
    endloop
  endfacet
  facet normal 0 0 1
    outer loop
      vertex -2.35114 3.23607 2
      vertex -12.6489 3.23607 2
      vertex -12.4503 3.08205 2
    endloop
  endfacet
  facet normal 0 0 1
    outer loop
      vertex -2.14331 3.37731 2
      vertex -12.8567 3.37731 2
      vertex -12.6489 3.23607 2
    endloop
  endfacet
  facet normal 0 0 1
    outer loop
      vertex -1.92701 3.50523 2
      vertex -13.073 3.50523 2
      vertex -12.8567 3.37731 2
    endloop
  endfacet
  facet normal 0 0 1
    outer loop
      vertex -1.70312 3.61931 2
      vertex -13.2969 3.61931 2
      vertex -13.073 3.50523 2
    endloop
  endfacet
  facet normal 0 0 1
    outer loop
      vertex -1.70312 3.61931 2
      vertex -13.5275 3.71911 2
      vertex -13.2969 3.61931 2
    endloop
  endfacet
  facet normal 0 -0 1
    outer loop
      vertex -13.5275 3.71911 2
      vertex -1.4725 3.71911 2
      vertex -13.7639 3.80423 2
    endloop
  endfacet
  facet normal 0 0 1
    outer loop
      vertex -1.4725 3.71911 2
      vertex -13.5275 3.71911 2
      vertex -1.70312 3.61931 2
    endloop
  endfacet
  facet normal 0 0 1
    outer loop
      vertex -13.7639 3.80423 2
      vertex -23 10 2
      vertex -14.0052 3.87433 2
    endloop
  endfacet
  facet normal 0 0 1
    outer loop
      vertex -14.0052 3.87433 2
      vertex -23 10 2
      vertex -14.2505 3.92915 2
    endloop
  endfacet
  facet normal 0 0 1
    outer loop
      vertex -14.2505 3.92915 2
      vertex -23 10 2
      vertex -14.4987 3.96846 2
    endloop
  endfacet
  facet normal 0 0 1
    outer loop
      vertex -14.4987 3.96846 2
      vertex -23 10 2
      vertex -14.7488 3.99211 2
    endloop
  endfacet
  facet normal 0 0 1
    outer loop
      vertex -14.7488 3.99211 2
      vertex -23 10 2
      vertex -15 4 2
    endloop
  endfacet
  facet normal 0 0 1
    outer loop
      vertex -15 4 2
      vertex -23 10 2
      vertex -15.2512 3.99211 2
    endloop
  endfacet
  facet normal 0 0 1
    outer loop
      vertex -15.2512 3.99211 2
      vertex -23 10 2
      vertex -15.5013 3.96846 2
    endloop
  endfacet
  facet normal -0 0 1
    outer loop
      vertex -27.4503 6.91795 2
      vertex -18.8042 1.23607 2
      vertex -27.2618 7.08412 2
    endloop
  endfacet
  facet normal 0 0 1
    outer loop
      vertex -18.7191 1.4725 2
      vertex -27.2618 7.08412 2
      vertex -18.8042 1.23607 2
    endloop
  endfacet
  facet normal -0 0 1
    outer loop
      vertex -27.2618 7.08412 2
      vertex -18.7191 1.4725 2
      vertex -27.0841 7.26181 2
    endloop
  endfacet
  facet normal 0 0 1
    outer loop
      vertex -18.6193 1.70312 2
      vertex -27.0841 7.26181 2
      vertex -18.7191 1.4725 2
    endloop
  endfacet
  facet normal -0 0 1
    outer loop
      vertex -27.0841 7.26181 2
      vertex -18.6193 1.70312 2
      vertex -26.9179 7.4503 2
    endloop
  endfacet
  facet normal 0 0 1
    outer loop
      vertex -18.5052 1.92701 2
      vertex -26.9179 7.4503 2
      vertex -18.6193 1.70312 2
    endloop
  endfacet
  facet normal -0 0 1
    outer loop
      vertex -26.9179 7.4503 2
      vertex -18.5052 1.92701 2
      vertex -26.7639 7.64886 2
    endloop
  endfacet
  facet normal 0 0 1
    outer loop
      vertex -18.3773 2.14331 2
      vertex -26.7639 7.64886 2
      vertex -18.5052 1.92701 2
    endloop
  endfacet
  facet normal -0 0 1
    outer loop
      vertex -26.7639 7.64886 2
      vertex -18.3773 2.14331 2
      vertex -23 10 2
    endloop
  endfacet
  facet normal 0 0 1
    outer loop
      vertex -18.2361 2.35114 2
      vertex -23 10 2
      vertex -18.3773 2.14331 2
    endloop
  endfacet
  facet normal 0 0 1
    outer loop
      vertex -18.0821 2.5497 2
      vertex -23 10 2
      vertex -18.2361 2.35114 2
    endloop
  endfacet
  facet normal 0 0 1
    outer loop
      vertex -17.9159 2.73819 2
      vertex -23 10 2
      vertex -18.0821 2.5497 2
    endloop
  endfacet
  facet normal 0 0 1
    outer loop
      vertex -17.7382 2.91587 2
      vertex -23 10 2
      vertex -17.9159 2.73819 2
    endloop
  endfacet
  facet normal 0 0 1
    outer loop
      vertex -17.5497 3.08205 2
      vertex -23 10 2
      vertex -17.7382 2.91587 2
    endloop
  endfacet
  facet normal 0 0 1
    outer loop
      vertex -17.3511 3.23607 2
      vertex -23 10 2
      vertex -17.5497 3.08205 2
    endloop
  endfacet
  facet normal 0 0 1
    outer loop
      vertex -17.1433 3.37731 2
      vertex -23 10 2
      vertex -17.3511 3.23607 2
    endloop
  endfacet
  facet normal 0 0 1
    outer loop
      vertex -16.927 3.50523 2
      vertex -23 10 2
      vertex -17.1433 3.37731 2
    endloop
  endfacet
  facet normal 0 0 1
    outer loop
      vertex -16.7031 3.61931 2
      vertex -23 10 2
      vertex -16.927 3.50523 2
    endloop
  endfacet
  facet normal 0 0 1
    outer loop
      vertex -16.4725 3.71911 2
      vertex -23 10 2
      vertex -16.7031 3.61931 2
    endloop
  endfacet
  facet normal 0 0 1
    outer loop
      vertex -16.2361 3.80423 2
      vertex -23 10 2
      vertex -16.4725 3.71911 2
    endloop
  endfacet
  facet normal 0 0 1
    outer loop
      vertex -15.9948 3.87433 2
      vertex -23 10 2
      vertex -16.2361 3.80423 2
    endloop
  endfacet
  facet normal 0 0 1
    outer loop
      vertex -15.7495 3.92915 2
      vertex -23 10 2
      vertex -15.9948 3.87433 2
    endloop
  endfacet
  facet normal 0 0 1
    outer loop
      vertex -15.5013 3.96846 2
      vertex -23 10 2
      vertex -15.7495 3.92915 2
    endloop
  endfacet
  facet normal -0 0 1
    outer loop
      vertex 27.8369 16.6574 2
      vertex 28 13.4621 2
      vertex 28 16.7048 2
    endloop
  endfacet
  facet normal -0 0 1
    outer loop
      vertex 27.4231 16.5084 2
      vertex 28 13.4621 2
      vertex 27.8369 16.6574 2
    endloop
  endfacet
  facet normal -0 0 1
    outer loop
      vertex 27.0195 16.3338 2
      vertex 28 13.4621 2
      vertex 27.4231 16.5084 2
    endloop
  endfacet
  facet normal -0 0 1
    outer loop
      vertex 26.6277 16.1341 2
      vertex 28 13.4621 2
      vertex 27.0195 16.3338 2
    endloop
  endfacet
  facet normal -0 0 1
    outer loop
      vertex 26.2492 15.9103 2
      vertex 28 13.4621 2
      vertex 26.6277 16.1341 2
    endloop
  endfacet
  facet normal 0 0 1
    outer loop
      vertex 28 13.4621 2
      vertex 26.2492 15.9103 2
      vertex 27.8567 13.3773 2
    endloop
  endfacet
  facet normal 0 0 1
    outer loop
      vertex 27.8567 13.3773 2
      vertex 26.2492 15.9103 2
      vertex 27.6489 13.2361 2
    endloop
  endfacet
  facet normal -0 0 1
    outer loop
      vertex 25.8855 15.6631 2
      vertex 27.6489 13.2361 2
      vertex 26.2492 15.9103 2
    endloop
  endfacet
  facet normal 0 0 1
    outer loop
      vertex 27.6489 13.2361 2
      vertex 25.8855 15.6631 2
      vertex 27.4503 13.0821 2
    endloop
  endfacet
  facet normal -0 0 1
    outer loop
      vertex 25.538 15.3936 2
      vertex 27.4503 13.0821 2
      vertex 25.8855 15.6631 2
    endloop
  endfacet
  facet normal 0 0 1
    outer loop
      vertex 27.4503 13.0821 2
      vertex 25.538 15.3936 2
      vertex 27.2618 12.9159 2
    endloop
  endfacet
  facet normal -0 0 1
    outer loop
      vertex 25.2082 15.1028 2
      vertex 27.2618 12.9159 2
      vertex 25.538 15.3936 2
    endloop
  endfacet
  facet normal 0 0 1
    outer loop
      vertex 27.2618 12.9159 2
      vertex 25.2082 15.1028 2
      vertex 27.0841 12.7382 2
    endloop
  endfacet
  facet normal -0 0 1
    outer loop
      vertex 24.8972 14.7918 2
      vertex 27.0841 12.7382 2
      vertex 25.2082 15.1028 2
    endloop
  endfacet
  facet normal 0 0 1
    outer loop
      vertex 27.0841 12.7382 2
      vertex 24.8972 14.7918 2
      vertex 26.9179 12.5497 2
    endloop
  endfacet
  facet normal -0 0 1
    outer loop
      vertex 24.6064 14.462 2
      vertex 26.9179 12.5497 2
      vertex 24.8972 14.7918 2
    endloop
  endfacet
  facet normal 0 0 1
    outer loop
      vertex 26.9179 12.5497 2
      vertex 24.6064 14.462 2
      vertex 26.7639 12.3511 2
    endloop
  endfacet
  facet normal -0 0 1
    outer loop
      vertex 24.3369 14.1145 2
      vertex 26.7639 12.3511 2
      vertex 24.6064 14.462 2
    endloop
  endfacet
  facet normal 0 0 1
    outer loop
      vertex 26.7639 12.3511 2
      vertex 24.3369 14.1145 2
      vertex 26.6227 12.1433 2
    endloop
  endfacet
  facet normal -0 0 1
    outer loop
      vertex 24.0897 13.7508 2
      vertex 26.6227 12.1433 2
      vertex 24.3369 14.1145 2
    endloop
  endfacet
  facet normal 0 0 1
    outer loop
      vertex 26.6227 12.1433 2
      vertex 24.0897 13.7508 2
      vertex 26.4948 11.927 2
    endloop
  endfacet
  facet normal -0 0 1
    outer loop
      vertex 23.6662 12.9805 2
      vertex 26.3807 11.7031 2
      vertex 23.8659 13.3723 2
    endloop
  endfacet
  facet normal 0 0 1
    outer loop
      vertex 26.4948 11.927 2
      vertex 23.8659 13.3723 2
      vertex 26.3807 11.7031 2
    endloop
  endfacet
  facet normal -0 0 1
    outer loop
      vertex 23.8659 13.3723 2
      vertex 26.4948 11.927 2
      vertex 24.0897 13.7508 2
    endloop
  endfacet
  facet normal 0 0 1
    outer loop
      vertex 34 10 2
      vertex 37 10 2
      vertex 36.9862 10.4395 2
    endloop
  endfacet
  facet normal 0 0 1
    outer loop
      vertex 33.9921 10.2512 2
      vertex 36.9862 10.4395 2
      vertex 36.9448 10.8773 2
    endloop
  endfacet
  facet normal 0 0 1
    outer loop
      vertex 37 10 2
      vertex 34 10 2
      vertex 36.9862 9.56047 2
    endloop
  endfacet
  facet normal 0 0 1
    outer loop
      vertex 33.9685 10.5013 2
      vertex 36.9448 10.8773 2
      vertex 36.876 11.3117 2
    endloop
  endfacet
  facet normal -0 0 1
    outer loop
      vertex 33.9921 9.74884 2
      vertex 36.9862 9.56047 2
      vertex 34 10 2
    endloop
  endfacet
  facet normal 0 0 1
    outer loop
      vertex 33.9291 10.7495 2
      vertex 36.876 11.3117 2
      vertex 36.7801 11.7408 2
    endloop
  endfacet
  facet normal 0 0 1
    outer loop
      vertex 36.9862 9.56047 2
      vertex 33.9921 9.74884 2
      vertex 36.9448 9.12267 2
    endloop
  endfacet
  facet normal 0 0 1
    outer loop
      vertex 33.8743 10.9948 2
      vertex 36.7801 11.7408 2
      vertex 36.6574 12.1631 2
    endloop
  endfacet
  facet normal -0 0 1
    outer loop
      vertex 33.9685 9.49867 2
      vertex 36.9448 9.12267 2
      vertex 33.9921 9.74884 2
    endloop
  endfacet
  facet normal 0 0 1
    outer loop
      vertex 33.8042 11.2361 2
      vertex 36.6574 12.1631 2
      vertex 36.5084 12.5769 2
    endloop
  endfacet
  facet normal 0 0 1
    outer loop
      vertex 36.9448 9.12267 2
      vertex 33.9685 9.49867 2
      vertex 36.876 8.68833 2
    endloop
  endfacet
  facet normal 0 0 1
    outer loop
      vertex 33.7191 11.4725 2
      vertex 36.5084 12.5769 2
      vertex 36.3338 12.9805 2
    endloop
  endfacet
  facet normal -0 0 1
    outer loop
      vertex 33.9291 9.25047 2
      vertex 36.876 8.68833 2
      vertex 33.9685 9.49867 2
    endloop
  endfacet
  facet normal 0 0 1
    outer loop
      vertex 33.6193 11.7031 2
      vertex 36.3338 12.9805 2
      vertex 36.1341 13.3723 2
    endloop
  endfacet
  facet normal 0 0 1
    outer loop
      vertex 36.876 8.68833 2
      vertex 33.9291 9.25047 2
      vertex 36.7801 8.25917 2
    endloop
  endfacet
  facet normal 0 0 1
    outer loop
      vertex 33.5052 11.927 2
      vertex 36.1341 13.3723 2
      vertex 35.9103 13.7508 2
    endloop
  endfacet
  facet normal -0 0 1
    outer loop
      vertex 33.8743 9.00524 2
      vertex 36.7801 8.25917 2
      vertex 33.9291 9.25047 2
    endloop
  endfacet
  facet normal 0 0 1
    outer loop
      vertex 33.3773 12.1433 2
      vertex 35.9103 13.7508 2
      vertex 35.6631 14.1145 2
    endloop
  endfacet
  facet normal 0 0 1
    outer loop
      vertex 36.7801 8.25917 2
      vertex 33.8743 9.00524 2
      vertex 36.6574 7.83688 2
    endloop
  endfacet
  facet normal 0 0 1
    outer loop
      vertex 33.2361 12.3511 2
      vertex 35.6631 14.1145 2
      vertex 35.3936 14.462 2
    endloop
  endfacet
  facet normal -0 0 1
    outer loop
      vertex 33.8042 8.76393 2
      vertex 36.6574 7.83688 2
      vertex 33.8743 9.00524 2
    endloop
  endfacet
  facet normal 0 0 1
    outer loop
      vertex 33.0821 12.5497 2
      vertex 35.3936 14.462 2
      vertex 35.1028 14.7918 2
    endloop
  endfacet
  facet normal 0 0 1
    outer loop
      vertex 36.6574 7.83688 2
      vertex 33.8042 8.76393 2
      vertex 36.5084 7.42313 2
    endloop
  endfacet
  facet normal 0 0 1
    outer loop
      vertex 32.9159 12.7382 2
      vertex 35.1028 14.7918 2
      vertex 34.7918 15.1028 2
    endloop
  endfacet
  facet normal -0 0 1
    outer loop
      vertex 33.7191 8.5275 2
      vertex 36.5084 7.42313 2
      vertex 33.8042 8.76393 2
    endloop
  endfacet
  facet normal 0 0 1
    outer loop
      vertex 32.7382 12.9159 2
      vertex 34.7918 15.1028 2
      vertex 34.462 15.3936 2
    endloop
  endfacet
  facet normal 0 0 1
    outer loop
      vertex 36.5084 7.42313 2
      vertex 33.7191 8.5275 2
      vertex 36.3338 7.01954 2
    endloop
  endfacet
  facet normal 0 0 1
    outer loop
      vertex 32.5497 13.0821 2
      vertex 34.462 15.3936 2
      vertex 34.1145 15.6631 2
    endloop
  endfacet
  facet normal -0 0 1
    outer loop
      vertex 33.6193 8.29688 2
      vertex 36.3338 7.01954 2
      vertex 33.7191 8.5275 2
    endloop
  endfacet
  facet normal 0 0 1
    outer loop
      vertex 36.3338 7.01954 2
      vertex 33.6193 8.29688 2
      vertex 36.1341 6.62772 2
    endloop
  endfacet
  facet normal 0 0 1
    outer loop
      vertex 36.9862 10.4395 2
      vertex 33.9921 10.2512 2
      vertex 34 10 2
    endloop
  endfacet
  facet normal 0 0 1
    outer loop
      vertex 36.9448 10.8773 2
      vertex 33.9685 10.5013 2
      vertex 33.9921 10.2512 2
    endloop
  endfacet
  facet normal 0 0 1
    outer loop
      vertex 36.876 11.3117 2
      vertex 33.9291 10.7495 2
      vertex 33.9685 10.5013 2
    endloop
  endfacet
  facet normal 0 0 1
    outer loop
      vertex 36.7801 11.7408 2
      vertex 33.8743 10.9948 2
      vertex 33.9291 10.7495 2
    endloop
  endfacet
  facet normal 0 0 1
    outer loop
      vertex 36.6574 12.1631 2
      vertex 33.8042 11.2361 2
      vertex 33.8743 10.9948 2
    endloop
  endfacet
  facet normal 0 0 1
    outer loop
      vertex 32.3511 13.2361 2
      vertex 34.1145 15.6631 2
      vertex 33.7508 15.9103 2
    endloop
  endfacet
  facet normal 0 0 1
    outer loop
      vertex 36.5084 12.5769 2
      vertex 33.7191 11.4725 2
      vertex 33.8042 11.2361 2
    endloop
  endfacet
  facet normal 0 0 1
    outer loop
      vertex 36.3338 12.9805 2
      vertex 33.6193 11.7031 2
      vertex 33.7191 11.4725 2
    endloop
  endfacet
  facet normal 0 0 1
    outer loop
      vertex 36.1341 13.3723 2
      vertex 33.5052 11.927 2
      vertex 33.6193 11.7031 2
    endloop
  endfacet
  facet normal 0 0 1
    outer loop
      vertex 35.9103 13.7508 2
      vertex 33.3773 12.1433 2
      vertex 33.5052 11.927 2
    endloop
  endfacet
  facet normal 0 0 1
    outer loop
      vertex 32 13.4621 2
      vertex 33.7508 15.9103 2
      vertex 33.3723 16.1341 2
    endloop
  endfacet
  facet normal 0 0 1
    outer loop
      vertex 35.6631 14.1145 2
      vertex 33.2361 12.3511 2
      vertex 33.3773 12.1433 2
    endloop
  endfacet
  facet normal 0 0 1
    outer loop
      vertex 35.3936 14.462 2
      vertex 33.0821 12.5497 2
      vertex 33.2361 12.3511 2
    endloop
  endfacet
  facet normal 0 0 1
    outer loop
      vertex 32 13.4621 2
      vertex 33.3723 16.1341 2
      vertex 32.9805 16.3338 2
    endloop
  endfacet
  facet normal 0 0 1
    outer loop
      vertex 35.1028 14.7918 2
      vertex 32.9159 12.7382 2
      vertex 33.0821 12.5497 2
    endloop
  endfacet
  facet normal 0 0 1
    outer loop
      vertex 34.7918 15.1028 2
      vertex 32.7382 12.9159 2
      vertex 32.9159 12.7382 2
    endloop
  endfacet
  facet normal 0 0 1
    outer loop
      vertex 32 13.4621 2
      vertex 32.9805 16.3338 2
      vertex 32.5769 16.5084 2
    endloop
  endfacet
  facet normal 0 0 1
    outer loop
      vertex 34.462 15.3936 2
      vertex 32.5497 13.0821 2
      vertex 32.7382 12.9159 2
    endloop
  endfacet
  facet normal 0 0 1
    outer loop
      vertex 34.1145 15.6631 2
      vertex 32.3511 13.2361 2
      vertex 32.5497 13.0821 2
    endloop
  endfacet
  facet normal 0 0 1
    outer loop
      vertex 32 13.4621 2
      vertex 32.5769 16.5084 2
      vertex 32.1631 16.6574 2
    endloop
  endfacet
  facet normal 0 0 1
    outer loop
      vertex 33.7508 15.9103 2
      vertex 32.1433 13.3773 2
      vertex 32.3511 13.2361 2
    endloop
  endfacet
  facet normal 0 0 1
    outer loop
      vertex 32 13.4621 2
      vertex 32.1631 16.6574 2
      vertex 32 16.7048 2
    endloop
  endfacet
  facet normal 0 0 1
    outer loop
      vertex 33.7508 15.9103 2
      vertex 32 13.4621 2
      vertex 32.1433 13.3773 2
    endloop
  endfacet
  facet normal -0 0 1
    outer loop
      vertex 33.5052 8.07298 2
      vertex 36.1341 6.62772 2
      vertex 33.6193 8.29688 2
    endloop
  endfacet
  facet normal 0 0 1
    outer loop
      vertex 36.1341 6.62772 2
      vertex 33.5052 8.07298 2
      vertex 35.9103 6.24921 2
    endloop
  endfacet
  facet normal -0 0 1
    outer loop
      vertex 33.3773 7.85669 2
      vertex 35.9103 6.24921 2
      vertex 33.5052 8.07298 2
    endloop
  endfacet
  facet normal 0 0 1
    outer loop
      vertex 35.9103 6.24921 2
      vertex 33.3773 7.85669 2
      vertex 35.6631 5.8855 2
    endloop
  endfacet
  facet normal -0 0 1
    outer loop
      vertex 33.2361 7.64886 2
      vertex 35.6631 5.8855 2
      vertex 33.3773 7.85669 2
    endloop
  endfacet
  facet normal 0 0 1
    outer loop
      vertex 35.6631 5.8855 2
      vertex 33.2361 7.64886 2
      vertex 35.3936 5.53803 2
    endloop
  endfacet
  facet normal -0 0 1
    outer loop
      vertex 33.0821 7.4503 2
      vertex 35.3936 5.53803 2
      vertex 33.2361 7.64886 2
    endloop
  endfacet
  facet normal 0 0 1
    outer loop
      vertex 35.3936 5.53803 2
      vertex 33.0821 7.4503 2
      vertex 35.1028 5.20817 2
    endloop
  endfacet
  facet normal -0 0 1
    outer loop
      vertex 32.9159 7.26181 2
      vertex 35.1028 5.20817 2
      vertex 33.0821 7.4503 2
    endloop
  endfacet
  facet normal 0 0 1
    outer loop
      vertex 35.1028 5.20817 2
      vertex 32.9159 7.26181 2
      vertex 34.7918 4.89722 2
    endloop
  endfacet
  facet normal -0 0 1
    outer loop
      vertex 32.7382 7.08412 2
      vertex 34.7918 4.89722 2
      vertex 32.9159 7.26181 2
    endloop
  endfacet
  facet normal 0 0 1
    outer loop
      vertex 34.7918 4.89722 2
      vertex 32.7382 7.08412 2
      vertex 34.462 4.60641 2
    endloop
  endfacet
  facet normal -0 0 1
    outer loop
      vertex 32.5497 6.91795 2
      vertex 34.462 4.60641 2
      vertex 32.7382 7.08412 2
    endloop
  endfacet
  facet normal 0 0 1
    outer loop
      vertex 34.462 4.60641 2
      vertex 32.5497 6.91795 2
      vertex 34.1145 4.33688 2
    endloop
  endfacet
  facet normal -0 0 1
    outer loop
      vertex 32.3511 6.76393 2
      vertex 34.1145 4.33688 2
      vertex 32.5497 6.91795 2
    endloop
  endfacet
  facet normal 0 0 1
    outer loop
      vertex 34.1145 4.33688 2
      vertex 32.3511 6.76393 2
      vertex 33.7508 4.0897 2
    endloop
  endfacet
  facet normal -0 0 1
    outer loop
      vertex 32.1433 6.62269 2
      vertex 33.7508 4.0897 2
      vertex 32.3511 6.76393 2
    endloop
  endfacet
  facet normal 0 0 1
    outer loop
      vertex 33.7508 4.0897 2
      vertex 32.1433 6.62269 2
      vertex 33.3723 3.86585 2
    endloop
  endfacet
  facet normal -0 0 1
    outer loop
      vertex 31.927 6.49477 2
      vertex 33.3723 3.86585 2
      vertex 32.1433 6.62269 2
    endloop
  endfacet
  facet normal 0 0 1
    outer loop
      vertex 33.3723 3.86585 2
      vertex 31.927 6.49477 2
      vertex 32.9805 3.66621 2
    endloop
  endfacet
  facet normal -0 0 1
    outer loop
      vertex 31.7031 6.38069 2
      vertex 32.9805 3.66621 2
      vertex 31.927 6.49477 2
    endloop
  endfacet
  facet normal 0 0 1
    outer loop
      vertex 32.9805 3.66621 2
      vertex 31.7031 6.38069 2
      vertex 32.5769 3.49156 2
    endloop
  endfacet
  facet normal -0 0 1
    outer loop
      vertex 31.4725 6.28089 2
      vertex 32.5769 3.49156 2
      vertex 31.7031 6.38069 2
    endloop
  endfacet
  facet normal 0 0 1
    outer loop
      vertex 32.5769 3.49156 2
      vertex 31.4725 6.28089 2
      vertex 32.1631 3.3426 2
    endloop
  endfacet
  facet normal -0 0 1
    outer loop
      vertex 31.2361 6.19577 2
      vertex 32.1631 3.3426 2
      vertex 31.4725 6.28089 2
    endloop
  endfacet
  facet normal 0 0 1
    outer loop
      vertex 32.1631 3.3426 2
      vertex 31.2361 6.19577 2
      vertex 31.7408 3.21992 2
    endloop
  endfacet
  facet normal -0 0 1
    outer loop
      vertex 30.9948 6.12567 2
      vertex 31.7408 3.21992 2
      vertex 31.2361 6.19577 2
    endloop
  endfacet
  facet normal 0 0 1
    outer loop
      vertex 31.7408 3.21992 2
      vertex 30.9948 6.12567 2
      vertex 31.3117 3.12399 2
    endloop
  endfacet
  facet normal -0 0 1
    outer loop
      vertex 30.7495 6.07085 2
      vertex 31.3117 3.12399 2
      vertex 30.9948 6.12567 2
    endloop
  endfacet
  facet normal 0 0 1
    outer loop
      vertex 31.3117 3.12399 2
      vertex 30.7495 6.07085 2
      vertex 30.8773 3.0552 2
    endloop
  endfacet
  facet normal -0 0 1
    outer loop
      vertex 30.5013 6.03154 2
      vertex 30.8773 3.0552 2
      vertex 30.7495 6.07085 2
    endloop
  endfacet
  facet normal 0 0 1
    outer loop
      vertex 30.5013 6.03154 2
      vertex 30.4395 3.01381 2
      vertex 30.8773 3.0552 2
    endloop
  endfacet
  facet normal -0 0 1
    outer loop
      vertex 30.2512 6.00789 2
      vertex 30.4395 3.01381 2
      vertex 30.5013 6.03154 2
    endloop
  endfacet
  facet normal -0 0 1
    outer loop
      vertex 30 6 2
      vertex 30.4395 3.01381 2
      vertex 30.2512 6.00789 2
    endloop
  endfacet
  facet normal 0 0 1
    outer loop
      vertex 30 6 2
      vertex 30 3 2
      vertex 30.4395 3.01381 2
    endloop
  endfacet
  facet normal 0 0 1
    outer loop
      vertex 29.7488 6.00789 2
      vertex 30 3 2
      vertex 30 6 2
    endloop
  endfacet
  facet normal 0 0 1
    outer loop
      vertex 29.4987 6.03154 2
      vertex 30 3 2
      vertex 29.7488 6.00789 2
    endloop
  endfacet
  facet normal 0 0 1
    outer loop
      vertex 29.2505 6.07085 2
      vertex 30 3 2
      vertex 29.4987 6.03154 2
    endloop
  endfacet
  facet normal 0 0 1
    outer loop
      vertex 30 -3 2
      vertex 29.7488 -6.00789 2
      vertex 30 -6 2
    endloop
  endfacet
  facet normal 0 0 1
    outer loop
      vertex 29.0052 6.12567 2
      vertex 30 3 2
      vertex 29.2505 6.07085 2
    endloop
  endfacet
  facet normal 0 0 1
    outer loop
      vertex 30 -3 2
      vertex 29.4987 -6.03154 2
      vertex 29.7488 -6.00789 2
    endloop
  endfacet
  facet normal 0 0 1
    outer loop
      vertex 28.7639 6.19577 2
      vertex 30 3 2
      vertex 29.0052 6.12567 2
    endloop
  endfacet
  facet normal 0 0 1
    outer loop
      vertex 30 -3 2
      vertex 29.2505 -6.07085 2
      vertex 29.4987 -6.03154 2
    endloop
  endfacet
  facet normal 0 0 1
    outer loop
      vertex 28.5275 6.28089 2
      vertex 30 3 2
      vertex 28.7639 6.19577 2
    endloop
  endfacet
  facet normal 0 0 1
    outer loop
      vertex 30 -3 2
      vertex 29.0052 -6.12567 2
      vertex 29.2505 -6.07085 2
    endloop
  endfacet
  facet normal 0 0 1
    outer loop
      vertex 28.2969 6.38069 2
      vertex 30 3 2
      vertex 28.5275 6.28089 2
    endloop
  endfacet
  facet normal 0 0 1
    outer loop
      vertex 30 -3 2
      vertex 28.7639 -6.19577 2
      vertex 29.0052 -6.12567 2
    endloop
  endfacet
  facet normal 0 0 1
    outer loop
      vertex 28.073 6.49477 2
      vertex 30 3 2
      vertex 28.2969 6.38069 2
    endloop
  endfacet
  facet normal 0 0 1
    outer loop
      vertex 30 -3 2
      vertex 28.5275 -6.28089 2
      vertex 28.7639 -6.19577 2
    endloop
  endfacet
  facet normal 0 0 1
    outer loop
      vertex 27.8567 6.62269 2
      vertex 30 3 2
      vertex 28.073 6.49477 2
    endloop
  endfacet
  facet normal 0 0 1
    outer loop
      vertex 30 -3 2
      vertex 28.2969 -6.38069 2
      vertex 28.5275 -6.28089 2
    endloop
  endfacet
  facet normal 0 0 1
    outer loop
      vertex 27.6489 6.76393 2
      vertex 30 3 2
      vertex 27.8567 6.62269 2
    endloop
  endfacet
  facet normal 0 0 1
    outer loop
      vertex 30 -3 2
      vertex 28.073 -6.49477 2
      vertex 28.2969 -6.38069 2
    endloop
  endfacet
  facet normal 0 0 1
    outer loop
      vertex 27.4503 6.91795 2
      vertex 30 3 2
      vertex 27.6489 6.76393 2
    endloop
  endfacet
  facet normal 0 0 1
    outer loop
      vertex 30 -3 2
      vertex 27.8567 -6.62269 2
      vertex 28.073 -6.49477 2
    endloop
  endfacet
  facet normal 0 0 1
    outer loop
      vertex 30 3 2
      vertex 27.4503 6.91795 2
      vertex 30 -3 2
    endloop
  endfacet
  facet normal 0 0 1
    outer loop
      vertex 30 -3 2
      vertex 27.6489 -6.76393 2
      vertex 27.8567 -6.62269 2
    endloop
  endfacet
  facet normal 0 0 1
    outer loop
      vertex 27.4503 -6.91795 2
      vertex 30 -3 2
      vertex 27.4503 6.91795 2
    endloop
  endfacet
  facet normal 0 0 1
    outer loop
      vertex 30 -3 2
      vertex 27.4503 -6.91795 2
      vertex 27.6489 -6.76393 2
    endloop
  endfacet
  facet normal 0 0 1
    outer loop
      vertex 27.2618 7.08412 2
      vertex 27.4503 -6.91795 2
      vertex 27.4503 6.91795 2
    endloop
  endfacet
  facet normal 0 0 1
    outer loop
      vertex 27.2618 7.08412 2
      vertex 27.2618 -7.08412 2
      vertex 27.4503 -6.91795 2
    endloop
  endfacet
  facet normal 0 0 1
    outer loop
      vertex 27.0841 7.26181 2
      vertex 27.2618 -7.08412 2
      vertex 27.2618 7.08412 2
    endloop
  endfacet
  facet normal 0 0 1
    outer loop
      vertex 27.0841 7.26181 2
      vertex 27.0841 -7.26181 2
      vertex 27.2618 -7.08412 2
    endloop
  endfacet
  facet normal 0 0 1
    outer loop
      vertex 26.9179 7.4503 2
      vertex 27.0841 -7.26181 2
      vertex 27.0841 7.26181 2
    endloop
  endfacet
  facet normal 0 0 1
    outer loop
      vertex 26.9179 7.4503 2
      vertex 26.9179 -7.4503 2
      vertex 27.0841 -7.26181 2
    endloop
  endfacet
  facet normal 0 0 1
    outer loop
      vertex 26.7639 7.64886 2
      vertex 26.9179 -7.4503 2
      vertex 26.9179 7.4503 2
    endloop
  endfacet
  facet normal 0 0 1
    outer loop
      vertex 26.7639 7.64886 2
      vertex 26.7639 -7.64886 2
      vertex 26.9179 -7.4503 2
    endloop
  endfacet
  facet normal 0 0 1
    outer loop
      vertex 26.6227 7.85669 2
      vertex 26.7639 -7.64886 2
      vertex 26.7639 7.64886 2
    endloop
  endfacet
  facet normal 0 0 1
    outer loop
      vertex 26.6227 7.85669 2
      vertex 26.6227 -7.85669 2
      vertex 26.7639 -7.64886 2
    endloop
  endfacet
  facet normal 0 0 1
    outer loop
      vertex 26.4948 8.07298 2
      vertex 26.6227 -7.85669 2
      vertex 26.6227 7.85669 2
    endloop
  endfacet
  facet normal 0 0 1
    outer loop
      vertex 26.4948 8.07298 2
      vertex 26.4948 -8.07298 2
      vertex 26.6227 -7.85669 2
    endloop
  endfacet
  facet normal 0 0 1
    outer loop
      vertex 26.3807 8.29688 2
      vertex 26.4948 -8.07298 2
      vertex 26.4948 8.07298 2
    endloop
  endfacet
  facet normal 0 0 1
    outer loop
      vertex 26.3807 8.29688 2
      vertex 26.3807 -8.29688 2
      vertex 26.4948 -8.07298 2
    endloop
  endfacet
  facet normal 0 0 1
    outer loop
      vertex 26.2809 8.5275 2
      vertex 26.3807 -8.29688 2
      vertex 26.3807 8.29688 2
    endloop
  endfacet
  facet normal 0 0 1
    outer loop
      vertex 26.2809 8.5275 2
      vertex 26.2809 -8.5275 2
      vertex 26.3807 -8.29688 2
    endloop
  endfacet
  facet normal 0 0 1
    outer loop
      vertex 26.1958 8.76393 2
      vertex 26.2809 -8.5275 2
      vertex 26.2809 8.5275 2
    endloop
  endfacet
  facet normal 0 0 1
    outer loop
      vertex 26.1958 8.76393 2
      vertex 26.1958 -8.76393 2
      vertex 26.2809 -8.5275 2
    endloop
  endfacet
  facet normal 0 0 1
    outer loop
      vertex 26.1257 9.00524 2
      vertex 26.1958 -8.76393 2
      vertex 26.1958 8.76393 2
    endloop
  endfacet
  facet normal 0 0 1
    outer loop
      vertex 26.1257 9.00524 2
      vertex 26.1257 -9.00524 2
      vertex 26.1958 -8.76393 2
    endloop
  endfacet
  facet normal 0 0 1
    outer loop
      vertex 26.0709 9.25047 2
      vertex 26.1257 -9.00524 2
      vertex 26.1257 9.00524 2
    endloop
  endfacet
  facet normal 0 0 1
    outer loop
      vertex 26.0709 9.25047 2
      vertex 26.0709 -9.25047 2
      vertex 26.1257 -9.00524 2
    endloop
  endfacet
  facet normal 0 0 1
    outer loop
      vertex 26.0315 9.49867 2
      vertex 26.0709 -9.25047 2
      vertex 26.0709 9.25047 2
    endloop
  endfacet
  facet normal 0 0 1
    outer loop
      vertex 26.0315 9.49867 2
      vertex 26.0315 -9.49867 2
      vertex 26.0709 -9.25047 2
    endloop
  endfacet
  facet normal 0 0 1
    outer loop
      vertex 26.0079 9.74884 2
      vertex 26.0315 -9.49867 2
      vertex 26.0315 9.49867 2
    endloop
  endfacet
  facet normal 0 0 1
    outer loop
      vertex 26.0079 9.74884 2
      vertex 26.0079 -9.74884 2
      vertex 26.0315 -9.49867 2
    endloop
  endfacet
  facet normal 0 0 1
    outer loop
      vertex 26 10 2
      vertex 26.0079 -9.74884 2
      vertex 26.0079 9.74884 2
    endloop
  endfacet
  facet normal 0 0 1
    outer loop
      vertex 26.0079 -9.74884 2
      vertex 26 10 2
      vertex 26 -10 2
    endloop
  endfacet
  facet normal 0 0 1
    outer loop
      vertex 34 -10 2
      vertex 37 -10 2
      vertex 36.9862 -9.56047 2
    endloop
  endfacet
  facet normal 0 0 1
    outer loop
      vertex 33.9921 -9.74884 2
      vertex 36.9862 -9.56047 2
      vertex 36.9448 -9.12267 2
    endloop
  endfacet
  facet normal 0 0 1
    outer loop
      vertex 37 -10 2
      vertex 34 -10 2
      vertex 36.9862 -10.4395 2
    endloop
  endfacet
  facet normal 0 0 1
    outer loop
      vertex 33.9685 -9.49867 2
      vertex 36.9448 -9.12267 2
      vertex 36.876 -8.68833 2
    endloop
  endfacet
  facet normal -0 0 1
    outer loop
      vertex 33.9921 -10.2512 2
      vertex 36.9862 -10.4395 2
      vertex 34 -10 2
    endloop
  endfacet
  facet normal 0 0 1
    outer loop
      vertex 33.9291 -9.25047 2
      vertex 36.876 -8.68833 2
      vertex 36.7801 -8.25917 2
    endloop
  endfacet
  facet normal 0 0 1
    outer loop
      vertex 36.9862 -10.4395 2
      vertex 33.9921 -10.2512 2
      vertex 36.9448 -10.8773 2
    endloop
  endfacet
  facet normal 0 0 1
    outer loop
      vertex 33.8743 -9.00524 2
      vertex 36.7801 -8.25917 2
      vertex 36.6574 -7.83688 2
    endloop
  endfacet
  facet normal -0 0 1
    outer loop
      vertex 33.9685 -10.5013 2
      vertex 36.9448 -10.8773 2
      vertex 33.9921 -10.2512 2
    endloop
  endfacet
  facet normal 0 0 1
    outer loop
      vertex 33.8042 -8.76393 2
      vertex 36.6574 -7.83688 2
      vertex 36.5084 -7.42313 2
    endloop
  endfacet
  facet normal 0 0 1
    outer loop
      vertex 36.9448 -10.8773 2
      vertex 33.9685 -10.5013 2
      vertex 36.876 -11.3117 2
    endloop
  endfacet
  facet normal 0 0 1
    outer loop
      vertex 33.7191 -8.5275 2
      vertex 36.5084 -7.42313 2
      vertex 36.3338 -7.01954 2
    endloop
  endfacet
  facet normal -0 0 1
    outer loop
      vertex 33.9291 -10.7495 2
      vertex 36.876 -11.3117 2
      vertex 33.9685 -10.5013 2
    endloop
  endfacet
  facet normal 0 0 1
    outer loop
      vertex 33.6193 -8.29688 2
      vertex 36.3338 -7.01954 2
      vertex 36.1341 -6.62772 2
    endloop
  endfacet
  facet normal 0 0 1
    outer loop
      vertex 36.876 -11.3117 2
      vertex 33.9291 -10.7495 2
      vertex 36.7801 -11.7408 2
    endloop
  endfacet
  facet normal 0 0 1
    outer loop
      vertex 33.5052 -8.07298 2
      vertex 36.1341 -6.62772 2
      vertex 35.9103 -6.24921 2
    endloop
  endfacet
  facet normal -0 0 1
    outer loop
      vertex 33.8743 -10.9948 2
      vertex 36.7801 -11.7408 2
      vertex 33.9291 -10.7495 2
    endloop
  endfacet
  facet normal 0 0 1
    outer loop
      vertex 33.3773 -7.85669 2
      vertex 35.9103 -6.24921 2
      vertex 35.6631 -5.8855 2
    endloop
  endfacet
  facet normal 0 0 1
    outer loop
      vertex 36.7801 -11.7408 2
      vertex 33.8743 -10.9948 2
      vertex 36.6574 -12.1631 2
    endloop
  endfacet
  facet normal 0 0 1
    outer loop
      vertex 33.2361 -7.64886 2
      vertex 35.6631 -5.8855 2
      vertex 35.3936 -5.53803 2
    endloop
  endfacet
  facet normal -0 0 1
    outer loop
      vertex 33.8042 -11.2361 2
      vertex 36.6574 -12.1631 2
      vertex 33.8743 -10.9948 2
    endloop
  endfacet
  facet normal 0 0 1
    outer loop
      vertex 33.0821 -7.4503 2
      vertex 35.3936 -5.53803 2
      vertex 35.1028 -5.20817 2
    endloop
  endfacet
  facet normal 0 0 1
    outer loop
      vertex 36.6574 -12.1631 2
      vertex 33.8042 -11.2361 2
      vertex 36.5084 -12.5769 2
    endloop
  endfacet
  facet normal 0 0 1
    outer loop
      vertex 32.9159 -7.26181 2
      vertex 35.1028 -5.20817 2
      vertex 34.7918 -4.89722 2
    endloop
  endfacet
  facet normal -0 0 1
    outer loop
      vertex 33.7191 -11.4725 2
      vertex 36.5084 -12.5769 2
      vertex 33.8042 -11.2361 2
    endloop
  endfacet
  facet normal 0 0 1
    outer loop
      vertex 32.7382 -7.08412 2
      vertex 34.7918 -4.89722 2
      vertex 34.462 -4.60641 2
    endloop
  endfacet
  facet normal 0 0 1
    outer loop
      vertex 36.5084 -12.5769 2
      vertex 33.7191 -11.4725 2
      vertex 36.3338 -12.9805 2
    endloop
  endfacet
  facet normal 0 0 1
    outer loop
      vertex 32.5497 -6.91795 2
      vertex 34.462 -4.60641 2
      vertex 34.1145 -4.33688 2
    endloop
  endfacet
  facet normal -0 0 1
    outer loop
      vertex 33.6193 -11.7031 2
      vertex 36.3338 -12.9805 2
      vertex 33.7191 -11.4725 2
    endloop
  endfacet
  facet normal 0 0 1
    outer loop
      vertex 36.3338 -12.9805 2
      vertex 33.6193 -11.7031 2
      vertex 36.1341 -13.3723 2
    endloop
  endfacet
  facet normal 0 0 1
    outer loop
      vertex 36.9862 -9.56047 2
      vertex 33.9921 -9.74884 2
      vertex 34 -10 2
    endloop
  endfacet
  facet normal 0 0 1
    outer loop
      vertex 36.9448 -9.12267 2
      vertex 33.9685 -9.49867 2
      vertex 33.9921 -9.74884 2
    endloop
  endfacet
  facet normal 0 0 1
    outer loop
      vertex 36.876 -8.68833 2
      vertex 33.9291 -9.25047 2
      vertex 33.9685 -9.49867 2
    endloop
  endfacet
  facet normal 0 0 1
    outer loop
      vertex 36.7801 -8.25917 2
      vertex 33.8743 -9.00524 2
      vertex 33.9291 -9.25047 2
    endloop
  endfacet
  facet normal 0 0 1
    outer loop
      vertex 36.6574 -7.83688 2
      vertex 33.8042 -8.76393 2
      vertex 33.8743 -9.00524 2
    endloop
  endfacet
  facet normal 0 0 1
    outer loop
      vertex 32.3511 -6.76393 2
      vertex 34.1145 -4.33688 2
      vertex 33.7508 -4.0897 2
    endloop
  endfacet
  facet normal 0 0 1
    outer loop
      vertex 36.5084 -7.42313 2
      vertex 33.7191 -8.5275 2
      vertex 33.8042 -8.76393 2
    endloop
  endfacet
  facet normal 0 0 1
    outer loop
      vertex 36.3338 -7.01954 2
      vertex 33.6193 -8.29688 2
      vertex 33.7191 -8.5275 2
    endloop
  endfacet
  facet normal 0 0 1
    outer loop
      vertex 36.1341 -6.62772 2
      vertex 33.5052 -8.07298 2
      vertex 33.6193 -8.29688 2
    endloop
  endfacet
  facet normal 0 0 1
    outer loop
      vertex 35.9103 -6.24921 2
      vertex 33.3773 -7.85669 2
      vertex 33.5052 -8.07298 2
    endloop
  endfacet
  facet normal 0 0 1
    outer loop
      vertex 32.1433 -6.62269 2
      vertex 33.7508 -4.0897 2
      vertex 33.3723 -3.86585 2
    endloop
  endfacet
  facet normal 0 0 1
    outer loop
      vertex 35.6631 -5.8855 2
      vertex 33.2361 -7.64886 2
      vertex 33.3773 -7.85669 2
    endloop
  endfacet
  facet normal 0 0 1
    outer loop
      vertex 35.3936 -5.53803 2
      vertex 33.0821 -7.4503 2
      vertex 33.2361 -7.64886 2
    endloop
  endfacet
  facet normal 0 0 1
    outer loop
      vertex 31.927 -6.49477 2
      vertex 33.3723 -3.86585 2
      vertex 32.9805 -3.66621 2
    endloop
  endfacet
  facet normal 0 0 1
    outer loop
      vertex 35.1028 -5.20817 2
      vertex 32.9159 -7.26181 2
      vertex 33.0821 -7.4503 2
    endloop
  endfacet
  facet normal 0 0 1
    outer loop
      vertex 34.7918 -4.89722 2
      vertex 32.7382 -7.08412 2
      vertex 32.9159 -7.26181 2
    endloop
  endfacet
  facet normal 0 0 1
    outer loop
      vertex 31.7031 -6.38069 2
      vertex 32.9805 -3.66621 2
      vertex 32.5769 -3.49156 2
    endloop
  endfacet
  facet normal 0 0 1
    outer loop
      vertex 34.462 -4.60641 2
      vertex 32.5497 -6.91795 2
      vertex 32.7382 -7.08412 2
    endloop
  endfacet
  facet normal 0 0 1
    outer loop
      vertex 34.1145 -4.33688 2
      vertex 32.3511 -6.76393 2
      vertex 32.5497 -6.91795 2
    endloop
  endfacet
  facet normal 0 0 1
    outer loop
      vertex 31.4725 -6.28089 2
      vertex 32.5769 -3.49156 2
      vertex 32.1631 -3.3426 2
    endloop
  endfacet
  facet normal 0 0 1
    outer loop
      vertex 33.7508 -4.0897 2
      vertex 32.1433 -6.62269 2
      vertex 32.3511 -6.76393 2
    endloop
  endfacet
  facet normal 0 0 1
    outer loop
      vertex 33.3723 -3.86585 2
      vertex 31.927 -6.49477 2
      vertex 32.1433 -6.62269 2
    endloop
  endfacet
  facet normal 0 0 1
    outer loop
      vertex 31.2361 -6.19577 2
      vertex 32.1631 -3.3426 2
      vertex 31.7408 -3.21992 2
    endloop
  endfacet
  facet normal 0 0 1
    outer loop
      vertex 32.9805 -3.66621 2
      vertex 31.7031 -6.38069 2
      vertex 31.927 -6.49477 2
    endloop
  endfacet
  facet normal 0 0 1
    outer loop
      vertex 32.5769 -3.49156 2
      vertex 31.4725 -6.28089 2
      vertex 31.7031 -6.38069 2
    endloop
  endfacet
  facet normal 0 0 1
    outer loop
      vertex 30.9948 -6.12567 2
      vertex 31.7408 -3.21992 2
      vertex 31.3117 -3.12399 2
    endloop
  endfacet
  facet normal 0 0 1
    outer loop
      vertex 32.1631 -3.3426 2
      vertex 31.2361 -6.19577 2
      vertex 31.4725 -6.28089 2
    endloop
  endfacet
  facet normal 0 0 1
    outer loop
      vertex 31.7408 -3.21992 2
      vertex 30.9948 -6.12567 2
      vertex 31.2361 -6.19577 2
    endloop
  endfacet
  facet normal 0 0 1
    outer loop
      vertex 30.7495 -6.07085 2
      vertex 31.3117 -3.12399 2
      vertex 30.8773 -3.0552 2
    endloop
  endfacet
  facet normal 0 0 1
    outer loop
      vertex 31.3117 -3.12399 2
      vertex 30.7495 -6.07085 2
      vertex 30.9948 -6.12567 2
    endloop
  endfacet
  facet normal 0 0 1
    outer loop
      vertex 30.8773 -3.0552 2
      vertex 30.5013 -6.03154 2
      vertex 30.7495 -6.07085 2
    endloop
  endfacet
  facet normal 0 0 1
    outer loop
      vertex 30.4395 -3.01381 2
      vertex 30.5013 -6.03154 2
      vertex 30.8773 -3.0552 2
    endloop
  endfacet
  facet normal 0 0 1
    outer loop
      vertex 30.4395 -3.01381 2
      vertex 30.2512 -6.00789 2
      vertex 30.5013 -6.03154 2
    endloop
  endfacet
  facet normal 0 0 1
    outer loop
      vertex 30 -3 2
      vertex 30.2512 -6.00789 2
      vertex 30.4395 -3.01381 2
    endloop
  endfacet
  facet normal 0 0 1
    outer loop
      vertex 30.2512 -6.00789 2
      vertex 30 -3 2
      vertex 30 -6 2
    endloop
  endfacet
  facet normal -0 0 1
    outer loop
      vertex 33.5052 -11.927 2
      vertex 36.1341 -13.3723 2
      vertex 33.6193 -11.7031 2
    endloop
  endfacet
  facet normal 0 0 1
    outer loop
      vertex 36.1341 -13.3723 2
      vertex 33.5052 -11.927 2
      vertex 35.9103 -13.7508 2
    endloop
  endfacet
  facet normal -0 0 1
    outer loop
      vertex 33.3773 -12.1433 2
      vertex 35.9103 -13.7508 2
      vertex 33.5052 -11.927 2
    endloop
  endfacet
  facet normal 0 0 1
    outer loop
      vertex 35.9103 -13.7508 2
      vertex 33.3773 -12.1433 2
      vertex 35.6631 -14.1145 2
    endloop
  endfacet
  facet normal -0 0 1
    outer loop
      vertex 33.2361 -12.3511 2
      vertex 35.6631 -14.1145 2
      vertex 33.3773 -12.1433 2
    endloop
  endfacet
  facet normal 0 0 1
    outer loop
      vertex 35.6631 -14.1145 2
      vertex 33.2361 -12.3511 2
      vertex 35.3936 -14.462 2
    endloop
  endfacet
  facet normal -0 0 1
    outer loop
      vertex 33.0821 -12.5497 2
      vertex 35.3936 -14.462 2
      vertex 33.2361 -12.3511 2
    endloop
  endfacet
  facet normal 0 0 1
    outer loop
      vertex 35.3936 -14.462 2
      vertex 33.0821 -12.5497 2
      vertex 35.1028 -14.7918 2
    endloop
  endfacet
  facet normal -0 0 1
    outer loop
      vertex 32.9159 -12.7382 2
      vertex 35.1028 -14.7918 2
      vertex 33.0821 -12.5497 2
    endloop
  endfacet
  facet normal 0 0 1
    outer loop
      vertex 35.1028 -14.7918 2
      vertex 32.9159 -12.7382 2
      vertex 34.7918 -15.1028 2
    endloop
  endfacet
  facet normal -0 0 1
    outer loop
      vertex 32.7382 -12.9159 2
      vertex 34.7918 -15.1028 2
      vertex 32.9159 -12.7382 2
    endloop
  endfacet
  facet normal 0 0 1
    outer loop
      vertex 34.7918 -15.1028 2
      vertex 32.7382 -12.9159 2
      vertex 34.462 -15.3936 2
    endloop
  endfacet
  facet normal -0 0 1
    outer loop
      vertex 32.5497 -13.0821 2
      vertex 34.462 -15.3936 2
      vertex 32.7382 -12.9159 2
    endloop
  endfacet
  facet normal 0 0 1
    outer loop
      vertex 34.462 -15.3936 2
      vertex 32.5497 -13.0821 2
      vertex 34.1145 -15.6631 2
    endloop
  endfacet
  facet normal -0 0 1
    outer loop
      vertex 32.3511 -13.2361 2
      vertex 34.1145 -15.6631 2
      vertex 32.5497 -13.0821 2
    endloop
  endfacet
  facet normal 0 0 1
    outer loop
      vertex 34.1145 -15.6631 2
      vertex 32.3511 -13.2361 2
      vertex 33.7508 -15.9103 2
    endloop
  endfacet
  facet normal -0 0 1
    outer loop
      vertex 32.1433 -13.3773 2
      vertex 33.7508 -15.9103 2
      vertex 32.3511 -13.2361 2
    endloop
  endfacet
  facet normal -0 0 1
    outer loop
      vertex 32 -13.4621 2
      vertex 33.7508 -15.9103 2
      vertex 32.1433 -13.3773 2
    endloop
  endfacet
  facet normal 0 0 1
    outer loop
      vertex 33.7508 -15.9103 2
      vertex 32 -13.4621 2
      vertex 33.3723 -16.1341 2
    endloop
  endfacet
  facet normal 0 0 1
    outer loop
      vertex 33.3723 -16.1341 2
      vertex 32 -13.4621 2
      vertex 32.9805 -16.3338 2
    endloop
  endfacet
  facet normal 0 0 1
    outer loop
      vertex 32.9805 -16.3338 2
      vertex 32 -13.4621 2
      vertex 32.5769 -16.5084 2
    endloop
  endfacet
  facet normal 0 0 1
    outer loop
      vertex 32.5769 -16.5084 2
      vertex 32 -13.4621 2
      vertex 32.1631 -16.6574 2
    endloop
  endfacet
  facet normal 0 0 1
    outer loop
      vertex 32.1631 -16.6574 2
      vertex 32 -13.4621 2
      vertex 32 -16.7048 2
    endloop
  endfacet
  facet normal 0 0 1
    outer loop
      vertex 26.2492 -15.9103 2
      vertex 28 -13.4621 2
      vertex 27.8567 -13.3773 2
    endloop
  endfacet
  facet normal 0 0 1
    outer loop
      vertex 28 -13.4621 2
      vertex 27.8369 -16.6574 2
      vertex 28 -16.7048 2
    endloop
  endfacet
  facet normal 0 0 1
    outer loop
      vertex 26.2492 -15.9103 2
      vertex 27.8567 -13.3773 2
      vertex 27.6489 -13.2361 2
    endloop
  endfacet
  facet normal 0 0 1
    outer loop
      vertex 25.8855 -15.6631 2
      vertex 27.6489 -13.2361 2
      vertex 27.4503 -13.0821 2
    endloop
  endfacet
  facet normal 0 0 1
    outer loop
      vertex 28 -13.4621 2
      vertex 27.4231 -16.5084 2
      vertex 27.8369 -16.6574 2
    endloop
  endfacet
  facet normal 0 0 1
    outer loop
      vertex 25.538 -15.3936 2
      vertex 27.4503 -13.0821 2
      vertex 27.2618 -12.9159 2
    endloop
  endfacet
  facet normal 0 0 1
    outer loop
      vertex 25.2082 -15.1028 2
      vertex 27.2618 -12.9159 2
      vertex 27.0841 -12.7382 2
    endloop
  endfacet
  facet normal 0 0 1
    outer loop
      vertex 28 -13.4621 2
      vertex 27.0195 -16.3338 2
      vertex 27.4231 -16.5084 2
    endloop
  endfacet
  facet normal 0 0 1
    outer loop
      vertex 24.8972 -14.7918 2
      vertex 27.0841 -12.7382 2
      vertex 26.9179 -12.5497 2
    endloop
  endfacet
  facet normal 0 0 1
    outer loop
      vertex 24.6064 -14.462 2
      vertex 26.9179 -12.5497 2
      vertex 26.7639 -12.3511 2
    endloop
  endfacet
  facet normal 0 0 1
    outer loop
      vertex 28 -13.4621 2
      vertex 26.6277 -16.1341 2
      vertex 27.0195 -16.3338 2
    endloop
  endfacet
  facet normal 0 0 1
    outer loop
      vertex 24.3369 -14.1145 2
      vertex 26.7639 -12.3511 2
      vertex 26.6227 -12.1433 2
    endloop
  endfacet
  facet normal 0 0 1
    outer loop
      vertex 24.0897 -13.7508 2
      vertex 26.6227 -12.1433 2
      vertex 26.4948 -11.927 2
    endloop
  endfacet
  facet normal 0 0 1
    outer loop
      vertex 23.8659 -13.3723 2
      vertex 26.4948 -11.927 2
      vertex 26.3807 -11.7031 2
    endloop
  endfacet
  facet normal 0 0 1
    outer loop
      vertex 23.6662 -12.9805 2
      vertex 26.3807 -11.7031 2
      vertex 26.2809 -11.4725 2
    endloop
  endfacet
  facet normal 0 0 1
    outer loop
      vertex 28 -13.4621 2
      vertex 26.2492 -15.9103 2
      vertex 26.6277 -16.1341 2
    endloop
  endfacet
  facet normal 0 0 1
    outer loop
      vertex 23.4916 -12.5769 2
      vertex 26.2809 -11.4725 2
      vertex 26.1958 -11.2361 2
    endloop
  endfacet
  facet normal 0 0 1
    outer loop
      vertex 23.3426 -12.1631 2
      vertex 26.1958 -11.2361 2
      vertex 26.1257 -10.9948 2
    endloop
  endfacet
  facet normal 0 0 1
    outer loop
      vertex 23.2199 -11.7408 2
      vertex 26.1257 -10.9948 2
      vertex 26.0709 -10.7495 2
    endloop
  endfacet
  facet normal 0 0 1
    outer loop
      vertex 23.124 -11.3117 2
      vertex 26.0709 -10.7495 2
      vertex 26.0315 -10.5013 2
    endloop
  endfacet
  facet normal 0 0 1
    outer loop
      vertex 23.0552 -10.8773 2
      vertex 26.0315 -10.5013 2
      vertex 26.0079 -10.2512 2
    endloop
  endfacet
  facet normal 0 0 1
    outer loop
      vertex 27.6489 -13.2361 2
      vertex 25.8855 -15.6631 2
      vertex 26.2492 -15.9103 2
    endloop
  endfacet
  facet normal 0 0 1
    outer loop
      vertex 23.0138 -10.4395 2
      vertex 26.0079 -10.2512 2
      vertex 26 -10 2
    endloop
  endfacet
  facet normal 0 0 1
    outer loop
      vertex 18.7191 1.4725 2
      vertex 26 10 2
      vertex 23 10 2
    endloop
  endfacet
  facet normal 0 0 1
    outer loop
      vertex 26.3807 11.7031 2
      vertex 23.6662 12.9805 2
      vertex 26.2809 11.4725 2
    endloop
  endfacet
  facet normal 0 -0 1
    outer loop
      vertex 19 0 2
      vertex 26 10 2
      vertex 18.9921 0.251162 2
    endloop
  endfacet
  facet normal -0 0 1
    outer loop
      vertex 23.4916 12.5769 2
      vertex 26.2809 11.4725 2
      vertex 23.6662 12.9805 2
    endloop
  endfacet
  facet normal 0 -0 1
    outer loop
      vertex 23.0138 -10.4395 2
      vertex 26 -10 2
      vertex 23 -10 2
    endloop
  endfacet
  facet normal 0 0 1
    outer loop
      vertex 26.2809 11.4725 2
      vertex 23.4916 12.5769 2
      vertex 26.1958 11.2361 2
    endloop
  endfacet
  facet normal 0 0 1
    outer loop
      vertex 27.4503 -13.0821 2
      vertex 25.538 -15.3936 2
      vertex 25.8855 -15.6631 2
    endloop
  endfacet
  facet normal -0 0 1
    outer loop
      vertex 23.3426 12.1631 2
      vertex 26.1958 11.2361 2
      vertex 23.4916 12.5769 2
    endloop
  endfacet
  facet normal 0 0 1
    outer loop
      vertex 27.2618 -12.9159 2
      vertex 25.2082 -15.1028 2
      vertex 25.538 -15.3936 2
    endloop
  endfacet
  facet normal 0 0 1
    outer loop
      vertex 26.1958 11.2361 2
      vertex 23.3426 12.1631 2
      vertex 26.1257 10.9948 2
    endloop
  endfacet
  facet normal 0 0 1
    outer loop
      vertex 27.0841 -12.7382 2
      vertex 24.8972 -14.7918 2
      vertex 25.2082 -15.1028 2
    endloop
  endfacet
  facet normal -0 0 1
    outer loop
      vertex 23.2199 11.7408 2
      vertex 26.1257 10.9948 2
      vertex 23.3426 12.1631 2
    endloop
  endfacet
  facet normal 0 0 1
    outer loop
      vertex 26.9179 -12.5497 2
      vertex 24.6064 -14.462 2
      vertex 24.8972 -14.7918 2
    endloop
  endfacet
  facet normal 0 0 1
    outer loop
      vertex 26.1257 10.9948 2
      vertex 23.2199 11.7408 2
      vertex 26.0709 10.7495 2
    endloop
  endfacet
  facet normal 0 0 1
    outer loop
      vertex 26.7639 -12.3511 2
      vertex 24.3369 -14.1145 2
      vertex 24.6064 -14.462 2
    endloop
  endfacet
  facet normal -0 0 1
    outer loop
      vertex 23.124 11.3117 2
      vertex 26.0709 10.7495 2
      vertex 23.2199 11.7408 2
    endloop
  endfacet
  facet normal 0 0 1
    outer loop
      vertex 26.6227 -12.1433 2
      vertex 24.0897 -13.7508 2
      vertex 24.3369 -14.1145 2
    endloop
  endfacet
  facet normal 0 0 1
    outer loop
      vertex 26.0709 10.7495 2
      vertex 23.124 11.3117 2
      vertex 26.0315 10.5013 2
    endloop
  endfacet
  facet normal 0 0 1
    outer loop
      vertex 26.4948 -11.927 2
      vertex 23.8659 -13.3723 2
      vertex 24.0897 -13.7508 2
    endloop
  endfacet
  facet normal -0 0 1
    outer loop
      vertex 23.0552 10.8773 2
      vertex 26.0315 10.5013 2
      vertex 23.124 11.3117 2
    endloop
  endfacet
  facet normal 0 0 1
    outer loop
      vertex 26.3807 -11.7031 2
      vertex 23.6662 -12.9805 2
      vertex 23.8659 -13.3723 2
    endloop
  endfacet
  facet normal 0 0 1
    outer loop
      vertex 26.0315 10.5013 2
      vertex 23.0552 10.8773 2
      vertex 26.0079 10.2512 2
    endloop
  endfacet
  facet normal 0 0 1
    outer loop
      vertex 26.2809 -11.4725 2
      vertex 23.4916 -12.5769 2
      vertex 23.6662 -12.9805 2
    endloop
  endfacet
  facet normal -0 0 1
    outer loop
      vertex 23.0138 10.4395 2
      vertex 26.0079 10.2512 2
      vertex 23.0552 10.8773 2
    endloop
  endfacet
  facet normal 0 0 1
    outer loop
      vertex 26.1958 -11.2361 2
      vertex 23.3426 -12.1631 2
      vertex 23.4916 -12.5769 2
    endloop
  endfacet
  facet normal 0 0 1
    outer loop
      vertex 26.0079 10.2512 2
      vertex 23.0138 10.4395 2
      vertex 26 10 2
    endloop
  endfacet
  facet normal 0 0 1
    outer loop
      vertex 26.1257 -10.9948 2
      vertex 23.2199 -11.7408 2
      vertex 23.3426 -12.1631 2
    endloop
  endfacet
  facet normal 0 0 1
    outer loop
      vertex 26 10 2
      vertex 23.0138 10.4395 2
      vertex 23 10 2
    endloop
  endfacet
  facet normal 0 0 1
    outer loop
      vertex 26.0709 -10.7495 2
      vertex 23.124 -11.3117 2
      vertex 23.2199 -11.7408 2
    endloop
  endfacet
  facet normal 0 0 1
    outer loop
      vertex 26.0315 -10.5013 2
      vertex 23.0552 -10.8773 2
      vertex 23.124 -11.3117 2
    endloop
  endfacet
  facet normal 0 0 1
    outer loop
      vertex 26.0079 -10.2512 2
      vertex 23.0138 -10.4395 2
      vertex 23.0552 -10.8773 2
    endloop
  endfacet
  facet normal -0 0 1
    outer loop
      vertex 18.9921 -0.251162 2
      vertex 26 -10 2
      vertex 19 0 2
    endloop
  endfacet
  facet normal 0 0 1
    outer loop
      vertex 26 10 2
      vertex 19 0 2
      vertex 26 -10 2
    endloop
  endfacet
  facet normal 0 0 1
    outer loop
      vertex 26 10 2
      vertex 18.9685 0.501332 2
      vertex 18.9921 0.251162 2
    endloop
  endfacet
  facet normal 0 0 1
    outer loop
      vertex 26 10 2
      vertex 18.9291 0.749525 2
      vertex 18.9685 0.501332 2
    endloop
  endfacet
  facet normal 0 0 1
    outer loop
      vertex 26 10 2
      vertex 18.8743 0.994759 2
      vertex 18.9291 0.749525 2
    endloop
  endfacet
  facet normal 0 0 1
    outer loop
      vertex 26 10 2
      vertex 18.8042 1.23607 2
      vertex 18.8743 0.994759 2
    endloop
  endfacet
  facet normal 0 0 1
    outer loop
      vertex 26 10 2
      vertex 18.7191 1.4725 2
      vertex 18.8042 1.23607 2
    endloop
  endfacet
  facet normal 0 0 1
    outer loop
      vertex 23 10 2
      vertex 18.6193 1.70312 2
      vertex 18.7191 1.4725 2
    endloop
  endfacet
  facet normal 0 0 1
    outer loop
      vertex 23 10 2
      vertex 18.5052 1.92701 2
      vertex 18.6193 1.70312 2
    endloop
  endfacet
  facet normal 0 0 1
    outer loop
      vertex 23 10 2
      vertex 18.3773 2.14331 2
      vertex 18.5052 1.92701 2
    endloop
  endfacet
  facet normal 0 0 1
    outer loop
      vertex 23 10 2
      vertex 18.2361 2.35114 2
      vertex 18.3773 2.14331 2
    endloop
  endfacet
  facet normal 0 0 1
    outer loop
      vertex 23 10 2
      vertex 18.0821 2.5497 2
      vertex 18.2361 2.35114 2
    endloop
  endfacet
  facet normal 0 0 1
    outer loop
      vertex 23 10 2
      vertex 17.9159 2.73819 2
      vertex 18.0821 2.5497 2
    endloop
  endfacet
  facet normal 0 0 1
    outer loop
      vertex 23 10 2
      vertex 17.7382 2.91587 2
      vertex 17.9159 2.73819 2
    endloop
  endfacet
  facet normal 0 0 1
    outer loop
      vertex 23 10 2
      vertex 17.5497 3.08205 2
      vertex 17.7382 2.91587 2
    endloop
  endfacet
  facet normal 0 0 1
    outer loop
      vertex 23 10 2
      vertex 17.3511 3.23607 2
      vertex 17.5497 3.08205 2
    endloop
  endfacet
  facet normal -0 0 1
    outer loop
      vertex 17 10 2
      vertex 17.3511 3.23607 2
      vertex 23 10 2
    endloop
  endfacet
  facet normal 0 0 1
    outer loop
      vertex 17.3511 3.23607 2
      vertex 17 10 2
      vertex 17.1433 3.37731 2
    endloop
  endfacet
  facet normal 0 0 1
    outer loop
      vertex 17.1433 3.37731 2
      vertex 17 10 2
      vertex 17 3.46206 2
    endloop
  endfacet
  facet normal -0 0 1
    outer loop
      vertex 18.9685 -0.501332 2
      vertex 26 -10 2
      vertex 18.9921 -0.251162 2
    endloop
  endfacet
  facet normal -0 0 1
    outer loop
      vertex 18.9291 -0.749525 2
      vertex 26 -10 2
      vertex 18.9685 -0.501332 2
    endloop
  endfacet
  facet normal -0 0 1
    outer loop
      vertex 18.8743 -0.994759 2
      vertex 26 -10 2
      vertex 18.9291 -0.749525 2
    endloop
  endfacet
  facet normal -0 0 1
    outer loop
      vertex 18.8042 -1.23607 2
      vertex 26 -10 2
      vertex 18.8743 -0.994759 2
    endloop
  endfacet
  facet normal -0 0 1
    outer loop
      vertex 18.7191 -1.4725 2
      vertex 26 -10 2
      vertex 18.8042 -1.23607 2
    endloop
  endfacet
  facet normal 0 0 1
    outer loop
      vertex 26 -10 2
      vertex 18.7191 -1.4725 2
      vertex 23 -10 2
    endloop
  endfacet
  facet normal -0 0 1
    outer loop
      vertex 18.6193 -1.70312 2
      vertex 23 -10 2
      vertex 18.7191 -1.4725 2
    endloop
  endfacet
  facet normal -0 0 1
    outer loop
      vertex 18.5052 -1.92701 2
      vertex 23 -10 2
      vertex 18.6193 -1.70312 2
    endloop
  endfacet
  facet normal -0 0 1
    outer loop
      vertex 18.3773 -2.14331 2
      vertex 23 -10 2
      vertex 18.5052 -1.92701 2
    endloop
  endfacet
  facet normal -0 0 1
    outer loop
      vertex 18.2361 -2.35114 2
      vertex 23 -10 2
      vertex 18.3773 -2.14331 2
    endloop
  endfacet
  facet normal -0 0 1
    outer loop
      vertex 18.0821 -2.5497 2
      vertex 23 -10 2
      vertex 18.2361 -2.35114 2
    endloop
  endfacet
  facet normal -0 0 1
    outer loop
      vertex 17.9159 -2.73819 2
      vertex 23 -10 2
      vertex 18.0821 -2.5497 2
    endloop
  endfacet
  facet normal -0 0 1
    outer loop
      vertex 17.7382 -2.91587 2
      vertex 23 -10 2
      vertex 17.9159 -2.73819 2
    endloop
  endfacet
  facet normal -0 0 1
    outer loop
      vertex 17.5497 -3.08205 2
      vertex 23 -10 2
      vertex 17.7382 -2.91587 2
    endloop
  endfacet
  facet normal -0 0 1
    outer loop
      vertex 17.3511 -3.23607 2
      vertex 23 -10 2
      vertex 17.5497 -3.08205 2
    endloop
  endfacet
  facet normal -0 0 1
    outer loop
      vertex 17.1433 -3.37731 2
      vertex 23 -10 2
      vertex 17.3511 -3.23607 2
    endloop
  endfacet
  facet normal -0 0 1
    outer loop
      vertex 16.927 -3.50523 2
      vertex 23 -10 2
      vertex 17.1433 -3.37731 2
    endloop
  endfacet
  facet normal -0 0 1
    outer loop
      vertex 16.7031 -3.61931 2
      vertex 23 -10 2
      vertex 16.927 -3.50523 2
    endloop
  endfacet
  facet normal -0 0 1
    outer loop
      vertex 16.4725 -3.71911 2
      vertex 23 -10 2
      vertex 16.7031 -3.61931 2
    endloop
  endfacet
  facet normal -0 0 1
    outer loop
      vertex 16.2361 -3.80423 2
      vertex 23 -10 2
      vertex 16.4725 -3.71911 2
    endloop
  endfacet
  facet normal -0 0 1
    outer loop
      vertex 15.9948 -3.87433 2
      vertex 23 -10 2
      vertex 16.2361 -3.80423 2
    endloop
  endfacet
  facet normal -0 0 1
    outer loop
      vertex 15.7495 -3.92915 2
      vertex 23 -10 2
      vertex 15.9948 -3.87433 2
    endloop
  endfacet
  facet normal -0 0 1
    outer loop
      vertex 15.5013 -3.96846 2
      vertex 23 -10 2
      vertex 15.7495 -3.92915 2
    endloop
  endfacet
  facet normal -0 0 1
    outer loop
      vertex 15.2512 -3.99211 2
      vertex 23 -10 2
      vertex 15.5013 -3.96846 2
    endloop
  endfacet
  facet normal -0 0 1
    outer loop
      vertex 15 -4 2
      vertex 23 -10 2
      vertex 15.2512 -3.99211 2
    endloop
  endfacet
  facet normal 0 0 1
    outer loop
      vertex 14.7488 -3.99211 2
      vertex 23 -10 2
      vertex 15 -4 2
    endloop
  endfacet
  facet normal 0 0 1
    outer loop
      vertex 14.4987 -3.96846 2
      vertex 23 -10 2
      vertex 14.7488 -3.99211 2
    endloop
  endfacet
  facet normal 0 0 1
    outer loop
      vertex 14.2505 -3.92915 2
      vertex 23 -10 2
      vertex 14.4987 -3.96846 2
    endloop
  endfacet
  facet normal 0 0 1
    outer loop
      vertex 14.0052 -3.87433 2
      vertex 23 -10 2
      vertex 14.2505 -3.92915 2
    endloop
  endfacet
  facet normal 0 0 1
    outer loop
      vertex 13.7639 -3.80423 2
      vertex 23 -10 2
      vertex 14.0052 -3.87433 2
    endloop
  endfacet
  facet normal 0 0 1
    outer loop
      vertex 1.23607 -3.80423 2
      vertex 13.7639 -3.80423 2
      vertex 13.5275 -3.71911 2
    endloop
  endfacet
  facet normal 0 0 1
    outer loop
      vertex 1.4725 -3.71911 2
      vertex 13.5275 -3.71911 2
      vertex 13.2969 -3.61931 2
    endloop
  endfacet
  facet normal 0 0 1
    outer loop
      vertex 1.70312 -3.61931 2
      vertex 13.2969 -3.61931 2
      vertex 13.073 -3.50523 2
    endloop
  endfacet
  facet normal 0 0 1
    outer loop
      vertex 1.92701 -3.50523 2
      vertex 13.073 -3.50523 2
      vertex 12.8567 -3.37731 2
    endloop
  endfacet
  facet normal -0 0 1
    outer loop
      vertex 4 0 2
      vertex 11.0079 -0.251162 2
      vertex 11 0 2
    endloop
  endfacet
  facet normal 0 0 1
    outer loop
      vertex 3.99211 -0.251162 2
      vertex 11.0079 -0.251162 2
      vertex 4 0 2
    endloop
  endfacet
  facet normal 0 0 1
    outer loop
      vertex 11.0079 -0.251162 2
      vertex 3.99211 -0.251162 2
      vertex 11.0315 -0.501332 2
    endloop
  endfacet
  facet normal 0 0 1
    outer loop
      vertex 3.96846 -0.501332 2
      vertex 11.0315 -0.501332 2
      vertex 3.99211 -0.251162 2
    endloop
  endfacet
  facet normal 0 0 1
    outer loop
      vertex 11.0315 -0.501332 2
      vertex 3.96846 -0.501332 2
      vertex 11.0709 -0.749525 2
    endloop
  endfacet
  facet normal 0 0 1
    outer loop
      vertex 3.92915 -0.749525 2
      vertex 11.0709 -0.749525 2
      vertex 3.96846 -0.501332 2
    endloop
  endfacet
  facet normal 0 0 1
    outer loop
      vertex 11.0709 -0.749525 2
      vertex 3.92915 -0.749525 2
      vertex 11.1257 -0.994759 2
    endloop
  endfacet
  facet normal 0 0 1
    outer loop
      vertex 3.87433 -0.994759 2
      vertex 11.1257 -0.994759 2
      vertex 3.92915 -0.749525 2
    endloop
  endfacet
  facet normal 0 0 1
    outer loop
      vertex 11.1257 -0.994759 2
      vertex 3.87433 -0.994759 2
      vertex 11.1958 -1.23607 2
    endloop
  endfacet
  facet normal 0 0 1
    outer loop
      vertex 3.80423 -1.23607 2
      vertex 11.1958 -1.23607 2
      vertex 3.87433 -0.994759 2
    endloop
  endfacet
  facet normal 0 0 1
    outer loop
      vertex 11.1958 -1.23607 2
      vertex 3.80423 -1.23607 2
      vertex 11.2809 -1.4725 2
    endloop
  endfacet
  facet normal 0 0 1
    outer loop
      vertex 3.71911 -1.4725 2
      vertex 11.2809 -1.4725 2
      vertex 3.80423 -1.23607 2
    endloop
  endfacet
  facet normal 0 0 1
    outer loop
      vertex 11.2809 -1.4725 2
      vertex 3.71911 -1.4725 2
      vertex 11.3807 -1.70312 2
    endloop
  endfacet
  facet normal 0 0 1
    outer loop
      vertex 3.61931 -1.70312 2
      vertex 11.3807 -1.70312 2
      vertex 3.71911 -1.4725 2
    endloop
  endfacet
  facet normal 0 0 1
    outer loop
      vertex 11.3807 -1.70312 2
      vertex 3.61931 -1.70312 2
      vertex 11.4948 -1.92701 2
    endloop
  endfacet
  facet normal 0 0 1
    outer loop
      vertex 3.50523 -1.92701 2
      vertex 11.4948 -1.92701 2
      vertex 3.61931 -1.70312 2
    endloop
  endfacet
  facet normal 0 0 1
    outer loop
      vertex 11.4948 -1.92701 2
      vertex 3.50523 -1.92701 2
      vertex 11.6227 -2.14331 2
    endloop
  endfacet
  facet normal 0 0 1
    outer loop
      vertex 3.37731 -2.14331 2
      vertex 11.6227 -2.14331 2
      vertex 3.50523 -1.92701 2
    endloop
  endfacet
  facet normal 0 0 1
    outer loop
      vertex 11.6227 -2.14331 2
      vertex 3.37731 -2.14331 2
      vertex 11.7639 -2.35114 2
    endloop
  endfacet
  facet normal 0 0 1
    outer loop
      vertex 3.23607 -2.35114 2
      vertex 11.7639 -2.35114 2
      vertex 3.37731 -2.14331 2
    endloop
  endfacet
  facet normal 0 0 1
    outer loop
      vertex 11.7639 -2.35114 2
      vertex 3.23607 -2.35114 2
      vertex 11.9179 -2.5497 2
    endloop
  endfacet
  facet normal 0 0 1
    outer loop
      vertex 3.08205 -2.5497 2
      vertex 11.9179 -2.5497 2
      vertex 3.23607 -2.35114 2
    endloop
  endfacet
  facet normal 0 0 1
    outer loop
      vertex 11.9179 -2.5497 2
      vertex 3.08205 -2.5497 2
      vertex 12.0841 -2.73819 2
    endloop
  endfacet
  facet normal 0 0 1
    outer loop
      vertex 2.91587 -2.73819 2
      vertex 12.0841 -2.73819 2
      vertex 3.08205 -2.5497 2
    endloop
  endfacet
  facet normal 0 0 1
    outer loop
      vertex 12.0841 -2.73819 2
      vertex 2.91587 -2.73819 2
      vertex 12.2618 -2.91587 2
    endloop
  endfacet
  facet normal 0 0 1
    outer loop
      vertex 2.73819 -2.91587 2
      vertex 12.2618 -2.91587 2
      vertex 2.91587 -2.73819 2
    endloop
  endfacet
  facet normal 0 0 1
    outer loop
      vertex 12.2618 -2.91587 2
      vertex 2.73819 -2.91587 2
      vertex 12.4503 -3.08205 2
    endloop
  endfacet
  facet normal 0 0 1
    outer loop
      vertex 2.5497 -3.08205 2
      vertex 12.4503 -3.08205 2
      vertex 2.73819 -2.91587 2
    endloop
  endfacet
  facet normal 0 0 1
    outer loop
      vertex 12.4503 -3.08205 2
      vertex 2.5497 -3.08205 2
      vertex 12.6489 -3.23607 2
    endloop
  endfacet
  facet normal 0 0 1
    outer loop
      vertex 2.35114 -3.23607 2
      vertex 12.6489 -3.23607 2
      vertex 2.5497 -3.08205 2
    endloop
  endfacet
  facet normal 0 0 1
    outer loop
      vertex 12.6489 -3.23607 2
      vertex 2.35114 -3.23607 2
      vertex 12.8567 -3.37731 2
    endloop
  endfacet
  facet normal 0 0 1
    outer loop
      vertex 2.14331 -3.37731 2
      vertex 12.8567 -3.37731 2
      vertex 2.35114 -3.23607 2
    endloop
  endfacet
  facet normal 0 0 1
    outer loop
      vertex 1.92701 -3.50523 2
      vertex 12.8567 -3.37731 2
      vertex 2.14331 -3.37731 2
    endloop
  endfacet
  facet normal 0 0 1
    outer loop
      vertex 13.073 -3.50523 2
      vertex 1.92701 -3.50523 2
      vertex 1.70312 -3.61931 2
    endloop
  endfacet
  facet normal 0 0 1
    outer loop
      vertex 13.2969 -3.61931 2
      vertex 1.70312 -3.61931 2
      vertex 1.4725 -3.71911 2
    endloop
  endfacet
  facet normal 0 0 1
    outer loop
      vertex 13.5275 -3.71911 2
      vertex 1.4725 -3.71911 2
      vertex 1.23607 -3.80423 2
    endloop
  endfacet
  facet normal 0 0 1
    outer loop
      vertex 13.7639 -3.80423 2
      vertex 1.23607 -3.80423 2
      vertex 23 -10 2
    endloop
  endfacet
  facet normal -0 0 1
    outer loop
      vertex 0.994759 -3.87433 2
      vertex 23 -10 2
      vertex 1.23607 -3.80423 2
    endloop
  endfacet
  facet normal -0 0 1
    outer loop
      vertex 0.749525 -3.92915 2
      vertex 23 -10 2
      vertex 0.994759 -3.87433 2
    endloop
  endfacet
  facet normal -0 0 1
    outer loop
      vertex 0.501332 -3.96846 2
      vertex 23 -10 2
      vertex 0.749525 -3.92915 2
    endloop
  endfacet
  facet normal 0 0 1
    outer loop
      vertex -13 -10 2
      vertex 0.501332 -3.96846 2
      vertex 0.251162 -3.99211 2
    endloop
  endfacet
  facet normal 0 0 1
    outer loop
      vertex -13 -10 2
      vertex 0.251162 -3.99211 2
      vertex 0 -4 2
    endloop
  endfacet
  facet normal 0 0 1
    outer loop
      vertex -13 -10 2
      vertex 0 -4 2
      vertex -0.251162 -3.99211 2
    endloop
  endfacet
  facet normal 0 0 1
    outer loop
      vertex -13 -10 2
      vertex -0.251162 -3.99211 2
      vertex -0.501332 -3.96846 2
    endloop
  endfacet
  facet normal 0 0 1
    outer loop
      vertex -13 -10 2
      vertex -0.501332 -3.96846 2
      vertex -0.749525 -3.92915 2
    endloop
  endfacet
  facet normal 0 0 1
    outer loop
      vertex -13 -10 2
      vertex -0.749525 -3.92915 2
      vertex -0.994759 -3.87433 2
    endloop
  endfacet
  facet normal -0 0 1
    outer loop
      vertex -11 0 2
      vertex -3.99211 -0.251162 2
      vertex -4 0 2
    endloop
  endfacet
  facet normal 0 0 1
    outer loop
      vertex -11.0079 -0.251162 2
      vertex -3.99211 -0.251162 2
      vertex -11 0 2
    endloop
  endfacet
  facet normal 0 0 1
    outer loop
      vertex -3.99211 -0.251162 2
      vertex -11.0079 -0.251162 2
      vertex -3.96846 -0.501332 2
    endloop
  endfacet
  facet normal 0 0 1
    outer loop
      vertex -11.0315 -0.501332 2
      vertex -3.96846 -0.501332 2
      vertex -11.0079 -0.251162 2
    endloop
  endfacet
  facet normal 0 0 1
    outer loop
      vertex -3.96846 -0.501332 2
      vertex -11.0315 -0.501332 2
      vertex -3.92915 -0.749525 2
    endloop
  endfacet
  facet normal 0 0 1
    outer loop
      vertex -11.0709 -0.749525 2
      vertex -3.92915 -0.749525 2
      vertex -11.0315 -0.501332 2
    endloop
  endfacet
  facet normal 0 0 1
    outer loop
      vertex -3.92915 -0.749525 2
      vertex -11.0709 -0.749525 2
      vertex -3.87433 -0.994759 2
    endloop
  endfacet
  facet normal 0 0 1
    outer loop
      vertex -11.1257 -0.994759 2
      vertex -3.87433 -0.994759 2
      vertex -11.0709 -0.749525 2
    endloop
  endfacet
  facet normal 0 0 1
    outer loop
      vertex -3.87433 -0.994759 2
      vertex -11.1257 -0.994759 2
      vertex -3.80423 -1.23607 2
    endloop
  endfacet
  facet normal 0 0 1
    outer loop
      vertex -11.1958 -1.23607 2
      vertex -3.80423 -1.23607 2
      vertex -11.1257 -0.994759 2
    endloop
  endfacet
  facet normal 0 0 1
    outer loop
      vertex -3.80423 -1.23607 2
      vertex -11.1958 -1.23607 2
      vertex -3.71911 -1.4725 2
    endloop
  endfacet
  facet normal 0 0 1
    outer loop
      vertex -11.2809 -1.4725 2
      vertex -3.71911 -1.4725 2
      vertex -11.1958 -1.23607 2
    endloop
  endfacet
  facet normal 0 0 1
    outer loop
      vertex -3.71911 -1.4725 2
      vertex -11.2809 -1.4725 2
      vertex -3.61931 -1.70312 2
    endloop
  endfacet
  facet normal 0 0 1
    outer loop
      vertex -11.3807 -1.70312 2
      vertex -3.61931 -1.70312 2
      vertex -11.2809 -1.4725 2
    endloop
  endfacet
  facet normal 0 0 1
    outer loop
      vertex -3.61931 -1.70312 2
      vertex -11.3807 -1.70312 2
      vertex -3.50523 -1.92701 2
    endloop
  endfacet
  facet normal 0 0 1
    outer loop
      vertex -11.4948 -1.92701 2
      vertex -3.50523 -1.92701 2
      vertex -11.3807 -1.70312 2
    endloop
  endfacet
  facet normal 0 0 1
    outer loop
      vertex -3.50523 -1.92701 2
      vertex -11.4948 -1.92701 2
      vertex -3.37731 -2.14331 2
    endloop
  endfacet
  facet normal 0 0 1
    outer loop
      vertex -11.6227 -2.14331 2
      vertex -3.37731 -2.14331 2
      vertex -11.4948 -1.92701 2
    endloop
  endfacet
  facet normal 0 0 1
    outer loop
      vertex -3.37731 -2.14331 2
      vertex -11.6227 -2.14331 2
      vertex -3.23607 -2.35114 2
    endloop
  endfacet
  facet normal 0 0 1
    outer loop
      vertex -11.7639 -2.35114 2
      vertex -3.23607 -2.35114 2
      vertex -11.6227 -2.14331 2
    endloop
  endfacet
  facet normal 0 0 1
    outer loop
      vertex -3.23607 -2.35114 2
      vertex -11.7639 -2.35114 2
      vertex -3.08205 -2.5497 2
    endloop
  endfacet
  facet normal 0 0 1
    outer loop
      vertex -11.9179 -2.5497 2
      vertex -3.08205 -2.5497 2
      vertex -11.7639 -2.35114 2
    endloop
  endfacet
  facet normal 0 0 1
    outer loop
      vertex -3.08205 -2.5497 2
      vertex -11.9179 -2.5497 2
      vertex -2.91587 -2.73819 2
    endloop
  endfacet
  facet normal 0 0 1
    outer loop
      vertex -12.0841 -2.73819 2
      vertex -2.91587 -2.73819 2
      vertex -11.9179 -2.5497 2
    endloop
  endfacet
  facet normal 0 0 1
    outer loop
      vertex -13 -10 2
      vertex -2.91587 -2.73819 2
      vertex -12.0841 -2.73819 2
    endloop
  endfacet
  facet normal 0 0 1
    outer loop
      vertex -2.91587 -2.73819 2
      vertex -13 -10 2
      vertex -2.73819 -2.91587 2
    endloop
  endfacet
  facet normal 0 0 1
    outer loop
      vertex -2.73819 -2.91587 2
      vertex -13 -10 2
      vertex -2.5497 -3.08205 2
    endloop
  endfacet
  facet normal 0 0 1
    outer loop
      vertex -2.5497 -3.08205 2
      vertex -13 -10 2
      vertex -2.35114 -3.23607 2
    endloop
  endfacet
  facet normal 0 0 1
    outer loop
      vertex -2.35114 -3.23607 2
      vertex -13 -10 2
      vertex -2.14331 -3.37731 2
    endloop
  endfacet
  facet normal 0 0 1
    outer loop
      vertex -2.14331 -3.37731 2
      vertex -13 -10 2
      vertex -1.92701 -3.50523 2
    endloop
  endfacet
  facet normal 0 0 1
    outer loop
      vertex -1.92701 -3.50523 2
      vertex -13 -10 2
      vertex -1.70312 -3.61931 2
    endloop
  endfacet
  facet normal 0 0 1
    outer loop
      vertex -1.4725 -3.71911 2
      vertex -13 -10 2
      vertex -1.23607 -3.80423 2
    endloop
  endfacet
  facet normal 0 0 1
    outer loop
      vertex -1.23607 -3.80423 2
      vertex -13 -10 2
      vertex -0.994759 -3.87433 2
    endloop
  endfacet
  facet normal 0 0 1
    outer loop
      vertex -1.70312 -3.61931 2
      vertex -13 -10 2
      vertex -1.4725 -3.71911 2
    endloop
  endfacet
  facet normal 0 0 1
    outer loop
      vertex -13 -10 2
      vertex -12.0841 -2.73819 2
      vertex -12.2618 -2.91587 2
    endloop
  endfacet
  facet normal 0 0 1
    outer loop
      vertex -13 -10 2
      vertex -12.2618 -2.91587 2
      vertex -12.4503 -3.08205 2
    endloop
  endfacet
  facet normal 0 0 1
    outer loop
      vertex -13 -10 2
      vertex -12.4503 -3.08205 2
      vertex -12.6489 -3.23607 2
    endloop
  endfacet
  facet normal 0 0 1
    outer loop
      vertex -13 -10 2
      vertex -12.6489 -3.23607 2
      vertex -12.8567 -3.37731 2
    endloop
  endfacet
  facet normal 0 0 1
    outer loop
      vertex -13 -10 2
      vertex -12.8567 -3.37731 2
      vertex -13 -3.46206 2
    endloop
  endfacet
  facet normal 0 0 1
    outer loop
      vertex 0.501332 -3.96846 2
      vertex -13 -10 2
      vertex 23 -10 2
    endloop
  endfacet
  facet normal 0 0 1
    outer loop
      vertex -17.1433 -3.37731 2
      vertex -17 -10 2
      vertex -17 -3.46206 2
    endloop
  endfacet
  facet normal 0 0 1
    outer loop
      vertex -17.3511 -3.23607 2
      vertex -17 -10 2
      vertex -17.1433 -3.37731 2
    endloop
  endfacet
  facet normal 0 0 1
    outer loop
      vertex -23 -10 2
      vertex -17.3511 -3.23607 2
      vertex -17.5497 -3.08205 2
    endloop
  endfacet
  facet normal 0 0 1
    outer loop
      vertex -23 -10 2
      vertex -17.5497 -3.08205 2
      vertex -17.7382 -2.91587 2
    endloop
  endfacet
  facet normal 0 0 1
    outer loop
      vertex -23 -10 2
      vertex -17.7382 -2.91587 2
      vertex -17.9159 -2.73819 2
    endloop
  endfacet
  facet normal 0 0 1
    outer loop
      vertex -23 -10 2
      vertex -17.9159 -2.73819 2
      vertex -18.0821 -2.5497 2
    endloop
  endfacet
  facet normal 0 0 1
    outer loop
      vertex -23 -10 2
      vertex -18.0821 -2.5497 2
      vertex -18.2361 -2.35114 2
    endloop
  endfacet
  facet normal 0 0 1
    outer loop
      vertex -23 -10 2
      vertex -18.2361 -2.35114 2
      vertex -18.3773 -2.14331 2
    endloop
  endfacet
  facet normal 0 0 1
    outer loop
      vertex -26.7639 -7.64886 2
      vertex -18.3773 -2.14331 2
      vertex -18.5052 -1.92701 2
    endloop
  endfacet
  facet normal 0 0 1
    outer loop
      vertex -26.9179 -7.4503 2
      vertex -18.5052 -1.92701 2
      vertex -18.6193 -1.70312 2
    endloop
  endfacet
  facet normal 0 0 1
    outer loop
      vertex -27.0841 -7.26181 2
      vertex -18.6193 -1.70312 2
      vertex -18.7191 -1.4725 2
    endloop
  endfacet
  facet normal 0 0 1
    outer loop
      vertex -27.2618 -7.08412 2
      vertex -18.7191 -1.4725 2
      vertex -18.8042 -1.23607 2
    endloop
  endfacet
  facet normal 0 0 1
    outer loop
      vertex -27.4503 -6.91795 2
      vertex -18.8042 -1.23607 2
      vertex -18.8743 -0.994759 2
    endloop
  endfacet
  facet normal 0 0 1
    outer loop
      vertex -27.6489 -6.76393 2
      vertex -18.8743 -0.994759 2
      vertex -18.9291 -0.749525 2
    endloop
  endfacet
  facet normal 0 0 1
    outer loop
      vertex -18.8042 1.23607 2
      vertex -27.4503 6.91795 2
      vertex -18.8743 0.994759 2
    endloop
  endfacet
  facet normal -0 0 1
    outer loop
      vertex -27.6489 6.76393 2
      vertex -18.8743 0.994759 2
      vertex -27.4503 6.91795 2
    endloop
  endfacet
  facet normal 0 0 1
    outer loop
      vertex -18.8743 0.994759 2
      vertex -27.6489 6.76393 2
      vertex -18.9291 0.749525 2
    endloop
  endfacet
  facet normal -0 0 1
    outer loop
      vertex -30 3 2
      vertex -18.9291 0.749525 2
      vertex -27.6489 6.76393 2
    endloop
  endfacet
  facet normal 0 0 1
    outer loop
      vertex -18.9921 0.251162 2
      vertex -30 3 2
      vertex -19 0 2
    endloop
  endfacet
  facet normal 0 0 1
    outer loop
      vertex -26 10 2
      vertex -23 10 2
      vertex -23.0138 10.4395 2
    endloop
  endfacet
  facet normal 0 0 1
    outer loop
      vertex -18.9685 0.501332 2
      vertex -30 3 2
      vertex -18.9921 0.251162 2
    endloop
  endfacet
  facet normal 0 0 1
    outer loop
      vertex -26.0079 10.2512 2
      vertex -23.0138 10.4395 2
      vertex -23.0552 10.8773 2
    endloop
  endfacet
  facet normal 0 0 1
    outer loop
      vertex -18.9291 0.749525 2
      vertex -30 3 2
      vertex -18.9685 0.501332 2
    endloop
  endfacet
  facet normal 0 0 1
    outer loop
      vertex -26.0315 10.5013 2
      vertex -23.0552 10.8773 2
      vertex -23.124 11.3117 2
    endloop
  endfacet
  facet normal 0 0 1
    outer loop
      vertex -23 10 2
      vertex -26.6227 7.85669 2
      vertex -26.7639 7.64886 2
    endloop
  endfacet
  facet normal 0 0 1
    outer loop
      vertex -26.0709 10.7495 2
      vertex -23.124 11.3117 2
      vertex -23.2199 11.7408 2
    endloop
  endfacet
  facet normal 0 0 1
    outer loop
      vertex -18.6193 -1.70312 2
      vertex -27.0841 -7.26181 2
      vertex -26.9179 -7.4503 2
    endloop
  endfacet
  facet normal 0 0 1
    outer loop
      vertex -26.1257 10.9948 2
      vertex -23.2199 11.7408 2
      vertex -23.3426 12.1631 2
    endloop
  endfacet
  facet normal 0 0 1
    outer loop
      vertex -23 10 2
      vertex -26.4948 8.07298 2
      vertex -26.6227 7.85669 2
    endloop
  endfacet
  facet normal 0 0 1
    outer loop
      vertex -26.1958 11.2361 2
      vertex -23.3426 12.1631 2
      vertex -23.4916 12.5769 2
    endloop
  endfacet
  facet normal 0 0 1
    outer loop
      vertex -23 10 2
      vertex -26.3807 8.29688 2
      vertex -26.4948 8.07298 2
    endloop
  endfacet
  facet normal 0 0 1
    outer loop
      vertex -26.2809 11.4725 2
      vertex -23.4916 12.5769 2
      vertex -23.6662 12.9805 2
    endloop
  endfacet
  facet normal 0 0 1
    outer loop
      vertex -23 10 2
      vertex -26.2809 8.5275 2
      vertex -26.3807 8.29688 2
    endloop
  endfacet
  facet normal 0 0 1
    outer loop
      vertex -26.3807 11.7031 2
      vertex -23.6662 12.9805 2
      vertex -23.8659 13.3723 2
    endloop
  endfacet
  facet normal -0 -0 1
    outer loop
      vertex -26.2809 -8.5275 2
      vertex -23 -10 2
      vertex -26.3807 -8.29688 2
    endloop
  endfacet
  facet normal 0 0 1
    outer loop
      vertex -26.4948 11.927 2
      vertex -23.8659 13.3723 2
      vertex -24.0897 13.7508 2
    endloop
  endfacet
  facet normal 0 0 1
    outer loop
      vertex -23 10 2
      vertex -26.1958 8.76393 2
      vertex -26.2809 8.5275 2
    endloop
  endfacet
  facet normal 0 0 1
    outer loop
      vertex -26.6227 12.1433 2
      vertex -24.0897 13.7508 2
      vertex -24.3369 14.1145 2
    endloop
  endfacet
  facet normal 0 0 1
    outer loop
      vertex -23 10 2
      vertex -26.1257 9.00524 2
      vertex -26.1958 8.76393 2
    endloop
  endfacet
  facet normal 0 0 1
    outer loop
      vertex -26.7639 12.3511 2
      vertex -24.3369 14.1145 2
      vertex -24.6064 14.462 2
    endloop
  endfacet
  facet normal 0 0 1
    outer loop
      vertex -23 10 2
      vertex -26.0709 9.25047 2
      vertex -26.1257 9.00524 2
    endloop
  endfacet
  facet normal 0 0 1
    outer loop
      vertex -26.9179 12.5497 2
      vertex -24.6064 14.462 2
      vertex -24.8972 14.7918 2
    endloop
  endfacet
  facet normal 0 0 1
    outer loop
      vertex -23 10 2
      vertex -26.0315 9.49867 2
      vertex -26.0709 9.25047 2
    endloop
  endfacet
  facet normal 0 0 1
    outer loop
      vertex -27.0841 12.7382 2
      vertex -24.8972 14.7918 2
      vertex -25.2082 15.1028 2
    endloop
  endfacet
  facet normal 0 0 1
    outer loop
      vertex -23 -10 2
      vertex -26 -10 2
      vertex -23.0138 -10.4395 2
    endloop
  endfacet
  facet normal 0 0 1
    outer loop
      vertex -27.2618 12.9159 2
      vertex -25.2082 15.1028 2
      vertex -25.538 15.3936 2
    endloop
  endfacet
  facet normal 0 0 1
    outer loop
      vertex -23 10 2
      vertex -26.0079 9.74884 2
      vertex -26.0315 9.49867 2
    endloop
  endfacet
  facet normal 0 0 1
    outer loop
      vertex -27.4503 13.0821 2
      vertex -25.538 15.3936 2
      vertex -25.8855 15.6631 2
    endloop
  endfacet
  facet normal 0 0 1
    outer loop
      vertex -23 10 2
      vertex -26 10 2
      vertex -26.0079 9.74884 2
    endloop
  endfacet
  facet normal -0 0 1
    outer loop
      vertex -26.1958 -11.2361 2
      vertex -23.3426 -12.1631 2
      vertex -26.1257 -10.9948 2
    endloop
  endfacet
  facet normal 0 0 1
    outer loop
      vertex -23.0138 10.4395 2
      vertex -26.0079 10.2512 2
      vertex -26 10 2
    endloop
  endfacet
  facet normal 0 0 1
    outer loop
      vertex -23.0552 10.8773 2
      vertex -26.0315 10.5013 2
      vertex -26.0079 10.2512 2
    endloop
  endfacet
  facet normal 0 0 1
    outer loop
      vertex -23.124 11.3117 2
      vertex -26.0709 10.7495 2
      vertex -26.0315 10.5013 2
    endloop
  endfacet
  facet normal 0 0 1
    outer loop
      vertex -23.2199 11.7408 2
      vertex -26.1257 10.9948 2
      vertex -26.0709 10.7495 2
    endloop
  endfacet
  facet normal 0 0 1
    outer loop
      vertex -23.3426 12.1631 2
      vertex -26.1958 11.2361 2
      vertex -26.1257 10.9948 2
    endloop
  endfacet
  facet normal 0 0 1
    outer loop
      vertex -27.6489 13.2361 2
      vertex -25.8855 15.6631 2
      vertex -26.2492 15.9103 2
    endloop
  endfacet
  facet normal 0 0 1
    outer loop
      vertex -23.4916 12.5769 2
      vertex -26.2809 11.4725 2
      vertex -26.1958 11.2361 2
    endloop
  endfacet
  facet normal 0 0 1
    outer loop
      vertex -23.6662 12.9805 2
      vertex -26.3807 11.7031 2
      vertex -26.2809 11.4725 2
    endloop
  endfacet
  facet normal 0 0 1
    outer loop
      vertex -23.8659 13.3723 2
      vertex -26.4948 11.927 2
      vertex -26.3807 11.7031 2
    endloop
  endfacet
  facet normal 0 0 1
    outer loop
      vertex -24.0897 13.7508 2
      vertex -26.6227 12.1433 2
      vertex -26.4948 11.927 2
    endloop
  endfacet
  facet normal 0 0 1
    outer loop
      vertex -28 13.4621 2
      vertex -26.2492 15.9103 2
      vertex -26.6277 16.1341 2
    endloop
  endfacet
  facet normal 0 0 1
    outer loop
      vertex -24.3369 14.1145 2
      vertex -26.7639 12.3511 2
      vertex -26.6227 12.1433 2
    endloop
  endfacet
  facet normal 0 0 1
    outer loop
      vertex -24.6064 14.462 2
      vertex -26.9179 12.5497 2
      vertex -26.7639 12.3511 2
    endloop
  endfacet
  facet normal 0 0 1
    outer loop
      vertex -28 13.4621 2
      vertex -26.6277 16.1341 2
      vertex -27.0195 16.3338 2
    endloop
  endfacet
  facet normal 0 0 1
    outer loop
      vertex -24.8972 14.7918 2
      vertex -27.0841 12.7382 2
      vertex -26.9179 12.5497 2
    endloop
  endfacet
  facet normal 0 0 1
    outer loop
      vertex -25.2082 15.1028 2
      vertex -27.2618 12.9159 2
      vertex -27.0841 12.7382 2
    endloop
  endfacet
  facet normal 0 0 1
    outer loop
      vertex -28 13.4621 2
      vertex -27.0195 16.3338 2
      vertex -27.4231 16.5084 2
    endloop
  endfacet
  facet normal 0 0 1
    outer loop
      vertex -25.538 15.3936 2
      vertex -27.4503 13.0821 2
      vertex -27.2618 12.9159 2
    endloop
  endfacet
  facet normal 0 0 1
    outer loop
      vertex -25.8855 15.6631 2
      vertex -27.6489 13.2361 2
      vertex -27.4503 13.0821 2
    endloop
  endfacet
  facet normal 0 0 1
    outer loop
      vertex -28 13.4621 2
      vertex -27.4231 16.5084 2
      vertex -27.8369 16.6574 2
    endloop
  endfacet
  facet normal 0 0 1
    outer loop
      vertex -26.2492 15.9103 2
      vertex -27.8567 13.3773 2
      vertex -27.6489 13.2361 2
    endloop
  endfacet
  facet normal 0 0 1
    outer loop
      vertex -28 13.4621 2
      vertex -27.8369 16.6574 2
      vertex -28 16.7048 2
    endloop
  endfacet
  facet normal 0 0 1
    outer loop
      vertex -26.2492 15.9103 2
      vertex -28 13.4621 2
      vertex -27.8567 13.3773 2
    endloop
  endfacet
  facet normal 0 0 1
    outer loop
      vertex -30.2512 6.00789 2
      vertex -30 3 2
      vertex -30 6 2
    endloop
  endfacet
  facet normal 0 0 1
    outer loop
      vertex -30.2512 6.00789 2
      vertex -30.4395 3.01381 2
      vertex -30 3 2
    endloop
  endfacet
  facet normal 0 0 1
    outer loop
      vertex -30.5013 6.03154 2
      vertex -30.4395 3.01381 2
      vertex -30.2512 6.00789 2
    endloop
  endfacet
  facet normal 0 0 1
    outer loop
      vertex -30.8773 3.0552 2
      vertex -30.5013 6.03154 2
      vertex -30.7495 6.07085 2
    endloop
  endfacet
  facet normal 0 0 1
    outer loop
      vertex -30.5013 6.03154 2
      vertex -30.8773 3.0552 2
      vertex -30.4395 3.01381 2
    endloop
  endfacet
  facet normal 0 0 1
    outer loop
      vertex -31.3117 3.12399 2
      vertex -30.7495 6.07085 2
      vertex -30.9948 6.12567 2
    endloop
  endfacet
  facet normal 0 0 1
    outer loop
      vertex -31.7408 3.21992 2
      vertex -30.9948 6.12567 2
      vertex -31.2361 6.19577 2
    endloop
  endfacet
  facet normal 0 0 1
    outer loop
      vertex -30.7495 6.07085 2
      vertex -31.3117 3.12399 2
      vertex -30.8773 3.0552 2
    endloop
  endfacet
  facet normal 0 0 1
    outer loop
      vertex -32.1631 3.3426 2
      vertex -31.2361 6.19577 2
      vertex -31.4725 6.28089 2
    endloop
  endfacet
  facet normal 0 0 1
    outer loop
      vertex -32.5769 3.49156 2
      vertex -31.4725 6.28089 2
      vertex -31.7031 6.38069 2
    endloop
  endfacet
  facet normal 0 0 1
    outer loop
      vertex -30.9948 6.12567 2
      vertex -31.7408 3.21992 2
      vertex -31.3117 3.12399 2
    endloop
  endfacet
  facet normal 0 0 1
    outer loop
      vertex -32.9805 3.66621 2
      vertex -31.7031 6.38069 2
      vertex -31.927 6.49477 2
    endloop
  endfacet
  facet normal 0 0 1
    outer loop
      vertex -33.3723 3.86585 2
      vertex -31.927 6.49477 2
      vertex -32.1433 6.62269 2
    endloop
  endfacet
  facet normal 0 0 1
    outer loop
      vertex -31.2361 6.19577 2
      vertex -32.1631 3.3426 2
      vertex -31.7408 3.21992 2
    endloop
  endfacet
  facet normal 0 0 1
    outer loop
      vertex -33.7508 4.0897 2
      vertex -32.1433 6.62269 2
      vertex -32.3511 6.76393 2
    endloop
  endfacet
  facet normal 0 0 1
    outer loop
      vertex -34.1145 4.33688 2
      vertex -32.3511 6.76393 2
      vertex -32.5497 6.91795 2
    endloop
  endfacet
  facet normal 0 0 1
    outer loop
      vertex -31.4725 6.28089 2
      vertex -32.5769 3.49156 2
      vertex -32.1631 3.3426 2
    endloop
  endfacet
  facet normal 0 0 1
    outer loop
      vertex -34.462 4.60641 2
      vertex -32.5497 6.91795 2
      vertex -32.7382 7.08412 2
    endloop
  endfacet
  facet normal 0 0 1
    outer loop
      vertex -34.7918 4.89722 2
      vertex -32.7382 7.08412 2
      vertex -32.9159 7.26181 2
    endloop
  endfacet
  facet normal 0 0 1
    outer loop
      vertex -31.7031 6.38069 2
      vertex -32.9805 3.66621 2
      vertex -32.5769 3.49156 2
    endloop
  endfacet
  facet normal 0 0 1
    outer loop
      vertex -35.1028 5.20817 2
      vertex -32.9159 7.26181 2
      vertex -33.0821 7.4503 2
    endloop
  endfacet
  facet normal 0 0 1
    outer loop
      vertex -35.3936 5.53803 2
      vertex -33.0821 7.4503 2
      vertex -33.2361 7.64886 2
    endloop
  endfacet
  facet normal 0 0 1
    outer loop
      vertex -31.927 6.49477 2
      vertex -33.3723 3.86585 2
      vertex -32.9805 3.66621 2
    endloop
  endfacet
  facet normal 0 0 1
    outer loop
      vertex -35.6631 5.8855 2
      vertex -33.2361 7.64886 2
      vertex -33.3773 7.85669 2
    endloop
  endfacet
  facet normal 0 0 1
    outer loop
      vertex -35.9103 6.24921 2
      vertex -33.3773 7.85669 2
      vertex -33.5052 8.07298 2
    endloop
  endfacet
  facet normal 0 0 1
    outer loop
      vertex -36.1341 6.62772 2
      vertex -33.5052 8.07298 2
      vertex -33.6193 8.29688 2
    endloop
  endfacet
  facet normal 0 0 1
    outer loop
      vertex -36.3338 7.01954 2
      vertex -33.6193 8.29688 2
      vertex -33.7191 8.5275 2
    endloop
  endfacet
  facet normal 0 0 1
    outer loop
      vertex -32.1433 6.62269 2
      vertex -33.7508 4.0897 2
      vertex -33.3723 3.86585 2
    endloop
  endfacet
  facet normal 0 0 1
    outer loop
      vertex -36.5084 7.42313 2
      vertex -33.7191 8.5275 2
      vertex -33.8042 8.76393 2
    endloop
  endfacet
  facet normal 0 0 1
    outer loop
      vertex -36.6574 7.83688 2
      vertex -33.8042 8.76393 2
      vertex -33.8743 9.00524 2
    endloop
  endfacet
  facet normal 0 0 1
    outer loop
      vertex -36.7801 8.25917 2
      vertex -33.8743 9.00524 2
      vertex -33.9291 9.25047 2
    endloop
  endfacet
  facet normal 0 0 1
    outer loop
      vertex -36.876 8.68833 2
      vertex -33.9291 9.25047 2
      vertex -33.9685 9.49867 2
    endloop
  endfacet
  facet normal 0 0 1
    outer loop
      vertex -36.9448 9.12267 2
      vertex -33.9685 9.49867 2
      vertex -33.9921 9.74884 2
    endloop
  endfacet
  facet normal 0 0 1
    outer loop
      vertex -32.3511 6.76393 2
      vertex -34.1145 4.33688 2
      vertex -33.7508 4.0897 2
    endloop
  endfacet
  facet normal 0 0 1
    outer loop
      vertex -36.9862 9.56047 2
      vertex -33.9921 9.74884 2
      vertex -34 10 2
    endloop
  endfacet
  facet normal -0 0 1
    outer loop
      vertex -36.3338 12.9805 2
      vertex -33.6193 11.7031 2
      vertex -36.1341 13.3723 2
    endloop
  endfacet
  facet normal 0 0 1
    outer loop
      vertex -33.6193 11.7031 2
      vertex -36.3338 12.9805 2
      vertex -33.7191 11.4725 2
    endloop
  endfacet
  facet normal 0 0 1
    outer loop
      vertex -32.5497 6.91795 2
      vertex -34.462 4.60641 2
      vertex -34.1145 4.33688 2
    endloop
  endfacet
  facet normal -0 0 1
    outer loop
      vertex -36.5084 12.5769 2
      vertex -33.7191 11.4725 2
      vertex -36.3338 12.9805 2
    endloop
  endfacet
  facet normal 0 0 1
    outer loop
      vertex -32.7382 7.08412 2
      vertex -34.7918 4.89722 2
      vertex -34.462 4.60641 2
    endloop
  endfacet
  facet normal 0 0 1
    outer loop
      vertex -33.7191 11.4725 2
      vertex -36.5084 12.5769 2
      vertex -33.8042 11.2361 2
    endloop
  endfacet
  facet normal 0 0 1
    outer loop
      vertex -32.9159 7.26181 2
      vertex -35.1028 5.20817 2
      vertex -34.7918 4.89722 2
    endloop
  endfacet
  facet normal -0 0 1
    outer loop
      vertex -36.6574 12.1631 2
      vertex -33.8042 11.2361 2
      vertex -36.5084 12.5769 2
    endloop
  endfacet
  facet normal 0 0 1
    outer loop
      vertex -33.0821 7.4503 2
      vertex -35.3936 5.53803 2
      vertex -35.1028 5.20817 2
    endloop
  endfacet
  facet normal 0 0 1
    outer loop
      vertex -33.8042 11.2361 2
      vertex -36.6574 12.1631 2
      vertex -33.8743 10.9948 2
    endloop
  endfacet
  facet normal 0 0 1
    outer loop
      vertex -33.2361 7.64886 2
      vertex -35.6631 5.8855 2
      vertex -35.3936 5.53803 2
    endloop
  endfacet
  facet normal -0 0 1
    outer loop
      vertex -36.7801 11.7408 2
      vertex -33.8743 10.9948 2
      vertex -36.6574 12.1631 2
    endloop
  endfacet
  facet normal 0 0 1
    outer loop
      vertex -33.3773 7.85669 2
      vertex -35.9103 6.24921 2
      vertex -35.6631 5.8855 2
    endloop
  endfacet
  facet normal 0 0 1
    outer loop
      vertex -33.8743 10.9948 2
      vertex -36.7801 11.7408 2
      vertex -33.9291 10.7495 2
    endloop
  endfacet
  facet normal 0 0 1
    outer loop
      vertex -33.5052 8.07298 2
      vertex -36.1341 6.62772 2
      vertex -35.9103 6.24921 2
    endloop
  endfacet
  facet normal -0 0 1
    outer loop
      vertex -36.876 11.3117 2
      vertex -33.9291 10.7495 2
      vertex -36.7801 11.7408 2
    endloop
  endfacet
  facet normal 0 0 1
    outer loop
      vertex -33.6193 8.29688 2
      vertex -36.3338 7.01954 2
      vertex -36.1341 6.62772 2
    endloop
  endfacet
  facet normal 0 0 1
    outer loop
      vertex -33.9291 10.7495 2
      vertex -36.876 11.3117 2
      vertex -33.9685 10.5013 2
    endloop
  endfacet
  facet normal 0 0 1
    outer loop
      vertex -33.7191 8.5275 2
      vertex -36.5084 7.42313 2
      vertex -36.3338 7.01954 2
    endloop
  endfacet
  facet normal -0 0 1
    outer loop
      vertex -36.9448 10.8773 2
      vertex -33.9685 10.5013 2
      vertex -36.876 11.3117 2
    endloop
  endfacet
  facet normal 0 0 1
    outer loop
      vertex -33.8042 8.76393 2
      vertex -36.6574 7.83688 2
      vertex -36.5084 7.42313 2
    endloop
  endfacet
  facet normal 0 0 1
    outer loop
      vertex -33.9685 10.5013 2
      vertex -36.9448 10.8773 2
      vertex -33.9921 10.2512 2
    endloop
  endfacet
  facet normal 0 0 1
    outer loop
      vertex -33.8743 9.00524 2
      vertex -36.7801 8.25917 2
      vertex -36.6574 7.83688 2
    endloop
  endfacet
  facet normal -0 0 1
    outer loop
      vertex -36.9862 10.4395 2
      vertex -33.9921 10.2512 2
      vertex -36.9448 10.8773 2
    endloop
  endfacet
  facet normal 0 0 1
    outer loop
      vertex -33.9291 9.25047 2
      vertex -36.876 8.68833 2
      vertex -36.7801 8.25917 2
    endloop
  endfacet
  facet normal 0 0 1
    outer loop
      vertex -33.9921 10.2512 2
      vertex -36.9862 10.4395 2
      vertex -34 10 2
    endloop
  endfacet
  facet normal 0 0 1
    outer loop
      vertex -33.9685 9.49867 2
      vertex -36.9448 9.12267 2
      vertex -36.876 8.68833 2
    endloop
  endfacet
  facet normal 0 0 1
    outer loop
      vertex -37 10 2
      vertex -34 10 2
      vertex -36.9862 10.4395 2
    endloop
  endfacet
  facet normal 0 0 1
    outer loop
      vertex -33.9921 9.74884 2
      vertex -36.9862 9.56047 2
      vertex -36.9448 9.12267 2
    endloop
  endfacet
  facet normal 0 0 1
    outer loop
      vertex -34 10 2
      vertex -37 10 2
      vertex -36.9862 9.56047 2
    endloop
  endfacet
  facet normal 0 0 1
    outer loop
      vertex -23.4916 -12.5769 2
      vertex -26.2809 -11.4725 2
      vertex -23.6662 -12.9805 2
    endloop
  endfacet
  facet normal -0 0 1
    outer loop
      vertex -26.3807 -11.7031 2
      vertex -23.6662 -12.9805 2
      vertex -26.2809 -11.4725 2
    endloop
  endfacet
  facet normal 0 0 1
    outer loop
      vertex -23.3426 -12.1631 2
      vertex -26.1958 -11.2361 2
      vertex -23.4916 -12.5769 2
    endloop
  endfacet
  facet normal -0 0 1
    outer loop
      vertex -26.2809 -11.4725 2
      vertex -23.4916 -12.5769 2
      vertex -26.1958 -11.2361 2
    endloop
  endfacet
  facet normal -0 0 1
    outer loop
      vertex -26.1257 -10.9948 2
      vertex -23.2199 -11.7408 2
      vertex -26.0709 -10.7495 2
    endloop
  endfacet
  facet normal 0 0 1
    outer loop
      vertex -23.2199 -11.7408 2
      vertex -26.1257 -10.9948 2
      vertex -23.3426 -12.1631 2
    endloop
  endfacet
  facet normal -0 0 1
    outer loop
      vertex -26.0709 -10.7495 2
      vertex -23.124 -11.3117 2
      vertex -26.0315 -10.5013 2
    endloop
  endfacet
  facet normal 0 0 1
    outer loop
      vertex -23.124 -11.3117 2
      vertex -26.0709 -10.7495 2
      vertex -23.2199 -11.7408 2
    endloop
  endfacet
  facet normal -0 0 1
    outer loop
      vertex -26.0315 -10.5013 2
      vertex -23.0552 -10.8773 2
      vertex -26.0079 -10.2512 2
    endloop
  endfacet
  facet normal 0 0 1
    outer loop
      vertex -23.0552 -10.8773 2
      vertex -26.0315 -10.5013 2
      vertex -23.124 -11.3117 2
    endloop
  endfacet
  facet normal -0 0 1
    outer loop
      vertex -26.0079 -10.2512 2
      vertex -23.0138 -10.4395 2
      vertex -26 -10 2
    endloop
  endfacet
  facet normal 0 0 1
    outer loop
      vertex -23.0138 -10.4395 2
      vertex -26.0079 -10.2512 2
      vertex -23.0552 -10.8773 2
    endloop
  endfacet
  facet normal -0 -0 1
    outer loop
      vertex -26.0079 -9.74884 2
      vertex -23 -10 2
      vertex -26.0315 -9.49867 2
    endloop
  endfacet
  facet normal 0 -0 1
    outer loop
      vertex -26 -10 2
      vertex -23 -10 2
      vertex -26.0079 -9.74884 2
    endloop
  endfacet
  facet normal -0 -0 1
    outer loop
      vertex -26.0709 -9.25047 2
      vertex -23 -10 2
      vertex -26.1257 -9.00524 2
    endloop
  endfacet
  facet normal -0 -0 1
    outer loop
      vertex -26.0315 -9.49867 2
      vertex -23 -10 2
      vertex -26.0709 -9.25047 2
    endloop
  endfacet
  facet normal -0 -0 1
    outer loop
      vertex -26.1958 -8.76393 2
      vertex -23 -10 2
      vertex -26.2809 -8.5275 2
    endloop
  endfacet
  facet normal -0 -0 1
    outer loop
      vertex -26.1257 -9.00524 2
      vertex -23 -10 2
      vertex -26.1958 -8.76393 2
    endloop
  endfacet
  facet normal -0 -0 1
    outer loop
      vertex -26.4948 -8.07298 2
      vertex -23 -10 2
      vertex -26.6227 -7.85669 2
    endloop
  endfacet
  facet normal -0 -0 1
    outer loop
      vertex -26.3807 -8.29688 2
      vertex -23 -10 2
      vertex -26.4948 -8.07298 2
    endloop
  endfacet
  facet normal 0 0 1
    outer loop
      vertex -18.3773 -2.14331 2
      vertex -26.7639 -7.64886 2
      vertex -26.6227 -7.85669 2
    endloop
  endfacet
  facet normal 0 0 1
    outer loop
      vertex -18.3773 -2.14331 2
      vertex -26.6227 -7.85669 2
      vertex -23 -10 2
    endloop
  endfacet
  facet normal 0 0 1
    outer loop
      vertex -17.3511 -3.23607 2
      vertex -23 -10 2
      vertex -17 -10 2
    endloop
  endfacet
  facet normal 0 0 1
    outer loop
      vertex -18.5052 -1.92701 2
      vertex -26.9179 -7.4503 2
      vertex -26.7639 -7.64886 2
    endloop
  endfacet
  facet normal 0 0 1
    outer loop
      vertex -30 -3 2
      vertex -19 0 2
      vertex -30 3 2
    endloop
  endfacet
  facet normal 0 0 1
    outer loop
      vertex -18.7191 -1.4725 2
      vertex -27.2618 -7.08412 2
      vertex -27.0841 -7.26181 2
    endloop
  endfacet
  facet normal 0 0 1
    outer loop
      vertex -19 0 2
      vertex -30 -3 2
      vertex -18.9921 -0.251162 2
    endloop
  endfacet
  facet normal 0 0 1
    outer loop
      vertex -18.8042 -1.23607 2
      vertex -27.4503 -6.91795 2
      vertex -27.2618 -7.08412 2
    endloop
  endfacet
  facet normal 0 0 1
    outer loop
      vertex -18.9921 -0.251162 2
      vertex -30 -3 2
      vertex -18.9685 -0.501332 2
    endloop
  endfacet
  facet normal 0 0 1
    outer loop
      vertex -18.9685 -0.501332 2
      vertex -30 -3 2
      vertex -18.9291 -0.749525 2
    endloop
  endfacet
  facet normal 0 0 1
    outer loop
      vertex -30 3 2
      vertex -27.6489 6.76393 2
      vertex -27.8567 6.62269 2
    endloop
  endfacet
  facet normal 0 -0 1
    outer loop
      vertex -27.6489 -6.76393 2
      vertex -18.9291 -0.749525 2
      vertex -30 -3 2
    endloop
  endfacet
  facet normal 0 0 1
    outer loop
      vertex -30 3 2
      vertex -27.8567 6.62269 2
      vertex -28.073 6.49477 2
    endloop
  endfacet
  facet normal 0 0 1
    outer loop
      vertex -18.8743 -0.994759 2
      vertex -27.6489 -6.76393 2
      vertex -27.4503 -6.91795 2
    endloop
  endfacet
  facet normal 0 0 1
    outer loop
      vertex -30 3 2
      vertex -28.073 6.49477 2
      vertex -28.2969 6.38069 2
    endloop
  endfacet
  facet normal 0 0 1
    outer loop
      vertex -27.6489 -6.76393 2
      vertex -30 -3 2
      vertex -27.8567 -6.62269 2
    endloop
  endfacet
  facet normal 0 0 1
    outer loop
      vertex -30 3 2
      vertex -28.2969 6.38069 2
      vertex -28.5275 6.28089 2
    endloop
  endfacet
  facet normal 0 0 1
    outer loop
      vertex -27.8567 -6.62269 2
      vertex -30 -3 2
      vertex -28.073 -6.49477 2
    endloop
  endfacet
  facet normal 0 0 1
    outer loop
      vertex -30 3 2
      vertex -28.5275 6.28089 2
      vertex -28.7639 6.19577 2
    endloop
  endfacet
  facet normal 0 0 1
    outer loop
      vertex -28.073 -6.49477 2
      vertex -30 -3 2
      vertex -28.2969 -6.38069 2
    endloop
  endfacet
  facet normal 0 0 1
    outer loop
      vertex -30 3 2
      vertex -28.7639 6.19577 2
      vertex -29.0052 6.12567 2
    endloop
  endfacet
  facet normal 0 0 1
    outer loop
      vertex -28.2969 -6.38069 2
      vertex -30 -3 2
      vertex -28.5275 -6.28089 2
    endloop
  endfacet
  facet normal 0 0 1
    outer loop
      vertex -30 3 2
      vertex -29.0052 6.12567 2
      vertex -29.2505 6.07085 2
    endloop
  endfacet
  facet normal 0 0 1
    outer loop
      vertex -28.5275 -6.28089 2
      vertex -30 -3 2
      vertex -28.7639 -6.19577 2
    endloop
  endfacet
  facet normal 0 0 1
    outer loop
      vertex -30 3 2
      vertex -29.2505 6.07085 2
      vertex -29.4987 6.03154 2
    endloop
  endfacet
  facet normal 0 0 1
    outer loop
      vertex -28.7639 -6.19577 2
      vertex -30 -3 2
      vertex -29.0052 -6.12567 2
    endloop
  endfacet
  facet normal 0 0 1
    outer loop
      vertex -30 3 2
      vertex -29.4987 6.03154 2
      vertex -29.7488 6.00789 2
    endloop
  endfacet
  facet normal 0 0 1
    outer loop
      vertex -29.0052 -6.12567 2
      vertex -30 -3 2
      vertex -29.2505 -6.07085 2
    endloop
  endfacet
  facet normal 0 0 1
    outer loop
      vertex -30 3 2
      vertex -29.7488 6.00789 2
      vertex -30 6 2
    endloop
  endfacet
  facet normal 0 0 1
    outer loop
      vertex -29.2505 -6.07085 2
      vertex -30 -3 2
      vertex -29.4987 -6.03154 2
    endloop
  endfacet
  facet normal 0 0 1
    outer loop
      vertex -29.4987 -6.03154 2
      vertex -30 -3 2
      vertex -29.7488 -6.00789 2
    endloop
  endfacet
  facet normal 0 0 1
    outer loop
      vertex -30 -3 2
      vertex -30 -6 2
      vertex -29.7488 -6.00789 2
    endloop
  endfacet
  facet normal 0 0 1
    outer loop
      vertex -30 -3 2
      vertex -30.2512 -6.00789 2
      vertex -30 -6 2
    endloop
  endfacet
  facet normal -0 0 1
    outer loop
      vertex -30.4395 -3.01381 2
      vertex -30.2512 -6.00789 2
      vertex -30 -3 2
    endloop
  endfacet
  facet normal 0 0 1
    outer loop
      vertex -30.4395 -3.01381 2
      vertex -30.5013 -6.03154 2
      vertex -30.2512 -6.00789 2
    endloop
  endfacet
  facet normal -0 0 1
    outer loop
      vertex -30.8773 -3.0552 2
      vertex -30.5013 -6.03154 2
      vertex -30.4395 -3.01381 2
    endloop
  endfacet
  facet normal 0 0 1
    outer loop
      vertex -30.5013 -6.03154 2
      vertex -30.8773 -3.0552 2
      vertex -30.7495 -6.07085 2
    endloop
  endfacet
  facet normal -0 0 1
    outer loop
      vertex -31.3117 -3.12399 2
      vertex -30.7495 -6.07085 2
      vertex -30.8773 -3.0552 2
    endloop
  endfacet
  facet normal 0 0 1
    outer loop
      vertex -30.7495 -6.07085 2
      vertex -31.3117 -3.12399 2
      vertex -30.9948 -6.12567 2
    endloop
  endfacet
  facet normal -0 0 1
    outer loop
      vertex -31.7408 -3.21992 2
      vertex -30.9948 -6.12567 2
      vertex -31.3117 -3.12399 2
    endloop
  endfacet
  facet normal 0 0 1
    outer loop
      vertex -30.9948 -6.12567 2
      vertex -31.7408 -3.21992 2
      vertex -31.2361 -6.19577 2
    endloop
  endfacet
  facet normal -0 0 1
    outer loop
      vertex -32.1631 -3.3426 2
      vertex -31.2361 -6.19577 2
      vertex -31.7408 -3.21992 2
    endloop
  endfacet
  facet normal 0 0 1
    outer loop
      vertex -31.2361 -6.19577 2
      vertex -32.1631 -3.3426 2
      vertex -31.4725 -6.28089 2
    endloop
  endfacet
  facet normal -0 0 1
    outer loop
      vertex -32.5769 -3.49156 2
      vertex -31.4725 -6.28089 2
      vertex -32.1631 -3.3426 2
    endloop
  endfacet
  facet normal 0 0 1
    outer loop
      vertex -31.4725 -6.28089 2
      vertex -32.5769 -3.49156 2
      vertex -31.7031 -6.38069 2
    endloop
  endfacet
  facet normal -0 0 1
    outer loop
      vertex -32.9805 -3.66621 2
      vertex -31.7031 -6.38069 2
      vertex -32.5769 -3.49156 2
    endloop
  endfacet
  facet normal 0 0 1
    outer loop
      vertex -31.7031 -6.38069 2
      vertex -32.9805 -3.66621 2
      vertex -31.927 -6.49477 2
    endloop
  endfacet
  facet normal -0 0 1
    outer loop
      vertex -33.3723 -3.86585 2
      vertex -31.927 -6.49477 2
      vertex -32.9805 -3.66621 2
    endloop
  endfacet
  facet normal 0 0 1
    outer loop
      vertex -31.927 -6.49477 2
      vertex -33.3723 -3.86585 2
      vertex -32.1433 -6.62269 2
    endloop
  endfacet
  facet normal -0 0 1
    outer loop
      vertex -33.7508 -4.0897 2
      vertex -32.1433 -6.62269 2
      vertex -33.3723 -3.86585 2
    endloop
  endfacet
  facet normal 0 0 1
    outer loop
      vertex -32.1433 -6.62269 2
      vertex -33.7508 -4.0897 2
      vertex -32.3511 -6.76393 2
    endloop
  endfacet
  facet normal -0 0 1
    outer loop
      vertex -34.1145 -4.33688 2
      vertex -32.3511 -6.76393 2
      vertex -33.7508 -4.0897 2
    endloop
  endfacet
  facet normal 0 0 1
    outer loop
      vertex -32.3511 -6.76393 2
      vertex -34.1145 -4.33688 2
      vertex -32.5497 -6.91795 2
    endloop
  endfacet
  facet normal -0 0 1
    outer loop
      vertex -34.462 -4.60641 2
      vertex -32.5497 -6.91795 2
      vertex -34.1145 -4.33688 2
    endloop
  endfacet
  facet normal 0 0 1
    outer loop
      vertex -32.5497 -6.91795 2
      vertex -34.462 -4.60641 2
      vertex -32.7382 -7.08412 2
    endloop
  endfacet
  facet normal -0 0 1
    outer loop
      vertex -34.7918 -4.89722 2
      vertex -32.7382 -7.08412 2
      vertex -34.462 -4.60641 2
    endloop
  endfacet
  facet normal 0 0 1
    outer loop
      vertex -32.7382 -7.08412 2
      vertex -34.7918 -4.89722 2
      vertex -32.9159 -7.26181 2
    endloop
  endfacet
  facet normal -0 0 1
    outer loop
      vertex -35.1028 -5.20817 2
      vertex -32.9159 -7.26181 2
      vertex -34.7918 -4.89722 2
    endloop
  endfacet
  facet normal 0 0 1
    outer loop
      vertex -32.9159 -7.26181 2
      vertex -35.1028 -5.20817 2
      vertex -33.0821 -7.4503 2
    endloop
  endfacet
  facet normal -0 0 1
    outer loop
      vertex -35.3936 -5.53803 2
      vertex -33.0821 -7.4503 2
      vertex -35.1028 -5.20817 2
    endloop
  endfacet
  facet normal 0 0 1
    outer loop
      vertex -33.0821 -7.4503 2
      vertex -35.3936 -5.53803 2
      vertex -33.2361 -7.64886 2
    endloop
  endfacet
  facet normal -0 0 1
    outer loop
      vertex -35.6631 -5.8855 2
      vertex -33.2361 -7.64886 2
      vertex -35.3936 -5.53803 2
    endloop
  endfacet
  facet normal 0 0 1
    outer loop
      vertex -33.2361 -7.64886 2
      vertex -35.6631 -5.8855 2
      vertex -33.3773 -7.85669 2
    endloop
  endfacet
  facet normal -0 0 1
    outer loop
      vertex -35.9103 -6.24921 2
      vertex -33.3773 -7.85669 2
      vertex -35.6631 -5.8855 2
    endloop
  endfacet
  facet normal 0 0 1
    outer loop
      vertex -33.3773 -7.85669 2
      vertex -35.9103 -6.24921 2
      vertex -33.5052 -8.07298 2
    endloop
  endfacet
  facet normal 0 0 1
    outer loop
      vertex -33.5052 -8.07298 2
      vertex -36.1341 -6.62772 2
      vertex -33.6193 -8.29688 2
    endloop
  endfacet
  facet normal -0 0 1
    outer loop
      vertex -36.1341 -6.62772 2
      vertex -33.5052 -8.07298 2
      vertex -35.9103 -6.24921 2
    endloop
  endfacet
  facet normal 0 0 1
    outer loop
      vertex -23.6662 -12.9805 2
      vertex -26.3807 -11.7031 2
      vertex -23.8659 -13.3723 2
    endloop
  endfacet
  facet normal -0 0 1
    outer loop
      vertex -26.4948 -11.927 2
      vertex -23.8659 -13.3723 2
      vertex -26.3807 -11.7031 2
    endloop
  endfacet
  facet normal 0 0 1
    outer loop
      vertex -23.8659 -13.3723 2
      vertex -26.4948 -11.927 2
      vertex -24.0897 -13.7508 2
    endloop
  endfacet
  facet normal -0 0 1
    outer loop
      vertex -26.6227 -12.1433 2
      vertex -24.0897 -13.7508 2
      vertex -26.4948 -11.927 2
    endloop
  endfacet
  facet normal 0 0 1
    outer loop
      vertex -24.0897 -13.7508 2
      vertex -26.6227 -12.1433 2
      vertex -24.3369 -14.1145 2
    endloop
  endfacet
  facet normal -0 0 1
    outer loop
      vertex -26.7639 -12.3511 2
      vertex -24.3369 -14.1145 2
      vertex -26.6227 -12.1433 2
    endloop
  endfacet
  facet normal 0 0 1
    outer loop
      vertex -24.3369 -14.1145 2
      vertex -26.7639 -12.3511 2
      vertex -24.6064 -14.462 2
    endloop
  endfacet
  facet normal -0 0 1
    outer loop
      vertex -26.9179 -12.5497 2
      vertex -24.6064 -14.462 2
      vertex -26.7639 -12.3511 2
    endloop
  endfacet
  facet normal 0 0 1
    outer loop
      vertex -24.6064 -14.462 2
      vertex -26.9179 -12.5497 2
      vertex -24.8972 -14.7918 2
    endloop
  endfacet
  facet normal -0 0 1
    outer loop
      vertex -27.0841 -12.7382 2
      vertex -24.8972 -14.7918 2
      vertex -26.9179 -12.5497 2
    endloop
  endfacet
  facet normal 0 0 1
    outer loop
      vertex -24.8972 -14.7918 2
      vertex -27.0841 -12.7382 2
      vertex -25.2082 -15.1028 2
    endloop
  endfacet
  facet normal -0 0 1
    outer loop
      vertex -27.2618 -12.9159 2
      vertex -25.2082 -15.1028 2
      vertex -27.0841 -12.7382 2
    endloop
  endfacet
  facet normal 0 0 1
    outer loop
      vertex -25.2082 -15.1028 2
      vertex -27.2618 -12.9159 2
      vertex -25.538 -15.3936 2
    endloop
  endfacet
  facet normal -0 0 1
    outer loop
      vertex -27.4503 -13.0821 2
      vertex -25.538 -15.3936 2
      vertex -27.2618 -12.9159 2
    endloop
  endfacet
  facet normal 0 0 1
    outer loop
      vertex -25.538 -15.3936 2
      vertex -27.4503 -13.0821 2
      vertex -25.8855 -15.6631 2
    endloop
  endfacet
  facet normal -0 0 1
    outer loop
      vertex -27.6489 -13.2361 2
      vertex -25.8855 -15.6631 2
      vertex -27.4503 -13.0821 2
    endloop
  endfacet
  facet normal 0 0 1
    outer loop
      vertex -25.8855 -15.6631 2
      vertex -27.6489 -13.2361 2
      vertex -26.2492 -15.9103 2
    endloop
  endfacet
  facet normal -0 0 1
    outer loop
      vertex -27.8567 -13.3773 2
      vertex -26.2492 -15.9103 2
      vertex -27.6489 -13.2361 2
    endloop
  endfacet
  facet normal -0 0 1
    outer loop
      vertex -28 -13.4621 2
      vertex -26.2492 -15.9103 2
      vertex -27.8567 -13.3773 2
    endloop
  endfacet
  facet normal 0 0 1
    outer loop
      vertex -26.2492 -15.9103 2
      vertex -28 -13.4621 2
      vertex -26.6277 -16.1341 2
    endloop
  endfacet
  facet normal 0 0 1
    outer loop
      vertex -26.6277 -16.1341 2
      vertex -28 -13.4621 2
      vertex -27.0195 -16.3338 2
    endloop
  endfacet
  facet normal 0 0 1
    outer loop
      vertex -27.0195 -16.3338 2
      vertex -28 -13.4621 2
      vertex -27.4231 -16.5084 2
    endloop
  endfacet
  facet normal 0 0 1
    outer loop
      vertex -27.4231 -16.5084 2
      vertex -28 -13.4621 2
      vertex -27.8369 -16.6574 2
    endloop
  endfacet
  facet normal 0 0 1
    outer loop
      vertex -27.8369 -16.6574 2
      vertex -28 -13.4621 2
      vertex -28 -16.7048 2
    endloop
  endfacet
  facet normal 0 0 1
    outer loop
      vertex -33.7508 -15.9103 2
      vertex -32 -13.4621 2
      vertex -32.1433 -13.3773 2
    endloop
  endfacet
  facet normal 0 0 1
    outer loop
      vertex -32 -13.4621 2
      vertex -32.1631 -16.6574 2
      vertex -32 -16.7048 2
    endloop
  endfacet
  facet normal 0 0 1
    outer loop
      vertex -33.7508 -15.9103 2
      vertex -32.1433 -13.3773 2
      vertex -32.3511 -13.2361 2
    endloop
  endfacet
  facet normal 0 0 1
    outer loop
      vertex -34.1145 -15.6631 2
      vertex -32.3511 -13.2361 2
      vertex -32.5497 -13.0821 2
    endloop
  endfacet
  facet normal 0 0 1
    outer loop
      vertex -32 -13.4621 2
      vertex -32.5769 -16.5084 2
      vertex -32.1631 -16.6574 2
    endloop
  endfacet
  facet normal 0 0 1
    outer loop
      vertex -34.462 -15.3936 2
      vertex -32.5497 -13.0821 2
      vertex -32.7382 -12.9159 2
    endloop
  endfacet
  facet normal 0 0 1
    outer loop
      vertex -34.7918 -15.1028 2
      vertex -32.7382 -12.9159 2
      vertex -32.9159 -12.7382 2
    endloop
  endfacet
  facet normal 0 0 1
    outer loop
      vertex -32 -13.4621 2
      vertex -32.9805 -16.3338 2
      vertex -32.5769 -16.5084 2
    endloop
  endfacet
  facet normal 0 0 1
    outer loop
      vertex -35.1028 -14.7918 2
      vertex -32.9159 -12.7382 2
      vertex -33.0821 -12.5497 2
    endloop
  endfacet
  facet normal 0 0 1
    outer loop
      vertex -35.3936 -14.462 2
      vertex -33.0821 -12.5497 2
      vertex -33.2361 -12.3511 2
    endloop
  endfacet
  facet normal 0 0 1
    outer loop
      vertex -32 -13.4621 2
      vertex -33.3723 -16.1341 2
      vertex -32.9805 -16.3338 2
    endloop
  endfacet
  facet normal 0 0 1
    outer loop
      vertex -35.6631 -14.1145 2
      vertex -33.2361 -12.3511 2
      vertex -33.3773 -12.1433 2
    endloop
  endfacet
  facet normal 0 0 1
    outer loop
      vertex -35.9103 -13.7508 2
      vertex -33.3773 -12.1433 2
      vertex -33.5052 -11.927 2
    endloop
  endfacet
  facet normal 0 0 1
    outer loop
      vertex -36.1341 -13.3723 2
      vertex -33.5052 -11.927 2
      vertex -33.6193 -11.7031 2
    endloop
  endfacet
  facet normal 0 0 1
    outer loop
      vertex -36.3338 -12.9805 2
      vertex -33.6193 -11.7031 2
      vertex -33.7191 -11.4725 2
    endloop
  endfacet
  facet normal 0 0 1
    outer loop
      vertex -32 -13.4621 2
      vertex -33.7508 -15.9103 2
      vertex -33.3723 -16.1341 2
    endloop
  endfacet
  facet normal 0 0 1
    outer loop
      vertex -36.5084 -12.5769 2
      vertex -33.7191 -11.4725 2
      vertex -33.8042 -11.2361 2
    endloop
  endfacet
  facet normal 0 0 1
    outer loop
      vertex -36.6574 -12.1631 2
      vertex -33.8042 -11.2361 2
      vertex -33.8743 -10.9948 2
    endloop
  endfacet
  facet normal 0 0 1
    outer loop
      vertex -36.7801 -11.7408 2
      vertex -33.8743 -10.9948 2
      vertex -33.9291 -10.7495 2
    endloop
  endfacet
  facet normal 0 0 1
    outer loop
      vertex -36.876 -11.3117 2
      vertex -33.9291 -10.7495 2
      vertex -33.9685 -10.5013 2
    endloop
  endfacet
  facet normal 0 0 1
    outer loop
      vertex -36.9448 -10.8773 2
      vertex -33.9685 -10.5013 2
      vertex -33.9921 -10.2512 2
    endloop
  endfacet
  facet normal 0 0 1
    outer loop
      vertex -32.3511 -13.2361 2
      vertex -34.1145 -15.6631 2
      vertex -33.7508 -15.9103 2
    endloop
  endfacet
  facet normal 0 0 1
    outer loop
      vertex -36.9862 -10.4395 2
      vertex -33.9921 -10.2512 2
      vertex -34 -10 2
    endloop
  endfacet
  facet normal -0 0 1
    outer loop
      vertex -36.3338 -7.01954 2
      vertex -33.6193 -8.29688 2
      vertex -36.1341 -6.62772 2
    endloop
  endfacet
  facet normal 0 0 1
    outer loop
      vertex -33.6193 -8.29688 2
      vertex -36.3338 -7.01954 2
      vertex -33.7191 -8.5275 2
    endloop
  endfacet
  facet normal 0 0 1
    outer loop
      vertex -32.5497 -13.0821 2
      vertex -34.462 -15.3936 2
      vertex -34.1145 -15.6631 2
    endloop
  endfacet
  facet normal -0 0 1
    outer loop
      vertex -36.5084 -7.42313 2
      vertex -33.7191 -8.5275 2
      vertex -36.3338 -7.01954 2
    endloop
  endfacet
  facet normal 0 0 1
    outer loop
      vertex -32.7382 -12.9159 2
      vertex -34.7918 -15.1028 2
      vertex -34.462 -15.3936 2
    endloop
  endfacet
  facet normal 0 0 1
    outer loop
      vertex -33.7191 -8.5275 2
      vertex -36.5084 -7.42313 2
      vertex -33.8042 -8.76393 2
    endloop
  endfacet
  facet normal 0 0 1
    outer loop
      vertex -32.9159 -12.7382 2
      vertex -35.1028 -14.7918 2
      vertex -34.7918 -15.1028 2
    endloop
  endfacet
  facet normal -0 0 1
    outer loop
      vertex -36.6574 -7.83688 2
      vertex -33.8042 -8.76393 2
      vertex -36.5084 -7.42313 2
    endloop
  endfacet
  facet normal 0 0 1
    outer loop
      vertex -33.0821 -12.5497 2
      vertex -35.3936 -14.462 2
      vertex -35.1028 -14.7918 2
    endloop
  endfacet
  facet normal 0 0 1
    outer loop
      vertex -33.8042 -8.76393 2
      vertex -36.6574 -7.83688 2
      vertex -33.8743 -9.00524 2
    endloop
  endfacet
  facet normal 0 0 1
    outer loop
      vertex -33.2361 -12.3511 2
      vertex -35.6631 -14.1145 2
      vertex -35.3936 -14.462 2
    endloop
  endfacet
  facet normal -0 0 1
    outer loop
      vertex -36.7801 -8.25917 2
      vertex -33.8743 -9.00524 2
      vertex -36.6574 -7.83688 2
    endloop
  endfacet
  facet normal 0 0 1
    outer loop
      vertex -33.3773 -12.1433 2
      vertex -35.9103 -13.7508 2
      vertex -35.6631 -14.1145 2
    endloop
  endfacet
  facet normal 0 0 1
    outer loop
      vertex -33.8743 -9.00524 2
      vertex -36.7801 -8.25917 2
      vertex -33.9291 -9.25047 2
    endloop
  endfacet
  facet normal 0 0 1
    outer loop
      vertex -33.5052 -11.927 2
      vertex -36.1341 -13.3723 2
      vertex -35.9103 -13.7508 2
    endloop
  endfacet
  facet normal -0 0 1
    outer loop
      vertex -36.876 -8.68833 2
      vertex -33.9291 -9.25047 2
      vertex -36.7801 -8.25917 2
    endloop
  endfacet
  facet normal 0 0 1
    outer loop
      vertex -33.6193 -11.7031 2
      vertex -36.3338 -12.9805 2
      vertex -36.1341 -13.3723 2
    endloop
  endfacet
  facet normal 0 0 1
    outer loop
      vertex -33.9291 -9.25047 2
      vertex -36.876 -8.68833 2
      vertex -33.9685 -9.49867 2
    endloop
  endfacet
  facet normal 0 0 1
    outer loop
      vertex -33.7191 -11.4725 2
      vertex -36.5084 -12.5769 2
      vertex -36.3338 -12.9805 2
    endloop
  endfacet
  facet normal -0 0 1
    outer loop
      vertex -36.9448 -9.12267 2
      vertex -33.9685 -9.49867 2
      vertex -36.876 -8.68833 2
    endloop
  endfacet
  facet normal 0 0 1
    outer loop
      vertex -33.8042 -11.2361 2
      vertex -36.6574 -12.1631 2
      vertex -36.5084 -12.5769 2
    endloop
  endfacet
  facet normal 0 0 1
    outer loop
      vertex -33.9685 -9.49867 2
      vertex -36.9448 -9.12267 2
      vertex -33.9921 -9.74884 2
    endloop
  endfacet
  facet normal 0 0 1
    outer loop
      vertex -33.8743 -10.9948 2
      vertex -36.7801 -11.7408 2
      vertex -36.6574 -12.1631 2
    endloop
  endfacet
  facet normal -0 0 1
    outer loop
      vertex -36.9862 -9.56047 2
      vertex -33.9921 -9.74884 2
      vertex -36.9448 -9.12267 2
    endloop
  endfacet
  facet normal 0 0 1
    outer loop
      vertex -33.9291 -10.7495 2
      vertex -36.876 -11.3117 2
      vertex -36.7801 -11.7408 2
    endloop
  endfacet
  facet normal 0 0 1
    outer loop
      vertex -33.9921 -9.74884 2
      vertex -36.9862 -9.56047 2
      vertex -34 -10 2
    endloop
  endfacet
  facet normal 0 0 1
    outer loop
      vertex -33.9685 -10.5013 2
      vertex -36.9448 -10.8773 2
      vertex -36.876 -11.3117 2
    endloop
  endfacet
  facet normal 0 0 1
    outer loop
      vertex -37 -10 2
      vertex -34 -10 2
      vertex -36.9862 -9.56047 2
    endloop
  endfacet
  facet normal 0 0 1
    outer loop
      vertex -33.9921 -10.2512 2
      vertex -36.9862 -10.4395 2
      vertex -36.9448 -10.8773 2
    endloop
  endfacet
  facet normal 0 0 1
    outer loop
      vertex -34 -10 2
      vertex -37 -10 2
      vertex -36.9862 -10.4395 2
    endloop
  endfacet
  facet normal 0 0 -1
    outer loop
      vertex -32.1631 -16.6574 -2
      vertex -32 -13.4621 -2
      vertex -32 -16.7048 -2
    endloop
  endfacet
  facet normal 0 0 -1
    outer loop
      vertex -32.5769 -16.5084 -2
      vertex -32 -13.4621 -2
      vertex -32.1631 -16.6574 -2
    endloop
  endfacet
  facet normal 0 0 -1
    outer loop
      vertex -32.9805 -16.3338 -2
      vertex -32 -13.4621 -2
      vertex -32.5769 -16.5084 -2
    endloop
  endfacet
  facet normal 0 0 -1
    outer loop
      vertex -33.3723 -16.1341 -2
      vertex -32 -13.4621 -2
      vertex -32.9805 -16.3338 -2
    endloop
  endfacet
  facet normal 0 0 -1
    outer loop
      vertex -33.7508 -15.9103 -2
      vertex -32 -13.4621 -2
      vertex -33.3723 -16.1341 -2
    endloop
  endfacet
  facet normal -0 0 -1
    outer loop
      vertex -32 -13.4621 -2
      vertex -33.7508 -15.9103 -2
      vertex -32.1433 -13.3773 -2
    endloop
  endfacet
  facet normal -0 0 -1
    outer loop
      vertex -32.1433 -13.3773 -2
      vertex -33.7508 -15.9103 -2
      vertex -32.3511 -13.2361 -2
    endloop
  endfacet
  facet normal 0 0 -1
    outer loop
      vertex -34.1145 -15.6631 -2
      vertex -32.3511 -13.2361 -2
      vertex -33.7508 -15.9103 -2
    endloop
  endfacet
  facet normal -0 0 -1
    outer loop
      vertex -32.3511 -13.2361 -2
      vertex -34.1145 -15.6631 -2
      vertex -32.5497 -13.0821 -2
    endloop
  endfacet
  facet normal 0 0 -1
    outer loop
      vertex -34.462 -15.3936 -2
      vertex -32.5497 -13.0821 -2
      vertex -34.1145 -15.6631 -2
    endloop
  endfacet
  facet normal -0 0 -1
    outer loop
      vertex -32.5497 -13.0821 -2
      vertex -34.462 -15.3936 -2
      vertex -32.7382 -12.9159 -2
    endloop
  endfacet
  facet normal 0 0 -1
    outer loop
      vertex -34.7918 -15.1028 -2
      vertex -32.7382 -12.9159 -2
      vertex -34.462 -15.3936 -2
    endloop
  endfacet
  facet normal -0 0 -1
    outer loop
      vertex -32.7382 -12.9159 -2
      vertex -34.7918 -15.1028 -2
      vertex -32.9159 -12.7382 -2
    endloop
  endfacet
  facet normal 0 0 -1
    outer loop
      vertex -35.1028 -14.7918 -2
      vertex -32.9159 -12.7382 -2
      vertex -34.7918 -15.1028 -2
    endloop
  endfacet
  facet normal -0 0 -1
    outer loop
      vertex -32.9159 -12.7382 -2
      vertex -35.1028 -14.7918 -2
      vertex -33.0821 -12.5497 -2
    endloop
  endfacet
  facet normal 0 0 -1
    outer loop
      vertex -35.3936 -14.462 -2
      vertex -33.0821 -12.5497 -2
      vertex -35.1028 -14.7918 -2
    endloop
  endfacet
  facet normal -0 0 -1
    outer loop
      vertex -33.0821 -12.5497 -2
      vertex -35.3936 -14.462 -2
      vertex -33.2361 -12.3511 -2
    endloop
  endfacet
  facet normal 0 0 -1
    outer loop
      vertex -35.6631 -14.1145 -2
      vertex -33.2361 -12.3511 -2
      vertex -35.3936 -14.462 -2
    endloop
  endfacet
  facet normal -0 0 -1
    outer loop
      vertex -33.2361 -12.3511 -2
      vertex -35.6631 -14.1145 -2
      vertex -33.3773 -12.1433 -2
    endloop
  endfacet
  facet normal 0 0 -1
    outer loop
      vertex -35.9103 -13.7508 -2
      vertex -33.3773 -12.1433 -2
      vertex -35.6631 -14.1145 -2
    endloop
  endfacet
  facet normal -0 0 -1
    outer loop
      vertex -33.3773 -12.1433 -2
      vertex -35.9103 -13.7508 -2
      vertex -33.5052 -11.927 -2
    endloop
  endfacet
  facet normal -0 0 -1
    outer loop
      vertex -33.5052 -11.927 -2
      vertex -36.1341 -13.3723 -2
      vertex -33.6193 -11.7031 -2
    endloop
  endfacet
  facet normal 0 0 -1
    outer loop
      vertex -36.1341 -13.3723 -2
      vertex -33.5052 -11.927 -2
      vertex -35.9103 -13.7508 -2
    endloop
  endfacet
  facet normal 0 0 -1
    outer loop
      vertex -17 -10 -2
      vertex -17.1433 -3.37731 -2
      vertex -17 -3.46206 -2
    endloop
  endfacet
  facet normal 0 0 -1
    outer loop
      vertex -17 -10 -2
      vertex -17.3511 -3.23607 -2
      vertex -17.1433 -3.37731 -2
    endloop
  endfacet
  facet normal 0 0 -1
    outer loop
      vertex -23 -10 -2
      vertex -17.3511 -3.23607 -2
      vertex -17 -10 -2
    endloop
  endfacet
  facet normal -0 0 -1
    outer loop
      vertex -17.3511 -3.23607 -2
      vertex -23 -10 -2
      vertex -17.5497 -3.08205 -2
    endloop
  endfacet
  facet normal -0 0 -1
    outer loop
      vertex -17.5497 -3.08205 -2
      vertex -23 -10 -2
      vertex -17.7382 -2.91587 -2
    endloop
  endfacet
  facet normal -0 0 -1
    outer loop
      vertex -17.7382 -2.91587 -2
      vertex -23 -10 -2
      vertex -17.9159 -2.73819 -2
    endloop
  endfacet
  facet normal -0 0 -1
    outer loop
      vertex -17.9159 -2.73819 -2
      vertex -23 -10 -2
      vertex -18.0821 -2.5497 -2
    endloop
  endfacet
  facet normal -0 0 -1
    outer loop
      vertex -18.0821 -2.5497 -2
      vertex -23 -10 -2
      vertex -18.2361 -2.35114 -2
    endloop
  endfacet
  facet normal -0 0 -1
    outer loop
      vertex -18.2361 -2.35114 -2
      vertex -23 -10 -2
      vertex -18.3773 -2.14331 -2
    endloop
  endfacet
  facet normal 0 0 -1
    outer loop
      vertex -26.6227 -7.85669 -2
      vertex -18.3773 -2.14331 -2
      vertex -23 -10 -2
    endloop
  endfacet
  facet normal 0 0 -1
    outer loop
      vertex -26.7639 -7.64886 -2
      vertex -18.3773 -2.14331 -2
      vertex -26.6227 -7.85669 -2
    endloop
  endfacet
  facet normal -0 0 -1
    outer loop
      vertex -18.3773 -2.14331 -2
      vertex -26.7639 -7.64886 -2
      vertex -18.5052 -1.92701 -2
    endloop
  endfacet
  facet normal 0 0 -1
    outer loop
      vertex -26.9179 -7.4503 -2
      vertex -18.5052 -1.92701 -2
      vertex -26.7639 -7.64886 -2
    endloop
  endfacet
  facet normal 0 0 -1
    outer loop
      vertex -27.0841 -7.26181 -2
      vertex -18.6193 -1.70312 -2
      vertex -26.9179 -7.4503 -2
    endloop
  endfacet
  facet normal 0 0 -1
    outer loop
      vertex -27.4503 -6.91795 -2
      vertex -18.8042 -1.23607 -2
      vertex -27.2618 -7.08412 -2
    endloop
  endfacet
  facet normal -0 0 -1
    outer loop
      vertex -18.7191 -1.4725 -2
      vertex -27.2618 -7.08412 -2
      vertex -18.8042 -1.23607 -2
    endloop
  endfacet
  facet normal 0 0 -1
    outer loop
      vertex -27.2618 -7.08412 -2
      vertex -18.7191 -1.4725 -2
      vertex -27.0841 -7.26181 -2
    endloop
  endfacet
  facet normal -0 0 -1
    outer loop
      vertex -18.6193 -1.70312 -2
      vertex -27.0841 -7.26181 -2
      vertex -18.7191 -1.4725 -2
    endloop
  endfacet
  facet normal 0 0 -1
    outer loop
      vertex 27.8369 -16.6574 -2
      vertex 28 -13.4621 -2
      vertex 28 -16.7048 -2
    endloop
  endfacet
  facet normal 0 0 -1
    outer loop
      vertex 27.4231 -16.5084 -2
      vertex 28 -13.4621 -2
      vertex 27.8369 -16.6574 -2
    endloop
  endfacet
  facet normal 0 0 -1
    outer loop
      vertex 27.0195 -16.3338 -2
      vertex 28 -13.4621 -2
      vertex 27.4231 -16.5084 -2
    endloop
  endfacet
  facet normal 0 0 -1
    outer loop
      vertex 26.6277 -16.1341 -2
      vertex 28 -13.4621 -2
      vertex 27.0195 -16.3338 -2
    endloop
  endfacet
  facet normal 0 0 -1
    outer loop
      vertex 26.2492 -15.9103 -2
      vertex 28 -13.4621 -2
      vertex 26.6277 -16.1341 -2
    endloop
  endfacet
  facet normal -0 0 -1
    outer loop
      vertex 28 -13.4621 -2
      vertex 26.2492 -15.9103 -2
      vertex 27.8567 -13.3773 -2
    endloop
  endfacet
  facet normal -0 0 -1
    outer loop
      vertex 27.8567 -13.3773 -2
      vertex 26.2492 -15.9103 -2
      vertex 27.6489 -13.2361 -2
    endloop
  endfacet
  facet normal 0 0 -1
    outer loop
      vertex 25.8855 -15.6631 -2
      vertex 27.6489 -13.2361 -2
      vertex 26.2492 -15.9103 -2
    endloop
  endfacet
  facet normal -0 0 -1
    outer loop
      vertex 27.6489 -13.2361 -2
      vertex 25.8855 -15.6631 -2
      vertex 27.4503 -13.0821 -2
    endloop
  endfacet
  facet normal 0 0 -1
    outer loop
      vertex 25.538 -15.3936 -2
      vertex 27.4503 -13.0821 -2
      vertex 25.8855 -15.6631 -2
    endloop
  endfacet
  facet normal -0 0 -1
    outer loop
      vertex 27.4503 -13.0821 -2
      vertex 25.538 -15.3936 -2
      vertex 27.2618 -12.9159 -2
    endloop
  endfacet
  facet normal 0 0 -1
    outer loop
      vertex 25.2082 -15.1028 -2
      vertex 27.2618 -12.9159 -2
      vertex 25.538 -15.3936 -2
    endloop
  endfacet
  facet normal -0 0 -1
    outer loop
      vertex 27.2618 -12.9159 -2
      vertex 25.2082 -15.1028 -2
      vertex 27.0841 -12.7382 -2
    endloop
  endfacet
  facet normal 0 0 -1
    outer loop
      vertex 24.8972 -14.7918 -2
      vertex 27.0841 -12.7382 -2
      vertex 25.2082 -15.1028 -2
    endloop
  endfacet
  facet normal -0 0 -1
    outer loop
      vertex 27.0841 -12.7382 -2
      vertex 24.8972 -14.7918 -2
      vertex 26.9179 -12.5497 -2
    endloop
  endfacet
  facet normal 0 0 -1
    outer loop
      vertex 24.6064 -14.462 -2
      vertex 26.9179 -12.5497 -2
      vertex 24.8972 -14.7918 -2
    endloop
  endfacet
  facet normal -0 0 -1
    outer loop
      vertex 26.9179 -12.5497 -2
      vertex 24.6064 -14.462 -2
      vertex 26.7639 -12.3511 -2
    endloop
  endfacet
  facet normal 0 0 -1
    outer loop
      vertex 24.3369 -14.1145 -2
      vertex 26.7639 -12.3511 -2
      vertex 24.6064 -14.462 -2
    endloop
  endfacet
  facet normal -0 0 -1
    outer loop
      vertex 26.7639 -12.3511 -2
      vertex 24.3369 -14.1145 -2
      vertex 26.6227 -12.1433 -2
    endloop
  endfacet
  facet normal 0 0 -1
    outer loop
      vertex 24.0897 -13.7508 -2
      vertex 26.6227 -12.1433 -2
      vertex 24.3369 -14.1145 -2
    endloop
  endfacet
  facet normal -0 0 -1
    outer loop
      vertex 26.6227 -12.1433 -2
      vertex 24.0897 -13.7508 -2
      vertex 26.4948 -11.927 -2
    endloop
  endfacet
  facet normal 0 0 -1
    outer loop
      vertex 23.6662 -12.9805 -2
      vertex 26.3807 -11.7031 -2
      vertex 23.8659 -13.3723 -2
    endloop
  endfacet
  facet normal -0 0 -1
    outer loop
      vertex 26.4948 -11.927 -2
      vertex 23.8659 -13.3723 -2
      vertex 26.3807 -11.7031 -2
    endloop
  endfacet
  facet normal 0 0 -1
    outer loop
      vertex 23.8659 -13.3723 -2
      vertex 26.4948 -11.927 -2
      vertex 24.0897 -13.7508 -2
    endloop
  endfacet
  facet normal 0 0 -1
    outer loop
      vertex 34 -10 -2
      vertex 37 -10 -2
      vertex 36.9862 -10.4395 -2
    endloop
  endfacet
  facet normal 0 0 -1
    outer loop
      vertex 33.9921 -10.2512 -2
      vertex 36.9862 -10.4395 -2
      vertex 36.9448 -10.8773 -2
    endloop
  endfacet
  facet normal 0 0 -1
    outer loop
      vertex 37 -10 -2
      vertex 34 -10 -2
      vertex 36.9862 -9.56047 -2
    endloop
  endfacet
  facet normal 0 0 -1
    outer loop
      vertex 33.9685 -10.5013 -2
      vertex 36.9448 -10.8773 -2
      vertex 36.876 -11.3117 -2
    endloop
  endfacet
  facet normal 0 0 -1
    outer loop
      vertex 33.9921 -9.74884 -2
      vertex 36.9862 -9.56047 -2
      vertex 34 -10 -2
    endloop
  endfacet
  facet normal 0 0 -1
    outer loop
      vertex 33.9291 -10.7495 -2
      vertex 36.876 -11.3117 -2
      vertex 36.7801 -11.7408 -2
    endloop
  endfacet
  facet normal -0 0 -1
    outer loop
      vertex 36.9862 -9.56047 -2
      vertex 33.9921 -9.74884 -2
      vertex 36.9448 -9.12267 -2
    endloop
  endfacet
  facet normal 0 0 -1
    outer loop
      vertex 33.8743 -10.9948 -2
      vertex 36.7801 -11.7408 -2
      vertex 36.6574 -12.1631 -2
    endloop
  endfacet
  facet normal 0 0 -1
    outer loop
      vertex 33.9685 -9.49867 -2
      vertex 36.9448 -9.12267 -2
      vertex 33.9921 -9.74884 -2
    endloop
  endfacet
  facet normal 0 0 -1
    outer loop
      vertex 33.8042 -11.2361 -2
      vertex 36.6574 -12.1631 -2
      vertex 36.5084 -12.5769 -2
    endloop
  endfacet
  facet normal -0 0 -1
    outer loop
      vertex 36.9448 -9.12267 -2
      vertex 33.9685 -9.49867 -2
      vertex 36.876 -8.68833 -2
    endloop
  endfacet
  facet normal 0 0 -1
    outer loop
      vertex 33.7191 -11.4725 -2
      vertex 36.5084 -12.5769 -2
      vertex 36.3338 -12.9805 -2
    endloop
  endfacet
  facet normal 0 0 -1
    outer loop
      vertex 33.9291 -9.25047 -2
      vertex 36.876 -8.68833 -2
      vertex 33.9685 -9.49867 -2
    endloop
  endfacet
  facet normal 0 0 -1
    outer loop
      vertex 33.6193 -11.7031 -2
      vertex 36.3338 -12.9805 -2
      vertex 36.1341 -13.3723 -2
    endloop
  endfacet
  facet normal -0 0 -1
    outer loop
      vertex 36.876 -8.68833 -2
      vertex 33.9291 -9.25047 -2
      vertex 36.7801 -8.25917 -2
    endloop
  endfacet
  facet normal 0 0 -1
    outer loop
      vertex 33.5052 -11.927 -2
      vertex 36.1341 -13.3723 -2
      vertex 35.9103 -13.7508 -2
    endloop
  endfacet
  facet normal 0 0 -1
    outer loop
      vertex 33.8743 -9.00524 -2
      vertex 36.7801 -8.25917 -2
      vertex 33.9291 -9.25047 -2
    endloop
  endfacet
  facet normal 0 0 -1
    outer loop
      vertex 33.3773 -12.1433 -2
      vertex 35.9103 -13.7508 -2
      vertex 35.6631 -14.1145 -2
    endloop
  endfacet
  facet normal -0 0 -1
    outer loop
      vertex 36.7801 -8.25917 -2
      vertex 33.8743 -9.00524 -2
      vertex 36.6574 -7.83688 -2
    endloop
  endfacet
  facet normal 0 0 -1
    outer loop
      vertex 33.2361 -12.3511 -2
      vertex 35.6631 -14.1145 -2
      vertex 35.3936 -14.462 -2
    endloop
  endfacet
  facet normal 0 0 -1
    outer loop
      vertex 33.8042 -8.76393 -2
      vertex 36.6574 -7.83688 -2
      vertex 33.8743 -9.00524 -2
    endloop
  endfacet
  facet normal 0 0 -1
    outer loop
      vertex 33.0821 -12.5497 -2
      vertex 35.3936 -14.462 -2
      vertex 35.1028 -14.7918 -2
    endloop
  endfacet
  facet normal -0 0 -1
    outer loop
      vertex 36.6574 -7.83688 -2
      vertex 33.8042 -8.76393 -2
      vertex 36.5084 -7.42313 -2
    endloop
  endfacet
  facet normal 0 0 -1
    outer loop
      vertex 32.9159 -12.7382 -2
      vertex 35.1028 -14.7918 -2
      vertex 34.7918 -15.1028 -2
    endloop
  endfacet
  facet normal 0 0 -1
    outer loop
      vertex 33.7191 -8.5275 -2
      vertex 36.5084 -7.42313 -2
      vertex 33.8042 -8.76393 -2
    endloop
  endfacet
  facet normal 0 0 -1
    outer loop
      vertex 32.7382 -12.9159 -2
      vertex 34.7918 -15.1028 -2
      vertex 34.462 -15.3936 -2
    endloop
  endfacet
  facet normal -0 0 -1
    outer loop
      vertex 36.5084 -7.42313 -2
      vertex 33.7191 -8.5275 -2
      vertex 36.3338 -7.01954 -2
    endloop
  endfacet
  facet normal 0 0 -1
    outer loop
      vertex 32.5497 -13.0821 -2
      vertex 34.462 -15.3936 -2
      vertex 34.1145 -15.6631 -2
    endloop
  endfacet
  facet normal 0 0 -1
    outer loop
      vertex 33.6193 -8.29688 -2
      vertex 36.3338 -7.01954 -2
      vertex 33.7191 -8.5275 -2
    endloop
  endfacet
  facet normal -0 0 -1
    outer loop
      vertex 36.3338 -7.01954 -2
      vertex 33.6193 -8.29688 -2
      vertex 36.1341 -6.62772 -2
    endloop
  endfacet
  facet normal 0 0 -1
    outer loop
      vertex 36.9862 -10.4395 -2
      vertex 33.9921 -10.2512 -2
      vertex 34 -10 -2
    endloop
  endfacet
  facet normal 0 0 -1
    outer loop
      vertex 36.9448 -10.8773 -2
      vertex 33.9685 -10.5013 -2
      vertex 33.9921 -10.2512 -2
    endloop
  endfacet
  facet normal 0 0 -1
    outer loop
      vertex 36.876 -11.3117 -2
      vertex 33.9291 -10.7495 -2
      vertex 33.9685 -10.5013 -2
    endloop
  endfacet
  facet normal 0 0 -1
    outer loop
      vertex 36.7801 -11.7408 -2
      vertex 33.8743 -10.9948 -2
      vertex 33.9291 -10.7495 -2
    endloop
  endfacet
  facet normal 0 0 -1
    outer loop
      vertex 36.6574 -12.1631 -2
      vertex 33.8042 -11.2361 -2
      vertex 33.8743 -10.9948 -2
    endloop
  endfacet
  facet normal 0 0 -1
    outer loop
      vertex 32.3511 -13.2361 -2
      vertex 34.1145 -15.6631 -2
      vertex 33.7508 -15.9103 -2
    endloop
  endfacet
  facet normal 0 0 -1
    outer loop
      vertex 36.5084 -12.5769 -2
      vertex 33.7191 -11.4725 -2
      vertex 33.8042 -11.2361 -2
    endloop
  endfacet
  facet normal 0 0 -1
    outer loop
      vertex 36.3338 -12.9805 -2
      vertex 33.6193 -11.7031 -2
      vertex 33.7191 -11.4725 -2
    endloop
  endfacet
  facet normal 0 0 -1
    outer loop
      vertex 36.1341 -13.3723 -2
      vertex 33.5052 -11.927 -2
      vertex 33.6193 -11.7031 -2
    endloop
  endfacet
  facet normal 0 0 -1
    outer loop
      vertex 35.9103 -13.7508 -2
      vertex 33.3773 -12.1433 -2
      vertex 33.5052 -11.927 -2
    endloop
  endfacet
  facet normal 0 0 -1
    outer loop
      vertex 32 -13.4621 -2
      vertex 33.7508 -15.9103 -2
      vertex 33.3723 -16.1341 -2
    endloop
  endfacet
  facet normal 0 0 -1
    outer loop
      vertex 35.6631 -14.1145 -2
      vertex 33.2361 -12.3511 -2
      vertex 33.3773 -12.1433 -2
    endloop
  endfacet
  facet normal 0 0 -1
    outer loop
      vertex 35.3936 -14.462 -2
      vertex 33.0821 -12.5497 -2
      vertex 33.2361 -12.3511 -2
    endloop
  endfacet
  facet normal 0 0 -1
    outer loop
      vertex 32 -13.4621 -2
      vertex 33.3723 -16.1341 -2
      vertex 32.9805 -16.3338 -2
    endloop
  endfacet
  facet normal 0 0 -1
    outer loop
      vertex 35.1028 -14.7918 -2
      vertex 32.9159 -12.7382 -2
      vertex 33.0821 -12.5497 -2
    endloop
  endfacet
  facet normal 0 0 -1
    outer loop
      vertex 34.7918 -15.1028 -2
      vertex 32.7382 -12.9159 -2
      vertex 32.9159 -12.7382 -2
    endloop
  endfacet
  facet normal 0 0 -1
    outer loop
      vertex 32 -13.4621 -2
      vertex 32.9805 -16.3338 -2
      vertex 32.5769 -16.5084 -2
    endloop
  endfacet
  facet normal 0 0 -1
    outer loop
      vertex 34.462 -15.3936 -2
      vertex 32.5497 -13.0821 -2
      vertex 32.7382 -12.9159 -2
    endloop
  endfacet
  facet normal 0 0 -1
    outer loop
      vertex 34.1145 -15.6631 -2
      vertex 32.3511 -13.2361 -2
      vertex 32.5497 -13.0821 -2
    endloop
  endfacet
  facet normal 0 0 -1
    outer loop
      vertex 32 -13.4621 -2
      vertex 32.5769 -16.5084 -2
      vertex 32.1631 -16.6574 -2
    endloop
  endfacet
  facet normal 0 0 -1
    outer loop
      vertex 33.7508 -15.9103 -2
      vertex 32.1433 -13.3773 -2
      vertex 32.3511 -13.2361 -2
    endloop
  endfacet
  facet normal 0 0 -1
    outer loop
      vertex 32 -13.4621 -2
      vertex 32.1631 -16.6574 -2
      vertex 32 -16.7048 -2
    endloop
  endfacet
  facet normal 0 0 -1
    outer loop
      vertex 33.7508 -15.9103 -2
      vertex 32 -13.4621 -2
      vertex 32.1433 -13.3773 -2
    endloop
  endfacet
  facet normal 0 0 -1
    outer loop
      vertex 33.5052 -8.07298 -2
      vertex 36.1341 -6.62772 -2
      vertex 33.6193 -8.29688 -2
    endloop
  endfacet
  facet normal -0 0 -1
    outer loop
      vertex 36.1341 -6.62772 -2
      vertex 33.5052 -8.07298 -2
      vertex 35.9103 -6.24921 -2
    endloop
  endfacet
  facet normal 0 0 -1
    outer loop
      vertex 33.3773 -7.85669 -2
      vertex 35.9103 -6.24921 -2
      vertex 33.5052 -8.07298 -2
    endloop
  endfacet
  facet normal -0 0 -1
    outer loop
      vertex 35.9103 -6.24921 -2
      vertex 33.3773 -7.85669 -2
      vertex 35.6631 -5.8855 -2
    endloop
  endfacet
  facet normal 0 0 -1
    outer loop
      vertex 33.2361 -7.64886 -2
      vertex 35.6631 -5.8855 -2
      vertex 33.3773 -7.85669 -2
    endloop
  endfacet
  facet normal -0 0 -1
    outer loop
      vertex 35.6631 -5.8855 -2
      vertex 33.2361 -7.64886 -2
      vertex 35.3936 -5.53803 -2
    endloop
  endfacet
  facet normal 0 0 -1
    outer loop
      vertex 33.0821 -7.4503 -2
      vertex 35.3936 -5.53803 -2
      vertex 33.2361 -7.64886 -2
    endloop
  endfacet
  facet normal -0 0 -1
    outer loop
      vertex 35.3936 -5.53803 -2
      vertex 33.0821 -7.4503 -2
      vertex 35.1028 -5.20817 -2
    endloop
  endfacet
  facet normal 0 0 -1
    outer loop
      vertex 32.9159 -7.26181 -2
      vertex 35.1028 -5.20817 -2
      vertex 33.0821 -7.4503 -2
    endloop
  endfacet
  facet normal -0 0 -1
    outer loop
      vertex 35.1028 -5.20817 -2
      vertex 32.9159 -7.26181 -2
      vertex 34.7918 -4.89722 -2
    endloop
  endfacet
  facet normal 0 0 -1
    outer loop
      vertex 32.7382 -7.08412 -2
      vertex 34.7918 -4.89722 -2
      vertex 32.9159 -7.26181 -2
    endloop
  endfacet
  facet normal -0 0 -1
    outer loop
      vertex 34.7918 -4.89722 -2
      vertex 32.7382 -7.08412 -2
      vertex 34.462 -4.60641 -2
    endloop
  endfacet
  facet normal 0 0 -1
    outer loop
      vertex 32.5497 -6.91795 -2
      vertex 34.462 -4.60641 -2
      vertex 32.7382 -7.08412 -2
    endloop
  endfacet
  facet normal -0 0 -1
    outer loop
      vertex 34.462 -4.60641 -2
      vertex 32.5497 -6.91795 -2
      vertex 34.1145 -4.33688 -2
    endloop
  endfacet
  facet normal 0 0 -1
    outer loop
      vertex 32.3511 -6.76393 -2
      vertex 34.1145 -4.33688 -2
      vertex 32.5497 -6.91795 -2
    endloop
  endfacet
  facet normal -0 0 -1
    outer loop
      vertex 34.1145 -4.33688 -2
      vertex 32.3511 -6.76393 -2
      vertex 33.7508 -4.0897 -2
    endloop
  endfacet
  facet normal 0 0 -1
    outer loop
      vertex 32.1433 -6.62269 -2
      vertex 33.7508 -4.0897 -2
      vertex 32.3511 -6.76393 -2
    endloop
  endfacet
  facet normal -0 0 -1
    outer loop
      vertex 33.7508 -4.0897 -2
      vertex 32.1433 -6.62269 -2
      vertex 33.3723 -3.86585 -2
    endloop
  endfacet
  facet normal 0 0 -1
    outer loop
      vertex 31.927 -6.49477 -2
      vertex 33.3723 -3.86585 -2
      vertex 32.1433 -6.62269 -2
    endloop
  endfacet
  facet normal -0 0 -1
    outer loop
      vertex 33.3723 -3.86585 -2
      vertex 31.927 -6.49477 -2
      vertex 32.9805 -3.66621 -2
    endloop
  endfacet
  facet normal 0 0 -1
    outer loop
      vertex 31.7031 -6.38069 -2
      vertex 32.9805 -3.66621 -2
      vertex 31.927 -6.49477 -2
    endloop
  endfacet
  facet normal -0 0 -1
    outer loop
      vertex 32.9805 -3.66621 -2
      vertex 31.7031 -6.38069 -2
      vertex 32.5769 -3.49156 -2
    endloop
  endfacet
  facet normal 0 0 -1
    outer loop
      vertex 31.4725 -6.28089 -2
      vertex 32.5769 -3.49156 -2
      vertex 31.7031 -6.38069 -2
    endloop
  endfacet
  facet normal -0 0 -1
    outer loop
      vertex 32.5769 -3.49156 -2
      vertex 31.4725 -6.28089 -2
      vertex 32.1631 -3.3426 -2
    endloop
  endfacet
  facet normal 0 0 -1
    outer loop
      vertex 31.2361 -6.19577 -2
      vertex 32.1631 -3.3426 -2
      vertex 31.4725 -6.28089 -2
    endloop
  endfacet
  facet normal -0 0 -1
    outer loop
      vertex 32.1631 -3.3426 -2
      vertex 31.2361 -6.19577 -2
      vertex 31.7408 -3.21992 -2
    endloop
  endfacet
  facet normal 0 0 -1
    outer loop
      vertex 30.9948 -6.12567 -2
      vertex 31.7408 -3.21992 -2
      vertex 31.2361 -6.19577 -2
    endloop
  endfacet
  facet normal -0 0 -1
    outer loop
      vertex 31.7408 -3.21992 -2
      vertex 30.9948 -6.12567 -2
      vertex 31.3117 -3.12399 -2
    endloop
  endfacet
  facet normal 0 0 -1
    outer loop
      vertex 30.7495 -6.07085 -2
      vertex 31.3117 -3.12399 -2
      vertex 30.9948 -6.12567 -2
    endloop
  endfacet
  facet normal -0 0 -1
    outer loop
      vertex 31.3117 -3.12399 -2
      vertex 30.7495 -6.07085 -2
      vertex 30.8773 -3.0552 -2
    endloop
  endfacet
  facet normal 0 0 -1
    outer loop
      vertex 30.5013 -6.03154 -2
      vertex 30.8773 -3.0552 -2
      vertex 30.7495 -6.07085 -2
    endloop
  endfacet
  facet normal 0 0 -1
    outer loop
      vertex 30.5013 -6.03154 -2
      vertex 30.4395 -3.01381 -2
      vertex 30.8773 -3.0552 -2
    endloop
  endfacet
  facet normal 0 0 -1
    outer loop
      vertex 30.2512 -6.00789 -2
      vertex 30.4395 -3.01381 -2
      vertex 30.5013 -6.03154 -2
    endloop
  endfacet
  facet normal 0 0 -1
    outer loop
      vertex 30 -6 -2
      vertex 30.4395 -3.01381 -2
      vertex 30.2512 -6.00789 -2
    endloop
  endfacet
  facet normal 0 0 -1
    outer loop
      vertex 30 -6 -2
      vertex 30 -3 -2
      vertex 30.4395 -3.01381 -2
    endloop
  endfacet
  facet normal 0 0 -1
    outer loop
      vertex 29.7488 -6.00789 -2
      vertex 30 -3 -2
      vertex 30 -6 -2
    endloop
  endfacet
  facet normal 0 0 -1
    outer loop
      vertex 29.4987 -6.03154 -2
      vertex 30 -3 -2
      vertex 29.7488 -6.00789 -2
    endloop
  endfacet
  facet normal 0 0 -1
    outer loop
      vertex 29.2505 -6.07085 -2
      vertex 30 -3 -2
      vertex 29.4987 -6.03154 -2
    endloop
  endfacet
  facet normal 0 0 -1
    outer loop
      vertex 30 3 -2
      vertex 29.7488 6.00789 -2
      vertex 30 6 -2
    endloop
  endfacet
  facet normal 0 0 -1
    outer loop
      vertex 29.0052 -6.12567 -2
      vertex 30 -3 -2
      vertex 29.2505 -6.07085 -2
    endloop
  endfacet
  facet normal 0 0 -1
    outer loop
      vertex 30 3 -2
      vertex 29.4987 6.03154 -2
      vertex 29.7488 6.00789 -2
    endloop
  endfacet
  facet normal 0 0 -1
    outer loop
      vertex 28.7639 -6.19577 -2
      vertex 30 -3 -2
      vertex 29.0052 -6.12567 -2
    endloop
  endfacet
  facet normal 0 0 -1
    outer loop
      vertex 30 3 -2
      vertex 29.2505 6.07085 -2
      vertex 29.4987 6.03154 -2
    endloop
  endfacet
  facet normal 0 0 -1
    outer loop
      vertex 28.5275 -6.28089 -2
      vertex 30 -3 -2
      vertex 28.7639 -6.19577 -2
    endloop
  endfacet
  facet normal 0 0 -1
    outer loop
      vertex 30 3 -2
      vertex 29.0052 6.12567 -2
      vertex 29.2505 6.07085 -2
    endloop
  endfacet
  facet normal 0 0 -1
    outer loop
      vertex 28.2969 -6.38069 -2
      vertex 30 -3 -2
      vertex 28.5275 -6.28089 -2
    endloop
  endfacet
  facet normal 0 0 -1
    outer loop
      vertex 30 3 -2
      vertex 28.7639 6.19577 -2
      vertex 29.0052 6.12567 -2
    endloop
  endfacet
  facet normal 0 0 -1
    outer loop
      vertex 28.073 -6.49477 -2
      vertex 30 -3 -2
      vertex 28.2969 -6.38069 -2
    endloop
  endfacet
  facet normal 0 0 -1
    outer loop
      vertex 30 3 -2
      vertex 28.5275 6.28089 -2
      vertex 28.7639 6.19577 -2
    endloop
  endfacet
  facet normal 0 0 -1
    outer loop
      vertex 27.8567 -6.62269 -2
      vertex 30 -3 -2
      vertex 28.073 -6.49477 -2
    endloop
  endfacet
  facet normal 0 0 -1
    outer loop
      vertex 30 3 -2
      vertex 28.2969 6.38069 -2
      vertex 28.5275 6.28089 -2
    endloop
  endfacet
  facet normal 0 0 -1
    outer loop
      vertex 27.6489 -6.76393 -2
      vertex 30 -3 -2
      vertex 27.8567 -6.62269 -2
    endloop
  endfacet
  facet normal 0 0 -1
    outer loop
      vertex 30 3 -2
      vertex 28.073 6.49477 -2
      vertex 28.2969 6.38069 -2
    endloop
  endfacet
  facet normal 0 0 -1
    outer loop
      vertex 27.4503 -6.91795 -2
      vertex 30 -3 -2
      vertex 27.6489 -6.76393 -2
    endloop
  endfacet
  facet normal 0 0 -1
    outer loop
      vertex 30 3 -2
      vertex 27.8567 6.62269 -2
      vertex 28.073 6.49477 -2
    endloop
  endfacet
  facet normal -0 0 -1
    outer loop
      vertex 30 -3 -2
      vertex 27.4503 -6.91795 -2
      vertex 30 3 -2
    endloop
  endfacet
  facet normal 0 0 -1
    outer loop
      vertex 30 3 -2
      vertex 27.6489 6.76393 -2
      vertex 27.8567 6.62269 -2
    endloop
  endfacet
  facet normal 0 0 -1
    outer loop
      vertex 27.4503 6.91795 -2
      vertex 30 3 -2
      vertex 27.4503 -6.91795 -2
    endloop
  endfacet
  facet normal 0 0 -1
    outer loop
      vertex 30 3 -2
      vertex 27.4503 6.91795 -2
      vertex 27.6489 6.76393 -2
    endloop
  endfacet
  facet normal 0 0 -1
    outer loop
      vertex 27.2618 -7.08412 -2
      vertex 27.4503 6.91795 -2
      vertex 27.4503 -6.91795 -2
    endloop
  endfacet
  facet normal 0 0 -1
    outer loop
      vertex 27.2618 -7.08412 -2
      vertex 27.2618 7.08412 -2
      vertex 27.4503 6.91795 -2
    endloop
  endfacet
  facet normal 0 0 -1
    outer loop
      vertex 27.0841 -7.26181 -2
      vertex 27.2618 7.08412 -2
      vertex 27.2618 -7.08412 -2
    endloop
  endfacet
  facet normal 0 0 -1
    outer loop
      vertex 27.0841 -7.26181 -2
      vertex 27.0841 7.26181 -2
      vertex 27.2618 7.08412 -2
    endloop
  endfacet
  facet normal 0 0 -1
    outer loop
      vertex 26.9179 -7.4503 -2
      vertex 27.0841 7.26181 -2
      vertex 27.0841 -7.26181 -2
    endloop
  endfacet
  facet normal 0 0 -1
    outer loop
      vertex 26.9179 -7.4503 -2
      vertex 26.9179 7.4503 -2
      vertex 27.0841 7.26181 -2
    endloop
  endfacet
  facet normal 0 0 -1
    outer loop
      vertex 26.7639 -7.64886 -2
      vertex 26.9179 7.4503 -2
      vertex 26.9179 -7.4503 -2
    endloop
  endfacet
  facet normal 0 0 -1
    outer loop
      vertex 26.7639 -7.64886 -2
      vertex 26.7639 7.64886 -2
      vertex 26.9179 7.4503 -2
    endloop
  endfacet
  facet normal 0 0 -1
    outer loop
      vertex 26.6227 -7.85669 -2
      vertex 26.7639 7.64886 -2
      vertex 26.7639 -7.64886 -2
    endloop
  endfacet
  facet normal 0 0 -1
    outer loop
      vertex 26.6227 -7.85669 -2
      vertex 26.6227 7.85669 -2
      vertex 26.7639 7.64886 -2
    endloop
  endfacet
  facet normal 0 0 -1
    outer loop
      vertex 26.4948 -8.07298 -2
      vertex 26.6227 7.85669 -2
      vertex 26.6227 -7.85669 -2
    endloop
  endfacet
  facet normal 0 0 -1
    outer loop
      vertex 26.4948 -8.07298 -2
      vertex 26.4948 8.07298 -2
      vertex 26.6227 7.85669 -2
    endloop
  endfacet
  facet normal 0 0 -1
    outer loop
      vertex 26.3807 -8.29688 -2
      vertex 26.4948 8.07298 -2
      vertex 26.4948 -8.07298 -2
    endloop
  endfacet
  facet normal 0 0 -1
    outer loop
      vertex 26.3807 -8.29688 -2
      vertex 26.3807 8.29688 -2
      vertex 26.4948 8.07298 -2
    endloop
  endfacet
  facet normal 0 0 -1
    outer loop
      vertex 26.2809 -8.5275 -2
      vertex 26.3807 8.29688 -2
      vertex 26.3807 -8.29688 -2
    endloop
  endfacet
  facet normal 0 0 -1
    outer loop
      vertex 26.2809 -8.5275 -2
      vertex 26.2809 8.5275 -2
      vertex 26.3807 8.29688 -2
    endloop
  endfacet
  facet normal 0 0 -1
    outer loop
      vertex 26.1958 -8.76393 -2
      vertex 26.2809 8.5275 -2
      vertex 26.2809 -8.5275 -2
    endloop
  endfacet
  facet normal 0 0 -1
    outer loop
      vertex 26.1958 -8.76393 -2
      vertex 26.1958 8.76393 -2
      vertex 26.2809 8.5275 -2
    endloop
  endfacet
  facet normal 0 0 -1
    outer loop
      vertex 26.1257 -9.00524 -2
      vertex 26.1958 8.76393 -2
      vertex 26.1958 -8.76393 -2
    endloop
  endfacet
  facet normal 0 0 -1
    outer loop
      vertex 26.1257 -9.00524 -2
      vertex 26.1257 9.00524 -2
      vertex 26.1958 8.76393 -2
    endloop
  endfacet
  facet normal 0 0 -1
    outer loop
      vertex 26.0709 -9.25047 -2
      vertex 26.1257 9.00524 -2
      vertex 26.1257 -9.00524 -2
    endloop
  endfacet
  facet normal 0 0 -1
    outer loop
      vertex 26.0709 -9.25047 -2
      vertex 26.0709 9.25047 -2
      vertex 26.1257 9.00524 -2
    endloop
  endfacet
  facet normal 0 0 -1
    outer loop
      vertex 26.0315 -9.49867 -2
      vertex 26.0709 9.25047 -2
      vertex 26.0709 -9.25047 -2
    endloop
  endfacet
  facet normal 0 0 -1
    outer loop
      vertex 26.0315 -9.49867 -2
      vertex 26.0315 9.49867 -2
      vertex 26.0709 9.25047 -2
    endloop
  endfacet
  facet normal 0 0 -1
    outer loop
      vertex 26.0079 -9.74884 -2
      vertex 26.0315 9.49867 -2
      vertex 26.0315 -9.49867 -2
    endloop
  endfacet
  facet normal 0 0 -1
    outer loop
      vertex 26.0079 -9.74884 -2
      vertex 26.0079 9.74884 -2
      vertex 26.0315 9.49867 -2
    endloop
  endfacet
  facet normal 0 0 -1
    outer loop
      vertex 26 -10 -2
      vertex 26.0079 9.74884 -2
      vertex 26.0079 -9.74884 -2
    endloop
  endfacet
  facet normal -0 0 -1
    outer loop
      vertex 26.0079 9.74884 -2
      vertex 26 -10 -2
      vertex 26 10 -2
    endloop
  endfacet
  facet normal 0 0 -1
    outer loop
      vertex 34 10 -2
      vertex 37 10 -2
      vertex 36.9862 9.56047 -2
    endloop
  endfacet
  facet normal 0 0 -1
    outer loop
      vertex 33.9921 9.74884 -2
      vertex 36.9862 9.56047 -2
      vertex 36.9448 9.12267 -2
    endloop
  endfacet
  facet normal 0 0 -1
    outer loop
      vertex 37 10 -2
      vertex 34 10 -2
      vertex 36.9862 10.4395 -2
    endloop
  endfacet
  facet normal 0 0 -1
    outer loop
      vertex 33.9685 9.49867 -2
      vertex 36.9448 9.12267 -2
      vertex 36.876 8.68833 -2
    endloop
  endfacet
  facet normal 0 0 -1
    outer loop
      vertex 33.9921 10.2512 -2
      vertex 36.9862 10.4395 -2
      vertex 34 10 -2
    endloop
  endfacet
  facet normal 0 0 -1
    outer loop
      vertex 33.9291 9.25047 -2
      vertex 36.876 8.68833 -2
      vertex 36.7801 8.25917 -2
    endloop
  endfacet
  facet normal -0 0 -1
    outer loop
      vertex 36.9862 10.4395 -2
      vertex 33.9921 10.2512 -2
      vertex 36.9448 10.8773 -2
    endloop
  endfacet
  facet normal 0 0 -1
    outer loop
      vertex 33.8743 9.00524 -2
      vertex 36.7801 8.25917 -2
      vertex 36.6574 7.83688 -2
    endloop
  endfacet
  facet normal 0 0 -1
    outer loop
      vertex 33.9685 10.5013 -2
      vertex 36.9448 10.8773 -2
      vertex 33.9921 10.2512 -2
    endloop
  endfacet
  facet normal 0 0 -1
    outer loop
      vertex 33.8042 8.76393 -2
      vertex 36.6574 7.83688 -2
      vertex 36.5084 7.42313 -2
    endloop
  endfacet
  facet normal -0 0 -1
    outer loop
      vertex 36.9448 10.8773 -2
      vertex 33.9685 10.5013 -2
      vertex 36.876 11.3117 -2
    endloop
  endfacet
  facet normal 0 0 -1
    outer loop
      vertex 33.7191 8.5275 -2
      vertex 36.5084 7.42313 -2
      vertex 36.3338 7.01954 -2
    endloop
  endfacet
  facet normal 0 0 -1
    outer loop
      vertex 33.9291 10.7495 -2
      vertex 36.876 11.3117 -2
      vertex 33.9685 10.5013 -2
    endloop
  endfacet
  facet normal 0 0 -1
    outer loop
      vertex 33.6193 8.29688 -2
      vertex 36.3338 7.01954 -2
      vertex 36.1341 6.62772 -2
    endloop
  endfacet
  facet normal -0 0 -1
    outer loop
      vertex 36.876 11.3117 -2
      vertex 33.9291 10.7495 -2
      vertex 36.7801 11.7408 -2
    endloop
  endfacet
  facet normal 0 0 -1
    outer loop
      vertex 33.5052 8.07298 -2
      vertex 36.1341 6.62772 -2
      vertex 35.9103 6.24921 -2
    endloop
  endfacet
  facet normal 0 0 -1
    outer loop
      vertex 33.8743 10.9948 -2
      vertex 36.7801 11.7408 -2
      vertex 33.9291 10.7495 -2
    endloop
  endfacet
  facet normal 0 0 -1
    outer loop
      vertex 33.3773 7.85669 -2
      vertex 35.9103 6.24921 -2
      vertex 35.6631 5.8855 -2
    endloop
  endfacet
  facet normal -0 0 -1
    outer loop
      vertex 36.7801 11.7408 -2
      vertex 33.8743 10.9948 -2
      vertex 36.6574 12.1631 -2
    endloop
  endfacet
  facet normal 0 0 -1
    outer loop
      vertex 33.2361 7.64886 -2
      vertex 35.6631 5.8855 -2
      vertex 35.3936 5.53803 -2
    endloop
  endfacet
  facet normal 0 0 -1
    outer loop
      vertex 33.8042 11.2361 -2
      vertex 36.6574 12.1631 -2
      vertex 33.8743 10.9948 -2
    endloop
  endfacet
  facet normal 0 0 -1
    outer loop
      vertex 33.0821 7.4503 -2
      vertex 35.3936 5.53803 -2
      vertex 35.1028 5.20817 -2
    endloop
  endfacet
  facet normal -0 0 -1
    outer loop
      vertex 36.6574 12.1631 -2
      vertex 33.8042 11.2361 -2
      vertex 36.5084 12.5769 -2
    endloop
  endfacet
  facet normal 0 0 -1
    outer loop
      vertex 32.9159 7.26181 -2
      vertex 35.1028 5.20817 -2
      vertex 34.7918 4.89722 -2
    endloop
  endfacet
  facet normal 0 0 -1
    outer loop
      vertex 33.7191 11.4725 -2
      vertex 36.5084 12.5769 -2
      vertex 33.8042 11.2361 -2
    endloop
  endfacet
  facet normal 0 0 -1
    outer loop
      vertex 32.7382 7.08412 -2
      vertex 34.7918 4.89722 -2
      vertex 34.462 4.60641 -2
    endloop
  endfacet
  facet normal -0 0 -1
    outer loop
      vertex 36.5084 12.5769 -2
      vertex 33.7191 11.4725 -2
      vertex 36.3338 12.9805 -2
    endloop
  endfacet
  facet normal 0 0 -1
    outer loop
      vertex 32.5497 6.91795 -2
      vertex 34.462 4.60641 -2
      vertex 34.1145 4.33688 -2
    endloop
  endfacet
  facet normal 0 0 -1
    outer loop
      vertex 33.6193 11.7031 -2
      vertex 36.3338 12.9805 -2
      vertex 33.7191 11.4725 -2
    endloop
  endfacet
  facet normal -0 0 -1
    outer loop
      vertex 36.3338 12.9805 -2
      vertex 33.6193 11.7031 -2
      vertex 36.1341 13.3723 -2
    endloop
  endfacet
  facet normal 0 0 -1
    outer loop
      vertex 36.9862 9.56047 -2
      vertex 33.9921 9.74884 -2
      vertex 34 10 -2
    endloop
  endfacet
  facet normal 0 0 -1
    outer loop
      vertex 36.9448 9.12267 -2
      vertex 33.9685 9.49867 -2
      vertex 33.9921 9.74884 -2
    endloop
  endfacet
  facet normal 0 0 -1
    outer loop
      vertex 36.876 8.68833 -2
      vertex 33.9291 9.25047 -2
      vertex 33.9685 9.49867 -2
    endloop
  endfacet
  facet normal 0 0 -1
    outer loop
      vertex 36.7801 8.25917 -2
      vertex 33.8743 9.00524 -2
      vertex 33.9291 9.25047 -2
    endloop
  endfacet
  facet normal 0 0 -1
    outer loop
      vertex 36.6574 7.83688 -2
      vertex 33.8042 8.76393 -2
      vertex 33.8743 9.00524 -2
    endloop
  endfacet
  facet normal 0 0 -1
    outer loop
      vertex 32.3511 6.76393 -2
      vertex 34.1145 4.33688 -2
      vertex 33.7508 4.0897 -2
    endloop
  endfacet
  facet normal 0 0 -1
    outer loop
      vertex 36.5084 7.42313 -2
      vertex 33.7191 8.5275 -2
      vertex 33.8042 8.76393 -2
    endloop
  endfacet
  facet normal 0 0 -1
    outer loop
      vertex 36.3338 7.01954 -2
      vertex 33.6193 8.29688 -2
      vertex 33.7191 8.5275 -2
    endloop
  endfacet
  facet normal 0 0 -1
    outer loop
      vertex 36.1341 6.62772 -2
      vertex 33.5052 8.07298 -2
      vertex 33.6193 8.29688 -2
    endloop
  endfacet
  facet normal 0 0 -1
    outer loop
      vertex 35.9103 6.24921 -2
      vertex 33.3773 7.85669 -2
      vertex 33.5052 8.07298 -2
    endloop
  endfacet
  facet normal 0 0 -1
    outer loop
      vertex 32.1433 6.62269 -2
      vertex 33.7508 4.0897 -2
      vertex 33.3723 3.86585 -2
    endloop
  endfacet
  facet normal 0 0 -1
    outer loop
      vertex 35.6631 5.8855 -2
      vertex 33.2361 7.64886 -2
      vertex 33.3773 7.85669 -2
    endloop
  endfacet
  facet normal 0 0 -1
    outer loop
      vertex 35.3936 5.53803 -2
      vertex 33.0821 7.4503 -2
      vertex 33.2361 7.64886 -2
    endloop
  endfacet
  facet normal 0 0 -1
    outer loop
      vertex 31.927 6.49477 -2
      vertex 33.3723 3.86585 -2
      vertex 32.9805 3.66621 -2
    endloop
  endfacet
  facet normal 0 0 -1
    outer loop
      vertex 35.1028 5.20817 -2
      vertex 32.9159 7.26181 -2
      vertex 33.0821 7.4503 -2
    endloop
  endfacet
  facet normal 0 0 -1
    outer loop
      vertex 34.7918 4.89722 -2
      vertex 32.7382 7.08412 -2
      vertex 32.9159 7.26181 -2
    endloop
  endfacet
  facet normal 0 0 -1
    outer loop
      vertex 31.7031 6.38069 -2
      vertex 32.9805 3.66621 -2
      vertex 32.5769 3.49156 -2
    endloop
  endfacet
  facet normal 0 0 -1
    outer loop
      vertex 34.462 4.60641 -2
      vertex 32.5497 6.91795 -2
      vertex 32.7382 7.08412 -2
    endloop
  endfacet
  facet normal 0 0 -1
    outer loop
      vertex 34.1145 4.33688 -2
      vertex 32.3511 6.76393 -2
      vertex 32.5497 6.91795 -2
    endloop
  endfacet
  facet normal 0 0 -1
    outer loop
      vertex 31.4725 6.28089 -2
      vertex 32.5769 3.49156 -2
      vertex 32.1631 3.3426 -2
    endloop
  endfacet
  facet normal 0 0 -1
    outer loop
      vertex 33.7508 4.0897 -2
      vertex 32.1433 6.62269 -2
      vertex 32.3511 6.76393 -2
    endloop
  endfacet
  facet normal 0 0 -1
    outer loop
      vertex 33.3723 3.86585 -2
      vertex 31.927 6.49477 -2
      vertex 32.1433 6.62269 -2
    endloop
  endfacet
  facet normal 0 0 -1
    outer loop
      vertex 31.2361 6.19577 -2
      vertex 32.1631 3.3426 -2
      vertex 31.7408 3.21992 -2
    endloop
  endfacet
  facet normal 0 0 -1
    outer loop
      vertex 32.9805 3.66621 -2
      vertex 31.7031 6.38069 -2
      vertex 31.927 6.49477 -2
    endloop
  endfacet
  facet normal 0 0 -1
    outer loop
      vertex 32.5769 3.49156 -2
      vertex 31.4725 6.28089 -2
      vertex 31.7031 6.38069 -2
    endloop
  endfacet
  facet normal 0 0 -1
    outer loop
      vertex 30.9948 6.12567 -2
      vertex 31.7408 3.21992 -2
      vertex 31.3117 3.12399 -2
    endloop
  endfacet
  facet normal 0 0 -1
    outer loop
      vertex 32.1631 3.3426 -2
      vertex 31.2361 6.19577 -2
      vertex 31.4725 6.28089 -2
    endloop
  endfacet
  facet normal 0 0 -1
    outer loop
      vertex 31.7408 3.21992 -2
      vertex 30.9948 6.12567 -2
      vertex 31.2361 6.19577 -2
    endloop
  endfacet
  facet normal 0 0 -1
    outer loop
      vertex 30.7495 6.07085 -2
      vertex 31.3117 3.12399 -2
      vertex 30.8773 3.0552 -2
    endloop
  endfacet
  facet normal 0 0 -1
    outer loop
      vertex 31.3117 3.12399 -2
      vertex 30.7495 6.07085 -2
      vertex 30.9948 6.12567 -2
    endloop
  endfacet
  facet normal 0 0 -1
    outer loop
      vertex 30.8773 3.0552 -2
      vertex 30.5013 6.03154 -2
      vertex 30.7495 6.07085 -2
    endloop
  endfacet
  facet normal 0 0 -1
    outer loop
      vertex 30.4395 3.01381 -2
      vertex 30.5013 6.03154 -2
      vertex 30.8773 3.0552 -2
    endloop
  endfacet
  facet normal 0 0 -1
    outer loop
      vertex 30.4395 3.01381 -2
      vertex 30.2512 6.00789 -2
      vertex 30.5013 6.03154 -2
    endloop
  endfacet
  facet normal 0 0 -1
    outer loop
      vertex 30 3 -2
      vertex 30.2512 6.00789 -2
      vertex 30.4395 3.01381 -2
    endloop
  endfacet
  facet normal 0 0 -1
    outer loop
      vertex 30.2512 6.00789 -2
      vertex 30 3 -2
      vertex 30 6 -2
    endloop
  endfacet
  facet normal 0 0 -1
    outer loop
      vertex 33.5052 11.927 -2
      vertex 36.1341 13.3723 -2
      vertex 33.6193 11.7031 -2
    endloop
  endfacet
  facet normal -0 0 -1
    outer loop
      vertex 36.1341 13.3723 -2
      vertex 33.5052 11.927 -2
      vertex 35.9103 13.7508 -2
    endloop
  endfacet
  facet normal 0 0 -1
    outer loop
      vertex 33.3773 12.1433 -2
      vertex 35.9103 13.7508 -2
      vertex 33.5052 11.927 -2
    endloop
  endfacet
  facet normal -0 0 -1
    outer loop
      vertex 35.9103 13.7508 -2
      vertex 33.3773 12.1433 -2
      vertex 35.6631 14.1145 -2
    endloop
  endfacet
  facet normal 0 0 -1
    outer loop
      vertex 33.2361 12.3511 -2
      vertex 35.6631 14.1145 -2
      vertex 33.3773 12.1433 -2
    endloop
  endfacet
  facet normal -0 0 -1
    outer loop
      vertex 35.6631 14.1145 -2
      vertex 33.2361 12.3511 -2
      vertex 35.3936 14.462 -2
    endloop
  endfacet
  facet normal 0 0 -1
    outer loop
      vertex 33.0821 12.5497 -2
      vertex 35.3936 14.462 -2
      vertex 33.2361 12.3511 -2
    endloop
  endfacet
  facet normal -0 0 -1
    outer loop
      vertex 35.3936 14.462 -2
      vertex 33.0821 12.5497 -2
      vertex 35.1028 14.7918 -2
    endloop
  endfacet
  facet normal 0 0 -1
    outer loop
      vertex 32.9159 12.7382 -2
      vertex 35.1028 14.7918 -2
      vertex 33.0821 12.5497 -2
    endloop
  endfacet
  facet normal -0 0 -1
    outer loop
      vertex 35.1028 14.7918 -2
      vertex 32.9159 12.7382 -2
      vertex 34.7918 15.1028 -2
    endloop
  endfacet
  facet normal 0 0 -1
    outer loop
      vertex 32.7382 12.9159 -2
      vertex 34.7918 15.1028 -2
      vertex 32.9159 12.7382 -2
    endloop
  endfacet
  facet normal -0 0 -1
    outer loop
      vertex 34.7918 15.1028 -2
      vertex 32.7382 12.9159 -2
      vertex 34.462 15.3936 -2
    endloop
  endfacet
  facet normal 0 0 -1
    outer loop
      vertex 32.5497 13.0821 -2
      vertex 34.462 15.3936 -2
      vertex 32.7382 12.9159 -2
    endloop
  endfacet
  facet normal -0 0 -1
    outer loop
      vertex 34.462 15.3936 -2
      vertex 32.5497 13.0821 -2
      vertex 34.1145 15.6631 -2
    endloop
  endfacet
  facet normal 0 0 -1
    outer loop
      vertex 32.3511 13.2361 -2
      vertex 34.1145 15.6631 -2
      vertex 32.5497 13.0821 -2
    endloop
  endfacet
  facet normal -0 0 -1
    outer loop
      vertex 34.1145 15.6631 -2
      vertex 32.3511 13.2361 -2
      vertex 33.7508 15.9103 -2
    endloop
  endfacet
  facet normal 0 0 -1
    outer loop
      vertex 32.1433 13.3773 -2
      vertex 33.7508 15.9103 -2
      vertex 32.3511 13.2361 -2
    endloop
  endfacet
  facet normal 0 0 -1
    outer loop
      vertex 32 13.4621 -2
      vertex 33.7508 15.9103 -2
      vertex 32.1433 13.3773 -2
    endloop
  endfacet
  facet normal -0 0 -1
    outer loop
      vertex 33.7508 15.9103 -2
      vertex 32 13.4621 -2
      vertex 33.3723 16.1341 -2
    endloop
  endfacet
  facet normal -0 0 -1
    outer loop
      vertex 33.3723 16.1341 -2
      vertex 32 13.4621 -2
      vertex 32.9805 16.3338 -2
    endloop
  endfacet
  facet normal -0 0 -1
    outer loop
      vertex 32.9805 16.3338 -2
      vertex 32 13.4621 -2
      vertex 32.5769 16.5084 -2
    endloop
  endfacet
  facet normal -0 0 -1
    outer loop
      vertex 32.5769 16.5084 -2
      vertex 32 13.4621 -2
      vertex 32.1631 16.6574 -2
    endloop
  endfacet
  facet normal -0 0 -1
    outer loop
      vertex 32.1631 16.6574 -2
      vertex 32 13.4621 -2
      vertex 32 16.7048 -2
    endloop
  endfacet
  facet normal 0 0 -1
    outer loop
      vertex 26.2492 15.9103 -2
      vertex 28 13.4621 -2
      vertex 27.8567 13.3773 -2
    endloop
  endfacet
  facet normal 0 0 -1
    outer loop
      vertex 28 13.4621 -2
      vertex 27.8369 16.6574 -2
      vertex 28 16.7048 -2
    endloop
  endfacet
  facet normal 0 0 -1
    outer loop
      vertex 26.2492 15.9103 -2
      vertex 27.8567 13.3773 -2
      vertex 27.6489 13.2361 -2
    endloop
  endfacet
  facet normal 0 0 -1
    outer loop
      vertex 25.8855 15.6631 -2
      vertex 27.6489 13.2361 -2
      vertex 27.4503 13.0821 -2
    endloop
  endfacet
  facet normal 0 0 -1
    outer loop
      vertex 28 13.4621 -2
      vertex 27.4231 16.5084 -2
      vertex 27.8369 16.6574 -2
    endloop
  endfacet
  facet normal 0 0 -1
    outer loop
      vertex 25.538 15.3936 -2
      vertex 27.4503 13.0821 -2
      vertex 27.2618 12.9159 -2
    endloop
  endfacet
  facet normal 0 0 -1
    outer loop
      vertex 25.2082 15.1028 -2
      vertex 27.2618 12.9159 -2
      vertex 27.0841 12.7382 -2
    endloop
  endfacet
  facet normal 0 0 -1
    outer loop
      vertex 28 13.4621 -2
      vertex 27.0195 16.3338 -2
      vertex 27.4231 16.5084 -2
    endloop
  endfacet
  facet normal 0 0 -1
    outer loop
      vertex 24.8972 14.7918 -2
      vertex 27.0841 12.7382 -2
      vertex 26.9179 12.5497 -2
    endloop
  endfacet
  facet normal 0 0 -1
    outer loop
      vertex 24.6064 14.462 -2
      vertex 26.9179 12.5497 -2
      vertex 26.7639 12.3511 -2
    endloop
  endfacet
  facet normal 0 0 -1
    outer loop
      vertex 28 13.4621 -2
      vertex 26.6277 16.1341 -2
      vertex 27.0195 16.3338 -2
    endloop
  endfacet
  facet normal 0 0 -1
    outer loop
      vertex 24.3369 14.1145 -2
      vertex 26.7639 12.3511 -2
      vertex 26.6227 12.1433 -2
    endloop
  endfacet
  facet normal 0 0 -1
    outer loop
      vertex 24.0897 13.7508 -2
      vertex 26.6227 12.1433 -2
      vertex 26.4948 11.927 -2
    endloop
  endfacet
  facet normal 0 0 -1
    outer loop
      vertex 23.8659 13.3723 -2
      vertex 26.4948 11.927 -2
      vertex 26.3807 11.7031 -2
    endloop
  endfacet
  facet normal 0 0 -1
    outer loop
      vertex 23.6662 12.9805 -2
      vertex 26.3807 11.7031 -2
      vertex 26.2809 11.4725 -2
    endloop
  endfacet
  facet normal 0 0 -1
    outer loop
      vertex 28 13.4621 -2
      vertex 26.2492 15.9103 -2
      vertex 26.6277 16.1341 -2
    endloop
  endfacet
  facet normal 0 0 -1
    outer loop
      vertex 23.4916 12.5769 -2
      vertex 26.2809 11.4725 -2
      vertex 26.1958 11.2361 -2
    endloop
  endfacet
  facet normal 0 0 -1
    outer loop
      vertex 23.3426 12.1631 -2
      vertex 26.1958 11.2361 -2
      vertex 26.1257 10.9948 -2
    endloop
  endfacet
  facet normal 0 0 -1
    outer loop
      vertex 23.2199 11.7408 -2
      vertex 26.1257 10.9948 -2
      vertex 26.0709 10.7495 -2
    endloop
  endfacet
  facet normal 0 0 -1
    outer loop
      vertex 23.124 11.3117 -2
      vertex 26.0709 10.7495 -2
      vertex 26.0315 10.5013 -2
    endloop
  endfacet
  facet normal 0 0 -1
    outer loop
      vertex 23.0552 10.8773 -2
      vertex 26.0315 10.5013 -2
      vertex 26.0079 10.2512 -2
    endloop
  endfacet
  facet normal 0 0 -1
    outer loop
      vertex 27.6489 13.2361 -2
      vertex 25.8855 15.6631 -2
      vertex 26.2492 15.9103 -2
    endloop
  endfacet
  facet normal 0 0 -1
    outer loop
      vertex 23.0138 10.4395 -2
      vertex 26.0079 10.2512 -2
      vertex 26 10 -2
    endloop
  endfacet
  facet normal 0 0 -1
    outer loop
      vertex 18.7191 -1.4725 -2
      vertex 26 -10 -2
      vertex 23 -10 -2
    endloop
  endfacet
  facet normal -0 0 -1
    outer loop
      vertex 26.3807 -11.7031 -2
      vertex 23.6662 -12.9805 -2
      vertex 26.2809 -11.4725 -2
    endloop
  endfacet
  facet normal 0 -0 -1
    outer loop
      vertex 19 0 -2
      vertex 26 -10 -2
      vertex 18.9921 -0.251162 -2
    endloop
  endfacet
  facet normal 0 0 -1
    outer loop
      vertex 23.4916 -12.5769 -2
      vertex 26.2809 -11.4725 -2
      vertex 23.6662 -12.9805 -2
    endloop
  endfacet
  facet normal 0 -0 -1
    outer loop
      vertex 23.0138 10.4395 -2
      vertex 26 10 -2
      vertex 23 10 -2
    endloop
  endfacet
  facet normal -0 0 -1
    outer loop
      vertex 26.2809 -11.4725 -2
      vertex 23.4916 -12.5769 -2
      vertex 26.1958 -11.2361 -2
    endloop
  endfacet
  facet normal 0 0 -1
    outer loop
      vertex 27.4503 13.0821 -2
      vertex 25.538 15.3936 -2
      vertex 25.8855 15.6631 -2
    endloop
  endfacet
  facet normal 0 0 -1
    outer loop
      vertex 23.3426 -12.1631 -2
      vertex 26.1958 -11.2361 -2
      vertex 23.4916 -12.5769 -2
    endloop
  endfacet
  facet normal 0 0 -1
    outer loop
      vertex 27.2618 12.9159 -2
      vertex 25.2082 15.1028 -2
      vertex 25.538 15.3936 -2
    endloop
  endfacet
  facet normal -0 0 -1
    outer loop
      vertex 26.1958 -11.2361 -2
      vertex 23.3426 -12.1631 -2
      vertex 26.1257 -10.9948 -2
    endloop
  endfacet
  facet normal 0 0 -1
    outer loop
      vertex 27.0841 12.7382 -2
      vertex 24.8972 14.7918 -2
      vertex 25.2082 15.1028 -2
    endloop
  endfacet
  facet normal 0 0 -1
    outer loop
      vertex 23.2199 -11.7408 -2
      vertex 26.1257 -10.9948 -2
      vertex 23.3426 -12.1631 -2
    endloop
  endfacet
  facet normal 0 0 -1
    outer loop
      vertex 26.9179 12.5497 -2
      vertex 24.6064 14.462 -2
      vertex 24.8972 14.7918 -2
    endloop
  endfacet
  facet normal -0 0 -1
    outer loop
      vertex 26.1257 -10.9948 -2
      vertex 23.2199 -11.7408 -2
      vertex 26.0709 -10.7495 -2
    endloop
  endfacet
  facet normal 0 0 -1
    outer loop
      vertex 26.7639 12.3511 -2
      vertex 24.3369 14.1145 -2
      vertex 24.6064 14.462 -2
    endloop
  endfacet
  facet normal 0 0 -1
    outer loop
      vertex 23.124 -11.3117 -2
      vertex 26.0709 -10.7495 -2
      vertex 23.2199 -11.7408 -2
    endloop
  endfacet
  facet normal 0 0 -1
    outer loop
      vertex 26.6227 12.1433 -2
      vertex 24.0897 13.7508 -2
      vertex 24.3369 14.1145 -2
    endloop
  endfacet
  facet normal -0 0 -1
    outer loop
      vertex 26.0709 -10.7495 -2
      vertex 23.124 -11.3117 -2
      vertex 26.0315 -10.5013 -2
    endloop
  endfacet
  facet normal 0 0 -1
    outer loop
      vertex 26.4948 11.927 -2
      vertex 23.8659 13.3723 -2
      vertex 24.0897 13.7508 -2
    endloop
  endfacet
  facet normal 0 0 -1
    outer loop
      vertex 23.0552 -10.8773 -2
      vertex 26.0315 -10.5013 -2
      vertex 23.124 -11.3117 -2
    endloop
  endfacet
  facet normal 0 0 -1
    outer loop
      vertex 26.3807 11.7031 -2
      vertex 23.6662 12.9805 -2
      vertex 23.8659 13.3723 -2
    endloop
  endfacet
  facet normal -0 0 -1
    outer loop
      vertex 26.0315 -10.5013 -2
      vertex 23.0552 -10.8773 -2
      vertex 26.0079 -10.2512 -2
    endloop
  endfacet
  facet normal 0 0 -1
    outer loop
      vertex 26.2809 11.4725 -2
      vertex 23.4916 12.5769 -2
      vertex 23.6662 12.9805 -2
    endloop
  endfacet
  facet normal 0 0 -1
    outer loop
      vertex 23.0138 -10.4395 -2
      vertex 26.0079 -10.2512 -2
      vertex 23.0552 -10.8773 -2
    endloop
  endfacet
  facet normal 0 0 -1
    outer loop
      vertex 26.1958 11.2361 -2
      vertex 23.3426 12.1631 -2
      vertex 23.4916 12.5769 -2
    endloop
  endfacet
  facet normal -0 0 -1
    outer loop
      vertex 26.0079 -10.2512 -2
      vertex 23.0138 -10.4395 -2
      vertex 26 -10 -2
    endloop
  endfacet
  facet normal 0 0 -1
    outer loop
      vertex 26.1257 10.9948 -2
      vertex 23.2199 11.7408 -2
      vertex 23.3426 12.1631 -2
    endloop
  endfacet
  facet normal -0 0 -1
    outer loop
      vertex 26 -10 -2
      vertex 23.0138 -10.4395 -2
      vertex 23 -10 -2
    endloop
  endfacet
  facet normal 0 0 -1
    outer loop
      vertex 26.0709 10.7495 -2
      vertex 23.124 11.3117 -2
      vertex 23.2199 11.7408 -2
    endloop
  endfacet
  facet normal 0 0 -1
    outer loop
      vertex 26.0315 10.5013 -2
      vertex 23.0552 10.8773 -2
      vertex 23.124 11.3117 -2
    endloop
  endfacet
  facet normal 0 0 -1
    outer loop
      vertex 26.0079 10.2512 -2
      vertex 23.0138 10.4395 -2
      vertex 23.0552 10.8773 -2
    endloop
  endfacet
  facet normal 0 0 -1
    outer loop
      vertex 18.9921 0.251162 -2
      vertex 26 10 -2
      vertex 19 0 -2
    endloop
  endfacet
  facet normal 0 0 -1
    outer loop
      vertex 26 -10 -2
      vertex 19 0 -2
      vertex 26 10 -2
    endloop
  endfacet
  facet normal 0 0 -1
    outer loop
      vertex 26 -10 -2
      vertex 18.9685 -0.501332 -2
      vertex 18.9921 -0.251162 -2
    endloop
  endfacet
  facet normal 0 0 -1
    outer loop
      vertex 26 -10 -2
      vertex 18.9291 -0.749525 -2
      vertex 18.9685 -0.501332 -2
    endloop
  endfacet
  facet normal 0 0 -1
    outer loop
      vertex 26 -10 -2
      vertex 18.8743 -0.994759 -2
      vertex 18.9291 -0.749525 -2
    endloop
  endfacet
  facet normal 0 0 -1
    outer loop
      vertex 26 -10 -2
      vertex 18.8042 -1.23607 -2
      vertex 18.8743 -0.994759 -2
    endloop
  endfacet
  facet normal 0 0 -1
    outer loop
      vertex 26 -10 -2
      vertex 18.7191 -1.4725 -2
      vertex 18.8042 -1.23607 -2
    endloop
  endfacet
  facet normal 0 0 -1
    outer loop
      vertex 23 -10 -2
      vertex 18.6193 -1.70312 -2
      vertex 18.7191 -1.4725 -2
    endloop
  endfacet
  facet normal 0 0 -1
    outer loop
      vertex 23 -10 -2
      vertex 18.5052 -1.92701 -2
      vertex 18.6193 -1.70312 -2
    endloop
  endfacet
  facet normal 0 0 -1
    outer loop
      vertex 23 -10 -2
      vertex 18.3773 -2.14331 -2
      vertex 18.5052 -1.92701 -2
    endloop
  endfacet
  facet normal 0 0 -1
    outer loop
      vertex 23 -10 -2
      vertex 18.2361 -2.35114 -2
      vertex 18.3773 -2.14331 -2
    endloop
  endfacet
  facet normal 0 0 -1
    outer loop
      vertex 23 -10 -2
      vertex 18.0821 -2.5497 -2
      vertex 18.2361 -2.35114 -2
    endloop
  endfacet
  facet normal 0 0 -1
    outer loop
      vertex 23 -10 -2
      vertex 17.9159 -2.73819 -2
      vertex 18.0821 -2.5497 -2
    endloop
  endfacet
  facet normal 0 0 -1
    outer loop
      vertex 23 -10 -2
      vertex 17.7382 -2.91587 -2
      vertex 17.9159 -2.73819 -2
    endloop
  endfacet
  facet normal 0 0 -1
    outer loop
      vertex 23 -10 -2
      vertex 17.5497 -3.08205 -2
      vertex 17.7382 -2.91587 -2
    endloop
  endfacet
  facet normal 0 0 -1
    outer loop
      vertex 23 -10 -2
      vertex 17.3511 -3.23607 -2
      vertex 17.5497 -3.08205 -2
    endloop
  endfacet
  facet normal 0 0 -1
    outer loop
      vertex 23 -10 -2
      vertex 17.1433 -3.37731 -2
      vertex 17.3511 -3.23607 -2
    endloop
  endfacet
  facet normal 0 0 -1
    outer loop
      vertex 23 -10 -2
      vertex 16.927 -3.50523 -2
      vertex 17.1433 -3.37731 -2
    endloop
  endfacet
  facet normal 0 0 -1
    outer loop
      vertex 23 -10 -2
      vertex 16.7031 -3.61931 -2
      vertex 16.927 -3.50523 -2
    endloop
  endfacet
  facet normal 0 0 -1
    outer loop
      vertex 23 -10 -2
      vertex 16.4725 -3.71911 -2
      vertex 16.7031 -3.61931 -2
    endloop
  endfacet
  facet normal 0 0 -1
    outer loop
      vertex 23 -10 -2
      vertex 16.2361 -3.80423 -2
      vertex 16.4725 -3.71911 -2
    endloop
  endfacet
  facet normal 0 0 -1
    outer loop
      vertex 23 -10 -2
      vertex 15.9948 -3.87433 -2
      vertex 16.2361 -3.80423 -2
    endloop
  endfacet
  facet normal 0 0 -1
    outer loop
      vertex 23 -10 -2
      vertex 15.7495 -3.92915 -2
      vertex 15.9948 -3.87433 -2
    endloop
  endfacet
  facet normal 0 0 -1
    outer loop
      vertex 23 -10 -2
      vertex 15.5013 -3.96846 -2
      vertex 15.7495 -3.92915 -2
    endloop
  endfacet
  facet normal 0 0 -1
    outer loop
      vertex 23 -10 -2
      vertex 15.2512 -3.99211 -2
      vertex 15.5013 -3.96846 -2
    endloop
  endfacet
  facet normal 0 0 -1
    outer loop
      vertex 23 -10 -2
      vertex 15 -4 -2
      vertex 15.2512 -3.99211 -2
    endloop
  endfacet
  facet normal 0 0 -1
    outer loop
      vertex 23 -10 -2
      vertex 14.7488 -3.99211 -2
      vertex 15 -4 -2
    endloop
  endfacet
  facet normal 0 0 -1
    outer loop
      vertex 23 -10 -2
      vertex 14.4987 -3.96846 -2
      vertex 14.7488 -3.99211 -2
    endloop
  endfacet
  facet normal 0 0 -1
    outer loop
      vertex 23 -10 -2
      vertex 14.2505 -3.92915 -2
      vertex 14.4987 -3.96846 -2
    endloop
  endfacet
  facet normal 0 0 -1
    outer loop
      vertex 23 -10 -2
      vertex 14.0052 -3.87433 -2
      vertex 14.2505 -3.92915 -2
    endloop
  endfacet
  facet normal 0 0 -1
    outer loop
      vertex 23 -10 -2
      vertex 13.7639 -3.80423 -2
      vertex 14.0052 -3.87433 -2
    endloop
  endfacet
  facet normal 0 0 -1
    outer loop
      vertex 1.23607 -3.80423 -2
      vertex 13.7639 -3.80423 -2
      vertex 23 -10 -2
    endloop
  endfacet
  facet normal 0 0 -1
    outer loop
      vertex 13.7639 -3.80423 -2
      vertex 1.23607 -3.80423 -2
      vertex 13.5275 -3.71911 -2
    endloop
  endfacet
  facet normal 0 -0 -1
    outer loop
      vertex 1.4725 -3.71911 -2
      vertex 13.5275 -3.71911 -2
      vertex 1.23607 -3.80423 -2
    endloop
  endfacet
  facet normal 0 0 -1
    outer loop
      vertex 13.5275 -3.71911 -2
      vertex 1.4725 -3.71911 -2
      vertex 13.2969 -3.61931 -2
    endloop
  endfacet
  facet normal 0 0 -1
    outer loop
      vertex 11.0079 -0.251162 -2
      vertex 4 0 -2
      vertex 11 0 -2
    endloop
  endfacet
  facet normal 0 0 -1
    outer loop
      vertex 3.99211 -0.251162 -2
      vertex 11.0079 -0.251162 -2
      vertex 11.0315 -0.501332 -2
    endloop
  endfacet
  facet normal 0 0 -1
    outer loop
      vertex 3.96846 -0.501332 -2
      vertex 11.0315 -0.501332 -2
      vertex 11.0709 -0.749525 -2
    endloop
  endfacet
  facet normal 0 0 -1
    outer loop
      vertex 3.92915 -0.749525 -2
      vertex 11.0709 -0.749525 -2
      vertex 11.1257 -0.994759 -2
    endloop
  endfacet
  facet normal 0 0 -1
    outer loop
      vertex 3.87433 -0.994759 -2
      vertex 11.1257 -0.994759 -2
      vertex 11.1958 -1.23607 -2
    endloop
  endfacet
  facet normal 0 0 -1
    outer loop
      vertex 3.80423 -1.23607 -2
      vertex 11.1958 -1.23607 -2
      vertex 11.2809 -1.4725 -2
    endloop
  endfacet
  facet normal 0 0 -1
    outer loop
      vertex 3.71911 -1.4725 -2
      vertex 11.2809 -1.4725 -2
      vertex 11.3807 -1.70312 -2
    endloop
  endfacet
  facet normal 0 0 -1
    outer loop
      vertex 3.61931 -1.70312 -2
      vertex 11.3807 -1.70312 -2
      vertex 11.4948 -1.92701 -2
    endloop
  endfacet
  facet normal 0 0 -1
    outer loop
      vertex 3.50523 -1.92701 -2
      vertex 11.4948 -1.92701 -2
      vertex 11.6227 -2.14331 -2
    endloop
  endfacet
  facet normal 0 0 -1
    outer loop
      vertex 3.37731 -2.14331 -2
      vertex 11.6227 -2.14331 -2
      vertex 11.7639 -2.35114 -2
    endloop
  endfacet
  facet normal 0 0 -1
    outer loop
      vertex 3.23607 -2.35114 -2
      vertex 11.7639 -2.35114 -2
      vertex 11.9179 -2.5497 -2
    endloop
  endfacet
  facet normal 0 0 -1
    outer loop
      vertex 3.08205 -2.5497 -2
      vertex 11.9179 -2.5497 -2
      vertex 12.0841 -2.73819 -2
    endloop
  endfacet
  facet normal 0 0 -1
    outer loop
      vertex 2.91587 -2.73819 -2
      vertex 12.0841 -2.73819 -2
      vertex 12.2618 -2.91587 -2
    endloop
  endfacet
  facet normal 0 0 -1
    outer loop
      vertex 2.73819 -2.91587 -2
      vertex 12.2618 -2.91587 -2
      vertex 12.4503 -3.08205 -2
    endloop
  endfacet
  facet normal 0 0 -1
    outer loop
      vertex 2.5497 -3.08205 -2
      vertex 12.4503 -3.08205 -2
      vertex 12.6489 -3.23607 -2
    endloop
  endfacet
  facet normal 0 0 -1
    outer loop
      vertex 2.35114 -3.23607 -2
      vertex 12.6489 -3.23607 -2
      vertex 12.8567 -3.37731 -2
    endloop
  endfacet
  facet normal 0 -0 -1
    outer loop
      vertex 1.70312 -3.61931 -2
      vertex 13.2969 -3.61931 -2
      vertex 1.4725 -3.71911 -2
    endloop
  endfacet
  facet normal 0 0 -1
    outer loop
      vertex 11.0079 -0.251162 -2
      vertex 3.99211 -0.251162 -2
      vertex 4 0 -2
    endloop
  endfacet
  facet normal 0 0 -1
    outer loop
      vertex 11.0315 -0.501332 -2
      vertex 3.96846 -0.501332 -2
      vertex 3.99211 -0.251162 -2
    endloop
  endfacet
  facet normal 0 0 -1
    outer loop
      vertex 11.0709 -0.749525 -2
      vertex 3.92915 -0.749525 -2
      vertex 3.96846 -0.501332 -2
    endloop
  endfacet
  facet normal 0 0 -1
    outer loop
      vertex 11.1257 -0.994759 -2
      vertex 3.87433 -0.994759 -2
      vertex 3.92915 -0.749525 -2
    endloop
  endfacet
  facet normal 0 0 -1
    outer loop
      vertex 11.1958 -1.23607 -2
      vertex 3.80423 -1.23607 -2
      vertex 3.87433 -0.994759 -2
    endloop
  endfacet
  facet normal 0 0 -1
    outer loop
      vertex 11.2809 -1.4725 -2
      vertex 3.71911 -1.4725 -2
      vertex 3.80423 -1.23607 -2
    endloop
  endfacet
  facet normal 0 0 -1
    outer loop
      vertex 11.3807 -1.70312 -2
      vertex 3.61931 -1.70312 -2
      vertex 3.71911 -1.4725 -2
    endloop
  endfacet
  facet normal 0 0 -1
    outer loop
      vertex 11.4948 -1.92701 -2
      vertex 3.50523 -1.92701 -2
      vertex 3.61931 -1.70312 -2
    endloop
  endfacet
  facet normal 0 0 -1
    outer loop
      vertex 11.6227 -2.14331 -2
      vertex 3.37731 -2.14331 -2
      vertex 3.50523 -1.92701 -2
    endloop
  endfacet
  facet normal 0 0 -1
    outer loop
      vertex 11.7639 -2.35114 -2
      vertex 3.23607 -2.35114 -2
      vertex 3.37731 -2.14331 -2
    endloop
  endfacet
  facet normal 0 0 -1
    outer loop
      vertex 11.9179 -2.5497 -2
      vertex 3.08205 -2.5497 -2
      vertex 3.23607 -2.35114 -2
    endloop
  endfacet
  facet normal 0 0 -1
    outer loop
      vertex 12.0841 -2.73819 -2
      vertex 2.91587 -2.73819 -2
      vertex 3.08205 -2.5497 -2
    endloop
  endfacet
  facet normal 0 0 -1
    outer loop
      vertex 12.2618 -2.91587 -2
      vertex 2.73819 -2.91587 -2
      vertex 2.91587 -2.73819 -2
    endloop
  endfacet
  facet normal 0 0 -1
    outer loop
      vertex 12.4503 -3.08205 -2
      vertex 2.5497 -3.08205 -2
      vertex 2.73819 -2.91587 -2
    endloop
  endfacet
  facet normal 0 0 -1
    outer loop
      vertex 12.6489 -3.23607 -2
      vertex 2.35114 -3.23607 -2
      vertex 2.5497 -3.08205 -2
    endloop
  endfacet
  facet normal 0 0 -1
    outer loop
      vertex 12.8567 -3.37731 -2
      vertex 2.14331 -3.37731 -2
      vertex 2.35114 -3.23607 -2
    endloop
  endfacet
  facet normal -0 0 -1
    outer loop
      vertex 12.8567 -3.37731 -2
      vertex 1.92701 -3.50523 -2
      vertex 2.14331 -3.37731 -2
    endloop
  endfacet
  facet normal 0 0 -1
    outer loop
      vertex 13.073 -3.50523 -2
      vertex 1.92701 -3.50523 -2
      vertex 12.8567 -3.37731 -2
    endloop
  endfacet
  facet normal 0 -0 -1
    outer loop
      vertex 1.92701 -3.50523 -2
      vertex 13.073 -3.50523 -2
      vertex 1.70312 -3.61931 -2
    endloop
  endfacet
  facet normal 0 0 -1
    outer loop
      vertex 13.2969 -3.61931 -2
      vertex 1.70312 -3.61931 -2
      vertex 13.073 -3.50523 -2
    endloop
  endfacet
  facet normal 0 0 -1
    outer loop
      vertex 23 -10 -2
      vertex 0.994759 -3.87433 -2
      vertex 1.23607 -3.80423 -2
    endloop
  endfacet
  facet normal 0 0 -1
    outer loop
      vertex 23 -10 -2
      vertex 0.749525 -3.92915 -2
      vertex 0.994759 -3.87433 -2
    endloop
  endfacet
  facet normal 0 0 -1
    outer loop
      vertex 23 -10 -2
      vertex 0.501332 -3.96846 -2
      vertex 0.749525 -3.92915 -2
    endloop
  endfacet
  facet normal 0 0 -1
    outer loop
      vertex -13 -10 -2
      vertex 0.501332 -3.96846 -2
      vertex 23 -10 -2
    endloop
  endfacet
  facet normal 0 0 -1
    outer loop
      vertex 0.501332 -3.96846 -2
      vertex -13 -10 -2
      vertex 0.251162 -3.99211 -2
    endloop
  endfacet
  facet normal 0 0 -1
    outer loop
      vertex 0.251162 -3.99211 -2
      vertex -13 -10 -2
      vertex 0 -4 -2
    endloop
  endfacet
  facet normal -0 0 -1
    outer loop
      vertex 0 -4 -2
      vertex -13 -10 -2
      vertex -0.251162 -3.99211 -2
    endloop
  endfacet
  facet normal -0 0 -1
    outer loop
      vertex -0.251162 -3.99211 -2
      vertex -13 -10 -2
      vertex -0.501332 -3.96846 -2
    endloop
  endfacet
  facet normal -0 0 -1
    outer loop
      vertex -0.501332 -3.96846 -2
      vertex -13 -10 -2
      vertex -0.749525 -3.92915 -2
    endloop
  endfacet
  facet normal 0 0 -1
    outer loop
      vertex -3.99211 -0.251162 -2
      vertex -11 0 -2
      vertex -4 0 -2
    endloop
  endfacet
  facet normal 0 0 -1
    outer loop
      vertex -11.0079 -0.251162 -2
      vertex -3.99211 -0.251162 -2
      vertex -3.96846 -0.501332 -2
    endloop
  endfacet
  facet normal 0 0 -1
    outer loop
      vertex -11.0315 -0.501332 -2
      vertex -3.96846 -0.501332 -2
      vertex -3.92915 -0.749525 -2
    endloop
  endfacet
  facet normal 0 0 -1
    outer loop
      vertex -11.0709 -0.749525 -2
      vertex -3.92915 -0.749525 -2
      vertex -3.87433 -0.994759 -2
    endloop
  endfacet
  facet normal 0 0 -1
    outer loop
      vertex -11.1257 -0.994759 -2
      vertex -3.87433 -0.994759 -2
      vertex -3.80423 -1.23607 -2
    endloop
  endfacet
  facet normal 0 0 -1
    outer loop
      vertex -11.1958 -1.23607 -2
      vertex -3.80423 -1.23607 -2
      vertex -3.71911 -1.4725 -2
    endloop
  endfacet
  facet normal 0 0 -1
    outer loop
      vertex -11.2809 -1.4725 -2
      vertex -3.71911 -1.4725 -2
      vertex -3.61931 -1.70312 -2
    endloop
  endfacet
  facet normal 0 0 -1
    outer loop
      vertex -11.3807 -1.70312 -2
      vertex -3.61931 -1.70312 -2
      vertex -3.50523 -1.92701 -2
    endloop
  endfacet
  facet normal 0 0 -1
    outer loop
      vertex -11.4948 -1.92701 -2
      vertex -3.50523 -1.92701 -2
      vertex -3.37731 -2.14331 -2
    endloop
  endfacet
  facet normal 0 0 -1
    outer loop
      vertex -11.6227 -2.14331 -2
      vertex -3.37731 -2.14331 -2
      vertex -3.23607 -2.35114 -2
    endloop
  endfacet
  facet normal 0 0 -1
    outer loop
      vertex -11.7639 -2.35114 -2
      vertex -3.23607 -2.35114 -2
      vertex -3.08205 -2.5497 -2
    endloop
  endfacet
  facet normal 0 0 -1
    outer loop
      vertex -11.9179 -2.5497 -2
      vertex -3.08205 -2.5497 -2
      vertex -2.91587 -2.73819 -2
    endloop
  endfacet
  facet normal 0 0 -1
    outer loop
      vertex -13 -10 -2
      vertex -2.91587 -2.73819 -2
      vertex -2.73819 -2.91587 -2
    endloop
  endfacet
  facet normal 0 0 -1
    outer loop
      vertex -13 -10 -2
      vertex -2.73819 -2.91587 -2
      vertex -2.5497 -3.08205 -2
    endloop
  endfacet
  facet normal 0 0 -1
    outer loop
      vertex -13 -10 -2
      vertex -2.5497 -3.08205 -2
      vertex -2.35114 -3.23607 -2
    endloop
  endfacet
  facet normal 0 0 -1
    outer loop
      vertex -13 -10 -2
      vertex -2.35114 -3.23607 -2
      vertex -2.14331 -3.37731 -2
    endloop
  endfacet
  facet normal 0 0 -1
    outer loop
      vertex -13 -10 -2
      vertex -2.14331 -3.37731 -2
      vertex -1.92701 -3.50523 -2
    endloop
  endfacet
  facet normal 0 0 -1
    outer loop
      vertex -13 -10 -2
      vertex -1.92701 -3.50523 -2
      vertex -1.70312 -3.61931 -2
    endloop
  endfacet
  facet normal 0 0 -1
    outer loop
      vertex -13 -10 -2
      vertex -1.70312 -3.61931 -2
      vertex -1.4725 -3.71911 -2
    endloop
  endfacet
  facet normal 0 0 -1
    outer loop
      vertex -3.99211 -0.251162 -2
      vertex -11.0079 -0.251162 -2
      vertex -11 0 -2
    endloop
  endfacet
  facet normal 0 0 -1
    outer loop
      vertex -3.96846 -0.501332 -2
      vertex -11.0315 -0.501332 -2
      vertex -11.0079 -0.251162 -2
    endloop
  endfacet
  facet normal 0 0 -1
    outer loop
      vertex -13 -10 -2
      vertex -1.4725 -3.71911 -2
      vertex -1.23607 -3.80423 -2
    endloop
  endfacet
  facet normal 0 0 -1
    outer loop
      vertex -3.92915 -0.749525 -2
      vertex -11.0709 -0.749525 -2
      vertex -11.0315 -0.501332 -2
    endloop
  endfacet
  facet normal 0 0 -1
    outer loop
      vertex -3.87433 -0.994759 -2
      vertex -11.1257 -0.994759 -2
      vertex -11.0709 -0.749525 -2
    endloop
  endfacet
  facet normal 0 0 -1
    outer loop
      vertex -13 -10 -2
      vertex -1.23607 -3.80423 -2
      vertex -0.994759 -3.87433 -2
    endloop
  endfacet
  facet normal 0 0 -1
    outer loop
      vertex -3.80423 -1.23607 -2
      vertex -11.1958 -1.23607 -2
      vertex -11.1257 -0.994759 -2
    endloop
  endfacet
  facet normal 0 0 -1
    outer loop
      vertex -3.71911 -1.4725 -2
      vertex -11.2809 -1.4725 -2
      vertex -11.1958 -1.23607 -2
    endloop
  endfacet
  facet normal -0 0 -1
    outer loop
      vertex -0.749525 -3.92915 -2
      vertex -13 -10 -2
      vertex -0.994759 -3.87433 -2
    endloop
  endfacet
  facet normal 0 0 -1
    outer loop
      vertex -3.61931 -1.70312 -2
      vertex -11.3807 -1.70312 -2
      vertex -11.2809 -1.4725 -2
    endloop
  endfacet
  facet normal -0 0 -1
    outer loop
      vertex -2.91587 -2.73819 -2
      vertex -13 -10 -2
      vertex -12.0841 -2.73819 -2
    endloop
  endfacet
  facet normal 0 0 -1
    outer loop
      vertex -3.50523 -1.92701 -2
      vertex -11.4948 -1.92701 -2
      vertex -11.3807 -1.70312 -2
    endloop
  endfacet
  facet normal 0 0 -1
    outer loop
      vertex -3.37731 -2.14331 -2
      vertex -11.6227 -2.14331 -2
      vertex -11.4948 -1.92701 -2
    endloop
  endfacet
  facet normal 0 0 -1
    outer loop
      vertex -3.23607 -2.35114 -2
      vertex -11.7639 -2.35114 -2
      vertex -11.6227 -2.14331 -2
    endloop
  endfacet
  facet normal 0 0 -1
    outer loop
      vertex -3.08205 -2.5497 -2
      vertex -11.9179 -2.5497 -2
      vertex -11.7639 -2.35114 -2
    endloop
  endfacet
  facet normal 0 0 -1
    outer loop
      vertex -2.91587 -2.73819 -2
      vertex -12.0841 -2.73819 -2
      vertex -11.9179 -2.5497 -2
    endloop
  endfacet
  facet normal 0 0 -1
    outer loop
      vertex -12.0841 -2.73819 -2
      vertex -13 -10 -2
      vertex -12.2618 -2.91587 -2
    endloop
  endfacet
  facet normal 0 0 -1
    outer loop
      vertex -12.2618 -2.91587 -2
      vertex -13 -10 -2
      vertex -12.4503 -3.08205 -2
    endloop
  endfacet
  facet normal 0 0 -1
    outer loop
      vertex -12.4503 -3.08205 -2
      vertex -13 -10 -2
      vertex -12.6489 -3.23607 -2
    endloop
  endfacet
  facet normal 0 0 -1
    outer loop
      vertex -12.6489 -3.23607 -2
      vertex -13 -10 -2
      vertex -12.8567 -3.37731 -2
    endloop
  endfacet
  facet normal 0 0 -1
    outer loop
      vertex -12.8567 -3.37731 -2
      vertex -13 -10 -2
      vertex -13 -3.46206 -2
    endloop
  endfacet
  facet normal 0 0 -1
    outer loop
      vertex 18.9685 0.501332 -2
      vertex 26 10 -2
      vertex 18.9921 0.251162 -2
    endloop
  endfacet
  facet normal 0 0 -1
    outer loop
      vertex 18.9291 0.749525 -2
      vertex 26 10 -2
      vertex 18.9685 0.501332 -2
    endloop
  endfacet
  facet normal 0 0 -1
    outer loop
      vertex 18.8743 0.994759 -2
      vertex 26 10 -2
      vertex 18.9291 0.749525 -2
    endloop
  endfacet
  facet normal 0 0 -1
    outer loop
      vertex 18.8042 1.23607 -2
      vertex 26 10 -2
      vertex 18.8743 0.994759 -2
    endloop
  endfacet
  facet normal 0 0 -1
    outer loop
      vertex 18.7191 1.4725 -2
      vertex 26 10 -2
      vertex 18.8042 1.23607 -2
    endloop
  endfacet
  facet normal -0 0 -1
    outer loop
      vertex 26 10 -2
      vertex 18.7191 1.4725 -2
      vertex 23 10 -2
    endloop
  endfacet
  facet normal 0 0 -1
    outer loop
      vertex 18.6193 1.70312 -2
      vertex 23 10 -2
      vertex 18.7191 1.4725 -2
    endloop
  endfacet
  facet normal 0 0 -1
    outer loop
      vertex 18.5052 1.92701 -2
      vertex 23 10 -2
      vertex 18.6193 1.70312 -2
    endloop
  endfacet
  facet normal 0 0 -1
    outer loop
      vertex 18.3773 2.14331 -2
      vertex 23 10 -2
      vertex 18.5052 1.92701 -2
    endloop
  endfacet
  facet normal 0 0 -1
    outer loop
      vertex 18.2361 2.35114 -2
      vertex 23 10 -2
      vertex 18.3773 2.14331 -2
    endloop
  endfacet
  facet normal 0 0 -1
    outer loop
      vertex 18.0821 2.5497 -2
      vertex 23 10 -2
      vertex 18.2361 2.35114 -2
    endloop
  endfacet
  facet normal 0 0 -1
    outer loop
      vertex 17.9159 2.73819 -2
      vertex 23 10 -2
      vertex 18.0821 2.5497 -2
    endloop
  endfacet
  facet normal 0 0 -1
    outer loop
      vertex 17.7382 2.91587 -2
      vertex 23 10 -2
      vertex 17.9159 2.73819 -2
    endloop
  endfacet
  facet normal 0 0 -1
    outer loop
      vertex 17.5497 3.08205 -2
      vertex 23 10 -2
      vertex 17.7382 2.91587 -2
    endloop
  endfacet
  facet normal 0 0 -1
    outer loop
      vertex 17.3511 3.23607 -2
      vertex 23 10 -2
      vertex 17.5497 3.08205 -2
    endloop
  endfacet
  facet normal 0 0 -1
    outer loop
      vertex 17 10 -2
      vertex 17.3511 3.23607 -2
      vertex 17.1433 3.37731 -2
    endloop
  endfacet
  facet normal 0 0 -1
    outer loop
      vertex 17 10 -2
      vertex 17.1433 3.37731 -2
      vertex 17 3.46206 -2
    endloop
  endfacet
  facet normal 0 0 -1
    outer loop
      vertex 17.3511 3.23607 -2
      vertex 17 10 -2
      vertex 23 10 -2
    endloop
  endfacet
  facet normal 0 0 -1
    outer loop
      vertex 12.8567 3.37731 -2
      vertex 13 10 -2
      vertex 13 3.46206 -2
    endloop
  endfacet
  facet normal 0 0 -1
    outer loop
      vertex 12.6489 3.23607 -2
      vertex 13 10 -2
      vertex 12.8567 3.37731 -2
    endloop
  endfacet
  facet normal 0 0 -1
    outer loop
      vertex 12.4503 3.08205 -2
      vertex 13 10 -2
      vertex 12.6489 3.23607 -2
    endloop
  endfacet
  facet normal 0 0 -1
    outer loop
      vertex 12.2618 2.91587 -2
      vertex 13 10 -2
      vertex 12.4503 3.08205 -2
    endloop
  endfacet
  facet normal 0 0 -1
    outer loop
      vertex 12.0841 2.73819 -2
      vertex 13 10 -2
      vertex 12.2618 2.91587 -2
    endloop
  endfacet
  facet normal 0 0 -1
    outer loop
      vertex 2.91587 2.73819 -2
      vertex 12.0841 2.73819 -2
      vertex 11.9179 2.5497 -2
    endloop
  endfacet
  facet normal 0 0 -1
    outer loop
      vertex 3.08205 2.5497 -2
      vertex 11.9179 2.5497 -2
      vertex 11.7639 2.35114 -2
    endloop
  endfacet
  facet normal 0 0 -1
    outer loop
      vertex 3.23607 2.35114 -2
      vertex 11.7639 2.35114 -2
      vertex 11.6227 2.14331 -2
    endloop
  endfacet
  facet normal 0 0 -1
    outer loop
      vertex 3.37731 2.14331 -2
      vertex 11.6227 2.14331 -2
      vertex 11.4948 1.92701 -2
    endloop
  endfacet
  facet normal 0 0 -1
    outer loop
      vertex 3.50523 1.92701 -2
      vertex 11.4948 1.92701 -2
      vertex 11.3807 1.70312 -2
    endloop
  endfacet
  facet normal 0 0 -1
    outer loop
      vertex 3.61931 1.70312 -2
      vertex 11.3807 1.70312 -2
      vertex 11.2809 1.4725 -2
    endloop
  endfacet
  facet normal 0 0 -1
    outer loop
      vertex 3.71911 1.4725 -2
      vertex 11.2809 1.4725 -2
      vertex 11.1958 1.23607 -2
    endloop
  endfacet
  facet normal 0 0 -1
    outer loop
      vertex 3.80423 1.23607 -2
      vertex 11.1958 1.23607 -2
      vertex 11.1257 0.994759 -2
    endloop
  endfacet
  facet normal 0 0 -1
    outer loop
      vertex 3.87433 0.994759 -2
      vertex 11.1257 0.994759 -2
      vertex 11.0709 0.749525 -2
    endloop
  endfacet
  facet normal 0 0 -1
    outer loop
      vertex 4 0 -2
      vertex 11.0079 0.251162 -2
      vertex 11 0 -2
    endloop
  endfacet
  facet normal 0 0 -1
    outer loop
      vertex 3.99211 0.251162 -2
      vertex 11.0079 0.251162 -2
      vertex 4 0 -2
    endloop
  endfacet
  facet normal 0 0 -1
    outer loop
      vertex 11.0079 0.251162 -2
      vertex 3.99211 0.251162 -2
      vertex 11.0315 0.501332 -2
    endloop
  endfacet
  facet normal 0 0 -1
    outer loop
      vertex 3.96846 0.501332 -2
      vertex 11.0315 0.501332 -2
      vertex 3.99211 0.251162 -2
    endloop
  endfacet
  facet normal 0 0 -1
    outer loop
      vertex 11.0315 0.501332 -2
      vertex 3.96846 0.501332 -2
      vertex 11.0709 0.749525 -2
    endloop
  endfacet
  facet normal 0 0 -1
    outer loop
      vertex 3.92915 0.749525 -2
      vertex 11.0709 0.749525 -2
      vertex 3.96846 0.501332 -2
    endloop
  endfacet
  facet normal 0 0 -1
    outer loop
      vertex 3.87433 0.994759 -2
      vertex 11.0709 0.749525 -2
      vertex 3.92915 0.749525 -2
    endloop
  endfacet
  facet normal 0 0 -1
    outer loop
      vertex 11.1257 0.994759 -2
      vertex 3.87433 0.994759 -2
      vertex 3.80423 1.23607 -2
    endloop
  endfacet
  facet normal 0 0 -1
    outer loop
      vertex 11.1958 1.23607 -2
      vertex 3.80423 1.23607 -2
      vertex 3.71911 1.4725 -2
    endloop
  endfacet
  facet normal 0 0 -1
    outer loop
      vertex 11.2809 1.4725 -2
      vertex 3.71911 1.4725 -2
      vertex 3.61931 1.70312 -2
    endloop
  endfacet
  facet normal 0 0 -1
    outer loop
      vertex 11.3807 1.70312 -2
      vertex 3.61931 1.70312 -2
      vertex 3.50523 1.92701 -2
    endloop
  endfacet
  facet normal 0 0 -1
    outer loop
      vertex 11.4948 1.92701 -2
      vertex 3.50523 1.92701 -2
      vertex 3.37731 2.14331 -2
    endloop
  endfacet
  facet normal 0 0 -1
    outer loop
      vertex 11.6227 2.14331 -2
      vertex 3.37731 2.14331 -2
      vertex 3.23607 2.35114 -2
    endloop
  endfacet
  facet normal 0 0 -1
    outer loop
      vertex 11.7639 2.35114 -2
      vertex 3.23607 2.35114 -2
      vertex 3.08205 2.5497 -2
    endloop
  endfacet
  facet normal 0 0 -1
    outer loop
      vertex 11.9179 2.5497 -2
      vertex 3.08205 2.5497 -2
      vertex 2.91587 2.73819 -2
    endloop
  endfacet
  facet normal 0 0 -1
    outer loop
      vertex 12.0841 2.73819 -2
      vertex 2.91587 2.73819 -2
      vertex 13 10 -2
    endloop
  endfacet
  facet normal 0 0 -1
    outer loop
      vertex 2.73819 2.91587 -2
      vertex 13 10 -2
      vertex 2.91587 2.73819 -2
    endloop
  endfacet
  facet normal 0 0 -1
    outer loop
      vertex 2.5497 3.08205 -2
      vertex 13 10 -2
      vertex 2.73819 2.91587 -2
    endloop
  endfacet
  facet normal 0 0 -1
    outer loop
      vertex 2.35114 3.23607 -2
      vertex 13 10 -2
      vertex 2.5497 3.08205 -2
    endloop
  endfacet
  facet normal 0 0 -1
    outer loop
      vertex 2.14331 3.37731 -2
      vertex 13 10 -2
      vertex 2.35114 3.23607 -2
    endloop
  endfacet
  facet normal 0 0 -1
    outer loop
      vertex 1.92701 3.50523 -2
      vertex 13 10 -2
      vertex 2.14331 3.37731 -2
    endloop
  endfacet
  facet normal 0 0 -1
    outer loop
      vertex 1.70312 3.61931 -2
      vertex 13 10 -2
      vertex 1.92701 3.50523 -2
    endloop
  endfacet
  facet normal 0 0 -1
    outer loop
      vertex 1.4725 3.71911 -2
      vertex 13 10 -2
      vertex 1.70312 3.61931 -2
    endloop
  endfacet
  facet normal 0 0 -1
    outer loop
      vertex 1.23607 3.80423 -2
      vertex 13 10 -2
      vertex 1.4725 3.71911 -2
    endloop
  endfacet
  facet normal 0 0 -1
    outer loop
      vertex 0.994759 3.87433 -2
      vertex 13 10 -2
      vertex 1.23607 3.80423 -2
    endloop
  endfacet
  facet normal 0 0 -1
    outer loop
      vertex 0.749525 3.92915 -2
      vertex 13 10 -2
      vertex 0.994759 3.87433 -2
    endloop
  endfacet
  facet normal 0 0 -1
    outer loop
      vertex 0.501332 3.96846 -2
      vertex 13 10 -2
      vertex 0.749525 3.92915 -2
    endloop
  endfacet
  facet normal 0 0 -1
    outer loop
      vertex 0.251162 3.99211 -2
      vertex 13 10 -2
      vertex 0.501332 3.96846 -2
    endloop
  endfacet
  facet normal 0 0 -1
    outer loop
      vertex 0 4 -2
      vertex 13 10 -2
      vertex 0.251162 3.99211 -2
    endloop
  endfacet
  facet normal 0 0 -1
    outer loop
      vertex -0.251162 3.99211 -2
      vertex 13 10 -2
      vertex 0 4 -2
    endloop
  endfacet
  facet normal 0 0 -1
    outer loop
      vertex -0.501332 3.96846 -2
      vertex 13 10 -2
      vertex -0.251162 3.99211 -2
    endloop
  endfacet
  facet normal 0 0 -1
    outer loop
      vertex -0.749525 3.92915 -2
      vertex 13 10 -2
      vertex -0.501332 3.96846 -2
    endloop
  endfacet
  facet normal 0 0 -1
    outer loop
      vertex -23 10 -2
      vertex -0.749525 3.92915 -2
      vertex -0.994759 3.87433 -2
    endloop
  endfacet
  facet normal 0 0 -1
    outer loop
      vertex -23 10 -2
      vertex -0.994759 3.87433 -2
      vertex -1.23607 3.80423 -2
    endloop
  endfacet
  facet normal 0 0 -1
    outer loop
      vertex -13.7639 3.80423 -2
      vertex -1.23607 3.80423 -2
      vertex -1.4725 3.71911 -2
    endloop
  endfacet
  facet normal 0 0 -1
    outer loop
      vertex -13.5275 3.71911 -2
      vertex -1.4725 3.71911 -2
      vertex -1.70312 3.61931 -2
    endloop
  endfacet
  facet normal 0 0 -1
    outer loop
      vertex -11 0 -2
      vertex -3.99211 0.251162 -2
      vertex -4 0 -2
    endloop
  endfacet
  facet normal 0 0 -1
    outer loop
      vertex -11.0079 0.251162 -2
      vertex -3.99211 0.251162 -2
      vertex -11 0 -2
    endloop
  endfacet
  facet normal 0 0 -1
    outer loop
      vertex -3.99211 0.251162 -2
      vertex -11.0079 0.251162 -2
      vertex -3.96846 0.501332 -2
    endloop
  endfacet
  facet normal 0 0 -1
    outer loop
      vertex -11.0315 0.501332 -2
      vertex -3.96846 0.501332 -2
      vertex -11.0079 0.251162 -2
    endloop
  endfacet
  facet normal 0 0 -1
    outer loop
      vertex -3.96846 0.501332 -2
      vertex -11.0315 0.501332 -2
      vertex -3.92915 0.749525 -2
    endloop
  endfacet
  facet normal 0 0 -1
    outer loop
      vertex -11.0709 0.749525 -2
      vertex -3.92915 0.749525 -2
      vertex -11.0315 0.501332 -2
    endloop
  endfacet
  facet normal 0 0 -1
    outer loop
      vertex -3.92915 0.749525 -2
      vertex -11.0709 0.749525 -2
      vertex -3.87433 0.994759 -2
    endloop
  endfacet
  facet normal 0 0 -1
    outer loop
      vertex -11.1257 0.994759 -2
      vertex -3.87433 0.994759 -2
      vertex -11.0709 0.749525 -2
    endloop
  endfacet
  facet normal 0 0 -1
    outer loop
      vertex -3.87433 0.994759 -2
      vertex -11.1257 0.994759 -2
      vertex -3.80423 1.23607 -2
    endloop
  endfacet
  facet normal 0 0 -1
    outer loop
      vertex -11.1958 1.23607 -2
      vertex -3.80423 1.23607 -2
      vertex -11.1257 0.994759 -2
    endloop
  endfacet
  facet normal 0 0 -1
    outer loop
      vertex -3.80423 1.23607 -2
      vertex -11.1958 1.23607 -2
      vertex -3.71911 1.4725 -2
    endloop
  endfacet
  facet normal 0 0 -1
    outer loop
      vertex -11.2809 1.4725 -2
      vertex -3.71911 1.4725 -2
      vertex -11.1958 1.23607 -2
    endloop
  endfacet
  facet normal 0 0 -1
    outer loop
      vertex -3.71911 1.4725 -2
      vertex -11.2809 1.4725 -2
      vertex -3.61931 1.70312 -2
    endloop
  endfacet
  facet normal 0 0 -1
    outer loop
      vertex -11.3807 1.70312 -2
      vertex -3.61931 1.70312 -2
      vertex -11.2809 1.4725 -2
    endloop
  endfacet
  facet normal 0 0 -1
    outer loop
      vertex -3.61931 1.70312 -2
      vertex -11.3807 1.70312 -2
      vertex -3.50523 1.92701 -2
    endloop
  endfacet
  facet normal 0 0 -1
    outer loop
      vertex -11.4948 1.92701 -2
      vertex -3.50523 1.92701 -2
      vertex -11.3807 1.70312 -2
    endloop
  endfacet
  facet normal 0 0 -1
    outer loop
      vertex -3.50523 1.92701 -2
      vertex -11.4948 1.92701 -2
      vertex -3.37731 2.14331 -2
    endloop
  endfacet
  facet normal 0 0 -1
    outer loop
      vertex -11.6227 2.14331 -2
      vertex -3.37731 2.14331 -2
      vertex -11.4948 1.92701 -2
    endloop
  endfacet
  facet normal 0 0 -1
    outer loop
      vertex -3.37731 2.14331 -2
      vertex -11.6227 2.14331 -2
      vertex -3.23607 2.35114 -2
    endloop
  endfacet
  facet normal 0 0 -1
    outer loop
      vertex -11.7639 2.35114 -2
      vertex -3.23607 2.35114 -2
      vertex -11.6227 2.14331 -2
    endloop
  endfacet
  facet normal 0 0 -1
    outer loop
      vertex -3.23607 2.35114 -2
      vertex -11.7639 2.35114 -2
      vertex -3.08205 2.5497 -2
    endloop
  endfacet
  facet normal 0 0 -1
    outer loop
      vertex -11.9179 2.5497 -2
      vertex -3.08205 2.5497 -2
      vertex -11.7639 2.35114 -2
    endloop
  endfacet
  facet normal 0 0 -1
    outer loop
      vertex -3.08205 2.5497 -2
      vertex -11.9179 2.5497 -2
      vertex -2.91587 2.73819 -2
    endloop
  endfacet
  facet normal 0 0 -1
    outer loop
      vertex -12.0841 2.73819 -2
      vertex -2.91587 2.73819 -2
      vertex -11.9179 2.5497 -2
    endloop
  endfacet
  facet normal 0 0 -1
    outer loop
      vertex -2.91587 2.73819 -2
      vertex -12.0841 2.73819 -2
      vertex -2.73819 2.91587 -2
    endloop
  endfacet
  facet normal 0 0 -1
    outer loop
      vertex -12.2618 2.91587 -2
      vertex -2.73819 2.91587 -2
      vertex -12.0841 2.73819 -2
    endloop
  endfacet
  facet normal 0 0 -1
    outer loop
      vertex -2.73819 2.91587 -2
      vertex -12.2618 2.91587 -2
      vertex -2.5497 3.08205 -2
    endloop
  endfacet
  facet normal 0 0 -1
    outer loop
      vertex -12.4503 3.08205 -2
      vertex -2.5497 3.08205 -2
      vertex -12.2618 2.91587 -2
    endloop
  endfacet
  facet normal 0 0 -1
    outer loop
      vertex -2.5497 3.08205 -2
      vertex -12.4503 3.08205 -2
      vertex -2.35114 3.23607 -2
    endloop
  endfacet
  facet normal 0 0 -1
    outer loop
      vertex -12.6489 3.23607 -2
      vertex -2.35114 3.23607 -2
      vertex -12.4503 3.08205 -2
    endloop
  endfacet
  facet normal 0 0 -1
    outer loop
      vertex -2.35114 3.23607 -2
      vertex -12.6489 3.23607 -2
      vertex -2.14331 3.37731 -2
    endloop
  endfacet
  facet normal 0 0 -1
    outer loop
      vertex -12.8567 3.37731 -2
      vertex -2.14331 3.37731 -2
      vertex -12.6489 3.23607 -2
    endloop
  endfacet
  facet normal 0 0 -1
    outer loop
      vertex -2.14331 3.37731 -2
      vertex -12.8567 3.37731 -2
      vertex -1.92701 3.50523 -2
    endloop
  endfacet
  facet normal 0 0 -1
    outer loop
      vertex -13.073 3.50523 -2
      vertex -1.92701 3.50523 -2
      vertex -12.8567 3.37731 -2
    endloop
  endfacet
  facet normal 0 0 -1
    outer loop
      vertex -1.92701 3.50523 -2
      vertex -13.073 3.50523 -2
      vertex -1.70312 3.61931 -2
    endloop
  endfacet
  facet normal 0 0 -1
    outer loop
      vertex -13.2969 3.61931 -2
      vertex -1.70312 3.61931 -2
      vertex -13.073 3.50523 -2
    endloop
  endfacet
  facet normal 0 0 -1
    outer loop
      vertex -13.5275 3.71911 -2
      vertex -1.70312 3.61931 -2
      vertex -13.2969 3.61931 -2
    endloop
  endfacet
  facet normal 0 0 -1
    outer loop
      vertex -1.4725 3.71911 -2
      vertex -13.5275 3.71911 -2
      vertex -13.7639 3.80423 -2
    endloop
  endfacet
  facet normal 0 0 -1
    outer loop
      vertex -1.23607 3.80423 -2
      vertex -13.7639 3.80423 -2
      vertex -23 10 -2
    endloop
  endfacet
  facet normal 0 0 -1
    outer loop
      vertex -23 10 -2
      vertex -13.7639 3.80423 -2
      vertex -14.0052 3.87433 -2
    endloop
  endfacet
  facet normal 0 0 -1
    outer loop
      vertex -23 10 -2
      vertex -14.0052 3.87433 -2
      vertex -14.2505 3.92915 -2
    endloop
  endfacet
  facet normal 0 0 -1
    outer loop
      vertex -23 10 -2
      vertex -14.2505 3.92915 -2
      vertex -14.4987 3.96846 -2
    endloop
  endfacet
  facet normal 0 0 -1
    outer loop
      vertex -23 10 -2
      vertex -14.4987 3.96846 -2
      vertex -14.7488 3.99211 -2
    endloop
  endfacet
  facet normal 0 0 -1
    outer loop
      vertex -23 10 -2
      vertex -14.7488 3.99211 -2
      vertex -15 4 -2
    endloop
  endfacet
  facet normal 0 0 -1
    outer loop
      vertex -23 10 -2
      vertex -15 4 -2
      vertex -15.2512 3.99211 -2
    endloop
  endfacet
  facet normal 0 0 -1
    outer loop
      vertex -23 10 -2
      vertex -15.2512 3.99211 -2
      vertex -15.5013 3.96846 -2
    endloop
  endfacet
  facet normal 0 0 -1
    outer loop
      vertex -23 10 -2
      vertex -15.5013 3.96846 -2
      vertex -15.7495 3.92915 -2
    endloop
  endfacet
  facet normal -0 0 -1
    outer loop
      vertex -18.8042 -1.23607 -2
      vertex -27.4503 -6.91795 -2
      vertex -18.8743 -0.994759 -2
    endloop
  endfacet
  facet normal 0 0 -1
    outer loop
      vertex -27.6489 -6.76393 -2
      vertex -18.8743 -0.994759 -2
      vertex -27.4503 -6.91795 -2
    endloop
  endfacet
  facet normal -0 0 -1
    outer loop
      vertex -18.8743 -0.994759 -2
      vertex -27.6489 -6.76393 -2
      vertex -18.9291 -0.749525 -2
    endloop
  endfacet
  facet normal 0 0 -1
    outer loop
      vertex -30 -3 -2
      vertex -18.9291 -0.749525 -2
      vertex -27.6489 -6.76393 -2
    endloop
  endfacet
  facet normal -0 0 -1
    outer loop
      vertex -18.9291 -0.749525 -2
      vertex -30 -3 -2
      vertex -18.9685 -0.501332 -2
    endloop
  endfacet
  facet normal -0 0 -1
    outer loop
      vertex -18.9685 -0.501332 -2
      vertex -30 -3 -2
      vertex -18.9921 -0.251162 -2
    endloop
  endfacet
  facet normal 0 0 -1
    outer loop
      vertex -0.749525 3.92915 -2
      vertex -23 10 -2
      vertex 13 10 -2
    endloop
  endfacet
  facet normal 0 0 -1
    outer loop
      vertex -15.9948 3.87433 -2
      vertex -23 10 -2
      vertex -15.7495 3.92915 -2
    endloop
  endfacet
  facet normal 0 0 -1
    outer loop
      vertex -16.2361 3.80423 -2
      vertex -23 10 -2
      vertex -15.9948 3.87433 -2
    endloop
  endfacet
  facet normal 0 0 -1
    outer loop
      vertex -16.4725 3.71911 -2
      vertex -23 10 -2
      vertex -16.2361 3.80423 -2
    endloop
  endfacet
  facet normal 0 0 -1
    outer loop
      vertex -16.7031 3.61931 -2
      vertex -23 10 -2
      vertex -16.4725 3.71911 -2
    endloop
  endfacet
  facet normal 0 0 -1
    outer loop
      vertex -16.927 3.50523 -2
      vertex -23 10 -2
      vertex -16.7031 3.61931 -2
    endloop
  endfacet
  facet normal 0 0 -1
    outer loop
      vertex -17.1433 3.37731 -2
      vertex -23 10 -2
      vertex -16.927 3.50523 -2
    endloop
  endfacet
  facet normal 0 0 -1
    outer loop
      vertex -17.3511 3.23607 -2
      vertex -23 10 -2
      vertex -17.1433 3.37731 -2
    endloop
  endfacet
  facet normal 0 0 -1
    outer loop
      vertex -17.5497 3.08205 -2
      vertex -23 10 -2
      vertex -17.3511 3.23607 -2
    endloop
  endfacet
  facet normal 0 0 -1
    outer loop
      vertex -17.7382 2.91587 -2
      vertex -23 10 -2
      vertex -17.5497 3.08205 -2
    endloop
  endfacet
  facet normal 0 0 -1
    outer loop
      vertex -17.9159 2.73819 -2
      vertex -23 10 -2
      vertex -17.7382 2.91587 -2
    endloop
  endfacet
  facet normal 0 0 -1
    outer loop
      vertex -18.0821 2.5497 -2
      vertex -23 10 -2
      vertex -17.9159 2.73819 -2
    endloop
  endfacet
  facet normal 0 0 -1
    outer loop
      vertex -18.2361 2.35114 -2
      vertex -23 10 -2
      vertex -18.0821 2.5497 -2
    endloop
  endfacet
  facet normal 0 0 -1
    outer loop
      vertex -18.3773 2.14331 -2
      vertex -23 10 -2
      vertex -18.2361 2.35114 -2
    endloop
  endfacet
  facet normal 0 0 -1
    outer loop
      vertex -26.7639 7.64886 -2
      vertex -18.3773 2.14331 -2
      vertex -18.5052 1.92701 -2
    endloop
  endfacet
  facet normal 0 0 -1
    outer loop
      vertex -26.9179 7.4503 -2
      vertex -18.5052 1.92701 -2
      vertex -18.6193 1.70312 -2
    endloop
  endfacet
  facet normal 0 0 -1
    outer loop
      vertex -27.0841 7.26181 -2
      vertex -18.6193 1.70312 -2
      vertex -18.7191 1.4725 -2
    endloop
  endfacet
  facet normal -0 0 -1
    outer loop
      vertex -18.9921 -0.251162 -2
      vertex -30 -3 -2
      vertex -19 0 -2
    endloop
  endfacet
  facet normal 0 0 -1
    outer loop
      vertex -26 -10 -2
      vertex -23 -10 -2
      vertex -23.0138 -10.4395 -2
    endloop
  endfacet
  facet normal 0 0 -1
    outer loop
      vertex -19 0 -2
      vertex -30 3 -2
      vertex -18.9921 0.251162 -2
    endloop
  endfacet
  facet normal 0 0 -1
    outer loop
      vertex -26.0079 -10.2512 -2
      vertex -23.0138 -10.4395 -2
      vertex -23.0552 -10.8773 -2
    endloop
  endfacet
  facet normal 0 0 -1
    outer loop
      vertex -30 3 -2
      vertex -19 0 -2
      vertex -30 -3 -2
    endloop
  endfacet
  facet normal 0 0 -1
    outer loop
      vertex -26.0315 -10.5013 -2
      vertex -23.0552 -10.8773 -2
      vertex -23.124 -11.3117 -2
    endloop
  endfacet
  facet normal -0 0 -1
    outer loop
      vertex -18.5052 -1.92701 -2
      vertex -26.9179 -7.4503 -2
      vertex -18.6193 -1.70312 -2
    endloop
  endfacet
  facet normal 0 0 -1
    outer loop
      vertex -26.0709 -10.7495 -2
      vertex -23.124 -11.3117 -2
      vertex -23.2199 -11.7408 -2
    endloop
  endfacet
  facet normal 0 0 -1
    outer loop
      vertex -18.9921 0.251162 -2
      vertex -30 3 -2
      vertex -18.9685 0.501332 -2
    endloop
  endfacet
  facet normal 0 0 -1
    outer loop
      vertex -26.1257 -10.9948 -2
      vertex -23.2199 -11.7408 -2
      vertex -23.3426 -12.1631 -2
    endloop
  endfacet
  facet normal 0 0 -1
    outer loop
      vertex -23 -10 -2
      vertex -26.4948 -8.07298 -2
      vertex -26.6227 -7.85669 -2
    endloop
  endfacet
  facet normal 0 0 -1
    outer loop
      vertex -26.1958 -11.2361 -2
      vertex -23.3426 -12.1631 -2
      vertex -23.4916 -12.5769 -2
    endloop
  endfacet
  facet normal 0 0 -1
    outer loop
      vertex -23 -10 -2
      vertex -26.3807 -8.29688 -2
      vertex -26.4948 -8.07298 -2
    endloop
  endfacet
  facet normal 0 0 -1
    outer loop
      vertex -26.2809 -11.4725 -2
      vertex -23.4916 -12.5769 -2
      vertex -23.6662 -12.9805 -2
    endloop
  endfacet
  facet normal 0 0 -1
    outer loop
      vertex -23 -10 -2
      vertex -26.2809 -8.5275 -2
      vertex -26.3807 -8.29688 -2
    endloop
  endfacet
  facet normal 0 0 -1
    outer loop
      vertex -26.3807 -11.7031 -2
      vertex -23.6662 -12.9805 -2
      vertex -23.8659 -13.3723 -2
    endloop
  endfacet
  facet normal 0 -0 -1
    outer loop
      vertex -26.2809 8.5275 -2
      vertex -23 10 -2
      vertex -26.3807 8.29688 -2
    endloop
  endfacet
  facet normal 0 0 -1
    outer loop
      vertex -26.4948 -11.927 -2
      vertex -23.8659 -13.3723 -2
      vertex -24.0897 -13.7508 -2
    endloop
  endfacet
  facet normal 0 0 -1
    outer loop
      vertex -23 -10 -2
      vertex -26.1958 -8.76393 -2
      vertex -26.2809 -8.5275 -2
    endloop
  endfacet
  facet normal 0 0 -1
    outer loop
      vertex -26.6227 -12.1433 -2
      vertex -24.0897 -13.7508 -2
      vertex -24.3369 -14.1145 -2
    endloop
  endfacet
  facet normal 0 0 -1
    outer loop
      vertex -23 -10 -2
      vertex -26.1257 -9.00524 -2
      vertex -26.1958 -8.76393 -2
    endloop
  endfacet
  facet normal 0 0 -1
    outer loop
      vertex -26.7639 -12.3511 -2
      vertex -24.3369 -14.1145 -2
      vertex -24.6064 -14.462 -2
    endloop
  endfacet
  facet normal 0 0 -1
    outer loop
      vertex -23 -10 -2
      vertex -26.0709 -9.25047 -2
      vertex -26.1257 -9.00524 -2
    endloop
  endfacet
  facet normal 0 0 -1
    outer loop
      vertex -26.9179 -12.5497 -2
      vertex -24.6064 -14.462 -2
      vertex -24.8972 -14.7918 -2
    endloop
  endfacet
  facet normal 0 0 -1
    outer loop
      vertex -23 -10 -2
      vertex -26.0315 -9.49867 -2
      vertex -26.0709 -9.25047 -2
    endloop
  endfacet
  facet normal 0 0 -1
    outer loop
      vertex -27.0841 -12.7382 -2
      vertex -24.8972 -14.7918 -2
      vertex -25.2082 -15.1028 -2
    endloop
  endfacet
  facet normal 0 0 -1
    outer loop
      vertex -23 10 -2
      vertex -26 10 -2
      vertex -23.0138 10.4395 -2
    endloop
  endfacet
  facet normal 0 0 -1
    outer loop
      vertex -27.2618 -12.9159 -2
      vertex -25.2082 -15.1028 -2
      vertex -25.538 -15.3936 -2
    endloop
  endfacet
  facet normal 0 0 -1
    outer loop
      vertex -23 -10 -2
      vertex -26.0079 -9.74884 -2
      vertex -26.0315 -9.49867 -2
    endloop
  endfacet
  facet normal 0 0 -1
    outer loop
      vertex -27.4503 -13.0821 -2
      vertex -25.538 -15.3936 -2
      vertex -25.8855 -15.6631 -2
    endloop
  endfacet
  facet normal 0 0 -1
    outer loop
      vertex -23 -10 -2
      vertex -26 -10 -2
      vertex -26.0079 -9.74884 -2
    endloop
  endfacet
  facet normal 0 0 -1
    outer loop
      vertex -26.1958 11.2361 -2
      vertex -23.3426 12.1631 -2
      vertex -26.1257 10.9948 -2
    endloop
  endfacet
  facet normal 0 0 -1
    outer loop
      vertex -23.0138 -10.4395 -2
      vertex -26.0079 -10.2512 -2
      vertex -26 -10 -2
    endloop
  endfacet
  facet normal 0 0 -1
    outer loop
      vertex -23.0552 -10.8773 -2
      vertex -26.0315 -10.5013 -2
      vertex -26.0079 -10.2512 -2
    endloop
  endfacet
  facet normal 0 0 -1
    outer loop
      vertex -23.124 -11.3117 -2
      vertex -26.0709 -10.7495 -2
      vertex -26.0315 -10.5013 -2
    endloop
  endfacet
  facet normal 0 0 -1
    outer loop
      vertex -23.2199 -11.7408 -2
      vertex -26.1257 -10.9948 -2
      vertex -26.0709 -10.7495 -2
    endloop
  endfacet
  facet normal 0 0 -1
    outer loop
      vertex -23.3426 -12.1631 -2
      vertex -26.1958 -11.2361 -2
      vertex -26.1257 -10.9948 -2
    endloop
  endfacet
  facet normal 0 0 -1
    outer loop
      vertex -27.6489 -13.2361 -2
      vertex -25.8855 -15.6631 -2
      vertex -26.2492 -15.9103 -2
    endloop
  endfacet
  facet normal 0 0 -1
    outer loop
      vertex -23.4916 -12.5769 -2
      vertex -26.2809 -11.4725 -2
      vertex -26.1958 -11.2361 -2
    endloop
  endfacet
  facet normal 0 0 -1
    outer loop
      vertex -23.6662 -12.9805 -2
      vertex -26.3807 -11.7031 -2
      vertex -26.2809 -11.4725 -2
    endloop
  endfacet
  facet normal 0 0 -1
    outer loop
      vertex -23.8659 -13.3723 -2
      vertex -26.4948 -11.927 -2
      vertex -26.3807 -11.7031 -2
    endloop
  endfacet
  facet normal 0 0 -1
    outer loop
      vertex -24.0897 -13.7508 -2
      vertex -26.6227 -12.1433 -2
      vertex -26.4948 -11.927 -2
    endloop
  endfacet
  facet normal 0 0 -1
    outer loop
      vertex -28 -13.4621 -2
      vertex -26.2492 -15.9103 -2
      vertex -26.6277 -16.1341 -2
    endloop
  endfacet
  facet normal 0 0 -1
    outer loop
      vertex -24.3369 -14.1145 -2
      vertex -26.7639 -12.3511 -2
      vertex -26.6227 -12.1433 -2
    endloop
  endfacet
  facet normal 0 0 -1
    outer loop
      vertex -24.6064 -14.462 -2
      vertex -26.9179 -12.5497 -2
      vertex -26.7639 -12.3511 -2
    endloop
  endfacet
  facet normal 0 0 -1
    outer loop
      vertex -28 -13.4621 -2
      vertex -26.6277 -16.1341 -2
      vertex -27.0195 -16.3338 -2
    endloop
  endfacet
  facet normal 0 0 -1
    outer loop
      vertex -24.8972 -14.7918 -2
      vertex -27.0841 -12.7382 -2
      vertex -26.9179 -12.5497 -2
    endloop
  endfacet
  facet normal 0 0 -1
    outer loop
      vertex -25.2082 -15.1028 -2
      vertex -27.2618 -12.9159 -2
      vertex -27.0841 -12.7382 -2
    endloop
  endfacet
  facet normal 0 0 -1
    outer loop
      vertex -28 -13.4621 -2
      vertex -27.0195 -16.3338 -2
      vertex -27.4231 -16.5084 -2
    endloop
  endfacet
  facet normal 0 0 -1
    outer loop
      vertex -25.538 -15.3936 -2
      vertex -27.4503 -13.0821 -2
      vertex -27.2618 -12.9159 -2
    endloop
  endfacet
  facet normal 0 0 -1
    outer loop
      vertex -25.8855 -15.6631 -2
      vertex -27.6489 -13.2361 -2
      vertex -27.4503 -13.0821 -2
    endloop
  endfacet
  facet normal 0 0 -1
    outer loop
      vertex -28 -13.4621 -2
      vertex -27.4231 -16.5084 -2
      vertex -27.8369 -16.6574 -2
    endloop
  endfacet
  facet normal 0 0 -1
    outer loop
      vertex -26.2492 -15.9103 -2
      vertex -27.8567 -13.3773 -2
      vertex -27.6489 -13.2361 -2
    endloop
  endfacet
  facet normal 0 0 -1
    outer loop
      vertex -28 -13.4621 -2
      vertex -27.8369 -16.6574 -2
      vertex -28 -16.7048 -2
    endloop
  endfacet
  facet normal 0 0 -1
    outer loop
      vertex -26.2492 -15.9103 -2
      vertex -28 -13.4621 -2
      vertex -27.8567 -13.3773 -2
    endloop
  endfacet
  facet normal 0 0 -1
    outer loop
      vertex -30.2512 -6.00789 -2
      vertex -30 -3 -2
      vertex -30 -6 -2
    endloop
  endfacet
  facet normal 0 0 -1
    outer loop
      vertex -30.2512 -6.00789 -2
      vertex -30.4395 -3.01381 -2
      vertex -30 -3 -2
    endloop
  endfacet
  facet normal 0 0 -1
    outer loop
      vertex -30.5013 -6.03154 -2
      vertex -30.4395 -3.01381 -2
      vertex -30.2512 -6.00789 -2
    endloop
  endfacet
  facet normal 0 0 -1
    outer loop
      vertex -30.8773 -3.0552 -2
      vertex -30.5013 -6.03154 -2
      vertex -30.7495 -6.07085 -2
    endloop
  endfacet
  facet normal 0 0 -1
    outer loop
      vertex -30.5013 -6.03154 -2
      vertex -30.8773 -3.0552 -2
      vertex -30.4395 -3.01381 -2
    endloop
  endfacet
  facet normal 0 0 -1
    outer loop
      vertex -31.3117 -3.12399 -2
      vertex -30.7495 -6.07085 -2
      vertex -30.9948 -6.12567 -2
    endloop
  endfacet
  facet normal 0 0 -1
    outer loop
      vertex -31.7408 -3.21992 -2
      vertex -30.9948 -6.12567 -2
      vertex -31.2361 -6.19577 -2
    endloop
  endfacet
  facet normal 0 0 -1
    outer loop
      vertex -30.7495 -6.07085 -2
      vertex -31.3117 -3.12399 -2
      vertex -30.8773 -3.0552 -2
    endloop
  endfacet
  facet normal 0 0 -1
    outer loop
      vertex -32.1631 -3.3426 -2
      vertex -31.2361 -6.19577 -2
      vertex -31.4725 -6.28089 -2
    endloop
  endfacet
  facet normal 0 0 -1
    outer loop
      vertex -32.5769 -3.49156 -2
      vertex -31.4725 -6.28089 -2
      vertex -31.7031 -6.38069 -2
    endloop
  endfacet
  facet normal 0 0 -1
    outer loop
      vertex -30.9948 -6.12567 -2
      vertex -31.7408 -3.21992 -2
      vertex -31.3117 -3.12399 -2
    endloop
  endfacet
  facet normal 0 0 -1
    outer loop
      vertex -32.9805 -3.66621 -2
      vertex -31.7031 -6.38069 -2
      vertex -31.927 -6.49477 -2
    endloop
  endfacet
  facet normal 0 0 -1
    outer loop
      vertex -33.3723 -3.86585 -2
      vertex -31.927 -6.49477 -2
      vertex -32.1433 -6.62269 -2
    endloop
  endfacet
  facet normal 0 0 -1
    outer loop
      vertex -31.2361 -6.19577 -2
      vertex -32.1631 -3.3426 -2
      vertex -31.7408 -3.21992 -2
    endloop
  endfacet
  facet normal 0 0 -1
    outer loop
      vertex -33.7508 -4.0897 -2
      vertex -32.1433 -6.62269 -2
      vertex -32.3511 -6.76393 -2
    endloop
  endfacet
  facet normal 0 0 -1
    outer loop
      vertex -34.1145 -4.33688 -2
      vertex -32.3511 -6.76393 -2
      vertex -32.5497 -6.91795 -2
    endloop
  endfacet
  facet normal 0 0 -1
    outer loop
      vertex -31.4725 -6.28089 -2
      vertex -32.5769 -3.49156 -2
      vertex -32.1631 -3.3426 -2
    endloop
  endfacet
  facet normal 0 0 -1
    outer loop
      vertex -34.462 -4.60641 -2
      vertex -32.5497 -6.91795 -2
      vertex -32.7382 -7.08412 -2
    endloop
  endfacet
  facet normal 0 0 -1
    outer loop
      vertex -34.7918 -4.89722 -2
      vertex -32.7382 -7.08412 -2
      vertex -32.9159 -7.26181 -2
    endloop
  endfacet
  facet normal 0 0 -1
    outer loop
      vertex -31.7031 -6.38069 -2
      vertex -32.9805 -3.66621 -2
      vertex -32.5769 -3.49156 -2
    endloop
  endfacet
  facet normal 0 0 -1
    outer loop
      vertex -35.1028 -5.20817 -2
      vertex -32.9159 -7.26181 -2
      vertex -33.0821 -7.4503 -2
    endloop
  endfacet
  facet normal 0 0 -1
    outer loop
      vertex -35.3936 -5.53803 -2
      vertex -33.0821 -7.4503 -2
      vertex -33.2361 -7.64886 -2
    endloop
  endfacet
  facet normal 0 0 -1
    outer loop
      vertex -31.927 -6.49477 -2
      vertex -33.3723 -3.86585 -2
      vertex -32.9805 -3.66621 -2
    endloop
  endfacet
  facet normal 0 0 -1
    outer loop
      vertex -35.6631 -5.8855 -2
      vertex -33.2361 -7.64886 -2
      vertex -33.3773 -7.85669 -2
    endloop
  endfacet
  facet normal 0 0 -1
    outer loop
      vertex -35.9103 -6.24921 -2
      vertex -33.3773 -7.85669 -2
      vertex -33.5052 -8.07298 -2
    endloop
  endfacet
  facet normal 0 0 -1
    outer loop
      vertex -36.1341 -6.62772 -2
      vertex -33.5052 -8.07298 -2
      vertex -33.6193 -8.29688 -2
    endloop
  endfacet
  facet normal 0 0 -1
    outer loop
      vertex -36.3338 -7.01954 -2
      vertex -33.6193 -8.29688 -2
      vertex -33.7191 -8.5275 -2
    endloop
  endfacet
  facet normal 0 0 -1
    outer loop
      vertex -32.1433 -6.62269 -2
      vertex -33.7508 -4.0897 -2
      vertex -33.3723 -3.86585 -2
    endloop
  endfacet
  facet normal 0 0 -1
    outer loop
      vertex -36.5084 -7.42313 -2
      vertex -33.7191 -8.5275 -2
      vertex -33.8042 -8.76393 -2
    endloop
  endfacet
  facet normal 0 0 -1
    outer loop
      vertex -36.6574 -7.83688 -2
      vertex -33.8042 -8.76393 -2
      vertex -33.8743 -9.00524 -2
    endloop
  endfacet
  facet normal 0 0 -1
    outer loop
      vertex -36.7801 -8.25917 -2
      vertex -33.8743 -9.00524 -2
      vertex -33.9291 -9.25047 -2
    endloop
  endfacet
  facet normal 0 0 -1
    outer loop
      vertex -36.876 -8.68833 -2
      vertex -33.9291 -9.25047 -2
      vertex -33.9685 -9.49867 -2
    endloop
  endfacet
  facet normal 0 0 -1
    outer loop
      vertex -36.9448 -9.12267 -2
      vertex -33.9685 -9.49867 -2
      vertex -33.9921 -9.74884 -2
    endloop
  endfacet
  facet normal 0 0 -1
    outer loop
      vertex -32.3511 -6.76393 -2
      vertex -34.1145 -4.33688 -2
      vertex -33.7508 -4.0897 -2
    endloop
  endfacet
  facet normal 0 0 -1
    outer loop
      vertex -36.9862 -9.56047 -2
      vertex -33.9921 -9.74884 -2
      vertex -34 -10 -2
    endloop
  endfacet
  facet normal 0 0 -1
    outer loop
      vertex -36.3338 -12.9805 -2
      vertex -33.6193 -11.7031 -2
      vertex -36.1341 -13.3723 -2
    endloop
  endfacet
  facet normal -0 0 -1
    outer loop
      vertex -33.6193 -11.7031 -2
      vertex -36.3338 -12.9805 -2
      vertex -33.7191 -11.4725 -2
    endloop
  endfacet
  facet normal 0 0 -1
    outer loop
      vertex -32.5497 -6.91795 -2
      vertex -34.462 -4.60641 -2
      vertex -34.1145 -4.33688 -2
    endloop
  endfacet
  facet normal 0 0 -1
    outer loop
      vertex -36.5084 -12.5769 -2
      vertex -33.7191 -11.4725 -2
      vertex -36.3338 -12.9805 -2
    endloop
  endfacet
  facet normal 0 0 -1
    outer loop
      vertex -32.7382 -7.08412 -2
      vertex -34.7918 -4.89722 -2
      vertex -34.462 -4.60641 -2
    endloop
  endfacet
  facet normal -0 0 -1
    outer loop
      vertex -33.7191 -11.4725 -2
      vertex -36.5084 -12.5769 -2
      vertex -33.8042 -11.2361 -2
    endloop
  endfacet
  facet normal 0 0 -1
    outer loop
      vertex -32.9159 -7.26181 -2
      vertex -35.1028 -5.20817 -2
      vertex -34.7918 -4.89722 -2
    endloop
  endfacet
  facet normal 0 0 -1
    outer loop
      vertex -36.6574 -12.1631 -2
      vertex -33.8042 -11.2361 -2
      vertex -36.5084 -12.5769 -2
    endloop
  endfacet
  facet normal 0 0 -1
    outer loop
      vertex -33.0821 -7.4503 -2
      vertex -35.3936 -5.53803 -2
      vertex -35.1028 -5.20817 -2
    endloop
  endfacet
  facet normal -0 0 -1
    outer loop
      vertex -33.8042 -11.2361 -2
      vertex -36.6574 -12.1631 -2
      vertex -33.8743 -10.9948 -2
    endloop
  endfacet
  facet normal 0 0 -1
    outer loop
      vertex -33.2361 -7.64886 -2
      vertex -35.6631 -5.8855 -2
      vertex -35.3936 -5.53803 -2
    endloop
  endfacet
  facet normal 0 0 -1
    outer loop
      vertex -36.7801 -11.7408 -2
      vertex -33.8743 -10.9948 -2
      vertex -36.6574 -12.1631 -2
    endloop
  endfacet
  facet normal 0 0 -1
    outer loop
      vertex -33.3773 -7.85669 -2
      vertex -35.9103 -6.24921 -2
      vertex -35.6631 -5.8855 -2
    endloop
  endfacet
  facet normal -0 0 -1
    outer loop
      vertex -33.8743 -10.9948 -2
      vertex -36.7801 -11.7408 -2
      vertex -33.9291 -10.7495 -2
    endloop
  endfacet
  facet normal 0 0 -1
    outer loop
      vertex -33.5052 -8.07298 -2
      vertex -36.1341 -6.62772 -2
      vertex -35.9103 -6.24921 -2
    endloop
  endfacet
  facet normal 0 0 -1
    outer loop
      vertex -36.876 -11.3117 -2
      vertex -33.9291 -10.7495 -2
      vertex -36.7801 -11.7408 -2
    endloop
  endfacet
  facet normal 0 0 -1
    outer loop
      vertex -33.6193 -8.29688 -2
      vertex -36.3338 -7.01954 -2
      vertex -36.1341 -6.62772 -2
    endloop
  endfacet
  facet normal -0 0 -1
    outer loop
      vertex -33.9291 -10.7495 -2
      vertex -36.876 -11.3117 -2
      vertex -33.9685 -10.5013 -2
    endloop
  endfacet
  facet normal 0 0 -1
    outer loop
      vertex -33.7191 -8.5275 -2
      vertex -36.5084 -7.42313 -2
      vertex -36.3338 -7.01954 -2
    endloop
  endfacet
  facet normal 0 0 -1
    outer loop
      vertex -36.9448 -10.8773 -2
      vertex -33.9685 -10.5013 -2
      vertex -36.876 -11.3117 -2
    endloop
  endfacet
  facet normal 0 0 -1
    outer loop
      vertex -33.8042 -8.76393 -2
      vertex -36.6574 -7.83688 -2
      vertex -36.5084 -7.42313 -2
    endloop
  endfacet
  facet normal -0 0 -1
    outer loop
      vertex -33.9685 -10.5013 -2
      vertex -36.9448 -10.8773 -2
      vertex -33.9921 -10.2512 -2
    endloop
  endfacet
  facet normal 0 0 -1
    outer loop
      vertex -33.8743 -9.00524 -2
      vertex -36.7801 -8.25917 -2
      vertex -36.6574 -7.83688 -2
    endloop
  endfacet
  facet normal 0 0 -1
    outer loop
      vertex -36.9862 -10.4395 -2
      vertex -33.9921 -10.2512 -2
      vertex -36.9448 -10.8773 -2
    endloop
  endfacet
  facet normal 0 0 -1
    outer loop
      vertex -33.9291 -9.25047 -2
      vertex -36.876 -8.68833 -2
      vertex -36.7801 -8.25917 -2
    endloop
  endfacet
  facet normal -0 0 -1
    outer loop
      vertex -33.9921 -10.2512 -2
      vertex -36.9862 -10.4395 -2
      vertex -34 -10 -2
    endloop
  endfacet
  facet normal 0 0 -1
    outer loop
      vertex -33.9685 -9.49867 -2
      vertex -36.9448 -9.12267 -2
      vertex -36.876 -8.68833 -2
    endloop
  endfacet
  facet normal 0 0 -1
    outer loop
      vertex -37 -10 -2
      vertex -34 -10 -2
      vertex -36.9862 -10.4395 -2
    endloop
  endfacet
  facet normal 0 0 -1
    outer loop
      vertex -33.9921 -9.74884 -2
      vertex -36.9862 -9.56047 -2
      vertex -36.9448 -9.12267 -2
    endloop
  endfacet
  facet normal 0 0 -1
    outer loop
      vertex -34 -10 -2
      vertex -37 -10 -2
      vertex -36.9862 -9.56047 -2
    endloop
  endfacet
  facet normal -0 0 -1
    outer loop
      vertex -23.4916 12.5769 -2
      vertex -26.2809 11.4725 -2
      vertex -23.6662 12.9805 -2
    endloop
  endfacet
  facet normal 0 0 -1
    outer loop
      vertex -26.3807 11.7031 -2
      vertex -23.6662 12.9805 -2
      vertex -26.2809 11.4725 -2
    endloop
  endfacet
  facet normal -0 0 -1
    outer loop
      vertex -23.3426 12.1631 -2
      vertex -26.1958 11.2361 -2
      vertex -23.4916 12.5769 -2
    endloop
  endfacet
  facet normal 0 0 -1
    outer loop
      vertex -26.2809 11.4725 -2
      vertex -23.4916 12.5769 -2
      vertex -26.1958 11.2361 -2
    endloop
  endfacet
  facet normal 0 0 -1
    outer loop
      vertex -26.1257 10.9948 -2
      vertex -23.2199 11.7408 -2
      vertex -26.0709 10.7495 -2
    endloop
  endfacet
  facet normal -0 0 -1
    outer loop
      vertex -23.2199 11.7408 -2
      vertex -26.1257 10.9948 -2
      vertex -23.3426 12.1631 -2
    endloop
  endfacet
  facet normal 0 0 -1
    outer loop
      vertex -26.0709 10.7495 -2
      vertex -23.124 11.3117 -2
      vertex -26.0315 10.5013 -2
    endloop
  endfacet
  facet normal -0 0 -1
    outer loop
      vertex -23.124 11.3117 -2
      vertex -26.0709 10.7495 -2
      vertex -23.2199 11.7408 -2
    endloop
  endfacet
  facet normal 0 0 -1
    outer loop
      vertex -26.0315 10.5013 -2
      vertex -23.0552 10.8773 -2
      vertex -26.0079 10.2512 -2
    endloop
  endfacet
  facet normal -0 0 -1
    outer loop
      vertex -23.0552 10.8773 -2
      vertex -26.0315 10.5013 -2
      vertex -23.124 11.3117 -2
    endloop
  endfacet
  facet normal 0 0 -1
    outer loop
      vertex -26.0079 10.2512 -2
      vertex -23.0138 10.4395 -2
      vertex -26 10 -2
    endloop
  endfacet
  facet normal -0 0 -1
    outer loop
      vertex -23.0138 10.4395 -2
      vertex -26.0079 10.2512 -2
      vertex -23.0552 10.8773 -2
    endloop
  endfacet
  facet normal 0 -0 -1
    outer loop
      vertex -26.0079 9.74884 -2
      vertex -23 10 -2
      vertex -26.0315 9.49867 -2
    endloop
  endfacet
  facet normal 0 -0 -1
    outer loop
      vertex -26 10 -2
      vertex -23 10 -2
      vertex -26.0079 9.74884 -2
    endloop
  endfacet
  facet normal 0 -0 -1
    outer loop
      vertex -26.0709 9.25047 -2
      vertex -23 10 -2
      vertex -26.1257 9.00524 -2
    endloop
  endfacet
  facet normal 0 -0 -1
    outer loop
      vertex -26.0315 9.49867 -2
      vertex -23 10 -2
      vertex -26.0709 9.25047 -2
    endloop
  endfacet
  facet normal 0 -0 -1
    outer loop
      vertex -26.1958 8.76393 -2
      vertex -23 10 -2
      vertex -26.2809 8.5275 -2
    endloop
  endfacet
  facet normal 0 -0 -1
    outer loop
      vertex -26.1257 9.00524 -2
      vertex -23 10 -2
      vertex -26.1958 8.76393 -2
    endloop
  endfacet
  facet normal 0 -0 -1
    outer loop
      vertex -26.4948 8.07298 -2
      vertex -23 10 -2
      vertex -26.6227 7.85669 -2
    endloop
  endfacet
  facet normal 0 -0 -1
    outer loop
      vertex -26.3807 8.29688 -2
      vertex -23 10 -2
      vertex -26.4948 8.07298 -2
    endloop
  endfacet
  facet normal 0 0 -1
    outer loop
      vertex -18.3773 2.14331 -2
      vertex -26.7639 7.64886 -2
      vertex -26.6227 7.85669 -2
    endloop
  endfacet
  facet normal 0 0 -1
    outer loop
      vertex -18.3773 2.14331 -2
      vertex -26.6227 7.85669 -2
      vertex -23 10 -2
    endloop
  endfacet
  facet normal 0 0 -1
    outer loop
      vertex -18.6193 1.70312 -2
      vertex -27.0841 7.26181 -2
      vertex -26.9179 7.4503 -2
    endloop
  endfacet
  facet normal 0 0 -1
    outer loop
      vertex -18.5052 1.92701 -2
      vertex -26.9179 7.4503 -2
      vertex -26.7639 7.64886 -2
    endloop
  endfacet
  facet normal 0 0 -1
    outer loop
      vertex -18.9685 0.501332 -2
      vertex -30 3 -2
      vertex -18.9291 0.749525 -2
    endloop
  endfacet
  facet normal 0 0 -1
    outer loop
      vertex -18.7191 1.4725 -2
      vertex -27.2618 7.08412 -2
      vertex -27.0841 7.26181 -2
    endloop
  endfacet
  facet normal 0 0 -1
    outer loop
      vertex -18.9291 0.749525 -2
      vertex -30 3 -2
      vertex -18.8743 0.994759 -2
    endloop
  endfacet
  facet normal 0 0 -1
    outer loop
      vertex -18.8042 1.23607 -2
      vertex -27.2618 7.08412 -2
      vertex -18.7191 1.4725 -2
    endloop
  endfacet
  facet normal 0 -0 -1
    outer loop
      vertex -27.6489 6.76393 -2
      vertex -18.8743 0.994759 -2
      vertex -30 3 -2
    endloop
  endfacet
  facet normal 0 -0 -1
    outer loop
      vertex -27.4503 6.91795 -2
      vertex -18.8743 0.994759 -2
      vertex -27.6489 6.76393 -2
    endloop
  endfacet
  facet normal 0 0 -1
    outer loop
      vertex -30 -3 -2
      vertex -27.6489 -6.76393 -2
      vertex -27.8567 -6.62269 -2
    endloop
  endfacet
  facet normal 0 0 -1
    outer loop
      vertex -18.8743 0.994759 -2
      vertex -27.4503 6.91795 -2
      vertex -18.8042 1.23607 -2
    endloop
  endfacet
  facet normal 0 0 -1
    outer loop
      vertex -30 -3 -2
      vertex -27.8567 -6.62269 -2
      vertex -28.073 -6.49477 -2
    endloop
  endfacet
  facet normal 0 -0 -1
    outer loop
      vertex -27.2618 7.08412 -2
      vertex -18.8042 1.23607 -2
      vertex -27.4503 6.91795 -2
    endloop
  endfacet
  facet normal 0 0 -1
    outer loop
      vertex -30 -3 -2
      vertex -28.073 -6.49477 -2
      vertex -28.2969 -6.38069 -2
    endloop
  endfacet
  facet normal 0 0 -1
    outer loop
      vertex -27.6489 6.76393 -2
      vertex -30 3 -2
      vertex -27.8567 6.62269 -2
    endloop
  endfacet
  facet normal 0 0 -1
    outer loop
      vertex -30 -3 -2
      vertex -28.2969 -6.38069 -2
      vertex -28.5275 -6.28089 -2
    endloop
  endfacet
  facet normal 0 0 -1
    outer loop
      vertex -27.8567 6.62269 -2
      vertex -30 3 -2
      vertex -28.073 6.49477 -2
    endloop
  endfacet
  facet normal 0 0 -1
    outer loop
      vertex -30 -3 -2
      vertex -28.5275 -6.28089 -2
      vertex -28.7639 -6.19577 -2
    endloop
  endfacet
  facet normal 0 0 -1
    outer loop
      vertex -28.073 6.49477 -2
      vertex -30 3 -2
      vertex -28.2969 6.38069 -2
    endloop
  endfacet
  facet normal 0 0 -1
    outer loop
      vertex -30 -3 -2
      vertex -28.7639 -6.19577 -2
      vertex -29.0052 -6.12567 -2
    endloop
  endfacet
  facet normal 0 0 -1
    outer loop
      vertex -28.2969 6.38069 -2
      vertex -30 3 -2
      vertex -28.5275 6.28089 -2
    endloop
  endfacet
  facet normal 0 0 -1
    outer loop
      vertex -30 -3 -2
      vertex -29.0052 -6.12567 -2
      vertex -29.2505 -6.07085 -2
    endloop
  endfacet
  facet normal 0 0 -1
    outer loop
      vertex -28.5275 6.28089 -2
      vertex -30 3 -2
      vertex -28.7639 6.19577 -2
    endloop
  endfacet
  facet normal 0 0 -1
    outer loop
      vertex -30 -3 -2
      vertex -29.2505 -6.07085 -2
      vertex -29.4987 -6.03154 -2
    endloop
  endfacet
  facet normal 0 0 -1
    outer loop
      vertex -28.7639 6.19577 -2
      vertex -30 3 -2
      vertex -29.0052 6.12567 -2
    endloop
  endfacet
  facet normal 0 0 -1
    outer loop
      vertex -30 -3 -2
      vertex -29.4987 -6.03154 -2
      vertex -29.7488 -6.00789 -2
    endloop
  endfacet
  facet normal 0 0 -1
    outer loop
      vertex -29.0052 6.12567 -2
      vertex -30 3 -2
      vertex -29.2505 6.07085 -2
    endloop
  endfacet
  facet normal 0 0 -1
    outer loop
      vertex -30 -3 -2
      vertex -29.7488 -6.00789 -2
      vertex -30 -6 -2
    endloop
  endfacet
  facet normal 0 0 -1
    outer loop
      vertex -29.2505 6.07085 -2
      vertex -30 3 -2
      vertex -29.4987 6.03154 -2
    endloop
  endfacet
  facet normal 0 0 -1
    outer loop
      vertex -29.4987 6.03154 -2
      vertex -30 3 -2
      vertex -29.7488 6.00789 -2
    endloop
  endfacet
  facet normal 0 0 -1
    outer loop
      vertex -30 3 -2
      vertex -30 6 -2
      vertex -29.7488 6.00789 -2
    endloop
  endfacet
  facet normal 0 0 -1
    outer loop
      vertex -30 3 -2
      vertex -30.2512 6.00789 -2
      vertex -30 6 -2
    endloop
  endfacet
  facet normal 0 0 -1
    outer loop
      vertex -30.4395 3.01381 -2
      vertex -30.2512 6.00789 -2
      vertex -30 3 -2
    endloop
  endfacet
  facet normal 0 0 -1
    outer loop
      vertex -30.4395 3.01381 -2
      vertex -30.5013 6.03154 -2
      vertex -30.2512 6.00789 -2
    endloop
  endfacet
  facet normal 0 0 -1
    outer loop
      vertex -30.8773 3.0552 -2
      vertex -30.5013 6.03154 -2
      vertex -30.4395 3.01381 -2
    endloop
  endfacet
  facet normal -0 0 -1
    outer loop
      vertex -30.5013 6.03154 -2
      vertex -30.8773 3.0552 -2
      vertex -30.7495 6.07085 -2
    endloop
  endfacet
  facet normal 0 0 -1
    outer loop
      vertex -31.3117 3.12399 -2
      vertex -30.7495 6.07085 -2
      vertex -30.8773 3.0552 -2
    endloop
  endfacet
  facet normal -0 0 -1
    outer loop
      vertex -30.7495 6.07085 -2
      vertex -31.3117 3.12399 -2
      vertex -30.9948 6.12567 -2
    endloop
  endfacet
  facet normal 0 0 -1
    outer loop
      vertex -31.7408 3.21992 -2
      vertex -30.9948 6.12567 -2
      vertex -31.3117 3.12399 -2
    endloop
  endfacet
  facet normal -0 0 -1
    outer loop
      vertex -30.9948 6.12567 -2
      vertex -31.7408 3.21992 -2
      vertex -31.2361 6.19577 -2
    endloop
  endfacet
  facet normal 0 0 -1
    outer loop
      vertex -32.1631 3.3426 -2
      vertex -31.2361 6.19577 -2
      vertex -31.7408 3.21992 -2
    endloop
  endfacet
  facet normal -0 0 -1
    outer loop
      vertex -31.2361 6.19577 -2
      vertex -32.1631 3.3426 -2
      vertex -31.4725 6.28089 -2
    endloop
  endfacet
  facet normal 0 0 -1
    outer loop
      vertex -32.5769 3.49156 -2
      vertex -31.4725 6.28089 -2
      vertex -32.1631 3.3426 -2
    endloop
  endfacet
  facet normal -0 0 -1
    outer loop
      vertex -31.4725 6.28089 -2
      vertex -32.5769 3.49156 -2
      vertex -31.7031 6.38069 -2
    endloop
  endfacet
  facet normal 0 0 -1
    outer loop
      vertex -32.9805 3.66621 -2
      vertex -31.7031 6.38069 -2
      vertex -32.5769 3.49156 -2
    endloop
  endfacet
  facet normal -0 0 -1
    outer loop
      vertex -31.7031 6.38069 -2
      vertex -32.9805 3.66621 -2
      vertex -31.927 6.49477 -2
    endloop
  endfacet
  facet normal 0 0 -1
    outer loop
      vertex -33.3723 3.86585 -2
      vertex -31.927 6.49477 -2
      vertex -32.9805 3.66621 -2
    endloop
  endfacet
  facet normal -0 0 -1
    outer loop
      vertex -31.927 6.49477 -2
      vertex -33.3723 3.86585 -2
      vertex -32.1433 6.62269 -2
    endloop
  endfacet
  facet normal 0 0 -1
    outer loop
      vertex -33.7508 4.0897 -2
      vertex -32.1433 6.62269 -2
      vertex -33.3723 3.86585 -2
    endloop
  endfacet
  facet normal -0 0 -1
    outer loop
      vertex -32.1433 6.62269 -2
      vertex -33.7508 4.0897 -2
      vertex -32.3511 6.76393 -2
    endloop
  endfacet
  facet normal 0 0 -1
    outer loop
      vertex -34.1145 4.33688 -2
      vertex -32.3511 6.76393 -2
      vertex -33.7508 4.0897 -2
    endloop
  endfacet
  facet normal -0 0 -1
    outer loop
      vertex -32.3511 6.76393 -2
      vertex -34.1145 4.33688 -2
      vertex -32.5497 6.91795 -2
    endloop
  endfacet
  facet normal 0 0 -1
    outer loop
      vertex -34.462 4.60641 -2
      vertex -32.5497 6.91795 -2
      vertex -34.1145 4.33688 -2
    endloop
  endfacet
  facet normal -0 0 -1
    outer loop
      vertex -32.5497 6.91795 -2
      vertex -34.462 4.60641 -2
      vertex -32.7382 7.08412 -2
    endloop
  endfacet
  facet normal 0 0 -1
    outer loop
      vertex -34.7918 4.89722 -2
      vertex -32.7382 7.08412 -2
      vertex -34.462 4.60641 -2
    endloop
  endfacet
  facet normal -0 0 -1
    outer loop
      vertex -32.7382 7.08412 -2
      vertex -34.7918 4.89722 -2
      vertex -32.9159 7.26181 -2
    endloop
  endfacet
  facet normal 0 0 -1
    outer loop
      vertex -35.1028 5.20817 -2
      vertex -32.9159 7.26181 -2
      vertex -34.7918 4.89722 -2
    endloop
  endfacet
  facet normal -0 0 -1
    outer loop
      vertex -32.9159 7.26181 -2
      vertex -35.1028 5.20817 -2
      vertex -33.0821 7.4503 -2
    endloop
  endfacet
  facet normal 0 0 -1
    outer loop
      vertex -35.3936 5.53803 -2
      vertex -33.0821 7.4503 -2
      vertex -35.1028 5.20817 -2
    endloop
  endfacet
  facet normal -0 0 -1
    outer loop
      vertex -33.0821 7.4503 -2
      vertex -35.3936 5.53803 -2
      vertex -33.2361 7.64886 -2
    endloop
  endfacet
  facet normal 0 0 -1
    outer loop
      vertex -35.6631 5.8855 -2
      vertex -33.2361 7.64886 -2
      vertex -35.3936 5.53803 -2
    endloop
  endfacet
  facet normal -0 0 -1
    outer loop
      vertex -33.2361 7.64886 -2
      vertex -35.6631 5.8855 -2
      vertex -33.3773 7.85669 -2
    endloop
  endfacet
  facet normal 0 0 -1
    outer loop
      vertex -35.9103 6.24921 -2
      vertex -33.3773 7.85669 -2
      vertex -35.6631 5.8855 -2
    endloop
  endfacet
  facet normal -0 0 -1
    outer loop
      vertex -33.3773 7.85669 -2
      vertex -35.9103 6.24921 -2
      vertex -33.5052 8.07298 -2
    endloop
  endfacet
  facet normal -0 0 -1
    outer loop
      vertex -33.5052 8.07298 -2
      vertex -36.1341 6.62772 -2
      vertex -33.6193 8.29688 -2
    endloop
  endfacet
  facet normal 0 0 -1
    outer loop
      vertex -36.1341 6.62772 -2
      vertex -33.5052 8.07298 -2
      vertex -35.9103 6.24921 -2
    endloop
  endfacet
  facet normal -0 0 -1
    outer loop
      vertex -23.6662 12.9805 -2
      vertex -26.3807 11.7031 -2
      vertex -23.8659 13.3723 -2
    endloop
  endfacet
  facet normal 0 0 -1
    outer loop
      vertex -26.4948 11.927 -2
      vertex -23.8659 13.3723 -2
      vertex -26.3807 11.7031 -2
    endloop
  endfacet
  facet normal -0 0 -1
    outer loop
      vertex -23.8659 13.3723 -2
      vertex -26.4948 11.927 -2
      vertex -24.0897 13.7508 -2
    endloop
  endfacet
  facet normal 0 0 -1
    outer loop
      vertex -26.6227 12.1433 -2
      vertex -24.0897 13.7508 -2
      vertex -26.4948 11.927 -2
    endloop
  endfacet
  facet normal -0 0 -1
    outer loop
      vertex -24.0897 13.7508 -2
      vertex -26.6227 12.1433 -2
      vertex -24.3369 14.1145 -2
    endloop
  endfacet
  facet normal 0 0 -1
    outer loop
      vertex -26.7639 12.3511 -2
      vertex -24.3369 14.1145 -2
      vertex -26.6227 12.1433 -2
    endloop
  endfacet
  facet normal -0 0 -1
    outer loop
      vertex -24.3369 14.1145 -2
      vertex -26.7639 12.3511 -2
      vertex -24.6064 14.462 -2
    endloop
  endfacet
  facet normal 0 0 -1
    outer loop
      vertex -26.9179 12.5497 -2
      vertex -24.6064 14.462 -2
      vertex -26.7639 12.3511 -2
    endloop
  endfacet
  facet normal -0 0 -1
    outer loop
      vertex -24.6064 14.462 -2
      vertex -26.9179 12.5497 -2
      vertex -24.8972 14.7918 -2
    endloop
  endfacet
  facet normal 0 0 -1
    outer loop
      vertex -27.0841 12.7382 -2
      vertex -24.8972 14.7918 -2
      vertex -26.9179 12.5497 -2
    endloop
  endfacet
  facet normal -0 0 -1
    outer loop
      vertex -24.8972 14.7918 -2
      vertex -27.0841 12.7382 -2
      vertex -25.2082 15.1028 -2
    endloop
  endfacet
  facet normal 0 0 -1
    outer loop
      vertex -27.2618 12.9159 -2
      vertex -25.2082 15.1028 -2
      vertex -27.0841 12.7382 -2
    endloop
  endfacet
  facet normal -0 0 -1
    outer loop
      vertex -25.2082 15.1028 -2
      vertex -27.2618 12.9159 -2
      vertex -25.538 15.3936 -2
    endloop
  endfacet
  facet normal 0 0 -1
    outer loop
      vertex -27.4503 13.0821 -2
      vertex -25.538 15.3936 -2
      vertex -27.2618 12.9159 -2
    endloop
  endfacet
  facet normal -0 0 -1
    outer loop
      vertex -25.538 15.3936 -2
      vertex -27.4503 13.0821 -2
      vertex -25.8855 15.6631 -2
    endloop
  endfacet
  facet normal 0 0 -1
    outer loop
      vertex -27.6489 13.2361 -2
      vertex -25.8855 15.6631 -2
      vertex -27.4503 13.0821 -2
    endloop
  endfacet
  facet normal -0 0 -1
    outer loop
      vertex -25.8855 15.6631 -2
      vertex -27.6489 13.2361 -2
      vertex -26.2492 15.9103 -2
    endloop
  endfacet
  facet normal 0 0 -1
    outer loop
      vertex -27.8567 13.3773 -2
      vertex -26.2492 15.9103 -2
      vertex -27.6489 13.2361 -2
    endloop
  endfacet
  facet normal 0 0 -1
    outer loop
      vertex -28 13.4621 -2
      vertex -26.2492 15.9103 -2
      vertex -27.8567 13.3773 -2
    endloop
  endfacet
  facet normal -0 0 -1
    outer loop
      vertex -26.2492 15.9103 -2
      vertex -28 13.4621 -2
      vertex -26.6277 16.1341 -2
    endloop
  endfacet
  facet normal -0 0 -1
    outer loop
      vertex -26.6277 16.1341 -2
      vertex -28 13.4621 -2
      vertex -27.0195 16.3338 -2
    endloop
  endfacet
  facet normal -0 0 -1
    outer loop
      vertex -27.0195 16.3338 -2
      vertex -28 13.4621 -2
      vertex -27.4231 16.5084 -2
    endloop
  endfacet
  facet normal -0 0 -1
    outer loop
      vertex -27.4231 16.5084 -2
      vertex -28 13.4621 -2
      vertex -27.8369 16.6574 -2
    endloop
  endfacet
  facet normal -0 0 -1
    outer loop
      vertex -27.8369 16.6574 -2
      vertex -28 13.4621 -2
      vertex -28 16.7048 -2
    endloop
  endfacet
  facet normal 0 0 -1
    outer loop
      vertex -33.7508 15.9103 -2
      vertex -32 13.4621 -2
      vertex -32.1433 13.3773 -2
    endloop
  endfacet
  facet normal 0 0 -1
    outer loop
      vertex -32 13.4621 -2
      vertex -32.1631 16.6574 -2
      vertex -32 16.7048 -2
    endloop
  endfacet
  facet normal 0 0 -1
    outer loop
      vertex -33.7508 15.9103 -2
      vertex -32.1433 13.3773 -2
      vertex -32.3511 13.2361 -2
    endloop
  endfacet
  facet normal 0 0 -1
    outer loop
      vertex -34.1145 15.6631 -2
      vertex -32.3511 13.2361 -2
      vertex -32.5497 13.0821 -2
    endloop
  endfacet
  facet normal 0 0 -1
    outer loop
      vertex -32 13.4621 -2
      vertex -32.5769 16.5084 -2
      vertex -32.1631 16.6574 -2
    endloop
  endfacet
  facet normal 0 0 -1
    outer loop
      vertex -34.462 15.3936 -2
      vertex -32.5497 13.0821 -2
      vertex -32.7382 12.9159 -2
    endloop
  endfacet
  facet normal 0 0 -1
    outer loop
      vertex -34.7918 15.1028 -2
      vertex -32.7382 12.9159 -2
      vertex -32.9159 12.7382 -2
    endloop
  endfacet
  facet normal 0 0 -1
    outer loop
      vertex -32 13.4621 -2
      vertex -32.9805 16.3338 -2
      vertex -32.5769 16.5084 -2
    endloop
  endfacet
  facet normal 0 0 -1
    outer loop
      vertex -35.1028 14.7918 -2
      vertex -32.9159 12.7382 -2
      vertex -33.0821 12.5497 -2
    endloop
  endfacet
  facet normal 0 0 -1
    outer loop
      vertex -35.3936 14.462 -2
      vertex -33.0821 12.5497 -2
      vertex -33.2361 12.3511 -2
    endloop
  endfacet
  facet normal 0 0 -1
    outer loop
      vertex -32 13.4621 -2
      vertex -33.3723 16.1341 -2
      vertex -32.9805 16.3338 -2
    endloop
  endfacet
  facet normal 0 0 -1
    outer loop
      vertex -35.6631 14.1145 -2
      vertex -33.2361 12.3511 -2
      vertex -33.3773 12.1433 -2
    endloop
  endfacet
  facet normal 0 0 -1
    outer loop
      vertex -35.9103 13.7508 -2
      vertex -33.3773 12.1433 -2
      vertex -33.5052 11.927 -2
    endloop
  endfacet
  facet normal 0 0 -1
    outer loop
      vertex -36.1341 13.3723 -2
      vertex -33.5052 11.927 -2
      vertex -33.6193 11.7031 -2
    endloop
  endfacet
  facet normal 0 0 -1
    outer loop
      vertex -36.3338 12.9805 -2
      vertex -33.6193 11.7031 -2
      vertex -33.7191 11.4725 -2
    endloop
  endfacet
  facet normal 0 0 -1
    outer loop
      vertex -32 13.4621 -2
      vertex -33.7508 15.9103 -2
      vertex -33.3723 16.1341 -2
    endloop
  endfacet
  facet normal 0 0 -1
    outer loop
      vertex -36.5084 12.5769 -2
      vertex -33.7191 11.4725 -2
      vertex -33.8042 11.2361 -2
    endloop
  endfacet
  facet normal 0 0 -1
    outer loop
      vertex -36.6574 12.1631 -2
      vertex -33.8042 11.2361 -2
      vertex -33.8743 10.9948 -2
    endloop
  endfacet
  facet normal 0 0 -1
    outer loop
      vertex -36.7801 11.7408 -2
      vertex -33.8743 10.9948 -2
      vertex -33.9291 10.7495 -2
    endloop
  endfacet
  facet normal 0 0 -1
    outer loop
      vertex -36.876 11.3117 -2
      vertex -33.9291 10.7495 -2
      vertex -33.9685 10.5013 -2
    endloop
  endfacet
  facet normal 0 0 -1
    outer loop
      vertex -36.9448 10.8773 -2
      vertex -33.9685 10.5013 -2
      vertex -33.9921 10.2512 -2
    endloop
  endfacet
  facet normal 0 0 -1
    outer loop
      vertex -32.3511 13.2361 -2
      vertex -34.1145 15.6631 -2
      vertex -33.7508 15.9103 -2
    endloop
  endfacet
  facet normal 0 0 -1
    outer loop
      vertex -36.9862 10.4395 -2
      vertex -33.9921 10.2512 -2
      vertex -34 10 -2
    endloop
  endfacet
  facet normal 0 0 -1
    outer loop
      vertex -36.3338 7.01954 -2
      vertex -33.6193 8.29688 -2
      vertex -36.1341 6.62772 -2
    endloop
  endfacet
  facet normal -0 0 -1
    outer loop
      vertex -33.6193 8.29688 -2
      vertex -36.3338 7.01954 -2
      vertex -33.7191 8.5275 -2
    endloop
  endfacet
  facet normal 0 0 -1
    outer loop
      vertex -32.5497 13.0821 -2
      vertex -34.462 15.3936 -2
      vertex -34.1145 15.6631 -2
    endloop
  endfacet
  facet normal 0 0 -1
    outer loop
      vertex -36.5084 7.42313 -2
      vertex -33.7191 8.5275 -2
      vertex -36.3338 7.01954 -2
    endloop
  endfacet
  facet normal 0 0 -1
    outer loop
      vertex -32.7382 12.9159 -2
      vertex -34.7918 15.1028 -2
      vertex -34.462 15.3936 -2
    endloop
  endfacet
  facet normal -0 0 -1
    outer loop
      vertex -33.7191 8.5275 -2
      vertex -36.5084 7.42313 -2
      vertex -33.8042 8.76393 -2
    endloop
  endfacet
  facet normal 0 0 -1
    outer loop
      vertex -32.9159 12.7382 -2
      vertex -35.1028 14.7918 -2
      vertex -34.7918 15.1028 -2
    endloop
  endfacet
  facet normal 0 0 -1
    outer loop
      vertex -36.6574 7.83688 -2
      vertex -33.8042 8.76393 -2
      vertex -36.5084 7.42313 -2
    endloop
  endfacet
  facet normal 0 0 -1
    outer loop
      vertex -33.0821 12.5497 -2
      vertex -35.3936 14.462 -2
      vertex -35.1028 14.7918 -2
    endloop
  endfacet
  facet normal -0 0 -1
    outer loop
      vertex -33.8042 8.76393 -2
      vertex -36.6574 7.83688 -2
      vertex -33.8743 9.00524 -2
    endloop
  endfacet
  facet normal 0 0 -1
    outer loop
      vertex -33.2361 12.3511 -2
      vertex -35.6631 14.1145 -2
      vertex -35.3936 14.462 -2
    endloop
  endfacet
  facet normal 0 0 -1
    outer loop
      vertex -36.7801 8.25917 -2
      vertex -33.8743 9.00524 -2
      vertex -36.6574 7.83688 -2
    endloop
  endfacet
  facet normal 0 0 -1
    outer loop
      vertex -33.3773 12.1433 -2
      vertex -35.9103 13.7508 -2
      vertex -35.6631 14.1145 -2
    endloop
  endfacet
  facet normal -0 0 -1
    outer loop
      vertex -33.8743 9.00524 -2
      vertex -36.7801 8.25917 -2
      vertex -33.9291 9.25047 -2
    endloop
  endfacet
  facet normal 0 0 -1
    outer loop
      vertex -33.5052 11.927 -2
      vertex -36.1341 13.3723 -2
      vertex -35.9103 13.7508 -2
    endloop
  endfacet
  facet normal 0 0 -1
    outer loop
      vertex -36.876 8.68833 -2
      vertex -33.9291 9.25047 -2
      vertex -36.7801 8.25917 -2
    endloop
  endfacet
  facet normal 0 0 -1
    outer loop
      vertex -33.6193 11.7031 -2
      vertex -36.3338 12.9805 -2
      vertex -36.1341 13.3723 -2
    endloop
  endfacet
  facet normal -0 0 -1
    outer loop
      vertex -33.9291 9.25047 -2
      vertex -36.876 8.68833 -2
      vertex -33.9685 9.49867 -2
    endloop
  endfacet
  facet normal 0 0 -1
    outer loop
      vertex -33.7191 11.4725 -2
      vertex -36.5084 12.5769 -2
      vertex -36.3338 12.9805 -2
    endloop
  endfacet
  facet normal 0 0 -1
    outer loop
      vertex -36.9448 9.12267 -2
      vertex -33.9685 9.49867 -2
      vertex -36.876 8.68833 -2
    endloop
  endfacet
  facet normal 0 0 -1
    outer loop
      vertex -33.8042 11.2361 -2
      vertex -36.6574 12.1631 -2
      vertex -36.5084 12.5769 -2
    endloop
  endfacet
  facet normal -0 0 -1
    outer loop
      vertex -33.9685 9.49867 -2
      vertex -36.9448 9.12267 -2
      vertex -33.9921 9.74884 -2
    endloop
  endfacet
  facet normal 0 0 -1
    outer loop
      vertex -33.8743 10.9948 -2
      vertex -36.7801 11.7408 -2
      vertex -36.6574 12.1631 -2
    endloop
  endfacet
  facet normal 0 0 -1
    outer loop
      vertex -36.9862 9.56047 -2
      vertex -33.9921 9.74884 -2
      vertex -36.9448 9.12267 -2
    endloop
  endfacet
  facet normal 0 0 -1
    outer loop
      vertex -33.9291 10.7495 -2
      vertex -36.876 11.3117 -2
      vertex -36.7801 11.7408 -2
    endloop
  endfacet
  facet normal -0 0 -1
    outer loop
      vertex -33.9921 9.74884 -2
      vertex -36.9862 9.56047 -2
      vertex -34 10 -2
    endloop
  endfacet
  facet normal 0 0 -1
    outer loop
      vertex -33.9685 10.5013 -2
      vertex -36.9448 10.8773 -2
      vertex -36.876 11.3117 -2
    endloop
  endfacet
  facet normal 0 0 -1
    outer loop
      vertex -37 10 -2
      vertex -34 10 -2
      vertex -36.9862 9.56047 -2
    endloop
  endfacet
  facet normal 0 0 -1
    outer loop
      vertex -33.9921 10.2512 -2
      vertex -36.9862 10.4395 -2
      vertex -36.9448 10.8773 -2
    endloop
  endfacet
  facet normal 0 0 -1
    outer loop
      vertex -34 10 -2
      vertex -37 10 -2
      vertex -36.9862 10.4395 -2
    endloop
  endfacet
  facet normal -1 0 0
    outer loop
      vertex -30 -3 -2
      vertex -30 3 2
      vertex -30 3 -2
    endloop
  endfacet
  facet normal -1 -0 0
    outer loop
      vertex -30 3 2
      vertex -30 -3 -2
      vertex -30 -3 2
    endloop
  endfacet
  facet normal 0 1 -0
    outer loop
      vertex 23 10 -2
      vertex 17 10 2
      vertex 23 10 2
    endloop
  endfacet
  facet normal 0 1 0
    outer loop
      vertex 17 10 2
      vertex 23 10 -2
      vertex 17 10 -2
    endloop
  endfacet
  facet normal 0 1 -0
    outer loop
      vertex 13 10 -2
      vertex -23 10 2
      vertex 13 10 2
    endloop
  endfacet
  facet normal 0 1 0
    outer loop
      vertex -23 10 2
      vertex 13 10 -2
      vertex -23 10 -2
    endloop
  endfacet
  facet normal 0 -1 0
    outer loop
      vertex -23 -10 -2
      vertex -17 -10 2
      vertex -23 -10 2
    endloop
  endfacet
  facet normal 0 -1 -0
    outer loop
      vertex -17 -10 2
      vertex -23 -10 -2
      vertex -17 -10 -2
    endloop
  endfacet
  facet normal 0 -1 0
    outer loop
      vertex -13 -10 -2
      vertex 23 -10 2
      vertex -13 -10 2
    endloop
  endfacet
  facet normal 0 -1 -0
    outer loop
      vertex 23 -10 2
      vertex -13 -10 -2
      vertex 23 -10 -2
    endloop
  endfacet
  facet normal 0.995559 0.0941437 0
    outer loop
      vertex 36.9862 10.4395 2
      vertex 36.9448 10.8773 -2
      vertex 36.9448 10.8773 2
    endloop
  endfacet
  facet normal 0.995559 0.0941437 0
    outer loop
      vertex 36.9448 10.8773 -2
      vertex 36.9862 10.4395 2
      vertex 36.9862 10.4395 -2
    endloop
  endfacet
  facet normal 0.999507 0.0313839 0
    outer loop
      vertex 37 10 2
      vertex 36.9862 10.4395 -2
      vertex 36.9862 10.4395 2
    endloop
  endfacet
  facet normal 0.999507 0.0313839 0
    outer loop
      vertex 36.9862 10.4395 -2
      vertex 37 10 2
      vertex 37 10 -2
    endloop
  endfacet
  facet normal 0.612881 -0.790176 0
    outer loop
      vertex 34.1145 4.33688 -2
      vertex 34.462 4.60641 2
      vertex 34.1145 4.33688 2
    endloop
  endfacet
  facet normal 0.612881 -0.790176 0
    outer loop
      vertex 34.462 4.60641 2
      vertex 34.1145 4.33688 -2
      vertex 34.462 4.60641 -2
    endloop
  endfacet
  facet normal 0.0941212 -0.995561 0
    outer loop
      vertex 30.4395 3.01381 -2
      vertex 30.8773 3.0552 2
      vertex 30.4395 3.01381 2
    endloop
  endfacet
  facet normal 0.0941212 -0.995561 0
    outer loop
      vertex 30.8773 3.0552 2
      vertex 30.4395 3.01381 -2
      vertex 30.8773 3.0552 -2
    endloop
  endfacet
  facet normal 0.218175 -0.97591 0
    outer loop
      vertex 31.3117 3.12399 -2
      vertex 31.7408 3.21992 2
      vertex 31.3117 3.12399 2
    endloop
  endfacet
  facet normal 0.218175 -0.97591 0
    outer loop
      vertex 31.7408 3.21992 2
      vertex 31.3117 3.12399 -2
      vertex 31.7408 3.21992 -2
    endloop
  endfacet
  facet normal 0.750063 0.661366 0
    outer loop
      vertex 35.3936 14.462 2
      vertex 35.1028 14.7918 -2
      vertex 35.1028 14.7918 2
    endloop
  endfacet
  facet normal 0.750063 0.661366 0
    outer loop
      vertex 35.1028 14.7918 -2
      vertex 35.3936 14.462 2
      vertex 35.3936 14.462 -2
    endloop
  endfacet
  facet normal 0.278971 -0.960299 0
    outer loop
      vertex 31.7408 3.21992 -2
      vertex 32.1631 3.3426 2
      vertex 31.7408 3.21992 2
    endloop
  endfacet
  facet normal 0.278971 -0.960299 0
    outer loop
      vertex 32.1631 3.3426 2
      vertex 31.7408 3.21992 -2
      vertex 32.1631 3.3426 -2
    endloop
  endfacet
  facet normal 0.454005 -0.890999 0
    outer loop
      vertex 32.9805 3.66621 -2
      vertex 33.3723 3.86585 2
      vertex 32.9805 3.66621 2
    endloop
  endfacet
  facet normal 0.454005 -0.890999 0
    outer loop
      vertex 33.3723 3.86585 2
      vertex 32.9805 3.66621 -2
      vertex 33.3723 3.86585 -2
    endloop
  endfacet
  facet normal -0.707107 0.707107 0
    outer loop
      vertex 24.8972 14.7918 -2
      vertex 25.2082 15.1028 2
      vertex 25.2082 15.1028 -2
    endloop
  endfacet
  facet normal -0.707107 0.707107 0
    outer loop
      vertex 25.2082 15.1028 2
      vertex 24.8972 14.7918 -2
      vertex 24.8972 14.7918 2
    endloop
  endfacet
  facet normal -0.661366 0.750063 0
    outer loop
      vertex 25.538 15.3936 -2
      vertex 25.2082 15.1028 2
      vertex 25.538 15.3936 2
    endloop
  endfacet
  facet normal -0.661366 0.750063 0
    outer loop
      vertex 25.2082 15.1028 2
      vertex 25.538 15.3936 -2
      vertex 25.2082 15.1028 -2
    endloop
  endfacet
  facet normal 0.975924 0.21811 0
    outer loop
      vertex 36.876 11.3117 2
      vertex 36.7801 11.7408 -2
      vertex 36.7801 11.7408 2
    endloop
  endfacet
  facet normal 0.975924 0.21811 0
    outer loop
      vertex 36.7801 11.7408 -2
      vertex 36.876 11.3117 2
      vertex 36.876 11.3117 -2
    endloop
  endfacet
  facet normal 0.960287 0.279013 0
    outer loop
      vertex 36.7801 11.7408 2
      vertex 36.6574 12.1631 -2
      vertex 36.6574 12.1631 2
    endloop
  endfacet
  facet normal 0.960287 0.279013 0
    outer loop
      vertex 36.6574 12.1631 -2
      vertex 36.7801 11.7408 2
      vertex 36.7801 11.7408 -2
    endloop
  endfacet
  facet normal -0.890944 0.454113 0
    outer loop
      vertex 23.6662 12.9805 -2
      vertex 23.8659 13.3723 2
      vertex 23.8659 13.3723 -2
    endloop
  endfacet
  facet normal -0.890944 0.454113 0
    outer loop
      vertex 23.8659 13.3723 2
      vertex 23.6662 12.9805 -2
      vertex 23.6662 12.9805 2
    endloop
  endfacet
  facet normal 0.790209 0.612838 0
    outer loop
      vertex 35.6631 14.1145 2
      vertex 35.3936 14.462 -2
      vertex 35.3936 14.462 2
    endloop
  endfacet
  facet normal 0.790209 0.612838 0
    outer loop
      vertex 35.3936 14.462 -2
      vertex 35.6631 14.1145 2
      vertex 35.6631 14.1145 -2
    endloop
  endfacet
  facet normal -0.338784 0.940864 0
    outer loop
      vertex 27.8369 16.6574 -2
      vertex 27.4231 16.5084 2
      vertex 27.8369 16.6574 2
    endloop
  endfacet
  facet normal -0.338784 0.940864 0
    outer loop
      vertex 27.4231 16.5084 2
      vertex 27.8369 16.6574 -2
      vertex 27.4231 16.5084 -2
    endloop
  endfacet
  facet normal 0.975931 -0.218081 0
    outer loop
      vertex 36.7801 8.25917 2
      vertex 36.876 8.68833 -2
      vertex 36.876 8.68833 2
    endloop
  endfacet
  facet normal 0.975931 -0.218081 0
    outer loop
      vertex 36.876 8.68833 -2
      vertex 36.7801 8.25917 2
      vertex 36.7801 8.25917 -2
    endloop
  endfacet
  facet normal 0.0314066 -0.999507 0
    outer loop
      vertex 30 3 -2
      vertex 30.4395 3.01381 2
      vertex 30 3 2
    endloop
  endfacet
  facet normal 0.0314066 -0.999507 0
    outer loop
      vertex 30.4395 3.01381 2
      vertex 30 3 -2
      vertex 30.4395 3.01381 -2
    endloop
  endfacet
  facet normal 0.890953 -0.454095 0
    outer loop
      vertex 36.1341 6.62772 2
      vertex 36.3338 7.01954 -2
      vertex 36.3338 7.01954 2
    endloop
  endfacet
  facet normal 0.890953 -0.454095 0
    outer loop
      vertex 36.3338 7.01954 -2
      vertex 36.1341 6.62772 2
      vertex 36.1341 6.62772 -2
    endloop
  endfacet
  facet normal 0.397046 0.917799 -0
    outer loop
      vertex 32.9805 16.3338 -2
      vertex 32.5769 16.5084 2
      vertex 32.9805 16.3338 2
    endloop
  endfacet
  facet normal 0.397046 0.917799 0
    outer loop
      vertex 32.5769 16.5084 2
      vertex 32.9805 16.3338 -2
      vertex 32.5769 16.5084 -2
    endloop
  endfacet
  facet normal 0.999507 -0.0313817 0
    outer loop
      vertex 36.9862 9.56047 2
      vertex 37 10 -2
      vertex 37 10 2
    endloop
  endfacet
  facet normal 0.999507 -0.0313817 0
    outer loop
      vertex 37 10 -2
      vertex 36.9862 9.56047 2
      vertex 36.9862 9.56047 -2
    endloop
  endfacet
  facet normal -0.397046 0.917799 0
    outer loop
      vertex 27.4231 16.5084 -2
      vertex 27.0195 16.3338 2
      vertex 27.4231 16.5084 2
    endloop
  endfacet
  facet normal -0.397046 0.917799 0
    outer loop
      vertex 27.0195 16.3338 2
      vertex 27.4231 16.5084 -2
      vertex 27.0195 16.3338 -2
    endloop
  endfacet
  facet normal 0.338703 -0.940893 0
    outer loop
      vertex 32.1631 3.3426 -2
      vertex 32.5769 3.49156 2
      vertex 32.1631 3.3426 2
    endloop
  endfacet
  facet normal 0.338703 -0.940893 0
    outer loop
      vertex 32.5769 3.49156 2
      vertex 32.1631 3.3426 -2
      vertex 32.5769 3.49156 -2
    endloop
  endfacet
  facet normal 0.661379 -0.750052 0
    outer loop
      vertex 34.462 4.60641 -2
      vertex 34.7918 4.89722 2
      vertex 34.462 4.60641 2
    endloop
  endfacet
  facet normal 0.661379 -0.750052 0
    outer loop
      vertex 34.7918 4.89722 2
      vertex 34.462 4.60641 -2
      vertex 34.7918 4.89722 -2
    endloop
  endfacet
  facet normal -0.454113 0.890944 0
    outer loop
      vertex 27.0195 16.3338 -2
      vertex 26.6277 16.1341 2
      vertex 27.0195 16.3338 2
    endloop
  endfacet
  facet normal -0.454113 0.890944 0
    outer loop
      vertex 26.6277 16.1341 2
      vertex 27.0195 16.3338 -2
      vertex 26.6277 16.1341 -2
    endloop
  endfacet
  facet normal 0.338784 0.940864 -0
    outer loop
      vertex 32.5769 16.5084 -2
      vertex 32.1631 16.6574 2
      vertex 32.5769 16.5084 2
    endloop
  endfacet
  facet normal 0.338784 0.940864 0
    outer loop
      vertex 32.1631 16.6574 2
      vertex 32.5769 16.5084 -2
      vertex 32.1631 16.6574 -2
    endloop
  endfacet
  facet normal 0.917795 -0.397054 0
    outer loop
      vertex 36.3338 7.01954 2
      vertex 36.5084 7.42313 -2
      vertex 36.5084 7.42313 2
    endloop
  endfacet
  facet normal 0.917795 -0.397054 0
    outer loop
      vertex 36.5084 7.42313 -2
      vertex 36.3338 7.01954 2
      vertex 36.3338 7.01954 -2
    endloop
  endfacet
  facet normal 0.70705 -0.707164 0
    outer loop
      vertex 34.7918 4.89722 2
      vertex 35.1028 5.20817 -2
      vertex 35.1028 5.20817 2
    endloop
  endfacet
  facet normal 0.70705 -0.707164 0
    outer loop
      vertex 35.1028 5.20817 -2
      vertex 34.7918 4.89722 2
      vertex 34.7918 4.89722 -2
    endloop
  endfacet
  facet normal 0.750123 -0.661298 0
    outer loop
      vertex 35.1028 5.20817 2
      vertex 35.3936 5.53803 -2
      vertex 35.3936 5.53803 2
    endloop
  endfacet
  facet normal 0.750123 -0.661298 0
    outer loop
      vertex 35.3936 5.53803 -2
      vertex 35.1028 5.20817 2
      vertex 35.1028 5.20817 -2
    endloop
  endfacet
  facet normal 0.156407 -0.987693 0
    outer loop
      vertex 30.8773 3.0552 -2
      vertex 31.3117 3.12399 2
      vertex 30.8773 3.0552 2
    endloop
  endfacet
  facet normal 0.156407 -0.987693 0
    outer loop
      vertex 31.3117 3.12399 2
      vertex 30.8773 3.0552 -2
      vertex 31.3117 3.12399 -2
    endloop
  endfacet
  facet normal -0.56213 0.827049 0
    outer loop
      vertex 26.2492 15.9103 -2
      vertex 25.8855 15.6631 2
      vertex 26.2492 15.9103 2
    endloop
  endfacet
  facet normal -0.56213 0.827049 0
    outer loop
      vertex 25.8855 15.6631 2
      vertex 26.2492 15.9103 -2
      vertex 25.8855 15.6631 -2
    endloop
  endfacet
  facet normal -0.860786 0.508967 0
    outer loop
      vertex 23.8659 13.3723 -2
      vertex 24.0897 13.7508 2
      vertex 24.0897 13.7508 -2
    endloop
  endfacet
  facet normal -0.860786 0.508967 0
    outer loop
      vertex 24.0897 13.7508 2
      vertex 23.8659 13.3723 -2
      vertex 23.8659 13.3723 2
    endloop
  endfacet
  facet normal 0.707107 0.707107 0
    outer loop
      vertex 35.1028 14.7918 2
      vertex 34.7918 15.1028 -2
      vertex 34.7918 15.1028 2
    endloop
  endfacet
  facet normal 0.707107 0.707107 0
    outer loop
      vertex 34.7918 15.1028 -2
      vertex 35.1028 14.7918 2
      vertex 35.1028 14.7918 -2
    endloop
  endfacet
  facet normal 0.860786 0.508967 0
    outer loop
      vertex 36.1341 13.3723 2
      vertex 35.9103 13.7508 -2
      vertex 35.9103 13.7508 2
    endloop
  endfacet
  facet normal 0.860786 0.508967 0
    outer loop
      vertex 35.9103 13.7508 -2
      vertex 36.1341 13.3723 2
      vertex 36.1341 13.3723 -2
    endloop
  endfacet
  facet normal 0.940864 0.338784 0
    outer loop
      vertex 36.6574 12.1631 2
      vertex 36.5084 12.5769 -2
      vertex 36.5084 12.5769 2
    endloop
  endfacet
  facet normal 0.940864 0.338784 0
    outer loop
      vertex 36.5084 12.5769 -2
      vertex 36.6574 12.1631 2
      vertex 36.6574 12.1631 -2
    endloop
  endfacet
  facet normal -0.279073 0.96027 0
    outer loop
      vertex 28 16.7048 -2
      vertex 27.8369 16.6574 2
      vertex 28 16.7048 2
    endloop
  endfacet
  facet normal -0.279073 0.96027 0
    outer loop
      vertex 27.8369 16.6574 2
      vertex 28 16.7048 -2
      vertex 27.8369 16.6574 -2
    endloop
  endfacet
  facet normal -0.975924 0.21811 0
    outer loop
      vertex 23.124 11.3117 -2
      vertex 23.2199 11.7408 2
      vertex 23.2199 11.7408 -2
    endloop
  endfacet
  facet normal -0.975924 0.21811 0
    outer loop
      vertex 23.2199 11.7408 2
      vertex 23.124 11.3117 -2
      vertex 23.124 11.3117 2
    endloop
  endfacet
  facet normal 0.612838 0.790209 -0
    outer loop
      vertex 34.462 15.3936 -2
      vertex 34.1145 15.6631 2
      vertex 34.462 15.3936 2
    endloop
  endfacet
  facet normal 0.612838 0.790209 0
    outer loop
      vertex 34.1145 15.6631 2
      vertex 34.462 15.3936 -2
      vertex 34.1145 15.6631 -2
    endloop
  endfacet
  facet normal 0.960286 -0.279019 0
    outer loop
      vertex 36.6574 7.83688 2
      vertex 36.7801 8.25917 -2
      vertex 36.7801 8.25917 2
    endloop
  endfacet
  facet normal 0.960286 -0.279019 0
    outer loop
      vertex 36.7801 8.25917 -2
      vertex 36.6574 7.83688 2
      vertex 36.6574 7.83688 -2
    endloop
  endfacet
  facet normal 0.56213 0.827049 -0
    outer loop
      vertex 34.1145 15.6631 -2
      vertex 33.7508 15.9103 2
      vertex 34.1145 15.6631 2
    endloop
  endfacet
  facet normal 0.56213 0.827049 0
    outer loop
      vertex 33.7508 15.9103 2
      vertex 34.1145 15.6631 -2
      vertex 33.7508 15.9103 -2
    endloop
  endfacet
  facet normal 0.890944 0.454113 0
    outer loop
      vertex 36.3338 12.9805 2
      vertex 36.1341 13.3723 -2
      vertex 36.1341 13.3723 2
    endloop
  endfacet
  facet normal 0.890944 0.454113 0
    outer loop
      vertex 36.1341 13.3723 -2
      vertex 36.3338 12.9805 2
      vertex 36.3338 12.9805 -2
    endloop
  endfacet
  facet normal -0.612838 0.790209 0
    outer loop
      vertex 25.8855 15.6631 -2
      vertex 25.538 15.3936 2
      vertex 25.8855 15.6631 2
    endloop
  endfacet
  facet normal -0.612838 0.790209 0
    outer loop
      vertex 25.538 15.3936 2
      vertex 25.8855 15.6631 -2
      vertex 25.538 15.3936 -2
    endloop
  endfacet
  facet normal -0.987689 0.15643 0
    outer loop
      vertex 23.0552 10.8773 -2
      vertex 23.124 11.3117 2
      vertex 23.124 11.3117 -2
    endloop
  endfacet
  facet normal -0.987689 0.15643 0
    outer loop
      vertex 23.124 11.3117 2
      vertex 23.0552 10.8773 -2
      vertex 23.0552 10.8773 2
    endloop
  endfacet
  facet normal 0.562099 -0.82707 0
    outer loop
      vertex 33.7508 4.0897 -2
      vertex 34.1145 4.33688 2
      vertex 33.7508 4.0897 2
    endloop
  endfacet
  facet normal 0.562099 -0.82707 0
    outer loop
      vertex 34.1145 4.33688 2
      vertex 33.7508 4.0897 -2
      vertex 34.1145 4.33688 -2
    endloop
  endfacet
  facet normal 0.917799 0.397046 0
    outer loop
      vertex 36.5084 12.5769 2
      vertex 36.3338 12.9805 -2
      vertex 36.3338 12.9805 2
    endloop
  endfacet
  facet normal 0.917799 0.397046 0
    outer loop
      vertex 36.3338 12.9805 -2
      vertex 36.5084 12.5769 2
      vertex 36.5084 12.5769 -2
    endloop
  endfacet
  facet normal 0.995559 -0.0941437 0
    outer loop
      vertex 36.9448 9.12267 2
      vertex 36.9862 9.56047 -2
      vertex 36.9862 9.56047 2
    endloop
  endfacet
  facet normal 0.995559 -0.0941437 0
    outer loop
      vertex 36.9862 9.56047 -2
      vertex 36.9448 9.12267 2
      vertex 36.9448 9.12267 -2
    endloop
  endfacet
  facet normal 0.661366 0.750063 -0
    outer loop
      vertex 34.7918 15.1028 -2
      vertex 34.462 15.3936 2
      vertex 34.7918 15.1028 2
    endloop
  endfacet
  facet normal 0.661366 0.750063 0
    outer loop
      vertex 34.462 15.3936 2
      vertex 34.7918 15.1028 -2
      vertex 34.462 15.3936 -2
    endloop
  endfacet
  facet normal 0.509051 -0.860736 0
    outer loop
      vertex 33.3723 3.86585 -2
      vertex 33.7508 4.0897 2
      vertex 33.3723 3.86585 2
    endloop
  endfacet
  facet normal 0.509051 -0.860736 0
    outer loop
      vertex 33.7508 4.0897 2
      vertex 33.3723 3.86585 -2
      vertex 33.7508 4.0897 -2
    endloop
  endfacet
  facet normal -0.940864 0.338784 0
    outer loop
      vertex 23.3426 12.1631 -2
      vertex 23.4916 12.5769 2
      vertex 23.4916 12.5769 -2
    endloop
  endfacet
  facet normal -0.940864 0.338784 0
    outer loop
      vertex 23.4916 12.5769 2
      vertex 23.3426 12.1631 -2
      vertex 23.3426 12.1631 2
    endloop
  endfacet
  facet normal 0.454113 0.890944 -0
    outer loop
      vertex 33.3723 16.1341 -2
      vertex 32.9805 16.3338 2
      vertex 33.3723 16.1341 2
    endloop
  endfacet
  facet normal 0.454113 0.890944 0
    outer loop
      vertex 32.9805 16.3338 2
      vertex 33.3723 16.1341 -2
      vertex 32.9805 16.3338 -2
    endloop
  endfacet
  facet normal -0.917799 0.397046 0
    outer loop
      vertex 23.4916 12.5769 -2
      vertex 23.6662 12.9805 2
      vertex 23.6662 12.9805 -2
    endloop
  endfacet
  facet normal -0.917799 0.397046 0
    outer loop
      vertex 23.6662 12.9805 2
      vertex 23.4916 12.5769 -2
      vertex 23.4916 12.5769 2
    endloop
  endfacet
  facet normal 0.940851 -0.33882 0
    outer loop
      vertex 36.5084 7.42313 2
      vertex 36.6574 7.83688 -2
      vertex 36.6574 7.83688 2
    endloop
  endfacet
  facet normal 0.940851 -0.33882 0
    outer loop
      vertex 36.6574 7.83688 -2
      vertex 36.5084 7.42313 2
      vertex 36.5084 7.42313 -2
    endloop
  endfacet
  facet normal 0.790183 -0.612871 0
    outer loop
      vertex 35.3936 5.53803 2
      vertex 35.6631 5.8855 -2
      vertex 35.6631 5.8855 2
    endloop
  endfacet
  facet normal 0.790183 -0.612871 0
    outer loop
      vertex 35.6631 5.8855 -2
      vertex 35.3936 5.53803 2
      vertex 35.3936 5.53803 -2
    endloop
  endfacet
  facet normal 0.279073 0.96027 -0
    outer loop
      vertex 32.1631 16.6574 -2
      vertex 32 16.7048 2
      vertex 32.1631 16.6574 2
    endloop
  endfacet
  facet normal 0.279073 0.96027 0
    outer loop
      vertex 32 16.7048 2
      vertex 32.1631 16.6574 -2
      vertex 32 16.7048 -2
    endloop
  endfacet
  facet normal -0.960287 0.279013 0
    outer loop
      vertex 23.2199 11.7408 -2
      vertex 23.3426 12.1631 2
      vertex 23.3426 12.1631 -2
    endloop
  endfacet
  facet normal -0.960287 0.279013 0
    outer loop
      vertex 23.3426 12.1631 2
      vertex 23.2199 11.7408 -2
      vertex 23.2199 11.7408 2
    endloop
  endfacet
  facet normal 0.508967 0.860786 -0
    outer loop
      vertex 33.7508 15.9103 -2
      vertex 33.3723 16.1341 2
      vertex 33.7508 15.9103 2
    endloop
  endfacet
  facet normal 0.508967 0.860786 0
    outer loop
      vertex 33.3723 16.1341 2
      vertex 33.7508 15.9103 -2
      vertex 33.3723 16.1341 -2
    endloop
  endfacet
  facet normal 0.827049 0.56213 0
    outer loop
      vertex 35.9103 13.7508 2
      vertex 35.6631 14.1145 -2
      vertex 35.6631 14.1145 2
    endloop
  endfacet
  facet normal 0.827049 0.56213 0
    outer loop
      vertex 35.6631 14.1145 -2
      vertex 35.9103 13.7508 2
      vertex 35.9103 13.7508 -2
    endloop
  endfacet
  facet normal 0.987689 0.15643 0
    outer loop
      vertex 36.9448 10.8773 2
      vertex 36.876 11.3117 -2
      vertex 36.876 11.3117 2
    endloop
  endfacet
  facet normal 0.987689 0.15643 0
    outer loop
      vertex 36.876 11.3117 -2
      vertex 36.9448 10.8773 2
      vertex 36.9448 10.8773 -2
    endloop
  endfacet
  facet normal -0.508967 0.860786 0
    outer loop
      vertex 26.6277 16.1341 -2
      vertex 26.2492 15.9103 2
      vertex 26.6277 16.1341 2
    endloop
  endfacet
  facet normal -0.508967 0.860786 0
    outer loop
      vertex 26.2492 15.9103 2
      vertex 26.6277 16.1341 -2
      vertex 26.2492 15.9103 -2
    endloop
  endfacet
  facet normal -0.995559 0.0941437 0
    outer loop
      vertex 23.0138 10.4395 -2
      vertex 23.0552 10.8773 2
      vertex 23.0552 10.8773 -2
    endloop
  endfacet
  facet normal -0.995559 0.0941437 0
    outer loop
      vertex 23.0552 10.8773 2
      vertex 23.0138 10.4395 -2
      vertex 23.0138 10.4395 2
    endloop
  endfacet
  facet normal 0.827056 -0.562119 0
    outer loop
      vertex 35.6631 5.8855 2
      vertex 35.9103 6.24921 -2
      vertex 35.9103 6.24921 2
    endloop
  endfacet
  facet normal 0.827056 -0.562119 0
    outer loop
      vertex 35.9103 6.24921 -2
      vertex 35.6631 5.8855 2
      vertex 35.6631 5.8855 -2
    endloop
  endfacet
  facet normal 0.987686 -0.156451 0
    outer loop
      vertex 36.876 8.68833 2
      vertex 36.9448 9.12267 -2
      vertex 36.9448 9.12267 2
    endloop
  endfacet
  facet normal 0.987686 -0.156451 0
    outer loop
      vertex 36.9448 9.12267 -2
      vertex 36.876 8.68833 2
      vertex 36.876 8.68833 -2
    endloop
  endfacet
  facet normal 0.860792 -0.508957 0
    outer loop
      vertex 35.9103 6.24921 2
      vertex 36.1341 6.62772 -2
      vertex 36.1341 6.62772 2
    endloop
  endfacet
  facet normal 0.860792 -0.508957 0
    outer loop
      vertex 36.1341 6.62772 -2
      vertex 35.9103 6.24921 2
      vertex 35.9103 6.24921 -2
    endloop
  endfacet
  facet normal -0.827049 0.56213 0
    outer loop
      vertex 24.0897 13.7508 -2
      vertex 24.3369 14.1145 2
      vertex 24.3369 14.1145 -2
    endloop
  endfacet
  facet normal -0.827049 0.56213 0
    outer loop
      vertex 24.3369 14.1145 2
      vertex 24.0897 13.7508 -2
      vertex 24.0897 13.7508 2
    endloop
  endfacet
  facet normal -0.750063 0.661366 0
    outer loop
      vertex 24.6064 14.462 -2
      vertex 24.8972 14.7918 2
      vertex 24.8972 14.7918 -2
    endloop
  endfacet
  facet normal -0.750063 0.661366 0
    outer loop
      vertex 24.8972 14.7918 2
      vertex 24.6064 14.462 -2
      vertex 24.6064 14.462 2
    endloop
  endfacet
  facet normal -0.790209 0.612838 0
    outer loop
      vertex 24.3369 14.1145 -2
      vertex 24.6064 14.462 2
      vertex 24.6064 14.462 -2
    endloop
  endfacet
  facet normal -0.790209 0.612838 0
    outer loop
      vertex 24.6064 14.462 2
      vertex 24.3369 14.1145 -2
      vertex 24.3369 14.1145 2
    endloop
  endfacet
  facet normal -0.999507 0.0313839 0
    outer loop
      vertex 23 10 -2
      vertex 23.0138 10.4395 2
      vertex 23.0138 10.4395 -2
    endloop
  endfacet
  facet normal -0.999507 0.0313839 0
    outer loop
      vertex 23.0138 10.4395 2
      vertex 23 10 -2
      vertex 23 10 2
    endloop
  endfacet
  facet normal 0.397142 -0.917757 0
    outer loop
      vertex 32.5769 3.49156 -2
      vertex 32.9805 3.66621 2
      vertex 32.5769 3.49156 2
    endloop
  endfacet
  facet normal 0.397142 -0.917757 0
    outer loop
      vertex 32.9805 3.66621 2
      vertex 32.5769 3.49156 -2
      vertex 32.9805 3.66621 -2
    endloop
  endfacet
  facet normal 0.454113 0.890944 -0
    outer loop
      vertex -26.6277 16.1341 -2
      vertex -27.0195 16.3338 2
      vertex -26.6277 16.1341 2
    endloop
  endfacet
  facet normal 0.454113 0.890944 0
    outer loop
      vertex -27.0195 16.3338 2
      vertex -26.6277 16.1341 -2
      vertex -27.0195 16.3338 -2
    endloop
  endfacet
  facet normal 0.995559 0.0941437 0
    outer loop
      vertex -23.0138 10.4395 2
      vertex -23.0552 10.8773 -2
      vertex -23.0552 10.8773 2
    endloop
  endfacet
  facet normal 0.995559 0.0941437 0
    outer loop
      vertex -23.0552 10.8773 -2
      vertex -23.0138 10.4395 2
      vertex -23.0138 10.4395 -2
    endloop
  endfacet
  facet normal 0.999507 0.0313839 0
    outer loop
      vertex -23 10 2
      vertex -23.0138 10.4395 -2
      vertex -23.0138 10.4395 2
    endloop
  endfacet
  facet normal 0.999507 0.0313839 0
    outer loop
      vertex -23.0138 10.4395 -2
      vertex -23 10 2
      vertex -23 10 -2
    endloop
  endfacet
  facet normal -0.70705 -0.707164 0
    outer loop
      vertex -34.7918 4.89722 -2
      vertex -35.1028 5.20817 2
      vertex -35.1028 5.20817 -2
    endloop
  endfacet
  facet normal -0.70705 -0.707164 0
    outer loop
      vertex -35.1028 5.20817 2
      vertex -34.7918 4.89722 -2
      vertex -34.7918 4.89722 2
    endloop
  endfacet
  facet normal -0.999507 -0.0313817 0
    outer loop
      vertex -36.9862 9.56047 -2
      vertex -37 10 2
      vertex -37 10 -2
    endloop
  endfacet
  facet normal -0.999507 -0.0313817 0
    outer loop
      vertex -37 10 2
      vertex -36.9862 9.56047 -2
      vertex -36.9862 9.56047 2
    endloop
  endfacet
  facet normal -0.397046 0.917799 0
    outer loop
      vertex -32.5769 16.5084 -2
      vertex -32.9805 16.3338 2
      vertex -32.5769 16.5084 2
    endloop
  endfacet
  facet normal -0.397046 0.917799 0
    outer loop
      vertex -32.9805 16.3338 2
      vertex -32.5769 16.5084 -2
      vertex -32.9805 16.3338 -2
    endloop
  endfacet
  facet normal -0.508967 0.860786 0
    outer loop
      vertex -33.3723 16.1341 -2
      vertex -33.7508 15.9103 2
      vertex -33.3723 16.1341 2
    endloop
  endfacet
  facet normal -0.508967 0.860786 0
    outer loop
      vertex -33.7508 15.9103 2
      vertex -33.3723 16.1341 -2
      vertex -33.7508 15.9103 -2
    endloop
  endfacet
  facet normal 0.508967 0.860786 -0
    outer loop
      vertex -26.2492 15.9103 -2
      vertex -26.6277 16.1341 2
      vertex -26.2492 15.9103 2
    endloop
  endfacet
  facet normal 0.508967 0.860786 0
    outer loop
      vertex -26.6277 16.1341 2
      vertex -26.2492 15.9103 -2
      vertex -26.6277 16.1341 -2
    endloop
  endfacet
  facet normal 0.661366 0.750063 -0
    outer loop
      vertex -25.2082 15.1028 -2
      vertex -25.538 15.3936 2
      vertex -25.2082 15.1028 2
    endloop
  endfacet
  facet normal 0.661366 0.750063 0
    outer loop
      vertex -25.538 15.3936 2
      vertex -25.2082 15.1028 -2
      vertex -25.538 15.3936 -2
    endloop
  endfacet
  facet normal 0.397046 0.917799 -0
    outer loop
      vertex -27.0195 16.3338 -2
      vertex -27.4231 16.5084 2
      vertex -27.0195 16.3338 2
    endloop
  endfacet
  facet normal 0.397046 0.917799 0
    outer loop
      vertex -27.4231 16.5084 2
      vertex -27.0195 16.3338 -2
      vertex -27.4231 16.5084 -2
    endloop
  endfacet
  facet normal -0.940851 -0.33882 0
    outer loop
      vertex -36.5084 7.42313 -2
      vertex -36.6574 7.83688 2
      vertex -36.6574 7.83688 -2
    endloop
  endfacet
  facet normal -0.940851 -0.33882 0
    outer loop
      vertex -36.6574 7.83688 2
      vertex -36.5084 7.42313 -2
      vertex -36.5084 7.42313 2
    endloop
  endfacet
  facet normal 0.860786 0.508967 0
    outer loop
      vertex -23.8659 13.3723 2
      vertex -24.0897 13.7508 -2
      vertex -24.0897 13.7508 2
    endloop
  endfacet
  facet normal 0.860786 0.508967 0
    outer loop
      vertex -24.0897 13.7508 -2
      vertex -23.8659 13.3723 2
      vertex -23.8659 13.3723 -2
    endloop
  endfacet
  facet normal -0.827049 0.56213 0
    outer loop
      vertex -35.9103 13.7508 -2
      vertex -35.6631 14.1145 2
      vertex -35.6631 14.1145 -2
    endloop
  endfacet
  facet normal -0.827049 0.56213 0
    outer loop
      vertex -35.6631 14.1145 2
      vertex -35.9103 13.7508 -2
      vertex -35.9103 13.7508 2
    endloop
  endfacet
  facet normal -0.890944 0.454113 0
    outer loop
      vertex -36.3338 12.9805 -2
      vertex -36.1341 13.3723 2
      vertex -36.1341 13.3723 -2
    endloop
  endfacet
  facet normal -0.890944 0.454113 0
    outer loop
      vertex -36.1341 13.3723 2
      vertex -36.3338 12.9805 -2
      vertex -36.3338 12.9805 2
    endloop
  endfacet
  facet normal -0.612838 0.790209 0
    outer loop
      vertex -34.1145 15.6631 -2
      vertex -34.462 15.3936 2
      vertex -34.1145 15.6631 2
    endloop
  endfacet
  facet normal -0.612838 0.790209 0
    outer loop
      vertex -34.462 15.3936 2
      vertex -34.1145 15.6631 -2
      vertex -34.462 15.3936 -2
    endloop
  endfacet
  facet normal -0.56213 0.827049 0
    outer loop
      vertex -33.7508 15.9103 -2
      vertex -34.1145 15.6631 2
      vertex -33.7508 15.9103 2
    endloop
  endfacet
  facet normal -0.56213 0.827049 0
    outer loop
      vertex -34.1145 15.6631 2
      vertex -33.7508 15.9103 -2
      vertex -34.1145 15.6631 -2
    endloop
  endfacet
  facet normal 0.975924 0.21811 0
    outer loop
      vertex -23.124 11.3117 2
      vertex -23.2199 11.7408 -2
      vertex -23.2199 11.7408 2
    endloop
  endfacet
  facet normal 0.975924 0.21811 0
    outer loop
      vertex -23.2199 11.7408 -2
      vertex -23.124 11.3117 2
      vertex -23.124 11.3117 -2
    endloop
  endfacet
  facet normal -0.999507 0.0313839 0
    outer loop
      vertex -37 10 -2
      vertex -36.9862 10.4395 2
      vertex -36.9862 10.4395 -2
    endloop
  endfacet
  facet normal -0.999507 0.0313839 0
    outer loop
      vertex -36.9862 10.4395 2
      vertex -37 10 -2
      vertex -37 10 2
    endloop
  endfacet
  facet normal -0.707107 0.707107 0
    outer loop
      vertex -35.1028 14.7918 -2
      vertex -34.7918 15.1028 2
      vertex -34.7918 15.1028 -2
    endloop
  endfacet
  facet normal -0.707107 0.707107 0
    outer loop
      vertex -34.7918 15.1028 2
      vertex -35.1028 14.7918 -2
      vertex -35.1028 14.7918 2
    endloop
  endfacet
  facet normal 0.56213 0.827049 -0
    outer loop
      vertex -25.8855 15.6631 -2
      vertex -26.2492 15.9103 2
      vertex -25.8855 15.6631 2
    endloop
  endfacet
  facet normal 0.56213 0.827049 0
    outer loop
      vertex -26.2492 15.9103 2
      vertex -25.8855 15.6631 -2
      vertex -26.2492 15.9103 -2
    endloop
  endfacet
  facet normal 0.612838 0.790209 -0
    outer loop
      vertex -25.538 15.3936 -2
      vertex -25.8855 15.6631 2
      vertex -25.538 15.3936 2
    endloop
  endfacet
  facet normal 0.612838 0.790209 0
    outer loop
      vertex -25.8855 15.6631 2
      vertex -25.538 15.3936 -2
      vertex -25.8855 15.6631 -2
    endloop
  endfacet
  facet normal 0.917799 0.397046 0
    outer loop
      vertex -23.4916 12.5769 2
      vertex -23.6662 12.9805 -2
      vertex -23.6662 12.9805 2
    endloop
  endfacet
  facet normal 0.917799 0.397046 0
    outer loop
      vertex -23.6662 12.9805 -2
      vertex -23.4916 12.5769 2
      vertex -23.4916 12.5769 -2
    endloop
  endfacet
  facet normal 0.707107 0.707107 0
    outer loop
      vertex -24.8972 14.7918 2
      vertex -25.2082 15.1028 -2
      vertex -25.2082 15.1028 2
    endloop
  endfacet
  facet normal 0.707107 0.707107 0
    outer loop
      vertex -25.2082 15.1028 -2
      vertex -24.8972 14.7918 2
      vertex -24.8972 14.7918 -2
    endloop
  endfacet
  facet normal -0.279073 0.96027 0
    outer loop
      vertex -32 16.7048 -2
      vertex -32.1631 16.6574 2
      vertex -32 16.7048 2
    endloop
  endfacet
  facet normal -0.279073 0.96027 0
    outer loop
      vertex -32.1631 16.6574 2
      vertex -32 16.7048 -2
      vertex -32.1631 16.6574 -2
    endloop
  endfacet
  facet normal -0.278971 -0.960299 0
    outer loop
      vertex -32.1631 3.3426 -2
      vertex -31.7408 3.21992 2
      vertex -32.1631 3.3426 2
    endloop
  endfacet
  facet normal -0.278971 -0.960299 -0
    outer loop
      vertex -31.7408 3.21992 2
      vertex -32.1631 3.3426 -2
      vertex -31.7408 3.21992 -2
    endloop
  endfacet
  facet normal -0.0941212 -0.995561 0
    outer loop
      vertex -30.8773 3.0552 -2
      vertex -30.4395 3.01381 2
      vertex -30.8773 3.0552 2
    endloop
  endfacet
  facet normal -0.0941212 -0.995561 -0
    outer loop
      vertex -30.4395 3.01381 2
      vertex -30.8773 3.0552 -2
      vertex -30.4395 3.01381 -2
    endloop
  endfacet
  facet normal -0.338703 -0.940893 0
    outer loop
      vertex -32.5769 3.49156 -2
      vertex -32.1631 3.3426 2
      vertex -32.5769 3.49156 2
    endloop
  endfacet
  facet normal -0.338703 -0.940893 -0
    outer loop
      vertex -32.1631 3.3426 2
      vertex -32.5769 3.49156 -2
      vertex -32.1631 3.3426 -2
    endloop
  endfacet
  facet normal -0.860792 -0.508957 0
    outer loop
      vertex -35.9103 6.24921 -2
      vertex -36.1341 6.62772 2
      vertex -36.1341 6.62772 -2
    endloop
  endfacet
  facet normal -0.860792 -0.508957 0
    outer loop
      vertex -36.1341 6.62772 2
      vertex -35.9103 6.24921 -2
      vertex -35.9103 6.24921 2
    endloop
  endfacet
  facet normal 0.960287 0.279013 0
    outer loop
      vertex -23.2199 11.7408 2
      vertex -23.3426 12.1631 -2
      vertex -23.3426 12.1631 2
    endloop
  endfacet
  facet normal 0.960287 0.279013 0
    outer loop
      vertex -23.3426 12.1631 -2
      vertex -23.2199 11.7408 2
      vertex -23.2199 11.7408 -2
    endloop
  endfacet
  facet normal -0.509051 -0.860736 0
    outer loop
      vertex -33.7508 4.0897 -2
      vertex -33.3723 3.86585 2
      vertex -33.7508 4.0897 2
    endloop
  endfacet
  facet normal -0.509051 -0.860736 -0
    outer loop
      vertex -33.3723 3.86585 2
      vertex -33.7508 4.0897 -2
      vertex -33.3723 3.86585 -2
    endloop
  endfacet
  facet normal 0.890944 0.454113 0
    outer loop
      vertex -23.6662 12.9805 2
      vertex -23.8659 13.3723 -2
      vertex -23.8659 13.3723 2
    endloop
  endfacet
  facet normal 0.890944 0.454113 0
    outer loop
      vertex -23.8659 13.3723 -2
      vertex -23.6662 12.9805 2
      vertex -23.6662 12.9805 -2
    endloop
  endfacet
  facet normal -0.917795 -0.397054 0
    outer loop
      vertex -36.3338 7.01954 -2
      vertex -36.5084 7.42313 2
      vertex -36.5084 7.42313 -2
    endloop
  endfacet
  facet normal -0.917795 -0.397054 0
    outer loop
      vertex -36.5084 7.42313 2
      vertex -36.3338 7.01954 -2
      vertex -36.3338 7.01954 2
    endloop
  endfacet
  facet normal -0.940864 0.338784 0
    outer loop
      vertex -36.6574 12.1631 -2
      vertex -36.5084 12.5769 2
      vertex -36.5084 12.5769 -2
    endloop
  endfacet
  facet normal -0.940864 0.338784 0
    outer loop
      vertex -36.5084 12.5769 2
      vertex -36.6574 12.1631 -2
      vertex -36.6574 12.1631 2
    endloop
  endfacet
  facet normal -0.562099 -0.82707 0
    outer loop
      vertex -34.1145 4.33688 -2
      vertex -33.7508 4.0897 2
      vertex -34.1145 4.33688 2
    endloop
  endfacet
  facet normal -0.562099 -0.82707 -0
    outer loop
      vertex -33.7508 4.0897 2
      vertex -34.1145 4.33688 -2
      vertex -33.7508 4.0897 -2
    endloop
  endfacet
  facet normal -0.960286 -0.279019 0
    outer loop
      vertex -36.6574 7.83688 -2
      vertex -36.7801 8.25917 2
      vertex -36.7801 8.25917 -2
    endloop
  endfacet
  facet normal -0.960286 -0.279019 0
    outer loop
      vertex -36.7801 8.25917 2
      vertex -36.6574 7.83688 -2
      vertex -36.6574 7.83688 2
    endloop
  endfacet
  facet normal 0.940864 0.338784 0
    outer loop
      vertex -23.3426 12.1631 2
      vertex -23.4916 12.5769 -2
      vertex -23.4916 12.5769 2
    endloop
  endfacet
  facet normal 0.940864 0.338784 0
    outer loop
      vertex -23.4916 12.5769 -2
      vertex -23.3426 12.1631 2
      vertex -23.3426 12.1631 -2
    endloop
  endfacet
  facet normal -0.612881 -0.790176 0
    outer loop
      vertex -34.462 4.60641 -2
      vertex -34.1145 4.33688 2
      vertex -34.462 4.60641 2
    endloop
  endfacet
  facet normal -0.612881 -0.790176 -0
    outer loop
      vertex -34.1145 4.33688 2
      vertex -34.462 4.60641 -2
      vertex -34.1145 4.33688 -2
    endloop
  endfacet
  facet normal 0.827049 0.56213 0
    outer loop
      vertex -24.0897 13.7508 2
      vertex -24.3369 14.1145 -2
      vertex -24.3369 14.1145 2
    endloop
  endfacet
  facet normal 0.827049 0.56213 0
    outer loop
      vertex -24.3369 14.1145 -2
      vertex -24.0897 13.7508 2
      vertex -24.0897 13.7508 -2
    endloop
  endfacet
  facet normal -0.0314066 -0.999507 0
    outer loop
      vertex -30.4395 3.01381 -2
      vertex -30 3 2
      vertex -30.4395 3.01381 2
    endloop
  endfacet
  facet normal -0.0314066 -0.999507 -0
    outer loop
      vertex -30 3 2
      vertex -30.4395 3.01381 -2
      vertex -30 3 -2
    endloop
  endfacet
  facet normal -0.960287 0.279013 0
    outer loop
      vertex -36.7801 11.7408 -2
      vertex -36.6574 12.1631 2
      vertex -36.6574 12.1631 -2
    endloop
  endfacet
  facet normal -0.960287 0.279013 0
    outer loop
      vertex -36.6574 12.1631 2
      vertex -36.7801 11.7408 -2
      vertex -36.7801 11.7408 2
    endloop
  endfacet
  facet normal 0.987689 0.15643 0
    outer loop
      vertex -23.0552 10.8773 2
      vertex -23.124 11.3117 -2
      vertex -23.124 11.3117 2
    endloop
  endfacet
  facet normal 0.987689 0.15643 0
    outer loop
      vertex -23.124 11.3117 -2
      vertex -23.0552 10.8773 2
      vertex -23.0552 10.8773 -2
    endloop
  endfacet
  facet normal -0.750063 0.661366 0
    outer loop
      vertex -35.3936 14.462 -2
      vertex -35.1028 14.7918 2
      vertex -35.1028 14.7918 -2
    endloop
  endfacet
  facet normal -0.750063 0.661366 0
    outer loop
      vertex -35.1028 14.7918 2
      vertex -35.3936 14.462 -2
      vertex -35.3936 14.462 2
    endloop
  endfacet
  facet normal -0.995559 -0.0941437 0
    outer loop
      vertex -36.9448 9.12267 -2
      vertex -36.9862 9.56047 2
      vertex -36.9862 9.56047 -2
    endloop
  endfacet
  facet normal -0.995559 -0.0941437 0
    outer loop
      vertex -36.9862 9.56047 2
      vertex -36.9448 9.12267 -2
      vertex -36.9448 9.12267 2
    endloop
  endfacet
  facet normal -0.790183 -0.612871 0
    outer loop
      vertex -35.3936 5.53803 -2
      vertex -35.6631 5.8855 2
      vertex -35.6631 5.8855 -2
    endloop
  endfacet
  facet normal -0.790183 -0.612871 0
    outer loop
      vertex -35.6631 5.8855 2
      vertex -35.3936 5.53803 -2
      vertex -35.3936 5.53803 2
    endloop
  endfacet
  facet normal -0.987686 -0.156451 0
    outer loop
      vertex -36.876 8.68833 -2
      vertex -36.9448 9.12267 2
      vertex -36.9448 9.12267 -2
    endloop
  endfacet
  facet normal -0.987686 -0.156451 0
    outer loop
      vertex -36.9448 9.12267 2
      vertex -36.876 8.68833 -2
      vertex -36.876 8.68833 2
    endloop
  endfacet
  facet normal 0.338784 0.940864 -0
    outer loop
      vertex -27.4231 16.5084 -2
      vertex -27.8369 16.6574 2
      vertex -27.4231 16.5084 2
    endloop
  endfacet
  facet normal 0.338784 0.940864 0
    outer loop
      vertex -27.8369 16.6574 2
      vertex -27.4231 16.5084 -2
      vertex -27.8369 16.6574 -2
    endloop
  endfacet
  facet normal -0.975924 0.21811 0
    outer loop
      vertex -36.876 11.3117 -2
      vertex -36.7801 11.7408 2
      vertex -36.7801 11.7408 -2
    endloop
  endfacet
  facet normal -0.975924 0.21811 0
    outer loop
      vertex -36.7801 11.7408 2
      vertex -36.876 11.3117 -2
      vertex -36.876 11.3117 2
    endloop
  endfacet
  facet normal -0.790209 0.612838 0
    outer loop
      vertex -35.6631 14.1145 -2
      vertex -35.3936 14.462 2
      vertex -35.3936 14.462 -2
    endloop
  endfacet
  facet normal -0.790209 0.612838 0
    outer loop
      vertex -35.3936 14.462 2
      vertex -35.6631 14.1145 -2
      vertex -35.6631 14.1145 2
    endloop
  endfacet
  facet normal -0.454113 0.890944 0
    outer loop
      vertex -32.9805 16.3338 -2
      vertex -33.3723 16.1341 2
      vertex -32.9805 16.3338 2
    endloop
  endfacet
  facet normal -0.454113 0.890944 0
    outer loop
      vertex -33.3723 16.1341 2
      vertex -32.9805 16.3338 -2
      vertex -33.3723 16.1341 -2
    endloop
  endfacet
  facet normal -0.338784 0.940864 0
    outer loop
      vertex -32.1631 16.6574 -2
      vertex -32.5769 16.5084 2
      vertex -32.1631 16.6574 2
    endloop
  endfacet
  facet normal -0.338784 0.940864 0
    outer loop
      vertex -32.5769 16.5084 2
      vertex -32.1631 16.6574 -2
      vertex -32.5769 16.5084 -2
    endloop
  endfacet
  facet normal -0.661366 0.750063 0
    outer loop
      vertex -34.462 15.3936 -2
      vertex -34.7918 15.1028 2
      vertex -34.462 15.3936 2
    endloop
  endfacet
  facet normal -0.661366 0.750063 0
    outer loop
      vertex -34.7918 15.1028 2
      vertex -34.462 15.3936 -2
      vertex -34.7918 15.1028 -2
    endloop
  endfacet
  facet normal 0.790209 0.612838 0
    outer loop
      vertex -24.3369 14.1145 2
      vertex -24.6064 14.462 -2
      vertex -24.6064 14.462 2
    endloop
  endfacet
  facet normal 0.790209 0.612838 0
    outer loop
      vertex -24.6064 14.462 -2
      vertex -24.3369 14.1145 2
      vertex -24.3369 14.1145 -2
    endloop
  endfacet
  facet normal -0.454005 -0.890999 0
    outer loop
      vertex -33.3723 3.86585 -2
      vertex -32.9805 3.66621 2
      vertex -33.3723 3.86585 2
    endloop
  endfacet
  facet normal -0.454005 -0.890999 -0
    outer loop
      vertex -32.9805 3.66621 2
      vertex -33.3723 3.86585 -2
      vertex -32.9805 3.66621 -2
    endloop
  endfacet
  facet normal 0.750063 0.661366 0
    outer loop
      vertex -24.6064 14.462 2
      vertex -24.8972 14.7918 -2
      vertex -24.8972 14.7918 2
    endloop
  endfacet
  facet normal 0.750063 0.661366 0
    outer loop
      vertex -24.8972 14.7918 -2
      vertex -24.6064 14.462 2
      vertex -24.6064 14.462 -2
    endloop
  endfacet
  facet normal -0.975931 -0.218081 0
    outer loop
      vertex -36.7801 8.25917 -2
      vertex -36.876 8.68833 2
      vertex -36.876 8.68833 -2
    endloop
  endfacet
  facet normal -0.975931 -0.218081 0
    outer loop
      vertex -36.876 8.68833 2
      vertex -36.7801 8.25917 -2
      vertex -36.7801 8.25917 2
    endloop
  endfacet
  facet normal 0.279073 0.96027 -0
    outer loop
      vertex -27.8369 16.6574 -2
      vertex -28 16.7048 2
      vertex -27.8369 16.6574 2
    endloop
  endfacet
  facet normal 0.279073 0.96027 0
    outer loop
      vertex -28 16.7048 2
      vertex -27.8369 16.6574 -2
      vertex -28 16.7048 -2
    endloop
  endfacet
  facet normal -0.397142 -0.917757 0
    outer loop
      vertex -32.9805 3.66621 -2
      vertex -32.5769 3.49156 2
      vertex -32.9805 3.66621 2
    endloop
  endfacet
  facet normal -0.397142 -0.917757 -0
    outer loop
      vertex -32.5769 3.49156 2
      vertex -32.9805 3.66621 -2
      vertex -32.5769 3.49156 -2
    endloop
  endfacet
  facet normal -0.827056 -0.562119 0
    outer loop
      vertex -35.6631 5.8855 -2
      vertex -35.9103 6.24921 2
      vertex -35.9103 6.24921 -2
    endloop
  endfacet
  facet normal -0.827056 -0.562119 0
    outer loop
      vertex -35.9103 6.24921 2
      vertex -35.6631 5.8855 -2
      vertex -35.6631 5.8855 2
    endloop
  endfacet
  facet normal -0.750123 -0.661298 0
    outer loop
      vertex -35.1028 5.20817 -2
      vertex -35.3936 5.53803 2
      vertex -35.3936 5.53803 -2
    endloop
  endfacet
  facet normal -0.750123 -0.661298 0
    outer loop
      vertex -35.3936 5.53803 2
      vertex -35.1028 5.20817 -2
      vertex -35.1028 5.20817 2
    endloop
  endfacet
  facet normal -0.860786 0.508967 0
    outer loop
      vertex -36.1341 13.3723 -2
      vertex -35.9103 13.7508 2
      vertex -35.9103 13.7508 -2
    endloop
  endfacet
  facet normal -0.860786 0.508967 0
    outer loop
      vertex -35.9103 13.7508 2
      vertex -36.1341 13.3723 -2
      vertex -36.1341 13.3723 2
    endloop
  endfacet
  facet normal -0.156407 -0.987693 0
    outer loop
      vertex -31.3117 3.12399 -2
      vertex -30.8773 3.0552 2
      vertex -31.3117 3.12399 2
    endloop
  endfacet
  facet normal -0.156407 -0.987693 -0
    outer loop
      vertex -30.8773 3.0552 2
      vertex -31.3117 3.12399 -2
      vertex -30.8773 3.0552 -2
    endloop
  endfacet
  facet normal -0.661379 -0.750052 0
    outer loop
      vertex -34.7918 4.89722 -2
      vertex -34.462 4.60641 2
      vertex -34.7918 4.89722 2
    endloop
  endfacet
  facet normal -0.661379 -0.750052 -0
    outer loop
      vertex -34.462 4.60641 2
      vertex -34.7918 4.89722 -2
      vertex -34.462 4.60641 -2
    endloop
  endfacet
  facet normal -0.987689 0.15643 0
    outer loop
      vertex -36.9448 10.8773 -2
      vertex -36.876 11.3117 2
      vertex -36.876 11.3117 -2
    endloop
  endfacet
  facet normal -0.987689 0.15643 0
    outer loop
      vertex -36.876 11.3117 2
      vertex -36.9448 10.8773 -2
      vertex -36.9448 10.8773 2
    endloop
  endfacet
  facet normal -0.995559 0.0941437 0
    outer loop
      vertex -36.9862 10.4395 -2
      vertex -36.9448 10.8773 2
      vertex -36.9448 10.8773 -2
    endloop
  endfacet
  facet normal -0.995559 0.0941437 0
    outer loop
      vertex -36.9448 10.8773 2
      vertex -36.9862 10.4395 -2
      vertex -36.9862 10.4395 2
    endloop
  endfacet
  facet normal -0.917799 0.397046 0
    outer loop
      vertex -36.5084 12.5769 -2
      vertex -36.3338 12.9805 2
      vertex -36.3338 12.9805 -2
    endloop
  endfacet
  facet normal -0.917799 0.397046 0
    outer loop
      vertex -36.3338 12.9805 2
      vertex -36.5084 12.5769 -2
      vertex -36.5084 12.5769 2
    endloop
  endfacet
  facet normal -0.218175 -0.97591 0
    outer loop
      vertex -31.7408 3.21992 -2
      vertex -31.3117 3.12399 2
      vertex -31.7408 3.21992 2
    endloop
  endfacet
  facet normal -0.218175 -0.97591 -0
    outer loop
      vertex -31.3117 3.12399 2
      vertex -31.7408 3.21992 -2
      vertex -31.3117 3.12399 -2
    endloop
  endfacet
  facet normal -0.890953 -0.454095 0
    outer loop
      vertex -36.1341 6.62772 -2
      vertex -36.3338 7.01954 2
      vertex -36.3338 7.01954 -2
    endloop
  endfacet
  facet normal -0.890953 -0.454095 0
    outer loop
      vertex -36.3338 7.01954 2
      vertex -36.1341 6.62772 -2
      vertex -36.1341 6.62772 2
    endloop
  endfacet
  facet normal -0.975924 -0.21811 0
    outer loop
      vertex -36.7801 -11.7408 -2
      vertex -36.876 -11.3117 2
      vertex -36.876 -11.3117 -2
    endloop
  endfacet
  facet normal -0.975924 -0.21811 0
    outer loop
      vertex -36.876 -11.3117 2
      vertex -36.7801 -11.7408 -2
      vertex -36.7801 -11.7408 2
    endloop
  endfacet
  facet normal -0.940864 -0.338784 0
    outer loop
      vertex -36.5084 -12.5769 -2
      vertex -36.6574 -12.1631 2
      vertex -36.6574 -12.1631 -2
    endloop
  endfacet
  facet normal -0.940864 -0.338784 0
    outer loop
      vertex -36.6574 -12.1631 2
      vertex -36.5084 -12.5769 -2
      vertex -36.5084 -12.5769 2
    endloop
  endfacet
  facet normal -0.70705 0.707164 0
    outer loop
      vertex -35.1028 -5.20817 -2
      vertex -34.7918 -4.89722 2
      vertex -34.7918 -4.89722 -2
    endloop
  endfacet
  facet normal -0.70705 0.707164 0
    outer loop
      vertex -34.7918 -4.89722 2
      vertex -35.1028 -5.20817 -2
      vertex -35.1028 -5.20817 2
    endloop
  endfacet
  facet normal -0.917799 -0.397046 0
    outer loop
      vertex -36.3338 -12.9805 -2
      vertex -36.5084 -12.5769 2
      vertex -36.5084 -12.5769 -2
    endloop
  endfacet
  facet normal -0.917799 -0.397046 0
    outer loop
      vertex -36.5084 -12.5769 2
      vertex -36.3338 -12.9805 -2
      vertex -36.3338 -12.9805 2
    endloop
  endfacet
  facet normal 0.454113 -0.890944 0
    outer loop
      vertex -27.0195 -16.3338 -2
      vertex -26.6277 -16.1341 2
      vertex -27.0195 -16.3338 2
    endloop
  endfacet
  facet normal 0.454113 -0.890944 0
    outer loop
      vertex -26.6277 -16.1341 2
      vertex -27.0195 -16.3338 -2
      vertex -26.6277 -16.1341 -2
    endloop
  endfacet
  facet normal -0.562099 0.82707 0
    outer loop
      vertex -33.7508 -4.0897 -2
      vertex -34.1145 -4.33688 2
      vertex -33.7508 -4.0897 2
    endloop
  endfacet
  facet normal -0.562099 0.82707 0
    outer loop
      vertex -34.1145 -4.33688 2
      vertex -33.7508 -4.0897 -2
      vertex -34.1145 -4.33688 -2
    endloop
  endfacet
  facet normal 0.999507 -0.0313839 0
    outer loop
      vertex -23.0138 -10.4395 2
      vertex -23 -10 -2
      vertex -23 -10 2
    endloop
  endfacet
  facet normal 0.999507 -0.0313839 0
    outer loop
      vertex -23 -10 -2
      vertex -23.0138 -10.4395 2
      vertex -23.0138 -10.4395 -2
    endloop
  endfacet
  facet normal 0.827049 -0.56213 0
    outer loop
      vertex -24.3369 -14.1145 2
      vertex -24.0897 -13.7508 -2
      vertex -24.0897 -13.7508 2
    endloop
  endfacet
  facet normal 0.827049 -0.56213 0
    outer loop
      vertex -24.0897 -13.7508 -2
      vertex -24.3369 -14.1145 2
      vertex -24.3369 -14.1145 -2
    endloop
  endfacet
  facet normal -0.612838 -0.790209 0
    outer loop
      vertex -34.462 -15.3936 -2
      vertex -34.1145 -15.6631 2
      vertex -34.462 -15.3936 2
    endloop
  endfacet
  facet normal -0.612838 -0.790209 -0
    outer loop
      vertex -34.1145 -15.6631 2
      vertex -34.462 -15.3936 -2
      vertex -34.1145 -15.6631 -2
    endloop
  endfacet
  facet normal -0.661379 0.750052 0
    outer loop
      vertex -34.462 -4.60641 -2
      vertex -34.7918 -4.89722 2
      vertex -34.462 -4.60641 2
    endloop
  endfacet
  facet normal -0.661379 0.750052 0
    outer loop
      vertex -34.7918 -4.89722 2
      vertex -34.462 -4.60641 -2
      vertex -34.7918 -4.89722 -2
    endloop
  endfacet
  facet normal -0.509051 0.860736 0
    outer loop
      vertex -33.3723 -3.86585 -2
      vertex -33.7508 -4.0897 2
      vertex -33.3723 -3.86585 2
    endloop
  endfacet
  facet normal -0.509051 0.860736 0
    outer loop
      vertex -33.7508 -4.0897 2
      vertex -33.3723 -3.86585 -2
      vertex -33.7508 -4.0897 -2
    endloop
  endfacet
  facet normal -0.995559 0.0941437 0
    outer loop
      vertex -36.9862 -9.56047 -2
      vertex -36.9448 -9.12267 2
      vertex -36.9448 -9.12267 -2
    endloop
  endfacet
  facet normal -0.995559 0.0941437 0
    outer loop
      vertex -36.9448 -9.12267 2
      vertex -36.9862 -9.56047 -2
      vertex -36.9862 -9.56047 2
    endloop
  endfacet
  facet normal -0.987686 0.156451 0
    outer loop
      vertex -36.9448 -9.12267 -2
      vertex -36.876 -8.68833 2
      vertex -36.876 -8.68833 -2
    endloop
  endfacet
  facet normal -0.987686 0.156451 0
    outer loop
      vertex -36.876 -8.68833 2
      vertex -36.9448 -9.12267 -2
      vertex -36.9448 -9.12267 2
    endloop
  endfacet
  facet normal -0.827056 0.562119 0
    outer loop
      vertex -35.9103 -6.24921 -2
      vertex -35.6631 -5.8855 2
      vertex -35.6631 -5.8855 -2
    endloop
  endfacet
  facet normal -0.827056 0.562119 0
    outer loop
      vertex -35.6631 -5.8855 2
      vertex -35.9103 -6.24921 -2
      vertex -35.9103 -6.24921 2
    endloop
  endfacet
  facet normal -0.338784 -0.940864 0
    outer loop
      vertex -32.5769 -16.5084 -2
      vertex -32.1631 -16.6574 2
      vertex -32.5769 -16.5084 2
    endloop
  endfacet
  facet normal -0.338784 -0.940864 -0
    outer loop
      vertex -32.1631 -16.6574 2
      vertex -32.5769 -16.5084 -2
      vertex -32.1631 -16.6574 -2
    endloop
  endfacet
  facet normal 0.960287 -0.279013 0
    outer loop
      vertex -23.3426 -12.1631 2
      vertex -23.2199 -11.7408 -2
      vertex -23.2199 -11.7408 2
    endloop
  endfacet
  facet normal 0.960287 -0.279013 0
    outer loop
      vertex -23.2199 -11.7408 -2
      vertex -23.3426 -12.1631 2
      vertex -23.3426 -12.1631 -2
    endloop
  endfacet
  facet normal -0.975931 0.218081 0
    outer loop
      vertex -36.876 -8.68833 -2
      vertex -36.7801 -8.25917 2
      vertex -36.7801 -8.25917 -2
    endloop
  endfacet
  facet normal -0.975931 0.218081 0
    outer loop
      vertex -36.7801 -8.25917 2
      vertex -36.876 -8.68833 -2
      vertex -36.876 -8.68833 2
    endloop
  endfacet
  facet normal -0.999507 0.0313817 0
    outer loop
      vertex -37 -10 -2
      vertex -36.9862 -9.56047 2
      vertex -36.9862 -9.56047 -2
    endloop
  endfacet
  facet normal -0.999507 0.0313817 0
    outer loop
      vertex -36.9862 -9.56047 2
      vertex -37 -10 -2
      vertex -37 -10 2
    endloop
  endfacet
  facet normal -0.278971 0.960299 0
    outer loop
      vertex -31.7408 -3.21992 -2
      vertex -32.1631 -3.3426 2
      vertex -31.7408 -3.21992 2
    endloop
  endfacet
  facet normal -0.278971 0.960299 0
    outer loop
      vertex -32.1631 -3.3426 2
      vertex -31.7408 -3.21992 -2
      vertex -32.1631 -3.3426 -2
    endloop
  endfacet
  facet normal 0.995559 -0.0941437 0
    outer loop
      vertex -23.0552 -10.8773 2
      vertex -23.0138 -10.4395 -2
      vertex -23.0138 -10.4395 2
    endloop
  endfacet
  facet normal 0.995559 -0.0941437 0
    outer loop
      vertex -23.0138 -10.4395 -2
      vertex -23.0552 -10.8773 2
      vertex -23.0552 -10.8773 -2
    endloop
  endfacet
  facet normal 0.860786 -0.508967 0
    outer loop
      vertex -24.0897 -13.7508 2
      vertex -23.8659 -13.3723 -2
      vertex -23.8659 -13.3723 2
    endloop
  endfacet
  facet normal 0.860786 -0.508967 0
    outer loop
      vertex -23.8659 -13.3723 -2
      vertex -24.0897 -13.7508 2
      vertex -24.0897 -13.7508 -2
    endloop
  endfacet
  facet normal 0.890944 -0.454113 0
    outer loop
      vertex -23.8659 -13.3723 2
      vertex -23.6662 -12.9805 -2
      vertex -23.6662 -12.9805 2
    endloop
  endfacet
  facet normal 0.890944 -0.454113 0
    outer loop
      vertex -23.6662 -12.9805 -2
      vertex -23.8659 -13.3723 2
      vertex -23.8659 -13.3723 -2
    endloop
  endfacet
  facet normal 0.987689 -0.15643 0
    outer loop
      vertex -23.124 -11.3117 2
      vertex -23.0552 -10.8773 -2
      vertex -23.0552 -10.8773 2
    endloop
  endfacet
  facet normal 0.987689 -0.15643 0
    outer loop
      vertex -23.0552 -10.8773 -2
      vertex -23.124 -11.3117 2
      vertex -23.124 -11.3117 -2
    endloop
  endfacet
  facet normal -0.827049 -0.56213 0
    outer loop
      vertex -35.6631 -14.1145 -2
      vertex -35.9103 -13.7508 2
      vertex -35.9103 -13.7508 -2
    endloop
  endfacet
  facet normal -0.827049 -0.56213 0
    outer loop
      vertex -35.9103 -13.7508 2
      vertex -35.6631 -14.1145 -2
      vertex -35.6631 -14.1145 2
    endloop
  endfacet
  facet normal -0.0941212 0.995561 0
    outer loop
      vertex -30.4395 -3.01381 -2
      vertex -30.8773 -3.0552 2
      vertex -30.4395 -3.01381 2
    endloop
  endfacet
  facet normal -0.0941212 0.995561 0
    outer loop
      vertex -30.8773 -3.0552 2
      vertex -30.4395 -3.01381 -2
      vertex -30.8773 -3.0552 -2
    endloop
  endfacet
  facet normal -0.999507 -0.0313839 0
    outer loop
      vertex -36.9862 -10.4395 -2
      vertex -37 -10 2
      vertex -37 -10 -2
    endloop
  endfacet
  facet normal -0.999507 -0.0313839 0
    outer loop
      vertex -37 -10 2
      vertex -36.9862 -10.4395 -2
      vertex -36.9862 -10.4395 2
    endloop
  endfacet
  facet normal -0.750063 -0.661366 0
    outer loop
      vertex -35.1028 -14.7918 -2
      vertex -35.3936 -14.462 2
      vertex -35.3936 -14.462 -2
    endloop
  endfacet
  facet normal -0.750063 -0.661366 0
    outer loop
      vertex -35.3936 -14.462 2
      vertex -35.1028 -14.7918 -2
      vertex -35.1028 -14.7918 2
    endloop
  endfacet
  facet normal -0.860786 -0.508967 0
    outer loop
      vertex -35.9103 -13.7508 -2
      vertex -36.1341 -13.3723 2
      vertex -36.1341 -13.3723 -2
    endloop
  endfacet
  facet normal -0.860786 -0.508967 0
    outer loop
      vertex -36.1341 -13.3723 2
      vertex -35.9103 -13.7508 -2
      vertex -35.9103 -13.7508 2
    endloop
  endfacet
  facet normal 0.975924 -0.21811 0
    outer loop
      vertex -23.2199 -11.7408 2
      vertex -23.124 -11.3117 -2
      vertex -23.124 -11.3117 2
    endloop
  endfacet
  facet normal 0.975924 -0.21811 0
    outer loop
      vertex -23.124 -11.3117 -2
      vertex -23.2199 -11.7408 2
      vertex -23.2199 -11.7408 -2
    endloop
  endfacet
  facet normal 0.508967 -0.860786 0
    outer loop
      vertex -26.6277 -16.1341 -2
      vertex -26.2492 -15.9103 2
      vertex -26.6277 -16.1341 2
    endloop
  endfacet
  facet normal 0.508967 -0.860786 0
    outer loop
      vertex -26.2492 -15.9103 2
      vertex -26.6277 -16.1341 -2
      vertex -26.2492 -15.9103 -2
    endloop
  endfacet
  facet normal 0.917799 -0.397046 0
    outer loop
      vertex -23.6662 -12.9805 2
      vertex -23.4916 -12.5769 -2
      vertex -23.4916 -12.5769 2
    endloop
  endfacet
  facet normal 0.917799 -0.397046 0
    outer loop
      vertex -23.4916 -12.5769 -2
      vertex -23.6662 -12.9805 2
      vertex -23.6662 -12.9805 -2
    endloop
  endfacet
  facet normal -0.454113 -0.890944 0
    outer loop
      vertex -33.3723 -16.1341 -2
      vertex -32.9805 -16.3338 2
      vertex -33.3723 -16.1341 2
    endloop
  endfacet
  facet normal -0.454113 -0.890944 -0
    outer loop
      vertex -32.9805 -16.3338 2
      vertex -33.3723 -16.1341 -2
      vertex -32.9805 -16.3338 -2
    endloop
  endfacet
  facet normal 0.750063 -0.661366 0
    outer loop
      vertex -24.8972 -14.7918 2
      vertex -24.6064 -14.462 -2
      vertex -24.6064 -14.462 2
    endloop
  endfacet
  facet normal 0.750063 -0.661366 0
    outer loop
      vertex -24.6064 -14.462 -2
      vertex -24.8972 -14.7918 2
      vertex -24.8972 -14.7918 -2
    endloop
  endfacet
  facet normal 0.790209 -0.612838 0
    outer loop
      vertex -24.6064 -14.462 2
      vertex -24.3369 -14.1145 -2
      vertex -24.3369 -14.1145 2
    endloop
  endfacet
  facet normal 0.790209 -0.612838 0
    outer loop
      vertex -24.3369 -14.1145 -2
      vertex -24.6064 -14.462 2
      vertex -24.6064 -14.462 -2
    endloop
  endfacet
  facet normal -0.0314066 0.999507 0
    outer loop
      vertex -30 -3 -2
      vertex -30.4395 -3.01381 2
      vertex -30 -3 2
    endloop
  endfacet
  facet normal -0.0314066 0.999507 0
    outer loop
      vertex -30.4395 -3.01381 2
      vertex -30 -3 -2
      vertex -30.4395 -3.01381 -2
    endloop
  endfacet
  facet normal -0.397142 0.917757 0
    outer loop
      vertex -32.5769 -3.49156 -2
      vertex -32.9805 -3.66621 2
      vertex -32.5769 -3.49156 2
    endloop
  endfacet
  facet normal -0.397142 0.917757 0
    outer loop
      vertex -32.9805 -3.66621 2
      vertex -32.5769 -3.49156 -2
      vertex -32.9805 -3.66621 -2
    endloop
  endfacet
  facet normal -0.995559 -0.0941437 0
    outer loop
      vertex -36.9448 -10.8773 -2
      vertex -36.9862 -10.4395 2
      vertex -36.9862 -10.4395 -2
    endloop
  endfacet
  facet normal -0.995559 -0.0941437 0
    outer loop
      vertex -36.9862 -10.4395 2
      vertex -36.9448 -10.8773 -2
      vertex -36.9448 -10.8773 2
    endloop
  endfacet
  facet normal 0.940864 -0.338784 0
    outer loop
      vertex -23.4916 -12.5769 2
      vertex -23.3426 -12.1631 -2
      vertex -23.3426 -12.1631 2
    endloop
  endfacet
  facet normal 0.940864 -0.338784 0
    outer loop
      vertex -23.3426 -12.1631 -2
      vertex -23.4916 -12.5769 2
      vertex -23.4916 -12.5769 -2
    endloop
  endfacet
  facet normal -0.860792 0.508957 0
    outer loop
      vertex -36.1341 -6.62772 -2
      vertex -35.9103 -6.24921 2
      vertex -35.9103 -6.24921 -2
    endloop
  endfacet
  facet normal -0.860792 0.508957 0
    outer loop
      vertex -35.9103 -6.24921 2
      vertex -36.1341 -6.62772 -2
      vertex -36.1341 -6.62772 2
    endloop
  endfacet
  facet normal 0.397046 -0.917799 0
    outer loop
      vertex -27.4231 -16.5084 -2
      vertex -27.0195 -16.3338 2
      vertex -27.4231 -16.5084 2
    endloop
  endfacet
  facet normal 0.397046 -0.917799 0
    outer loop
      vertex -27.0195 -16.3338 2
      vertex -27.4231 -16.5084 -2
      vertex -27.0195 -16.3338 -2
    endloop
  endfacet
  facet normal -0.960286 0.279019 0
    outer loop
      vertex -36.7801 -8.25917 -2
      vertex -36.6574 -7.83688 2
      vertex -36.6574 -7.83688 -2
    endloop
  endfacet
  facet normal -0.960286 0.279019 0
    outer loop
      vertex -36.6574 -7.83688 2
      vertex -36.7801 -8.25917 -2
      vertex -36.7801 -8.25917 2
    endloop
  endfacet
  facet normal -0.279073 -0.96027 0
    outer loop
      vertex -32.1631 -16.6574 -2
      vertex -32 -16.7048 2
      vertex -32.1631 -16.6574 2
    endloop
  endfacet
  facet normal -0.279073 -0.96027 -0
    outer loop
      vertex -32 -16.7048 2
      vertex -32.1631 -16.6574 -2
      vertex -32 -16.7048 -2
    endloop
  endfacet
  facet normal -0.218175 0.97591 0
    outer loop
      vertex -31.3117 -3.12399 -2
      vertex -31.7408 -3.21992 2
      vertex -31.3117 -3.12399 2
    endloop
  endfacet
  facet normal -0.218175 0.97591 0
    outer loop
      vertex -31.7408 -3.21992 2
      vertex -31.3117 -3.12399 -2
      vertex -31.7408 -3.21992 -2
    endloop
  endfacet
  facet normal -0.940851 0.33882 0
    outer loop
      vertex -36.6574 -7.83688 -2
      vertex -36.5084 -7.42313 2
      vertex -36.5084 -7.42313 -2
    endloop
  endfacet
  facet normal -0.940851 0.33882 0
    outer loop
      vertex -36.5084 -7.42313 2
      vertex -36.6574 -7.83688 -2
      vertex -36.6574 -7.83688 2
    endloop
  endfacet
  facet normal 0.338784 -0.940864 0
    outer loop
      vertex -27.8369 -16.6574 -2
      vertex -27.4231 -16.5084 2
      vertex -27.8369 -16.6574 2
    endloop
  endfacet
  facet normal 0.338784 -0.940864 0
    outer loop
      vertex -27.4231 -16.5084 2
      vertex -27.8369 -16.6574 -2
      vertex -27.4231 -16.5084 -2
    endloop
  endfacet
  facet normal -0.338703 0.940893 0
    outer loop
      vertex -32.1631 -3.3426 -2
      vertex -32.5769 -3.49156 2
      vertex -32.1631 -3.3426 2
    endloop
  endfacet
  facet normal -0.338703 0.940893 0
    outer loop
      vertex -32.5769 -3.49156 2
      vertex -32.1631 -3.3426 -2
      vertex -32.5769 -3.49156 -2
    endloop
  endfacet
  facet normal -0.987689 -0.15643 0
    outer loop
      vertex -36.876 -11.3117 -2
      vertex -36.9448 -10.8773 2
      vertex -36.9448 -10.8773 -2
    endloop
  endfacet
  facet normal -0.987689 -0.15643 0
    outer loop
      vertex -36.9448 -10.8773 2
      vertex -36.876 -11.3117 -2
      vertex -36.876 -11.3117 2
    endloop
  endfacet
  facet normal -0.454005 0.890999 0
    outer loop
      vertex -32.9805 -3.66621 -2
      vertex -33.3723 -3.86585 2
      vertex -32.9805 -3.66621 2
    endloop
  endfacet
  facet normal -0.454005 0.890999 0
    outer loop
      vertex -33.3723 -3.86585 2
      vertex -32.9805 -3.66621 -2
      vertex -33.3723 -3.86585 -2
    endloop
  endfacet
  facet normal -0.156407 0.987693 0
    outer loop
      vertex -30.8773 -3.0552 -2
      vertex -31.3117 -3.12399 2
      vertex -30.8773 -3.0552 2
    endloop
  endfacet
  facet normal -0.156407 0.987693 0
    outer loop
      vertex -31.3117 -3.12399 2
      vertex -30.8773 -3.0552 -2
      vertex -31.3117 -3.12399 -2
    endloop
  endfacet
  facet normal -0.960287 -0.279013 0
    outer loop
      vertex -36.6574 -12.1631 -2
      vertex -36.7801 -11.7408 2
      vertex -36.7801 -11.7408 -2
    endloop
  endfacet
  facet normal -0.960287 -0.279013 0
    outer loop
      vertex -36.7801 -11.7408 2
      vertex -36.6574 -12.1631 -2
      vertex -36.6574 -12.1631 2
    endloop
  endfacet
  facet normal -0.750123 0.661298 0
    outer loop
      vertex -35.3936 -5.53803 -2
      vertex -35.1028 -5.20817 2
      vertex -35.1028 -5.20817 -2
    endloop
  endfacet
  facet normal -0.750123 0.661298 0
    outer loop
      vertex -35.1028 -5.20817 2
      vertex -35.3936 -5.53803 -2
      vertex -35.3936 -5.53803 2
    endloop
  endfacet
  facet normal -0.56213 -0.827049 0
    outer loop
      vertex -34.1145 -15.6631 -2
      vertex -33.7508 -15.9103 2
      vertex -34.1145 -15.6631 2
    endloop
  endfacet
  facet normal -0.56213 -0.827049 -0
    outer loop
      vertex -33.7508 -15.9103 2
      vertex -34.1145 -15.6631 -2
      vertex -33.7508 -15.9103 -2
    endloop
  endfacet
  facet normal -0.790183 0.612871 0
    outer loop
      vertex -35.6631 -5.8855 -2
      vertex -35.3936 -5.53803 2
      vertex -35.3936 -5.53803 -2
    endloop
  endfacet
  facet normal -0.790183 0.612871 0
    outer loop
      vertex -35.3936 -5.53803 2
      vertex -35.6631 -5.8855 -2
      vertex -35.6631 -5.8855 2
    endloop
  endfacet
  facet normal 0.707107 -0.707107 0
    outer loop
      vertex -25.2082 -15.1028 2
      vertex -24.8972 -14.7918 -2
      vertex -24.8972 -14.7918 2
    endloop
  endfacet
  facet normal 0.707107 -0.707107 0
    outer loop
      vertex -24.8972 -14.7918 -2
      vertex -25.2082 -15.1028 2
      vertex -25.2082 -15.1028 -2
    endloop
  endfacet
  facet normal 0.56213 -0.827049 0
    outer loop
      vertex -26.2492 -15.9103 -2
      vertex -25.8855 -15.6631 2
      vertex -26.2492 -15.9103 2
    endloop
  endfacet
  facet normal 0.56213 -0.827049 0
    outer loop
      vertex -25.8855 -15.6631 2
      vertex -26.2492 -15.9103 -2
      vertex -25.8855 -15.6631 -2
    endloop
  endfacet
  facet normal -0.790209 -0.612838 0
    outer loop
      vertex -35.3936 -14.462 -2
      vertex -35.6631 -14.1145 2
      vertex -35.6631 -14.1145 -2
    endloop
  endfacet
  facet normal -0.790209 -0.612838 0
    outer loop
      vertex -35.6631 -14.1145 2
      vertex -35.3936 -14.462 -2
      vertex -35.3936 -14.462 2
    endloop
  endfacet
  facet normal 0.612838 -0.790209 0
    outer loop
      vertex -25.8855 -15.6631 -2
      vertex -25.538 -15.3936 2
      vertex -25.8855 -15.6631 2
    endloop
  endfacet
  facet normal 0.612838 -0.790209 0
    outer loop
      vertex -25.538 -15.3936 2
      vertex -25.8855 -15.6631 -2
      vertex -25.538 -15.3936 -2
    endloop
  endfacet
  facet normal -0.661366 -0.750063 0
    outer loop
      vertex -34.7918 -15.1028 -2
      vertex -34.462 -15.3936 2
      vertex -34.7918 -15.1028 2
    endloop
  endfacet
  facet normal -0.661366 -0.750063 -0
    outer loop
      vertex -34.462 -15.3936 2
      vertex -34.7918 -15.1028 -2
      vertex -34.462 -15.3936 -2
    endloop
  endfacet
  facet normal -0.707107 -0.707107 0
    outer loop
      vertex -34.7918 -15.1028 -2
      vertex -35.1028 -14.7918 2
      vertex -35.1028 -14.7918 -2
    endloop
  endfacet
  facet normal -0.707107 -0.707107 0
    outer loop
      vertex -35.1028 -14.7918 2
      vertex -34.7918 -15.1028 -2
      vertex -34.7918 -15.1028 2
    endloop
  endfacet
  facet normal 0.661366 -0.750063 0
    outer loop
      vertex -25.538 -15.3936 -2
      vertex -25.2082 -15.1028 2
      vertex -25.538 -15.3936 2
    endloop
  endfacet
  facet normal 0.661366 -0.750063 0
    outer loop
      vertex -25.2082 -15.1028 2
      vertex -25.538 -15.3936 -2
      vertex -25.2082 -15.1028 -2
    endloop
  endfacet
  facet normal -0.917795 0.397054 0
    outer loop
      vertex -36.5084 -7.42313 -2
      vertex -36.3338 -7.01954 2
      vertex -36.3338 -7.01954 -2
    endloop
  endfacet
  facet normal -0.917795 0.397054 0
    outer loop
      vertex -36.3338 -7.01954 2
      vertex -36.5084 -7.42313 -2
      vertex -36.5084 -7.42313 2
    endloop
  endfacet
  facet normal 0.279073 -0.96027 0
    outer loop
      vertex -28 -16.7048 -2
      vertex -27.8369 -16.6574 2
      vertex -28 -16.7048 2
    endloop
  endfacet
  facet normal 0.279073 -0.96027 0
    outer loop
      vertex -27.8369 -16.6574 2
      vertex -28 -16.7048 -2
      vertex -27.8369 -16.6574 -2
    endloop
  endfacet
  facet normal -0.890944 -0.454113 0
    outer loop
      vertex -36.1341 -13.3723 -2
      vertex -36.3338 -12.9805 2
      vertex -36.3338 -12.9805 -2
    endloop
  endfacet
  facet normal -0.890944 -0.454113 0
    outer loop
      vertex -36.3338 -12.9805 2
      vertex -36.1341 -13.3723 -2
      vertex -36.1341 -13.3723 2
    endloop
  endfacet
  facet normal -0.890953 0.454095 0
    outer loop
      vertex -36.3338 -7.01954 -2
      vertex -36.1341 -6.62772 2
      vertex -36.1341 -6.62772 -2
    endloop
  endfacet
  facet normal -0.890953 0.454095 0
    outer loop
      vertex -36.1341 -6.62772 2
      vertex -36.3338 -7.01954 -2
      vertex -36.3338 -7.01954 2
    endloop
  endfacet
  facet normal -0.612881 0.790176 0
    outer loop
      vertex -34.1145 -4.33688 -2
      vertex -34.462 -4.60641 2
      vertex -34.1145 -4.33688 2
    endloop
  endfacet
  facet normal -0.612881 0.790176 0
    outer loop
      vertex -34.462 -4.60641 2
      vertex -34.1145 -4.33688 -2
      vertex -34.462 -4.60641 -2
    endloop
  endfacet
  facet normal -0.508967 -0.860786 0
    outer loop
      vertex -33.7508 -15.9103 -2
      vertex -33.3723 -16.1341 2
      vertex -33.7508 -15.9103 2
    endloop
  endfacet
  facet normal -0.508967 -0.860786 -0
    outer loop
      vertex -33.3723 -16.1341 2
      vertex -33.7508 -15.9103 -2
      vertex -33.3723 -16.1341 -2
    endloop
  endfacet
  facet normal -0.397046 -0.917799 0
    outer loop
      vertex -32.9805 -16.3338 -2
      vertex -32.5769 -16.5084 2
      vertex -32.9805 -16.3338 2
    endloop
  endfacet
  facet normal -0.397046 -0.917799 -0
    outer loop
      vertex -32.5769 -16.5084 2
      vertex -32.9805 -16.3338 -2
      vertex -32.5769 -16.5084 -2
    endloop
  endfacet
  facet normal 0.995559 0.0941437 0
    outer loop
      vertex 36.9862 -9.56047 2
      vertex 36.9448 -9.12267 -2
      vertex 36.9448 -9.12267 2
    endloop
  endfacet
  facet normal 0.995559 0.0941437 0
    outer loop
      vertex 36.9448 -9.12267 -2
      vertex 36.9862 -9.56047 2
      vertex 36.9862 -9.56047 -2
    endloop
  endfacet
  facet normal 0.999507 0.0313817 0
    outer loop
      vertex 37 -10 2
      vertex 36.9862 -9.56047 -2
      vertex 36.9862 -9.56047 2
    endloop
  endfacet
  facet normal 0.999507 0.0313817 0
    outer loop
      vertex 36.9862 -9.56047 -2
      vertex 37 -10 2
      vertex 37 -10 -2
    endloop
  endfacet
  facet normal 0.917799 -0.397046 0
    outer loop
      vertex 36.3338 -12.9805 2
      vertex 36.5084 -12.5769 -2
      vertex 36.5084 -12.5769 2
    endloop
  endfacet
  facet normal 0.917799 -0.397046 0
    outer loop
      vertex 36.5084 -12.5769 -2
      vertex 36.3338 -12.9805 2
      vertex 36.3338 -12.9805 -2
    endloop
  endfacet
  facet normal 0.508967 -0.860786 0
    outer loop
      vertex 33.3723 -16.1341 -2
      vertex 33.7508 -15.9103 2
      vertex 33.3723 -16.1341 2
    endloop
  endfacet
  facet normal 0.508967 -0.860786 0
    outer loop
      vertex 33.7508 -15.9103 2
      vertex 33.3723 -16.1341 -2
      vertex 33.7508 -15.9103 -2
    endloop
  endfacet
  facet normal 0.562099 0.82707 -0
    outer loop
      vertex 34.1145 -4.33688 -2
      vertex 33.7508 -4.0897 2
      vertex 34.1145 -4.33688 2
    endloop
  endfacet
  facet normal 0.562099 0.82707 0
    outer loop
      vertex 33.7508 -4.0897 2
      vertex 34.1145 -4.33688 -2
      vertex 33.7508 -4.0897 -2
    endloop
  endfacet
  facet normal -0.917799 -0.397046 0
    outer loop
      vertex 23.6662 -12.9805 -2
      vertex 23.4916 -12.5769 2
      vertex 23.4916 -12.5769 -2
    endloop
  endfacet
  facet normal -0.917799 -0.397046 0
    outer loop
      vertex 23.4916 -12.5769 2
      vertex 23.6662 -12.9805 -2
      vertex 23.6662 -12.9805 2
    endloop
  endfacet
  facet normal 0.278971 0.960299 -0
    outer loop
      vertex 32.1631 -3.3426 -2
      vertex 31.7408 -3.21992 2
      vertex 32.1631 -3.3426 2
    endloop
  endfacet
  facet normal 0.278971 0.960299 0
    outer loop
      vertex 31.7408 -3.21992 2
      vertex 32.1631 -3.3426 -2
      vertex 31.7408 -3.21992 -2
    endloop
  endfacet
  facet normal 0.509051 0.860736 -0
    outer loop
      vertex 33.7508 -4.0897 -2
      vertex 33.3723 -3.86585 2
      vertex 33.7508 -4.0897 2
    endloop
  endfacet
  facet normal 0.509051 0.860736 0
    outer loop
      vertex 33.3723 -3.86585 2
      vertex 33.7508 -4.0897 -2
      vertex 33.3723 -3.86585 -2
    endloop
  endfacet
  facet normal -0.707107 -0.707107 0
    outer loop
      vertex 25.2082 -15.1028 -2
      vertex 24.8972 -14.7918 2
      vertex 24.8972 -14.7918 -2
    endloop
  endfacet
  facet normal -0.707107 -0.707107 0
    outer loop
      vertex 24.8972 -14.7918 2
      vertex 25.2082 -15.1028 -2
      vertex 25.2082 -15.1028 2
    endloop
  endfacet
  facet normal 0.279073 -0.96027 0
    outer loop
      vertex 32 -16.7048 -2
      vertex 32.1631 -16.6574 2
      vertex 32 -16.7048 2
    endloop
  endfacet
  facet normal 0.279073 -0.96027 0
    outer loop
      vertex 32.1631 -16.6574 2
      vertex 32 -16.7048 -2
      vertex 32.1631 -16.6574 -2
    endloop
  endfacet
  facet normal 0.975931 0.218081 0
    outer loop
      vertex 36.876 -8.68833 2
      vertex 36.7801 -8.25917 -2
      vertex 36.7801 -8.25917 2
    endloop
  endfacet
  facet normal 0.975931 0.218081 0
    outer loop
      vertex 36.7801 -8.25917 -2
      vertex 36.876 -8.68833 2
      vertex 36.876 -8.68833 -2
    endloop
  endfacet
  facet normal -0.56213 -0.827049 0
    outer loop
      vertex 25.8855 -15.6631 -2
      vertex 26.2492 -15.9103 2
      vertex 25.8855 -15.6631 2
    endloop
  endfacet
  facet normal -0.56213 -0.827049 -0
    outer loop
      vertex 26.2492 -15.9103 2
      vertex 25.8855 -15.6631 -2
      vertex 26.2492 -15.9103 -2
    endloop
  endfacet
  facet normal 0.56213 -0.827049 0
    outer loop
      vertex 33.7508 -15.9103 -2
      vertex 34.1145 -15.6631 2
      vertex 33.7508 -15.9103 2
    endloop
  endfacet
  facet normal 0.56213 -0.827049 0
    outer loop
      vertex 34.1145 -15.6631 2
      vertex 33.7508 -15.9103 -2
      vertex 34.1145 -15.6631 -2
    endloop
  endfacet
  facet normal 0.987689 -0.15643 0
    outer loop
      vertex 36.876 -11.3117 2
      vertex 36.9448 -10.8773 -2
      vertex 36.9448 -10.8773 2
    endloop
  endfacet
  facet normal 0.987689 -0.15643 0
    outer loop
      vertex 36.9448 -10.8773 -2
      vertex 36.876 -11.3117 2
      vertex 36.876 -11.3117 -2
    endloop
  endfacet
  facet normal -0.960287 -0.279013 0
    outer loop
      vertex 23.3426 -12.1631 -2
      vertex 23.2199 -11.7408 2
      vertex 23.2199 -11.7408 -2
    endloop
  endfacet
  facet normal -0.960287 -0.279013 0
    outer loop
      vertex 23.2199 -11.7408 2
      vertex 23.3426 -12.1631 -2
      vertex 23.3426 -12.1631 2
    endloop
  endfacet
  facet normal 0.940864 -0.338784 0
    outer loop
      vertex 36.5084 -12.5769 2
      vertex 36.6574 -12.1631 -2
      vertex 36.6574 -12.1631 2
    endloop
  endfacet
  facet normal 0.940864 -0.338784 0
    outer loop
      vertex 36.6574 -12.1631 -2
      vertex 36.5084 -12.5769 2
      vertex 36.5084 -12.5769 -2
    endloop
  endfacet
  facet normal -0.940864 -0.338784 0
    outer loop
      vertex 23.4916 -12.5769 -2
      vertex 23.3426 -12.1631 2
      vertex 23.3426 -12.1631 -2
    endloop
  endfacet
  facet normal -0.940864 -0.338784 0
    outer loop
      vertex 23.3426 -12.1631 2
      vertex 23.4916 -12.5769 -2
      vertex 23.4916 -12.5769 2
    endloop
  endfacet
  facet normal 0.218175 0.97591 -0
    outer loop
      vertex 31.7408 -3.21992 -2
      vertex 31.3117 -3.12399 2
      vertex 31.7408 -3.21992 2
    endloop
  endfacet
  facet normal 0.218175 0.97591 0
    outer loop
      vertex 31.3117 -3.12399 2
      vertex 31.7408 -3.21992 -2
      vertex 31.3117 -3.12399 -2
    endloop
  endfacet
  facet normal 0.960287 -0.279013 0
    outer loop
      vertex 36.6574 -12.1631 2
      vertex 36.7801 -11.7408 -2
      vertex 36.7801 -11.7408 2
    endloop
  endfacet
  facet normal 0.960287 -0.279013 0
    outer loop
      vertex 36.7801 -11.7408 -2
      vertex 36.6574 -12.1631 2
      vertex 36.6574 -12.1631 -2
    endloop
  endfacet
  facet normal -0.975924 -0.21811 0
    outer loop
      vertex 23.2199 -11.7408 -2
      vertex 23.124 -11.3117 2
      vertex 23.124 -11.3117 -2
    endloop
  endfacet
  facet normal -0.975924 -0.21811 0
    outer loop
      vertex 23.124 -11.3117 2
      vertex 23.2199 -11.7408 -2
      vertex 23.2199 -11.7408 2
    endloop
  endfacet
  facet normal 0.397046 -0.917799 0
    outer loop
      vertex 32.5769 -16.5084 -2
      vertex 32.9805 -16.3338 2
      vertex 32.5769 -16.5084 2
    endloop
  endfacet
  facet normal 0.397046 -0.917799 0
    outer loop
      vertex 32.9805 -16.3338 2
      vertex 32.5769 -16.5084 -2
      vertex 32.9805 -16.3338 -2
    endloop
  endfacet
  facet normal -0.890944 -0.454113 0
    outer loop
      vertex 23.8659 -13.3723 -2
      vertex 23.6662 -12.9805 2
      vertex 23.6662 -12.9805 -2
    endloop
  endfacet
  facet normal -0.890944 -0.454113 0
    outer loop
      vertex 23.6662 -12.9805 2
      vertex 23.8659 -13.3723 -2
      vertex 23.8659 -13.3723 2
    endloop
  endfacet
  facet normal 0.156407 0.987693 -0
    outer loop
      vertex 31.3117 -3.12399 -2
      vertex 30.8773 -3.0552 2
      vertex 31.3117 -3.12399 2
    endloop
  endfacet
  facet normal 0.156407 0.987693 0
    outer loop
      vertex 30.8773 -3.0552 2
      vertex 31.3117 -3.12399 -2
      vertex 30.8773 -3.0552 -2
    endloop
  endfacet
  facet normal 0.70705 0.707164 0
    outer loop
      vertex 35.1028 -5.20817 2
      vertex 34.7918 -4.89722 -2
      vertex 34.7918 -4.89722 2
    endloop
  endfacet
  facet normal 0.70705 0.707164 0
    outer loop
      vertex 34.7918 -4.89722 -2
      vertex 35.1028 -5.20817 2
      vertex 35.1028 -5.20817 -2
    endloop
  endfacet
  facet normal 0.338703 0.940893 -0
    outer loop
      vertex 32.5769 -3.49156 -2
      vertex 32.1631 -3.3426 2
      vertex 32.5769 -3.49156 2
    endloop
  endfacet
  facet normal 0.338703 0.940893 0
    outer loop
      vertex 32.1631 -3.3426 2
      vertex 32.5769 -3.49156 -2
      vertex 32.1631 -3.3426 -2
    endloop
  endfacet
  facet normal 0.0314066 0.999507 -0
    outer loop
      vertex 30.4395 -3.01381 -2
      vertex 30 -3 2
      vertex 30.4395 -3.01381 2
    endloop
  endfacet
  facet normal 0.0314066 0.999507 0
    outer loop
      vertex 30 -3 2
      vertex 30.4395 -3.01381 -2
      vertex 30 -3 -2
    endloop
  endfacet
  facet normal 0.999507 -0.0313839 0
    outer loop
      vertex 36.9862 -10.4395 2
      vertex 37 -10 -2
      vertex 37 -10 2
    endloop
  endfacet
  facet normal 0.999507 -0.0313839 0
    outer loop
      vertex 37 -10 -2
      vertex 36.9862 -10.4395 2
      vertex 36.9862 -10.4395 -2
    endloop
  endfacet
  facet normal 0.995559 -0.0941437 0
    outer loop
      vertex 36.9448 -10.8773 2
      vertex 36.9862 -10.4395 -2
      vertex 36.9862 -10.4395 2
    endloop
  endfacet
  facet normal 0.995559 -0.0941437 0
    outer loop
      vertex 36.9862 -10.4395 -2
      vertex 36.9448 -10.8773 2
      vertex 36.9448 -10.8773 -2
    endloop
  endfacet
  facet normal 0.860792 0.508957 0
    outer loop
      vertex 36.1341 -6.62772 2
      vertex 35.9103 -6.24921 -2
      vertex 35.9103 -6.24921 2
    endloop
  endfacet
  facet normal 0.860792 0.508957 0
    outer loop
      vertex 35.9103 -6.24921 -2
      vertex 36.1341 -6.62772 2
      vertex 36.1341 -6.62772 -2
    endloop
  endfacet
  facet normal 0.975924 -0.21811 0
    outer loop
      vertex 36.7801 -11.7408 2
      vertex 36.876 -11.3117 -2
      vertex 36.876 -11.3117 2
    endloop
  endfacet
  facet normal 0.975924 -0.21811 0
    outer loop
      vertex 36.876 -11.3117 -2
      vertex 36.7801 -11.7408 2
      vertex 36.7801 -11.7408 -2
    endloop
  endfacet
  facet normal 0.960286 0.279019 0
    outer loop
      vertex 36.7801 -8.25917 2
      vertex 36.6574 -7.83688 -2
      vertex 36.6574 -7.83688 2
    endloop
  endfacet
  facet normal 0.960286 0.279019 0
    outer loop
      vertex 36.6574 -7.83688 -2
      vertex 36.7801 -8.25917 2
      vertex 36.7801 -8.25917 -2
    endloop
  endfacet
  facet normal 0.827049 -0.56213 0
    outer loop
      vertex 35.6631 -14.1145 2
      vertex 35.9103 -13.7508 -2
      vertex 35.9103 -13.7508 2
    endloop
  endfacet
  facet normal 0.827049 -0.56213 0
    outer loop
      vertex 35.9103 -13.7508 -2
      vertex 35.6631 -14.1145 2
      vertex 35.6631 -14.1145 -2
    endloop
  endfacet
  facet normal 0.890953 0.454095 0
    outer loop
      vertex 36.3338 -7.01954 2
      vertex 36.1341 -6.62772 -2
      vertex 36.1341 -6.62772 2
    endloop
  endfacet
  facet normal 0.890953 0.454095 0
    outer loop
      vertex 36.1341 -6.62772 -2
      vertex 36.3338 -7.01954 2
      vertex 36.3338 -7.01954 -2
    endloop
  endfacet
  facet normal 0.940851 0.33882 0
    outer loop
      vertex 36.6574 -7.83688 2
      vertex 36.5084 -7.42313 -2
      vertex 36.5084 -7.42313 2
    endloop
  endfacet
  facet normal 0.940851 0.33882 0
    outer loop
      vertex 36.5084 -7.42313 -2
      vertex 36.6574 -7.83688 2
      vertex 36.6574 -7.83688 -2
    endloop
  endfacet
  facet normal 0.612881 0.790176 -0
    outer loop
      vertex 34.462 -4.60641 -2
      vertex 34.1145 -4.33688 2
      vertex 34.462 -4.60641 2
    endloop
  endfacet
  facet normal 0.612881 0.790176 0
    outer loop
      vertex 34.1145 -4.33688 2
      vertex 34.462 -4.60641 -2
      vertex 34.1145 -4.33688 -2
    endloop
  endfacet
  facet normal 0.612838 -0.790209 0
    outer loop
      vertex 34.1145 -15.6631 -2
      vertex 34.462 -15.3936 2
      vertex 34.1145 -15.6631 2
    endloop
  endfacet
  facet normal 0.612838 -0.790209 0
    outer loop
      vertex 34.462 -15.3936 2
      vertex 34.1145 -15.6631 -2
      vertex 34.462 -15.3936 -2
    endloop
  endfacet
  facet normal 0.0941212 0.995561 -0
    outer loop
      vertex 30.8773 -3.0552 -2
      vertex 30.4395 -3.01381 2
      vertex 30.8773 -3.0552 2
    endloop
  endfacet
  facet normal 0.0941212 0.995561 0
    outer loop
      vertex 30.4395 -3.01381 2
      vertex 30.8773 -3.0552 -2
      vertex 30.4395 -3.01381 -2
    endloop
  endfacet
  facet normal -0.397046 -0.917799 0
    outer loop
      vertex 27.0195 -16.3338 -2
      vertex 27.4231 -16.5084 2
      vertex 27.0195 -16.3338 2
    endloop
  endfacet
  facet normal -0.397046 -0.917799 -0
    outer loop
      vertex 27.4231 -16.5084 2
      vertex 27.0195 -16.3338 -2
      vertex 27.4231 -16.5084 -2
    endloop
  endfacet
  facet normal 0.917795 0.397054 0
    outer loop
      vertex 36.5084 -7.42313 2
      vertex 36.3338 -7.01954 -2
      vertex 36.3338 -7.01954 2
    endloop
  endfacet
  facet normal 0.917795 0.397054 0
    outer loop
      vertex 36.3338 -7.01954 -2
      vertex 36.5084 -7.42313 2
      vertex 36.5084 -7.42313 -2
    endloop
  endfacet
  facet normal -0.661366 -0.750063 0
    outer loop
      vertex 25.2082 -15.1028 -2
      vertex 25.538 -15.3936 2
      vertex 25.2082 -15.1028 2
    endloop
  endfacet
  facet normal -0.661366 -0.750063 -0
    outer loop
      vertex 25.538 -15.3936 2
      vertex 25.2082 -15.1028 -2
      vertex 25.538 -15.3936 -2
    endloop
  endfacet
  facet normal 0.661379 0.750052 -0
    outer loop
      vertex 34.7918 -4.89722 -2
      vertex 34.462 -4.60641 2
      vertex 34.7918 -4.89722 2
    endloop
  endfacet
  facet normal 0.661379 0.750052 0
    outer loop
      vertex 34.462 -4.60641 2
      vertex 34.7918 -4.89722 -2
      vertex 34.462 -4.60641 -2
    endloop
  endfacet
  facet normal 0.790209 -0.612838 0
    outer loop
      vertex 35.3936 -14.462 2
      vertex 35.6631 -14.1145 -2
      vertex 35.6631 -14.1145 2
    endloop
  endfacet
  facet normal 0.790209 -0.612838 0
    outer loop
      vertex 35.6631 -14.1145 -2
      vertex 35.3936 -14.462 2
      vertex 35.3936 -14.462 -2
    endloop
  endfacet
  facet normal -0.612838 -0.790209 0
    outer loop
      vertex 25.538 -15.3936 -2
      vertex 25.8855 -15.6631 2
      vertex 25.538 -15.3936 2
    endloop
  endfacet
  facet normal -0.612838 -0.790209 -0
    outer loop
      vertex 25.8855 -15.6631 2
      vertex 25.538 -15.3936 -2
      vertex 25.8855 -15.6631 -2
    endloop
  endfacet
  facet normal -0.995559 -0.0941437 0
    outer loop
      vertex 23.0552 -10.8773 -2
      vertex 23.0138 -10.4395 2
      vertex 23.0138 -10.4395 -2
    endloop
  endfacet
  facet normal -0.995559 -0.0941437 0
    outer loop
      vertex 23.0138 -10.4395 2
      vertex 23.0552 -10.8773 -2
      vertex 23.0552 -10.8773 2
    endloop
  endfacet
  facet normal -0.279073 -0.96027 0
    outer loop
      vertex 27.8369 -16.6574 -2
      vertex 28 -16.7048 2
      vertex 27.8369 -16.6574 2
    endloop
  endfacet
  facet normal -0.279073 -0.96027 -0
    outer loop
      vertex 28 -16.7048 2
      vertex 27.8369 -16.6574 -2
      vertex 28 -16.7048 -2
    endloop
  endfacet
  facet normal 0.860786 -0.508967 0
    outer loop
      vertex 35.9103 -13.7508 2
      vertex 36.1341 -13.3723 -2
      vertex 36.1341 -13.3723 2
    endloop
  endfacet
  facet normal 0.860786 -0.508967 0
    outer loop
      vertex 36.1341 -13.3723 -2
      vertex 35.9103 -13.7508 2
      vertex 35.9103 -13.7508 -2
    endloop
  endfacet
  facet normal 0.454113 -0.890944 0
    outer loop
      vertex 32.9805 -16.3338 -2
      vertex 33.3723 -16.1341 2
      vertex 32.9805 -16.3338 2
    endloop
  endfacet
  facet normal 0.454113 -0.890944 0
    outer loop
      vertex 33.3723 -16.1341 2
      vertex 32.9805 -16.3338 -2
      vertex 33.3723 -16.1341 -2
    endloop
  endfacet
  facet normal 0.827056 0.562119 0
    outer loop
      vertex 35.9103 -6.24921 2
      vertex 35.6631 -5.8855 -2
      vertex 35.6631 -5.8855 2
    endloop
  endfacet
  facet normal 0.827056 0.562119 0
    outer loop
      vertex 35.6631 -5.8855 -2
      vertex 35.9103 -6.24921 2
      vertex 35.9103 -6.24921 -2
    endloop
  endfacet
  facet normal -0.750063 -0.661366 0
    outer loop
      vertex 24.8972 -14.7918 -2
      vertex 24.6064 -14.462 2
      vertex 24.6064 -14.462 -2
    endloop
  endfacet
  facet normal -0.750063 -0.661366 0
    outer loop
      vertex 24.6064 -14.462 2
      vertex 24.8972 -14.7918 -2
      vertex 24.8972 -14.7918 2
    endloop
  endfacet
  facet normal 0.338784 -0.940864 0
    outer loop
      vertex 32.1631 -16.6574 -2
      vertex 32.5769 -16.5084 2
      vertex 32.1631 -16.6574 2
    endloop
  endfacet
  facet normal 0.338784 -0.940864 0
    outer loop
      vertex 32.5769 -16.5084 2
      vertex 32.1631 -16.6574 -2
      vertex 32.5769 -16.5084 -2
    endloop
  endfacet
  facet normal -0.999507 -0.0313839 0
    outer loop
      vertex 23.0138 -10.4395 -2
      vertex 23 -10 2
      vertex 23 -10 -2
    endloop
  endfacet
  facet normal -0.999507 -0.0313839 0
    outer loop
      vertex 23 -10 2
      vertex 23.0138 -10.4395 -2
      vertex 23.0138 -10.4395 2
    endloop
  endfacet
  facet normal 0.707107 -0.707107 0
    outer loop
      vertex 34.7918 -15.1028 2
      vertex 35.1028 -14.7918 -2
      vertex 35.1028 -14.7918 2
    endloop
  endfacet
  facet normal 0.707107 -0.707107 0
    outer loop
      vertex 35.1028 -14.7918 -2
      vertex 34.7918 -15.1028 2
      vertex 34.7918 -15.1028 -2
    endloop
  endfacet
  facet normal 0.987686 0.156451 0
    outer loop
      vertex 36.9448 -9.12267 2
      vertex 36.876 -8.68833 -2
      vertex 36.876 -8.68833 2
    endloop
  endfacet
  facet normal 0.987686 0.156451 0
    outer loop
      vertex 36.876 -8.68833 -2
      vertex 36.9448 -9.12267 2
      vertex 36.9448 -9.12267 -2
    endloop
  endfacet
  facet normal 0.454005 0.890999 -0
    outer loop
      vertex 33.3723 -3.86585 -2
      vertex 32.9805 -3.66621 2
      vertex 33.3723 -3.86585 2
    endloop
  endfacet
  facet normal 0.454005 0.890999 0
    outer loop
      vertex 32.9805 -3.66621 2
      vertex 33.3723 -3.86585 -2
      vertex 32.9805 -3.66621 -2
    endloop
  endfacet
  facet normal 0.397142 0.917757 -0
    outer loop
      vertex 32.9805 -3.66621 -2
      vertex 32.5769 -3.49156 2
      vertex 32.9805 -3.66621 2
    endloop
  endfacet
  facet normal 0.397142 0.917757 0
    outer loop
      vertex 32.5769 -3.49156 2
      vertex 32.9805 -3.66621 -2
      vertex 32.5769 -3.49156 -2
    endloop
  endfacet
  facet normal 0.750123 0.661298 0
    outer loop
      vertex 35.3936 -5.53803 2
      vertex 35.1028 -5.20817 -2
      vertex 35.1028 -5.20817 2
    endloop
  endfacet
  facet normal 0.750123 0.661298 0
    outer loop
      vertex 35.1028 -5.20817 -2
      vertex 35.3936 -5.53803 2
      vertex 35.3936 -5.53803 -2
    endloop
  endfacet
  facet normal 0.890944 -0.454113 0
    outer loop
      vertex 36.1341 -13.3723 2
      vertex 36.3338 -12.9805 -2
      vertex 36.3338 -12.9805 2
    endloop
  endfacet
  facet normal 0.890944 -0.454113 0
    outer loop
      vertex 36.3338 -12.9805 -2
      vertex 36.1341 -13.3723 2
      vertex 36.1341 -13.3723 -2
    endloop
  endfacet
  facet normal 0.750063 -0.661366 0
    outer loop
      vertex 35.1028 -14.7918 2
      vertex 35.3936 -14.462 -2
      vertex 35.3936 -14.462 2
    endloop
  endfacet
  facet normal 0.750063 -0.661366 0
    outer loop
      vertex 35.3936 -14.462 -2
      vertex 35.1028 -14.7918 2
      vertex 35.1028 -14.7918 -2
    endloop
  endfacet
  facet normal -0.987689 -0.15643 0
    outer loop
      vertex 23.124 -11.3117 -2
      vertex 23.0552 -10.8773 2
      vertex 23.0552 -10.8773 -2
    endloop
  endfacet
  facet normal -0.987689 -0.15643 0
    outer loop
      vertex 23.0552 -10.8773 2
      vertex 23.124 -11.3117 -2
      vertex 23.124 -11.3117 2
    endloop
  endfacet
  facet normal -0.338784 -0.940864 0
    outer loop
      vertex 27.4231 -16.5084 -2
      vertex 27.8369 -16.6574 2
      vertex 27.4231 -16.5084 2
    endloop
  endfacet
  facet normal -0.338784 -0.940864 -0
    outer loop
      vertex 27.8369 -16.6574 2
      vertex 27.4231 -16.5084 -2
      vertex 27.8369 -16.6574 -2
    endloop
  endfacet
  facet normal -0.827049 -0.56213 0
    outer loop
      vertex 24.3369 -14.1145 -2
      vertex 24.0897 -13.7508 2
      vertex 24.0897 -13.7508 -2
    endloop
  endfacet
  facet normal -0.827049 -0.56213 0
    outer loop
      vertex 24.0897 -13.7508 2
      vertex 24.3369 -14.1145 -2
      vertex 24.3369 -14.1145 2
    endloop
  endfacet
  facet normal 0.790183 0.612871 0
    outer loop
      vertex 35.6631 -5.8855 2
      vertex 35.3936 -5.53803 -2
      vertex 35.3936 -5.53803 2
    endloop
  endfacet
  facet normal 0.790183 0.612871 0
    outer loop
      vertex 35.3936 -5.53803 -2
      vertex 35.6631 -5.8855 2
      vertex 35.6631 -5.8855 -2
    endloop
  endfacet
  facet normal -0.860786 -0.508967 0
    outer loop
      vertex 24.0897 -13.7508 -2
      vertex 23.8659 -13.3723 2
      vertex 23.8659 -13.3723 -2
    endloop
  endfacet
  facet normal -0.860786 -0.508967 0
    outer loop
      vertex 23.8659 -13.3723 2
      vertex 24.0897 -13.7508 -2
      vertex 24.0897 -13.7508 2
    endloop
  endfacet
  facet normal -0.508967 -0.860786 0
    outer loop
      vertex 26.2492 -15.9103 -2
      vertex 26.6277 -16.1341 2
      vertex 26.2492 -15.9103 2
    endloop
  endfacet
  facet normal -0.508967 -0.860786 -0
    outer loop
      vertex 26.6277 -16.1341 2
      vertex 26.2492 -15.9103 -2
      vertex 26.6277 -16.1341 -2
    endloop
  endfacet
  facet normal 0.661366 -0.750063 0
    outer loop
      vertex 34.462 -15.3936 -2
      vertex 34.7918 -15.1028 2
      vertex 34.462 -15.3936 2
    endloop
  endfacet
  facet normal 0.661366 -0.750063 0
    outer loop
      vertex 34.7918 -15.1028 2
      vertex 34.462 -15.3936 -2
      vertex 34.7918 -15.1028 -2
    endloop
  endfacet
  facet normal -0.790209 -0.612838 0
    outer loop
      vertex 24.6064 -14.462 -2
      vertex 24.3369 -14.1145 2
      vertex 24.3369 -14.1145 -2
    endloop
  endfacet
  facet normal -0.790209 -0.612838 0
    outer loop
      vertex 24.3369 -14.1145 2
      vertex 24.6064 -14.462 -2
      vertex 24.6064 -14.462 2
    endloop
  endfacet
  facet normal -0.454113 -0.890944 0
    outer loop
      vertex 26.6277 -16.1341 -2
      vertex 27.0195 -16.3338 2
      vertex 26.6277 -16.1341 2
    endloop
  endfacet
  facet normal -0.454113 -0.890944 -0
    outer loop
      vertex 27.0195 -16.3338 2
      vertex 26.6277 -16.1341 -2
      vertex 27.0195 -16.3338 -2
    endloop
  endfacet
  facet normal -0.940881 -0.338738 0
    outer loop
      vertex 3.80423 1.23607 -2
      vertex 3.71911 1.4725 2
      vertex 3.71911 1.4725 -2
    endloop
  endfacet
  facet normal -0.940881 -0.338738 0
    outer loop
      vertex 3.71911 1.4725 2
      vertex 3.80423 1.23607 -2
      vertex 3.80423 1.23607 2
    endloop
  endfacet
  facet normal -0.995561 -0.0941161 0
    outer loop
      vertex 3.99211 0.251162 -2
      vertex 3.96846 0.501332 2
      vertex 3.96846 0.501332 -2
    endloop
  endfacet
  facet normal -0.995561 -0.0941161 0
    outer loop
      vertex 3.96846 0.501332 2
      vertex 3.99211 0.251162 -2
      vertex 3.99211 0.251162 2
    endloop
  endfacet
  facet normal -0.999507 -0.0313985 0
    outer loop
      vertex 4 0 -2
      vertex 3.99211 0.251162 2
      vertex 3.99211 0.251162 -2
    endloop
  endfacet
  facet normal -0.999507 -0.0313985 0
    outer loop
      vertex 3.99211 0.251162 2
      vertex 4 0 -2
      vertex 4 0 2
    endloop
  endfacet
  facet normal -0.987688 -0.156435 0
    outer loop
      vertex 3.96846 0.501332 -2
      vertex 3.92915 0.749525 2
      vertex 3.92915 0.749525 -2
    endloop
  endfacet
  facet normal -0.987688 -0.156435 0
    outer loop
      vertex 3.92915 0.749525 2
      vertex 3.96846 0.501332 -2
      vertex 3.96846 0.501332 2
    endloop
  endfacet
  facet normal -0.891003 0.453998 0
    outer loop
      vertex 3.50523 -1.92701 -2
      vertex 3.61931 -1.70312 2
      vertex 3.61931 -1.70312 -2
    endloop
  endfacet
  facet normal -0.891003 0.453998 0
    outer loop
      vertex 3.61931 -1.70312 2
      vertex 3.50523 -1.92701 -2
      vertex 3.50523 -1.92701 2
    endloop
  endfacet
  facet normal -0.0941161 0.995561 0
    outer loop
      vertex 0.501332 -3.96846 -2
      vertex 0.251162 -3.99211 2
      vertex 0.501332 -3.96846 2
    endloop
  endfacet
  facet normal -0.0941161 0.995561 0
    outer loop
      vertex 0.251162 -3.99211 2
      vertex 0.501332 -3.96846 -2
      vertex 0.251162 -3.99211 -2
    endloop
  endfacet
  facet normal 0.156435 0.987688 -0
    outer loop
      vertex -0.501332 -3.96846 -2
      vertex -0.749525 -3.92915 2
      vertex -0.501332 -3.96846 2
    endloop
  endfacet
  facet normal 0.156435 0.987688 0
    outer loop
      vertex -0.749525 -3.92915 2
      vertex -0.501332 -3.96846 -2
      vertex -0.749525 -3.92915 -2
    endloop
  endfacet
  facet normal 0.397154 0.917752 -0
    outer loop
      vertex -1.4725 -3.71911 -2
      vertex -1.70312 -3.61931 2
      vertex -1.4725 -3.71911 2
    endloop
  endfacet
  facet normal 0.397154 0.917752 0
    outer loop
      vertex -1.70312 -3.61931 2
      vertex -1.4725 -3.71911 -2
      vertex -1.70312 -3.61931 -2
    endloop
  endfacet
  facet normal 0.917752 0.397154 0
    outer loop
      vertex -3.61931 -1.70312 2
      vertex -3.71911 -1.4725 -2
      vertex -3.71911 -1.4725 2
    endloop
  endfacet
  facet normal 0.917752 0.397154 0
    outer loop
      vertex -3.71911 -1.4725 -2
      vertex -3.61931 -1.70312 2
      vertex -3.61931 -1.70312 -2
    endloop
  endfacet
  facet normal -0.975914 -0.218157 0
    outer loop
      vertex 3.92915 0.749525 -2
      vertex 3.87433 0.994759 2
      vertex 3.87433 0.994759 -2
    endloop
  endfacet
  facet normal -0.975914 -0.218157 0
    outer loop
      vertex 3.87433 0.994759 2
      vertex 3.92915 0.749525 -2
      vertex 3.92915 0.749525 2
    endloop
  endfacet
  facet normal -0.509043 -0.860741 0
    outer loop
      vertex 1.92701 3.50523 -2
      vertex 2.14331 3.37731 2
      vertex 1.92701 3.50523 2
    endloop
  endfacet
  facet normal -0.509043 -0.860741 -0
    outer loop
      vertex 2.14331 3.37731 2
      vertex 1.92701 3.50523 -2
      vertex 2.14331 3.37731 -2
    endloop
  endfacet
  facet normal -0.0313985 0.999507 0
    outer loop
      vertex 0.251162 -3.99211 -2
      vertex 0 -4 2
      vertex 0.251162 -3.99211 2
    endloop
  endfacet
  facet normal -0.0313985 0.999507 0
    outer loop
      vertex 0 -4 2
      vertex 0.251162 -3.99211 -2
      vertex 0 -4 -2
    endloop
  endfacet
  facet normal 0.860741 -0.509043 0
    outer loop
      vertex -3.50523 1.92701 2
      vertex -3.37731 2.14331 -2
      vertex -3.37731 2.14331 2
    endloop
  endfacet
  facet normal 0.860741 -0.509043 0
    outer loop
      vertex -3.37731 2.14331 -2
      vertex -3.50523 1.92701 2
      vertex -3.50523 1.92701 -2
    endloop
  endfacet
  facet normal 0.66132 -0.750104 0
    outer loop
      vertex -2.73819 2.91587 -2
      vertex -2.5497 3.08205 2
      vertex -2.73819 2.91587 2
    endloop
  endfacet
  facet normal 0.66132 -0.750104 0
    outer loop
      vertex -2.5497 3.08205 2
      vertex -2.73819 2.91587 -2
      vertex -2.5497 3.08205 -2
    endloop
  endfacet
  facet normal -0.827083 -0.56208 0
    outer loop
      vertex 3.37731 2.14331 -2
      vertex 3.23607 2.35114 2
      vertex 3.23607 2.35114 -2
    endloop
  endfacet
  facet normal -0.827083 -0.56208 0
    outer loop
      vertex 3.23607 2.35114 2
      vertex 3.37731 2.14331 -2
      vertex 3.37731 2.14331 2
    endloop
  endfacet
  facet normal -0.860741 0.509043 0
    outer loop
      vertex 3.37731 -2.14331 -2
      vertex 3.50523 -1.92701 2
      vertex 3.50523 -1.92701 -2
    endloop
  endfacet
  facet normal -0.860741 0.509043 0
    outer loop
      vertex 3.50523 -1.92701 2
      vertex 3.37731 -2.14331 -2
      vertex 3.37731 -2.14331 2
    endloop
  endfacet
  facet normal -0.707107 -0.707107 0
    outer loop
      vertex 2.91587 2.73819 -2
      vertex 2.73819 2.91587 2
      vertex 2.73819 2.91587 -2
    endloop
  endfacet
  facet normal -0.707107 -0.707107 0
    outer loop
      vertex 2.73819 2.91587 2
      vertex 2.91587 2.73819 -2
      vertex 2.91587 2.73819 2
    endloop
  endfacet
  facet normal 0.827083 0.56208 0
    outer loop
      vertex -3.23607 -2.35114 2
      vertex -3.37731 -2.14331 -2
      vertex -3.37731 -2.14331 2
    endloop
  endfacet
  facet normal 0.827083 0.56208 0
    outer loop
      vertex -3.37731 -2.14331 -2
      vertex -3.23607 -2.35114 2
      vertex -3.23607 -2.35114 -2
    endloop
  endfacet
  facet normal -0.750104 0.66132 0
    outer loop
      vertex 2.91587 -2.73819 -2
      vertex 3.08205 -2.5497 2
      vertex 3.08205 -2.5497 -2
    endloop
  endfacet
  facet normal -0.750104 0.66132 0
    outer loop
      vertex 3.08205 -2.5497 2
      vertex 2.91587 -2.73819 -2
      vertex 2.91587 -2.73819 2
    endloop
  endfacet
  facet normal 0.999507 0.0313985 0
    outer loop
      vertex -3.99211 -0.251162 2
      vertex -4 0 -2
      vertex -4 0 2
    endloop
  endfacet
  facet normal 0.999507 0.0313985 0
    outer loop
      vertex -4 0 -2
      vertex -3.99211 -0.251162 2
      vertex -3.99211 -0.251162 -2
    endloop
  endfacet
  facet normal 0.940881 0.338738 0
    outer loop
      vertex -3.71911 -1.4725 2
      vertex -3.80423 -1.23607 -2
      vertex -3.80423 -1.23607 2
    endloop
  endfacet
  facet normal 0.940881 0.338738 0
    outer loop
      vertex -3.80423 -1.23607 -2
      vertex -3.71911 -1.4725 2
      vertex -3.71911 -1.4725 -2
    endloop
  endfacet
  facet normal -0.860741 -0.509043 0
    outer loop
      vertex 3.50523 1.92701 -2
      vertex 3.37731 2.14331 2
      vertex 3.37731 2.14331 -2
    endloop
  endfacet
  facet normal -0.860741 -0.509043 0
    outer loop
      vertex 3.37731 2.14331 2
      vertex 3.50523 1.92701 -2
      vertex 3.50523 1.92701 2
    endloop
  endfacet
  facet normal 0.995561 0.0941161 0
    outer loop
      vertex -3.96846 -0.501332 2
      vertex -3.99211 -0.251162 -2
      vertex -3.99211 -0.251162 2
    endloop
  endfacet
  facet normal 0.995561 0.0941161 0
    outer loop
      vertex -3.99211 -0.251162 -2
      vertex -3.96846 -0.501332 2
      vertex -3.96846 -0.501332 -2
    endloop
  endfacet
  facet normal 0.987688 0.156435 0
    outer loop
      vertex -3.92915 -0.749525 2
      vertex -3.96846 -0.501332 -2
      vertex -3.96846 -0.501332 2
    endloop
  endfacet
  facet normal 0.987688 0.156435 0
    outer loop
      vertex -3.96846 -0.501332 -2
      vertex -3.92915 -0.749525 2
      vertex -3.92915 -0.749525 -2
    endloop
  endfacet
  facet normal -0.66132 -0.750104 0
    outer loop
      vertex 2.5497 3.08205 -2
      vertex 2.73819 2.91587 2
      vertex 2.5497 3.08205 2
    endloop
  endfacet
  facet normal -0.66132 -0.750104 -0
    outer loop
      vertex 2.73819 2.91587 2
      vertex 2.5497 3.08205 -2
      vertex 2.73819 2.91587 -2
    endloop
  endfacet
  facet normal -0.987688 0.156435 0
    outer loop
      vertex 3.92915 -0.749525 -2
      vertex 3.96846 -0.501332 2
      vertex 3.96846 -0.501332 -2
    endloop
  endfacet
  facet normal -0.987688 0.156435 0
    outer loop
      vertex 3.96846 -0.501332 2
      vertex 3.92915 -0.749525 -2
      vertex 3.92915 -0.749525 2
    endloop
  endfacet
  facet normal -0.960301 -0.278964 0
    outer loop
      vertex 3.87433 0.994759 -2
      vertex 3.80423 1.23607 2
      vertex 3.80423 1.23607 -2
    endloop
  endfacet
  facet normal -0.960301 -0.278964 0
    outer loop
      vertex 3.80423 1.23607 2
      vertex 3.87433 0.994759 -2
      vertex 3.87433 0.994759 2
    endloop
  endfacet
  facet normal -0.338738 -0.940881 0
    outer loop
      vertex 1.23607 3.80423 -2
      vertex 1.4725 3.71911 2
      vertex 1.23607 3.80423 2
    endloop
  endfacet
  facet normal -0.338738 -0.940881 -0
    outer loop
      vertex 1.4725 3.71911 2
      vertex 1.23607 3.80423 -2
      vertex 1.4725 3.71911 -2
    endloop
  endfacet
  facet normal -0.338738 0.940881 0
    outer loop
      vertex 1.4725 -3.71911 -2
      vertex 1.23607 -3.80423 2
      vertex 1.4725 -3.71911 2
    endloop
  endfacet
  facet normal -0.338738 0.940881 0
    outer loop
      vertex 1.23607 -3.80423 2
      vertex 1.4725 -3.71911 -2
      vertex 1.23607 -3.80423 -2
    endloop
  endfacet
  facet normal 0.56208 -0.827083 0
    outer loop
      vertex -2.35114 3.23607 -2
      vertex -2.14331 3.37731 2
      vertex -2.35114 3.23607 2
    endloop
  endfacet
  facet normal 0.56208 -0.827083 0
    outer loop
      vertex -2.14331 3.37731 2
      vertex -2.35114 3.23607 -2
      vertex -2.14331 3.37731 -2
    endloop
  endfacet
  facet normal 0.61291 -0.790153 0
    outer loop
      vertex -2.5497 3.08205 -2
      vertex -2.35114 3.23607 2
      vertex -2.5497 3.08205 2
    endloop
  endfacet
  facet normal 0.61291 -0.790153 0
    outer loop
      vertex -2.35114 3.23607 2
      vertex -2.5497 3.08205 -2
      vertex -2.35114 3.23607 -2
    endloop
  endfacet
  facet normal 0.995561 -0.0941161 0
    outer loop
      vertex -3.99211 0.251162 2
      vertex -3.96846 0.501332 -2
      vertex -3.96846 0.501332 2
    endloop
  endfacet
  facet normal 0.995561 -0.0941161 0
    outer loop
      vertex -3.96846 0.501332 -2
      vertex -3.99211 0.251162 2
      vertex -3.99211 0.251162 -2
    endloop
  endfacet
  facet normal 0.790153 -0.61291 0
    outer loop
      vertex -3.23607 2.35114 2
      vertex -3.08205 2.5497 -2
      vertex -3.08205 2.5497 2
    endloop
  endfacet
  facet normal 0.790153 -0.61291 0
    outer loop
      vertex -3.08205 2.5497 -2
      vertex -3.23607 2.35114 2
      vertex -3.23607 2.35114 -2
    endloop
  endfacet
  facet normal 0.975914 -0.218157 0
    outer loop
      vertex -3.92915 0.749525 2
      vertex -3.87433 0.994759 -2
      vertex -3.87433 0.994759 2
    endloop
  endfacet
  facet normal 0.975914 -0.218157 0
    outer loop
      vertex -3.87433 0.994759 -2
      vertex -3.92915 0.749525 2
      vertex -3.92915 0.749525 -2
    endloop
  endfacet
  facet normal -0.218157 -0.975914 0
    outer loop
      vertex 0.749525 3.92915 -2
      vertex 0.994759 3.87433 2
      vertex 0.749525 3.92915 2
    endloop
  endfacet
  facet normal -0.218157 -0.975914 -0
    outer loop
      vertex 0.994759 3.87433 2
      vertex 0.749525 3.92915 -2
      vertex 0.994759 3.87433 -2
    endloop
  endfacet
  facet normal -0.509043 0.860741 0
    outer loop
      vertex 2.14331 -3.37731 -2
      vertex 1.92701 -3.50523 2
      vertex 2.14331 -3.37731 2
    endloop
  endfacet
  facet normal -0.509043 0.860741 0
    outer loop
      vertex 1.92701 -3.50523 2
      vertex 2.14331 -3.37731 -2
      vertex 1.92701 -3.50523 -2
    endloop
  endfacet
  facet normal -0.453998 0.891003 0
    outer loop
      vertex 1.92701 -3.50523 -2
      vertex 1.70312 -3.61931 2
      vertex 1.92701 -3.50523 2
    endloop
  endfacet
  facet normal -0.453998 0.891003 0
    outer loop
      vertex 1.70312 -3.61931 2
      vertex 1.92701 -3.50523 -2
      vertex 1.70312 -3.61931 -2
    endloop
  endfacet
  facet normal -0.56208 -0.827083 0
    outer loop
      vertex 2.14331 3.37731 -2
      vertex 2.35114 3.23607 2
      vertex 2.14331 3.37731 2
    endloop
  endfacet
  facet normal -0.56208 -0.827083 -0
    outer loop
      vertex 2.35114 3.23607 2
      vertex 2.14331 3.37731 -2
      vertex 2.35114 3.23607 -2
    endloop
  endfacet
  facet normal -0.960301 0.278964 0
    outer loop
      vertex 3.80423 -1.23607 -2
      vertex 3.87433 -0.994759 2
      vertex 3.87433 -0.994759 -2
    endloop
  endfacet
  facet normal -0.960301 0.278964 0
    outer loop
      vertex 3.87433 -0.994759 2
      vertex 3.80423 -1.23607 -2
      vertex 3.80423 -1.23607 2
    endloop
  endfacet
  facet normal 0.940881 -0.338738 0
    outer loop
      vertex -3.80423 1.23607 2
      vertex -3.71911 1.4725 -2
      vertex -3.71911 1.4725 2
    endloop
  endfacet
  facet normal 0.940881 -0.338738 0
    outer loop
      vertex -3.71911 1.4725 -2
      vertex -3.80423 1.23607 2
      vertex -3.80423 1.23607 -2
    endloop
  endfacet
  facet normal -0.891003 -0.453998 0
    outer loop
      vertex 3.61931 1.70312 -2
      vertex 3.50523 1.92701 2
      vertex 3.50523 1.92701 -2
    endloop
  endfacet
  facet normal -0.891003 -0.453998 0
    outer loop
      vertex 3.50523 1.92701 2
      vertex 3.61931 1.70312 -2
      vertex 3.61931 1.70312 2
    endloop
  endfacet
  facet normal -0.917752 -0.397154 0
    outer loop
      vertex 3.71911 1.4725 -2
      vertex 3.61931 1.70312 2
      vertex 3.61931 1.70312 -2
    endloop
  endfacet
  facet normal -0.917752 -0.397154 0
    outer loop
      vertex 3.61931 1.70312 2
      vertex 3.71911 1.4725 -2
      vertex 3.71911 1.4725 2
    endloop
  endfacet
  facet normal -0.940881 0.338738 0
    outer loop
      vertex 3.71911 -1.4725 -2
      vertex 3.80423 -1.23607 2
      vertex 3.80423 -1.23607 -2
    endloop
  endfacet
  facet normal -0.940881 0.338738 0
    outer loop
      vertex 3.80423 -1.23607 2
      vertex 3.71911 -1.4725 -2
      vertex 3.71911 -1.4725 2
    endloop
  endfacet
  facet normal 0.707107 0.707107 0
    outer loop
      vertex -2.73819 -2.91587 2
      vertex -2.91587 -2.73819 -2
      vertex -2.91587 -2.73819 2
    endloop
  endfacet
  facet normal 0.707107 0.707107 0
    outer loop
      vertex -2.91587 -2.73819 -2
      vertex -2.73819 -2.91587 2
      vertex -2.73819 -2.91587 -2
    endloop
  endfacet
  facet normal 0.987688 -0.156435 0
    outer loop
      vertex -3.96846 0.501332 2
      vertex -3.92915 0.749525 -2
      vertex -3.92915 0.749525 2
    endloop
  endfacet
  facet normal 0.987688 -0.156435 0
    outer loop
      vertex -3.92915 0.749525 -2
      vertex -3.96846 0.501332 2
      vertex -3.96846 0.501332 -2
    endloop
  endfacet
  facet normal 0.0941161 -0.995561 0
    outer loop
      vertex -0.501332 3.96846 -2
      vertex -0.251162 3.99211 2
      vertex -0.501332 3.96846 2
    endloop
  endfacet
  facet normal 0.0941161 -0.995561 0
    outer loop
      vertex -0.251162 3.99211 2
      vertex -0.501332 3.96846 -2
      vertex -0.251162 3.99211 -2
    endloop
  endfacet
  facet normal 0.975914 0.218157 0
    outer loop
      vertex -3.87433 -0.994759 2
      vertex -3.92915 -0.749525 -2
      vertex -3.92915 -0.749525 2
    endloop
  endfacet
  facet normal 0.975914 0.218157 0
    outer loop
      vertex -3.92915 -0.749525 -2
      vertex -3.87433 -0.994759 2
      vertex -3.87433 -0.994759 -2
    endloop
  endfacet
  facet normal -0.790153 0.61291 0
    outer loop
      vertex 3.08205 -2.5497 -2
      vertex 3.23607 -2.35114 2
      vertex 3.23607 -2.35114 -2
    endloop
  endfacet
  facet normal -0.790153 0.61291 0
    outer loop
      vertex 3.23607 -2.35114 2
      vertex 3.08205 -2.5497 -2
      vertex 3.08205 -2.5497 2
    endloop
  endfacet
  facet normal -0.278964 0.960301 0
    outer loop
      vertex 1.23607 -3.80423 -2
      vertex 0.994759 -3.87433 2
      vertex 1.23607 -3.80423 2
    endloop
  endfacet
  facet normal -0.278964 0.960301 0
    outer loop
      vertex 0.994759 -3.87433 2
      vertex 1.23607 -3.80423 -2
      vertex 0.994759 -3.87433 -2
    endloop
  endfacet
  facet normal -0.218157 0.975914 0
    outer loop
      vertex 0.994759 -3.87433 -2
      vertex 0.749525 -3.92915 2
      vertex 0.994759 -3.87433 2
    endloop
  endfacet
  facet normal -0.218157 0.975914 0
    outer loop
      vertex 0.749525 -3.92915 2
      vertex 0.994759 -3.87433 -2
      vertex 0.749525 -3.92915 -2
    endloop
  endfacet
  facet normal -0.917752 0.397154 0
    outer loop
      vertex 3.61931 -1.70312 -2
      vertex 3.71911 -1.4725 2
      vertex 3.71911 -1.4725 -2
    endloop
  endfacet
  facet normal -0.917752 0.397154 0
    outer loop
      vertex 3.71911 -1.4725 2
      vertex 3.61931 -1.70312 -2
      vertex 3.61931 -1.70312 2
    endloop
  endfacet
  facet normal 0.509043 0.860741 -0
    outer loop
      vertex -1.92701 -3.50523 -2
      vertex -2.14331 -3.37731 2
      vertex -1.92701 -3.50523 2
    endloop
  endfacet
  facet normal 0.509043 0.860741 0
    outer loop
      vertex -2.14331 -3.37731 2
      vertex -1.92701 -3.50523 -2
      vertex -2.14331 -3.37731 -2
    endloop
  endfacet
  facet normal -0.397154 0.917752 0
    outer loop
      vertex 1.70312 -3.61931 -2
      vertex 1.4725 -3.71911 2
      vertex 1.70312 -3.61931 2
    endloop
  endfacet
  facet normal -0.397154 0.917752 0
    outer loop
      vertex 1.4725 -3.71911 2
      vertex 1.70312 -3.61931 -2
      vertex 1.4725 -3.71911 -2
    endloop
  endfacet
  facet normal 0.278964 0.960301 -0
    outer loop
      vertex -0.994759 -3.87433 -2
      vertex -1.23607 -3.80423 2
      vertex -0.994759 -3.87433 2
    endloop
  endfacet
  facet normal 0.278964 0.960301 0
    outer loop
      vertex -1.23607 -3.80423 2
      vertex -0.994759 -3.87433 -2
      vertex -1.23607 -3.80423 -2
    endloop
  endfacet
  facet normal -0.0941161 -0.995561 0
    outer loop
      vertex 0.251162 3.99211 -2
      vertex 0.501332 3.96846 2
      vertex 0.251162 3.99211 2
    endloop
  endfacet
  facet normal -0.0941161 -0.995561 -0
    outer loop
      vertex 0.501332 3.96846 2
      vertex 0.251162 3.99211 -2
      vertex 0.501332 3.96846 -2
    endloop
  endfacet
  facet normal 0.750104 -0.66132 0
    outer loop
      vertex -3.08205 2.5497 2
      vertex -2.91587 2.73819 -2
      vertex -2.91587 2.73819 2
    endloop
  endfacet
  facet normal 0.750104 -0.66132 0
    outer loop
      vertex -2.91587 2.73819 -2
      vertex -3.08205 2.5497 2
      vertex -3.08205 2.5497 -2
    endloop
  endfacet
  facet normal 0.960301 0.278964 0
    outer loop
      vertex -3.80423 -1.23607 2
      vertex -3.87433 -0.994759 -2
      vertex -3.87433 -0.994759 2
    endloop
  endfacet
  facet normal 0.960301 0.278964 0
    outer loop
      vertex -3.87433 -0.994759 -2
      vertex -3.80423 -1.23607 2
      vertex -3.80423 -1.23607 -2
    endloop
  endfacet
  facet normal 0.860741 0.509043 0
    outer loop
      vertex -3.37731 -2.14331 2
      vertex -3.50523 -1.92701 -2
      vertex -3.50523 -1.92701 2
    endloop
  endfacet
  facet normal 0.860741 0.509043 0
    outer loop
      vertex -3.50523 -1.92701 -2
      vertex -3.37731 -2.14331 2
      vertex -3.37731 -2.14331 -2
    endloop
  endfacet
  facet normal 0.338738 -0.940881 0
    outer loop
      vertex -1.4725 3.71911 -2
      vertex -1.23607 3.80423 2
      vertex -1.4725 3.71911 2
    endloop
  endfacet
  facet normal 0.338738 -0.940881 0
    outer loop
      vertex -1.23607 3.80423 2
      vertex -1.4725 3.71911 -2
      vertex -1.23607 3.80423 -2
    endloop
  endfacet
  facet normal -0.61291 -0.790153 0
    outer loop
      vertex 2.35114 3.23607 -2
      vertex 2.5497 3.08205 2
      vertex 2.35114 3.23607 2
    endloop
  endfacet
  facet normal -0.61291 -0.790153 -0
    outer loop
      vertex 2.5497 3.08205 2
      vertex 2.35114 3.23607 -2
      vertex 2.5497 3.08205 -2
    endloop
  endfacet
  facet normal 0.750104 0.66132 0
    outer loop
      vertex -2.91587 -2.73819 2
      vertex -3.08205 -2.5497 -2
      vertex -3.08205 -2.5497 2
    endloop
  endfacet
  facet normal 0.750104 0.66132 0
    outer loop
      vertex -3.08205 -2.5497 -2
      vertex -2.91587 -2.73819 2
      vertex -2.91587 -2.73819 -2
    endloop
  endfacet
  facet normal 0.0313985 -0.999507 0
    outer loop
      vertex -0.251162 3.99211 -2
      vertex 0 4 2
      vertex -0.251162 3.99211 2
    endloop
  endfacet
  facet normal 0.0313985 -0.999507 0
    outer loop
      vertex 0 4 2
      vertex -0.251162 3.99211 -2
      vertex 0 4 -2
    endloop
  endfacet
  facet normal -0.995561 0.0941161 0
    outer loop
      vertex 3.96846 -0.501332 -2
      vertex 3.99211 -0.251162 2
      vertex 3.99211 -0.251162 -2
    endloop
  endfacet
  facet normal -0.995561 0.0941161 0
    outer loop
      vertex 3.99211 -0.251162 2
      vertex 3.96846 -0.501332 -2
      vertex 3.96846 -0.501332 2
    endloop
  endfacet
  facet normal -0.397154 -0.917752 0
    outer loop
      vertex 1.4725 3.71911 -2
      vertex 1.70312 3.61931 2
      vertex 1.4725 3.71911 2
    endloop
  endfacet
  facet normal -0.397154 -0.917752 -0
    outer loop
      vertex 1.70312 3.61931 2
      vertex 1.4725 3.71911 -2
      vertex 1.70312 3.61931 -2
    endloop
  endfacet
  facet normal -0.453998 -0.891003 0
    outer loop
      vertex 1.70312 3.61931 -2
      vertex 1.92701 3.50523 2
      vertex 1.70312 3.61931 2
    endloop
  endfacet
  facet normal -0.453998 -0.891003 -0
    outer loop
      vertex 1.92701 3.50523 2
      vertex 1.70312 3.61931 -2
      vertex 1.92701 3.50523 -2
    endloop
  endfacet
  facet normal -0.750104 -0.66132 0
    outer loop
      vertex 3.08205 2.5497 -2
      vertex 2.91587 2.73819 2
      vertex 2.91587 2.73819 -2
    endloop
  endfacet
  facet normal -0.750104 -0.66132 0
    outer loop
      vertex 2.91587 2.73819 2
      vertex 3.08205 2.5497 -2
      vertex 3.08205 2.5497 2
    endloop
  endfacet
  facet normal 0.891003 0.453998 0
    outer loop
      vertex -3.50523 -1.92701 2
      vertex -3.61931 -1.70312 -2
      vertex -3.61931 -1.70312 2
    endloop
  endfacet
  facet normal 0.891003 0.453998 0
    outer loop
      vertex -3.61931 -1.70312 -2
      vertex -3.50523 -1.92701 2
      vertex -3.50523 -1.92701 -2
    endloop
  endfacet
  facet normal 0.827083 -0.56208 0
    outer loop
      vertex -3.37731 2.14331 2
      vertex -3.23607 2.35114 -2
      vertex -3.23607 2.35114 2
    endloop
  endfacet
  facet normal 0.827083 -0.56208 0
    outer loop
      vertex -3.23607 2.35114 -2
      vertex -3.37731 2.14331 2
      vertex -3.37731 2.14331 -2
    endloop
  endfacet
  facet normal -0.975914 0.218157 0
    outer loop
      vertex 3.87433 -0.994759 -2
      vertex 3.92915 -0.749525 2
      vertex 3.92915 -0.749525 -2
    endloop
  endfacet
  facet normal -0.975914 0.218157 0
    outer loop
      vertex 3.92915 -0.749525 2
      vertex 3.87433 -0.994759 -2
      vertex 3.87433 -0.994759 2
    endloop
  endfacet
  facet normal 0.509043 -0.860741 0
    outer loop
      vertex -2.14331 3.37731 -2
      vertex -1.92701 3.50523 2
      vertex -2.14331 3.37731 2
    endloop
  endfacet
  facet normal 0.509043 -0.860741 0
    outer loop
      vertex -1.92701 3.50523 2
      vertex -2.14331 3.37731 -2
      vertex -1.92701 3.50523 -2
    endloop
  endfacet
  facet normal -0.0313985 -0.999507 0
    outer loop
      vertex 0 4 -2
      vertex 0.251162 3.99211 2
      vertex 0 4 2
    endloop
  endfacet
  facet normal -0.0313985 -0.999507 -0
    outer loop
      vertex 0.251162 3.99211 2
      vertex 0 4 -2
      vertex 0.251162 3.99211 -2
    endloop
  endfacet
  facet normal -0.66132 0.750104 0
    outer loop
      vertex 2.73819 -2.91587 -2
      vertex 2.5497 -3.08205 2
      vertex 2.73819 -2.91587 2
    endloop
  endfacet
  facet normal -0.66132 0.750104 0
    outer loop
      vertex 2.5497 -3.08205 2
      vertex 2.73819 -2.91587 -2
      vertex 2.5497 -3.08205 -2
    endloop
  endfacet
  facet normal 0.0941161 0.995561 -0
    outer loop
      vertex -0.251162 -3.99211 -2
      vertex -0.501332 -3.96846 2
      vertex -0.251162 -3.99211 2
    endloop
  endfacet
  facet normal 0.0941161 0.995561 0
    outer loop
      vertex -0.501332 -3.96846 2
      vertex -0.251162 -3.99211 -2
      vertex -0.501332 -3.96846 -2
    endloop
  endfacet
  facet normal 0.278964 -0.960301 0
    outer loop
      vertex -1.23607 3.80423 -2
      vertex -0.994759 3.87433 2
      vertex -1.23607 3.80423 2
    endloop
  endfacet
  facet normal 0.278964 -0.960301 0
    outer loop
      vertex -0.994759 3.87433 2
      vertex -1.23607 3.80423 -2
      vertex -0.994759 3.87433 -2
    endloop
  endfacet
  facet normal 0.218157 -0.975914 0
    outer loop
      vertex -0.994759 3.87433 -2
      vertex -0.749525 3.92915 2
      vertex -0.994759 3.87433 2
    endloop
  endfacet
  facet normal 0.218157 -0.975914 0
    outer loop
      vertex -0.749525 3.92915 2
      vertex -0.994759 3.87433 -2
      vertex -0.749525 3.92915 -2
    endloop
  endfacet
  facet normal 0.917752 -0.397154 0
    outer loop
      vertex -3.71911 1.4725 2
      vertex -3.61931 1.70312 -2
      vertex -3.61931 1.70312 2
    endloop
  endfacet
  facet normal 0.917752 -0.397154 0
    outer loop
      vertex -3.61931 1.70312 -2
      vertex -3.71911 1.4725 2
      vertex -3.71911 1.4725 -2
    endloop
  endfacet
  facet normal 0.218157 0.975914 -0
    outer loop
      vertex -0.749525 -3.92915 -2
      vertex -0.994759 -3.87433 2
      vertex -0.749525 -3.92915 2
    endloop
  endfacet
  facet normal 0.218157 0.975914 0
    outer loop
      vertex -0.994759 -3.87433 2
      vertex -0.749525 -3.92915 -2
      vertex -0.994759 -3.87433 -2
    endloop
  endfacet
  facet normal 0.156435 -0.987688 0
    outer loop
      vertex -0.749525 3.92915 -2
      vertex -0.501332 3.96846 2
      vertex -0.749525 3.92915 2
    endloop
  endfacet
  facet normal 0.156435 -0.987688 0
    outer loop
      vertex -0.501332 3.96846 2
      vertex -0.749525 3.92915 -2
      vertex -0.501332 3.96846 -2
    endloop
  endfacet
  facet normal 0.999507 -0.0313985 0
    outer loop
      vertex -4 0 2
      vertex -3.99211 0.251162 -2
      vertex -3.99211 0.251162 2
    endloop
  endfacet
  facet normal 0.999507 -0.0313985 0
    outer loop
      vertex -3.99211 0.251162 -2
      vertex -4 0 2
      vertex -4 0 -2
    endloop
  endfacet
  facet normal -0.156435 0.987688 0
    outer loop
      vertex 0.749525 -3.92915 -2
      vertex 0.501332 -3.96846 2
      vertex 0.749525 -3.92915 2
    endloop
  endfacet
  facet normal -0.156435 0.987688 0
    outer loop
      vertex 0.501332 -3.96846 2
      vertex 0.749525 -3.92915 -2
      vertex 0.501332 -3.96846 -2
    endloop
  endfacet
  facet normal 0.66132 0.750104 -0
    outer loop
      vertex -2.5497 -3.08205 -2
      vertex -2.73819 -2.91587 2
      vertex -2.5497 -3.08205 2
    endloop
  endfacet
  facet normal 0.66132 0.750104 0
    outer loop
      vertex -2.73819 -2.91587 2
      vertex -2.5497 -3.08205 -2
      vertex -2.73819 -2.91587 -2
    endloop
  endfacet
  facet normal 0.707107 -0.707107 0
    outer loop
      vertex -2.91587 2.73819 2
      vertex -2.73819 2.91587 -2
      vertex -2.73819 2.91587 2
    endloop
  endfacet
  facet normal 0.707107 -0.707107 0
    outer loop
      vertex -2.73819 2.91587 -2
      vertex -2.91587 2.73819 2
      vertex -2.91587 2.73819 -2
    endloop
  endfacet
  facet normal 0.338738 0.940881 -0
    outer loop
      vertex -1.23607 -3.80423 -2
      vertex -1.4725 -3.71911 2
      vertex -1.23607 -3.80423 2
    endloop
  endfacet
  facet normal 0.338738 0.940881 0
    outer loop
      vertex -1.4725 -3.71911 2
      vertex -1.23607 -3.80423 -2
      vertex -1.4725 -3.71911 -2
    endloop
  endfacet
  facet normal 0.453998 0.891003 -0
    outer loop
      vertex -1.70312 -3.61931 -2
      vertex -1.92701 -3.50523 2
      vertex -1.70312 -3.61931 2
    endloop
  endfacet
  facet normal 0.453998 0.891003 0
    outer loop
      vertex -1.92701 -3.50523 2
      vertex -1.70312 -3.61931 -2
      vertex -1.92701 -3.50523 -2
    endloop
  endfacet
  facet normal -0.827083 0.56208 0
    outer loop
      vertex 3.23607 -2.35114 -2
      vertex 3.37731 -2.14331 2
      vertex 3.37731 -2.14331 -2
    endloop
  endfacet
  facet normal -0.827083 0.56208 0
    outer loop
      vertex 3.37731 -2.14331 2
      vertex 3.23607 -2.35114 -2
      vertex 3.23607 -2.35114 2
    endloop
  endfacet
  facet normal -0.707107 0.707107 0
    outer loop
      vertex 2.73819 -2.91587 -2
      vertex 2.91587 -2.73819 2
      vertex 2.91587 -2.73819 -2
    endloop
  endfacet
  facet normal -0.707107 0.707107 0
    outer loop
      vertex 2.91587 -2.73819 2
      vertex 2.73819 -2.91587 -2
      vertex 2.73819 -2.91587 2
    endloop
  endfacet
  facet normal 0.790153 0.61291 0
    outer loop
      vertex -3.08205 -2.5497 2
      vertex -3.23607 -2.35114 -2
      vertex -3.23607 -2.35114 2
    endloop
  endfacet
  facet normal 0.790153 0.61291 0
    outer loop
      vertex -3.23607 -2.35114 -2
      vertex -3.08205 -2.5497 2
      vertex -3.08205 -2.5497 -2
    endloop
  endfacet
  facet normal 0.0313985 0.999507 -0
    outer loop
      vertex 0 -4 -2
      vertex -0.251162 -3.99211 2
      vertex 0 -4 2
    endloop
  endfacet
  facet normal 0.0313985 0.999507 0
    outer loop
      vertex -0.251162 -3.99211 2
      vertex 0 -4 -2
      vertex -0.251162 -3.99211 -2
    endloop
  endfacet
  facet normal -0.56208 0.827083 0
    outer loop
      vertex 2.35114 -3.23607 -2
      vertex 2.14331 -3.37731 2
      vertex 2.35114 -3.23607 2
    endloop
  endfacet
  facet normal -0.56208 0.827083 0
    outer loop
      vertex 2.14331 -3.37731 2
      vertex 2.35114 -3.23607 -2
      vertex 2.14331 -3.37731 -2
    endloop
  endfacet
  facet normal -0.999507 0.0313985 0
    outer loop
      vertex 3.99211 -0.251162 -2
      vertex 4 0 2
      vertex 4 0 -2
    endloop
  endfacet
  facet normal -0.999507 0.0313985 0
    outer loop
      vertex 4 0 2
      vertex 3.99211 -0.251162 -2
      vertex 3.99211 -0.251162 2
    endloop
  endfacet
  facet normal 0.397154 -0.917752 0
    outer loop
      vertex -1.70312 3.61931 -2
      vertex -1.4725 3.71911 2
      vertex -1.70312 3.61931 2
    endloop
  endfacet
  facet normal 0.397154 -0.917752 0
    outer loop
      vertex -1.4725 3.71911 2
      vertex -1.70312 3.61931 -2
      vertex -1.4725 3.71911 -2
    endloop
  endfacet
  facet normal -0.156435 -0.987688 0
    outer loop
      vertex 0.501332 3.96846 -2
      vertex 0.749525 3.92915 2
      vertex 0.501332 3.96846 2
    endloop
  endfacet
  facet normal -0.156435 -0.987688 -0
    outer loop
      vertex 0.749525 3.92915 2
      vertex 0.501332 3.96846 -2
      vertex 0.749525 3.92915 -2
    endloop
  endfacet
  facet normal 0.960301 -0.278964 0
    outer loop
      vertex -3.87433 0.994759 2
      vertex -3.80423 1.23607 -2
      vertex -3.80423 1.23607 2
    endloop
  endfacet
  facet normal 0.960301 -0.278964 0
    outer loop
      vertex -3.80423 1.23607 -2
      vertex -3.87433 0.994759 2
      vertex -3.87433 0.994759 -2
    endloop
  endfacet
  facet normal -0.790153 -0.61291 0
    outer loop
      vertex 3.23607 2.35114 -2
      vertex 3.08205 2.5497 2
      vertex 3.08205 2.5497 -2
    endloop
  endfacet
  facet normal -0.790153 -0.61291 0
    outer loop
      vertex 3.08205 2.5497 2
      vertex 3.23607 2.35114 -2
      vertex 3.23607 2.35114 2
    endloop
  endfacet
  facet normal 0.56208 0.827083 -0
    outer loop
      vertex -2.14331 -3.37731 -2
      vertex -2.35114 -3.23607 2
      vertex -2.14331 -3.37731 2
    endloop
  endfacet
  facet normal 0.56208 0.827083 0
    outer loop
      vertex -2.35114 -3.23607 2
      vertex -2.14331 -3.37731 -2
      vertex -2.35114 -3.23607 -2
    endloop
  endfacet
  facet normal -0.278964 -0.960301 0
    outer loop
      vertex 0.994759 3.87433 -2
      vertex 1.23607 3.80423 2
      vertex 0.994759 3.87433 2
    endloop
  endfacet
  facet normal -0.278964 -0.960301 -0
    outer loop
      vertex 1.23607 3.80423 2
      vertex 0.994759 3.87433 -2
      vertex 1.23607 3.80423 -2
    endloop
  endfacet
  facet normal 0.891003 -0.453998 0
    outer loop
      vertex -3.61931 1.70312 2
      vertex -3.50523 1.92701 -2
      vertex -3.50523 1.92701 2
    endloop
  endfacet
  facet normal 0.891003 -0.453998 0
    outer loop
      vertex -3.50523 1.92701 -2
      vertex -3.61931 1.70312 2
      vertex -3.61931 1.70312 -2
    endloop
  endfacet
  facet normal 0.453998 -0.891003 0
    outer loop
      vertex -1.92701 3.50523 -2
      vertex -1.70312 3.61931 2
      vertex -1.92701 3.50523 2
    endloop
  endfacet
  facet normal 0.453998 -0.891003 0
    outer loop
      vertex -1.70312 3.61931 2
      vertex -1.92701 3.50523 -2
      vertex -1.70312 3.61931 -2
    endloop
  endfacet
  facet normal -0.61291 0.790153 0
    outer loop
      vertex 2.5497 -3.08205 -2
      vertex 2.35114 -3.23607 2
      vertex 2.5497 -3.08205 2
    endloop
  endfacet
  facet normal -0.61291 0.790153 0
    outer loop
      vertex 2.35114 -3.23607 2
      vertex 2.5497 -3.08205 -2
      vertex 2.35114 -3.23607 -2
    endloop
  endfacet
  facet normal 0.61291 0.790153 -0
    outer loop
      vertex -2.35114 -3.23607 -2
      vertex -2.5497 -3.08205 2
      vertex -2.35114 -3.23607 2
    endloop
  endfacet
  facet normal 0.61291 0.790153 0
    outer loop
      vertex -2.5497 -3.08205 2
      vertex -2.35114 -3.23607 -2
      vertex -2.5497 -3.08205 -2
    endloop
  endfacet
  facet normal -0.99558 -0.0939189 0
    outer loop
      vertex 18.9921 0.251162 -2
      vertex 18.9685 0.501332 2
      vertex 18.9685 0.501332 -2
    endloop
  endfacet
  facet normal -0.99558 -0.0939189 0
    outer loop
      vertex 18.9685 0.501332 2
      vertex 18.9921 0.251162 -2
      vertex 18.9921 0.251162 2
    endloop
  endfacet
  facet normal -0.999506 -0.0314383 0
    outer loop
      vertex 19 0 -2
      vertex 18.9921 0.251162 2
      vertex 18.9921 0.251162 -2
    endloop
  endfacet
  facet normal -0.999506 -0.0314383 0
    outer loop
      vertex 18.9921 0.251162 2
      vertex 19 0 -2
      vertex 19 0 2
    endloop
  endfacet
  facet normal -0.987633 -0.156784 0
    outer loop
      vertex 18.9685 0.501332 -2
      vertex 18.9291 0.749525 2
      vertex 18.9291 0.749525 -2
    endloop
  endfacet
  facet normal -0.987633 -0.156784 0
    outer loop
      vertex 18.9291 0.749525 2
      vertex 18.9685 0.501332 -2
      vertex 18.9685 0.501332 2
    endloop
  endfacet
  facet normal -0.975931 -0.218081 0
    outer loop
      vertex 18.9291 0.749525 -2
      vertex 18.8743 0.994759 2
      vertex 18.8743 0.994759 -2
    endloop
  endfacet
  facet normal -0.975931 -0.218081 0
    outer loop
      vertex 18.8743 0.994759 2
      vertex 18.9291 0.749525 -2
      vertex 18.9291 0.749525 2
    endloop
  endfacet
  facet normal 0.509053 -0.860735 0
    outer loop
      vertex 12.8567 3.37731 -2
      vertex 13 3.46206 2
      vertex 12.8567 3.37731 2
    endloop
  endfacet
  facet normal 0.509053 -0.860735 0
    outer loop
      vertex 13 3.46206 2
      vertex 12.8567 3.37731 -2
      vertex 13 3.46206 -2
    endloop
  endfacet
  facet normal -0.0313938 0.999507 0
    outer loop
      vertex 15.2512 -3.99211 -2
      vertex 15 -4 2
      vertex 15.2512 -3.99211 2
    endloop
  endfacet
  facet normal -0.0313938 0.999507 0
    outer loop
      vertex 15 -4 2
      vertex 15.2512 -3.99211 -2
      vertex 15 -4 -2
    endloop
  endfacet
  facet normal 0.827157 -0.561971 0
    outer loop
      vertex 11.6227 2.14331 2
      vertex 11.7639 2.35114 -2
      vertex 11.7639 2.35114 2
    endloop
  endfacet
  facet normal 0.827157 -0.561971 0
    outer loop
      vertex 11.7639 2.35114 -2
      vertex 11.6227 2.14331 2
      vertex 11.6227 2.14331 -2
    endloop
  endfacet
  facet normal 0.940906 0.338667 0
    outer loop
      vertex 11.2809 -1.4725 2
      vertex 11.1958 -1.23607 -2
      vertex 11.1958 -1.23607 2
    endloop
  endfacet
  facet normal 0.940906 0.338667 0
    outer loop
      vertex 11.1958 -1.23607 -2
      vertex 11.2809 -1.4725 2
      vertex 11.2809 -1.4725 -2
    endloop
  endfacet
  facet normal -0.6613 0.750121 0
    outer loop
      vertex 17.7382 -2.91587 -2
      vertex 17.5497 -3.08205 2
      vertex 17.7382 -2.91587 2
    endloop
  endfacet
  facet normal -0.6613 0.750121 0
    outer loop
      vertex 17.5497 -3.08205 2
      vertex 17.7382 -2.91587 -2
      vertex 17.5497 -3.08205 -2
    endloop
  endfacet
  facet normal 0.917752 0.397154 0
    outer loop
      vertex 11.3807 -1.70312 2
      vertex 11.2809 -1.4725 -2
      vertex 11.2809 -1.4725 2
    endloop
  endfacet
  facet normal 0.917752 0.397154 0
    outer loop
      vertex 11.2809 -1.4725 -2
      vertex 11.3807 -1.70312 2
      vertex 11.3807 -1.70312 -2
    endloop
  endfacet
  facet normal 0.338776 0.940867 -0
    outer loop
      vertex 13.7639 -3.80423 -2
      vertex 13.5275 -3.71911 2
      vertex 13.7639 -3.80423 2
    endloop
  endfacet
  facet normal 0.338776 0.940867 0
    outer loop
      vertex 13.5275 -3.71911 2
      vertex 13.7639 -3.80423 -2
      vertex 13.5275 -3.71911 -2
    endloop
  endfacet
  facet normal -0.562136 0.827045 0
    outer loop
      vertex 17.3511 -3.23607 -2
      vertex 17.1433 -3.37731 2
      vertex 17.3511 -3.23607 2
    endloop
  endfacet
  facet normal -0.562136 0.827045 0
    outer loop
      vertex 17.1433 -3.37731 2
      vertex 17.3511 -3.23607 -2
      vertex 17.1433 -3.37731 -2
    endloop
  endfacet
  facet normal -0.750064 -0.661365 0
    outer loop
      vertex 18.0821 2.5497 -2
      vertex 17.9159 2.73819 2
      vertex 17.9159 2.73819 -2
    endloop
  endfacet
  facet normal -0.750064 -0.661365 0
    outer loop
      vertex 17.9159 2.73819 2
      vertex 18.0821 2.5497 -2
      vertex 18.0821 2.5497 2
    endloop
  endfacet
  facet normal 0.707067 0.707147 0
    outer loop
      vertex 12.2618 -2.91587 2
      vertex 12.0841 -2.73819 -2
      vertex 12.0841 -2.73819 2
    endloop
  endfacet
  facet normal 0.707067 0.707147 0
    outer loop
      vertex 12.0841 -2.73819 -2
      vertex 12.2618 -2.91587 2
      vertex 12.2618 -2.91587 -2
    endloop
  endfacet
  facet normal -0.975931 0.218081 0
    outer loop
      vertex 18.8743 -0.994759 -2
      vertex 18.9291 -0.749525 2
      vertex 18.9291 -0.749525 -2
    endloop
  endfacet
  facet normal -0.975931 0.218081 0
    outer loop
      vertex 18.9291 -0.749525 2
      vertex 18.8743 -0.994759 -2
      vertex 18.8743 -0.994759 2
    endloop
  endfacet
  facet normal 0.860776 -0.508984 0
    outer loop
      vertex 11.4948 1.92701 2
      vertex 11.6227 2.14331 -2
      vertex 11.6227 2.14331 2
    endloop
  endfacet
  facet normal 0.860776 -0.508984 0
    outer loop
      vertex 11.6227 2.14331 -2
      vertex 11.4948 1.92701 2
      vertex 11.4948 1.92701 -2
    endloop
  endfacet
  facet normal -0.453982 0.891011 0
    outer loop
      vertex 16.927 -3.50523 -2
      vertex 16.7031 -3.61931 2
      vertex 16.927 -3.50523 2
    endloop
  endfacet
  facet normal -0.453982 0.891011 0
    outer loop
      vertex 16.7031 -3.61931 2
      vertex 16.927 -3.50523 -2
      vertex 16.7031 -3.61931 -2
    endloop
  endfacet
  facet normal 0.612833 -0.790213 0
    outer loop
      vertex 12.4503 3.08205 -2
      vertex 12.6489 3.23607 2
      vertex 12.4503 3.08205 2
    endloop
  endfacet
  facet normal 0.612833 -0.790213 0
    outer loop
      vertex 12.6489 3.23607 2
      vertex 12.4503 3.08205 -2
      vertex 12.6489 3.23607 -2
    endloop
  endfacet
  facet normal 0.975931 0.218081 0
    outer loop
      vertex 11.1257 -0.994759 2
      vertex 11.0709 -0.749525 -2
      vertex 11.0709 -0.749525 2
    endloop
  endfacet
  facet normal 0.975931 0.218081 0
    outer loop
      vertex 11.0709 -0.749525 -2
      vertex 11.1257 -0.994759 2
      vertex 11.1257 -0.994759 -2
    endloop
  endfacet
  facet normal 0.99558 -0.0939189 0
    outer loop
      vertex 11.0079 0.251162 2
      vertex 11.0315 0.501332 -2
      vertex 11.0315 0.501332 2
    endloop
  endfacet
  facet normal 0.99558 -0.0939189 0
    outer loop
      vertex 11.0315 0.501332 -2
      vertex 11.0079 0.251162 2
      vertex 11.0079 0.251162 -2
    endloop
  endfacet
  facet normal -0.99558 0.0939189 0
    outer loop
      vertex 18.9685 -0.501332 -2
      vertex 18.9921 -0.251162 2
      vertex 18.9921 -0.251162 -2
    endloop
  endfacet
  facet normal -0.99558 0.0939189 0
    outer loop
      vertex 18.9921 -0.251162 2
      vertex 18.9685 -0.501332 -2
      vertex 18.9685 -0.501332 2
    endloop
  endfacet
  facet normal -0.612833 0.790213 0
    outer loop
      vertex 17.5497 -3.08205 -2
      vertex 17.3511 -3.23607 2
      vertex 17.5497 -3.08205 2
    endloop
  endfacet
  facet normal -0.612833 0.790213 0
    outer loop
      vertex 17.3511 -3.23607 2
      vertex 17.5497 -3.08205 -2
      vertex 17.3511 -3.23607 -2
    endloop
  endfacet
  facet normal 0.0941422 0.995559 -0
    outer loop
      vertex 14.7488 -3.99211 -2
      vertex 14.4987 -3.96846 2
      vertex 14.7488 -3.99211 2
    endloop
  endfacet
  facet normal 0.0941422 0.995559 0
    outer loop
      vertex 14.4987 -3.96846 2
      vertex 14.7488 -3.99211 -2
      vertex 14.4987 -3.96846 -2
    endloop
  endfacet
  facet normal -0.917752 -0.397154 0
    outer loop
      vertex 18.7191 1.4725 -2
      vertex 18.6193 1.70312 2
      vertex 18.6193 1.70312 -2
    endloop
  endfacet
  facet normal -0.917752 -0.397154 0
    outer loop
      vertex 18.6193 1.70312 2
      vertex 18.7191 1.4725 -2
      vertex 18.7191 1.4725 2
    endloop
  endfacet
  facet normal -0.860776 -0.508984 0
    outer loop
      vertex 18.5052 1.92701 -2
      vertex 18.3773 2.14331 2
      vertex 18.3773 2.14331 -2
    endloop
  endfacet
  facet normal -0.860776 -0.508984 0
    outer loop
      vertex 18.3773 2.14331 2
      vertex 18.5052 1.92701 -2
      vertex 18.5052 1.92701 2
    endloop
  endfacet
  facet normal -0.0941422 0.995559 0
    outer loop
      vertex 15.5013 -3.96846 -2
      vertex 15.2512 -3.99211 2
      vertex 15.5013 -3.96846 2
    endloop
  endfacet
  facet normal -0.0941422 0.995559 0
    outer loop
      vertex 15.2512 -3.99211 2
      vertex 15.5013 -3.96846 -2
      vertex 15.2512 -3.99211 -2
    endloop
  endfacet
  facet normal 0.509043 0.860741 -0
    outer loop
      vertex 13.073 -3.50523 -2
      vertex 12.8567 -3.37731 2
      vertex 13.073 -3.50523 2
    endloop
  endfacet
  facet normal 0.509043 0.860741 0
    outer loop
      vertex 12.8567 -3.37731 2
      vertex 13.073 -3.50523 -2
      vertex 12.8567 -3.37731 -2
    endloop
  endfacet
  facet normal -0.960301 0.278964 0
    outer loop
      vertex 18.8042 -1.23607 -2
      vertex 18.8743 -0.994759 2
      vertex 18.8743 -0.994759 -2
    endloop
  endfacet
  facet normal -0.960301 0.278964 0
    outer loop
      vertex 18.8743 -0.994759 2
      vertex 18.8042 -1.23607 -2
      vertex 18.8042 -1.23607 2
    endloop
  endfacet
  facet normal 0.218101 0.975926 -0
    outer loop
      vertex 14.2505 -3.92915 -2
      vertex 14.0052 -3.87433 2
      vertex 14.2505 -3.92915 2
    endloop
  endfacet
  facet normal 0.218101 0.975926 0
    outer loop
      vertex 14.0052 -3.87433 2
      vertex 14.2505 -3.92915 -2
      vertex 14.0052 -3.87433 -2
    endloop
  endfacet
  facet normal -0.890971 0.454061 0
    outer loop
      vertex 18.5052 -1.92701 -2
      vertex 18.6193 -1.70312 2
      vertex 18.6193 -1.70312 -2
    endloop
  endfacet
  facet normal -0.890971 0.454061 0
    outer loop
      vertex 18.6193 -1.70312 2
      vertex 18.5052 -1.92701 -2
      vertex 18.5052 -1.92701 2
    endloop
  endfacet
  facet normal -0.999506 0.0314383 0
    outer loop
      vertex 18.9921 -0.251162 -2
      vertex 19 0 2
      vertex 19 0 -2
    endloop
  endfacet
  facet normal -0.999506 0.0314383 0
    outer loop
      vertex 19 0 2
      vertex 18.9921 -0.251162 -2
      vertex 18.9921 -0.251162 2
    endloop
  endfacet
  facet normal -0.917752 0.397154 0
    outer loop
      vertex 18.6193 -1.70312 -2
      vertex 18.7191 -1.4725 2
      vertex 18.7191 -1.4725 -2
    endloop
  endfacet
  facet normal -0.917752 0.397154 0
    outer loop
      vertex 18.7191 -1.4725 2
      vertex 18.6193 -1.70312 -2
      vertex 18.6193 -1.70312 2
    endloop
  endfacet
  facet normal 0.790191 -0.61286 0
    outer loop
      vertex 11.7639 2.35114 2
      vertex 11.9179 2.5497 -2
      vertex 11.9179 2.5497 2
    endloop
  endfacet
  facet normal 0.790191 -0.61286 0
    outer loop
      vertex 11.9179 2.5497 -2
      vertex 11.7639 2.35114 2
      vertex 11.7639 2.35114 -2
    endloop
  endfacet
  facet normal -0.940906 -0.338667 0
    outer loop
      vertex 18.8042 1.23607 -2
      vertex 18.7191 1.4725 2
      vertex 18.7191 1.4725 -2
    endloop
  endfacet
  facet normal -0.940906 -0.338667 0
    outer loop
      vertex 18.7191 1.4725 2
      vertex 18.8042 1.23607 -2
      vertex 18.8042 1.23607 2
    endloop
  endfacet
  facet normal -0.397183 0.917739 0
    outer loop
      vertex 16.7031 -3.61931 -2
      vertex 16.4725 -3.71911 2
      vertex 16.7031 -3.61931 2
    endloop
  endfacet
  facet normal -0.397183 0.917739 0
    outer loop
      vertex 16.4725 -3.71911 2
      vertex 16.7031 -3.61931 -2
      vertex 16.4725 -3.71911 -2
    endloop
  endfacet
  facet normal 0.860776 0.508984 0
    outer loop
      vertex 11.6227 -2.14331 2
      vertex 11.4948 -1.92701 -2
      vertex 11.4948 -1.92701 2
    endloop
  endfacet
  facet normal 0.860776 0.508984 0
    outer loop
      vertex 11.4948 -1.92701 -2
      vertex 11.6227 -2.14331 2
      vertex 11.6227 -2.14331 -2
    endloop
  endfacet
  facet normal 0.960301 0.278964 0
    outer loop
      vertex 11.1958 -1.23607 2
      vertex 11.1257 -0.994759 -2
      vertex 11.1257 -0.994759 2
    endloop
  endfacet
  facet normal 0.960301 0.278964 0
    outer loop
      vertex 11.1257 -0.994759 -2
      vertex 11.1958 -1.23607 2
      vertex 11.1958 -1.23607 -2
    endloop
  endfacet
  facet normal 0.999506 0.0314383 0
    outer loop
      vertex 11.0079 -0.251162 2
      vertex 11 0 -2
      vertex 11 0 2
    endloop
  endfacet
  facet normal 0.999506 0.0314383 0
    outer loop
      vertex 11 0 -2
      vertex 11.0079 -0.251162 2
      vertex 11.0079 -0.251162 -2
    endloop
  endfacet
  facet normal 0.999506 -0.0314383 0
    outer loop
      vertex 11 0 2
      vertex 11.0079 0.251162 -2
      vertex 11.0079 0.251162 2
    endloop
  endfacet
  facet normal 0.999506 -0.0314383 0
    outer loop
      vertex 11.0079 0.251162 -2
      vertex 11 0 2
      vertex 11 0 -2
    endloop
  endfacet
  facet normal -0.827157 0.561971 0
    outer loop
      vertex 18.2361 -2.35114 -2
      vertex 18.3773 -2.14331 2
      vertex 18.3773 -2.14331 -2
    endloop
  endfacet
  facet normal -0.827157 0.561971 0
    outer loop
      vertex 18.3773 -2.14331 2
      vertex 18.2361 -2.35114 -2
      vertex 18.2361 -2.35114 2
    endloop
  endfacet
  facet normal 0.890971 0.454061 0
    outer loop
      vertex 11.4948 -1.92701 2
      vertex 11.3807 -1.70312 -2
      vertex 11.3807 -1.70312 2
    endloop
  endfacet
  facet normal 0.890971 0.454061 0
    outer loop
      vertex 11.3807 -1.70312 -2
      vertex 11.4948 -1.92701 2
      vertex 11.4948 -1.92701 -2
    endloop
  endfacet
  facet normal 0.940906 -0.338667 0
    outer loop
      vertex 11.1958 1.23607 2
      vertex 11.2809 1.4725 -2
      vertex 11.2809 1.4725 2
    endloop
  endfacet
  facet normal 0.940906 -0.338667 0
    outer loop
      vertex 11.2809 1.4725 -2
      vertex 11.1958 1.23607 2
      vertex 11.1958 1.23607 -2
    endloop
  endfacet
  facet normal 0.750064 -0.661365 0
    outer loop
      vertex 11.9179 2.5497 2
      vertex 12.0841 2.73819 -2
      vertex 12.0841 2.73819 2
    endloop
  endfacet
  facet normal 0.750064 -0.661365 0
    outer loop
      vertex 12.0841 2.73819 -2
      vertex 11.9179 2.5497 2
      vertex 11.9179 2.5497 -2
    endloop
  endfacet
  facet normal -0.890971 -0.454061 0
    outer loop
      vertex 18.6193 1.70312 -2
      vertex 18.5052 1.92701 2
      vertex 18.5052 1.92701 -2
    endloop
  endfacet
  facet normal -0.890971 -0.454061 0
    outer loop
      vertex 18.5052 1.92701 2
      vertex 18.6193 1.70312 -2
      vertex 18.6193 1.70312 2
    endloop
  endfacet
  facet normal 0.6613 -0.750121 0
    outer loop
      vertex 12.2618 2.91587 -2
      vertex 12.4503 3.08205 2
      vertex 12.2618 2.91587 2
    endloop
  endfacet
  facet normal 0.6613 -0.750121 0
    outer loop
      vertex 12.4503 3.08205 2
      vertex 12.2618 2.91587 -2
      vertex 12.4503 3.08205 -2
    endloop
  endfacet
  facet normal -0.707067 -0.707147 0
    outer loop
      vertex 17.9159 2.73819 -2
      vertex 17.7382 2.91587 2
      vertex 17.7382 2.91587 -2
    endloop
  endfacet
  facet normal -0.707067 -0.707147 0
    outer loop
      vertex 17.7382 2.91587 2
      vertex 17.9159 2.73819 -2
      vertex 17.9159 2.73819 2
    endloop
  endfacet
  facet normal -0.790191 0.61286 0
    outer loop
      vertex 18.0821 -2.5497 -2
      vertex 18.2361 -2.35114 2
      vertex 18.2361 -2.35114 -2
    endloop
  endfacet
  facet normal -0.790191 0.61286 0
    outer loop
      vertex 18.2361 -2.35114 2
      vertex 18.0821 -2.5497 -2
      vertex 18.0821 -2.5497 2
    endloop
  endfacet
  facet normal -0.960301 -0.278964 0
    outer loop
      vertex 18.8743 0.994759 -2
      vertex 18.8042 1.23607 2
      vertex 18.8042 1.23607 -2
    endloop
  endfacet
  facet normal -0.960301 -0.278964 0
    outer loop
      vertex 18.8042 1.23607 2
      vertex 18.8743 0.994759 -2
      vertex 18.8743 0.994759 2
    endloop
  endfacet
  facet normal 0.987633 0.156784 0
    outer loop
      vertex 11.0709 -0.749525 2
      vertex 11.0315 -0.501332 -2
      vertex 11.0315 -0.501332 2
    endloop
  endfacet
  facet normal 0.987633 0.156784 0
    outer loop
      vertex 11.0315 -0.501332 -2
      vertex 11.0709 -0.749525 2
      vertex 11.0709 -0.749525 -2
    endloop
  endfacet
  facet normal 0.707067 -0.707147 0
    outer loop
      vertex 12.0841 2.73819 2
      vertex 12.2618 2.91587 -2
      vertex 12.2618 2.91587 2
    endloop
  endfacet
  facet normal 0.707067 -0.707147 0
    outer loop
      vertex 12.2618 2.91587 -2
      vertex 12.0841 2.73819 2
      vertex 12.0841 2.73819 -2
    endloop
  endfacet
  facet normal -0.827157 -0.561971 0
    outer loop
      vertex 18.3773 2.14331 -2
      vertex 18.2361 2.35114 2
      vertex 18.2361 2.35114 -2
    endloop
  endfacet
  facet normal -0.827157 -0.561971 0
    outer loop
      vertex 18.2361 2.35114 2
      vertex 18.3773 2.14331 -2
      vertex 18.3773 2.14331 2
    endloop
  endfacet
  facet normal -0.612833 -0.790213 0
    outer loop
      vertex 17.3511 3.23607 -2
      vertex 17.5497 3.08205 2
      vertex 17.3511 3.23607 2
    endloop
  endfacet
  facet normal -0.612833 -0.790213 -0
    outer loop
      vertex 17.5497 3.08205 2
      vertex 17.3511 3.23607 -2
      vertex 17.5497 3.08205 -2
    endloop
  endfacet
  facet normal 0.562136 -0.827045 0
    outer loop
      vertex 12.6489 3.23607 -2
      vertex 12.8567 3.37731 2
      vertex 12.6489 3.23607 2
    endloop
  endfacet
  facet normal 0.562136 -0.827045 0
    outer loop
      vertex 12.8567 3.37731 2
      vertex 12.6489 3.23607 -2
      vertex 12.8567 3.37731 -2
    endloop
  endfacet
  facet normal -0.562136 -0.827045 0
    outer loop
      vertex 17.1433 3.37731 -2
      vertex 17.3511 3.23607 2
      vertex 17.1433 3.37731 2
    endloop
  endfacet
  facet normal -0.562136 -0.827045 -0
    outer loop
      vertex 17.3511 3.23607 2
      vertex 17.1433 3.37731 -2
      vertex 17.3511 3.23607 -2
    endloop
  endfacet
  facet normal 0.453982 0.891011 -0
    outer loop
      vertex 13.2969 -3.61931 -2
      vertex 13.073 -3.50523 2
      vertex 13.2969 -3.61931 2
    endloop
  endfacet
  facet normal 0.453982 0.891011 0
    outer loop
      vertex 13.073 -3.50523 2
      vertex 13.2969 -3.61931 -2
      vertex 13.073 -3.50523 -2
    endloop
  endfacet
  facet normal 0.156431 0.987689 -0
    outer loop
      vertex 14.4987 -3.96846 -2
      vertex 14.2505 -3.92915 2
      vertex 14.4987 -3.96846 2
    endloop
  endfacet
  facet normal 0.156431 0.987689 0
    outer loop
      vertex 14.2505 -3.92915 2
      vertex 14.4987 -3.96846 -2
      vertex 14.2505 -3.92915 -2
    endloop
  endfacet
  facet normal 0.750064 0.661365 0
    outer loop
      vertex 12.0841 -2.73819 2
      vertex 11.9179 -2.5497 -2
      vertex 11.9179 -2.5497 2
    endloop
  endfacet
  facet normal 0.750064 0.661365 0
    outer loop
      vertex 11.9179 -2.5497 -2
      vertex 12.0841 -2.73819 2
      vertex 12.0841 -2.73819 -2
    endloop
  endfacet
  facet normal -0.6613 -0.750121 0
    outer loop
      vertex 17.5497 3.08205 -2
      vertex 17.7382 2.91587 2
      vertex 17.5497 3.08205 2
    endloop
  endfacet
  facet normal -0.6613 -0.750121 -0
    outer loop
      vertex 17.7382 2.91587 2
      vertex 17.5497 3.08205 -2
      vertex 17.7382 2.91587 -2
    endloop
  endfacet
  facet normal 0.397183 0.917739 -0
    outer loop
      vertex 13.5275 -3.71911 -2
      vertex 13.2969 -3.61931 2
      vertex 13.5275 -3.71911 2
    endloop
  endfacet
  facet normal 0.397183 0.917739 0
    outer loop
      vertex 13.2969 -3.61931 2
      vertex 13.5275 -3.71911 -2
      vertex 13.2969 -3.61931 -2
    endloop
  endfacet
  facet normal -0.156431 0.987689 0
    outer loop
      vertex 15.7495 -3.92915 -2
      vertex 15.5013 -3.96846 2
      vertex 15.7495 -3.92915 2
    endloop
  endfacet
  facet normal -0.156431 0.987689 0
    outer loop
      vertex 15.5013 -3.96846 2
      vertex 15.7495 -3.92915 -2
      vertex 15.5013 -3.96846 -2
    endloop
  endfacet
  facet normal -0.509053 -0.860735 0
    outer loop
      vertex 17 3.46206 -2
      vertex 17.1433 3.37731 2
      vertex 17 3.46206 2
    endloop
  endfacet
  facet normal -0.509053 -0.860735 -0
    outer loop
      vertex 17.1433 3.37731 2
      vertex 17 3.46206 -2
      vertex 17.1433 3.37731 -2
    endloop
  endfacet
  facet normal -0.940906 0.338667 0
    outer loop
      vertex 18.7191 -1.4725 -2
      vertex 18.8042 -1.23607 2
      vertex 18.8042 -1.23607 -2
    endloop
  endfacet
  facet normal -0.940906 0.338667 0
    outer loop
      vertex 18.8042 -1.23607 2
      vertex 18.7191 -1.4725 -2
      vertex 18.7191 -1.4725 2
    endloop
  endfacet
  facet normal 0.960301 -0.278964 0
    outer loop
      vertex 11.1257 0.994759 2
      vertex 11.1958 1.23607 -2
      vertex 11.1958 1.23607 2
    endloop
  endfacet
  facet normal 0.960301 -0.278964 0
    outer loop
      vertex 11.1958 1.23607 -2
      vertex 11.1257 0.994759 2
      vertex 11.1257 0.994759 -2
    endloop
  endfacet
  facet normal -0.987633 0.156784 0
    outer loop
      vertex 18.9291 -0.749525 -2
      vertex 18.9685 -0.501332 2
      vertex 18.9685 -0.501332 -2
    endloop
  endfacet
  facet normal -0.987633 0.156784 0
    outer loop
      vertex 18.9685 -0.501332 2
      vertex 18.9291 -0.749525 -2
      vertex 18.9291 -0.749525 2
    endloop
  endfacet
  facet normal 0.987633 -0.156784 0
    outer loop
      vertex 11.0315 0.501332 2
      vertex 11.0709 0.749525 -2
      vertex 11.0709 0.749525 2
    endloop
  endfacet
  facet normal 0.987633 -0.156784 0
    outer loop
      vertex 11.0709 0.749525 -2
      vertex 11.0315 0.501332 2
      vertex 11.0315 0.501332 -2
    endloop
  endfacet
  facet normal -0.707067 0.707147 0
    outer loop
      vertex 17.7382 -2.91587 -2
      vertex 17.9159 -2.73819 2
      vertex 17.9159 -2.73819 -2
    endloop
  endfacet
  facet normal -0.707067 0.707147 0
    outer loop
      vertex 17.9159 -2.73819 2
      vertex 17.7382 -2.91587 -2
      vertex 17.7382 -2.91587 2
    endloop
  endfacet
  facet normal 0.99558 0.0939189 0
    outer loop
      vertex 11.0315 -0.501332 2
      vertex 11.0079 -0.251162 -2
      vertex 11.0079 -0.251162 2
    endloop
  endfacet
  facet normal 0.99558 0.0939189 0
    outer loop
      vertex 11.0079 -0.251162 -2
      vertex 11.0315 -0.501332 2
      vertex 11.0315 -0.501332 -2
    endloop
  endfacet
  facet normal 0.975931 -0.218081 0
    outer loop
      vertex 11.0709 0.749525 2
      vertex 11.1257 0.994759 -2
      vertex 11.1257 0.994759 2
    endloop
  endfacet
  facet normal 0.975931 -0.218081 0
    outer loop
      vertex 11.1257 0.994759 -2
      vertex 11.0709 0.749525 2
      vertex 11.0709 0.749525 -2
    endloop
  endfacet
  facet normal 0.827157 0.561971 0
    outer loop
      vertex 11.7639 -2.35114 2
      vertex 11.6227 -2.14331 -2
      vertex 11.6227 -2.14331 2
    endloop
  endfacet
  facet normal 0.827157 0.561971 0
    outer loop
      vertex 11.6227 -2.14331 -2
      vertex 11.7639 -2.35114 2
      vertex 11.7639 -2.35114 -2
    endloop
  endfacet
  facet normal -0.509043 0.860741 0
    outer loop
      vertex 17.1433 -3.37731 -2
      vertex 16.927 -3.50523 2
      vertex 17.1433 -3.37731 2
    endloop
  endfacet
  facet normal -0.509043 0.860741 0
    outer loop
      vertex 16.927 -3.50523 2
      vertex 17.1433 -3.37731 -2
      vertex 16.927 -3.50523 -2
    endloop
  endfacet
  facet normal -0.278976 0.960298 0
    outer loop
      vertex 16.2361 -3.80423 -2
      vertex 15.9948 -3.87433 2
      vertex 16.2361 -3.80423 2
    endloop
  endfacet
  facet normal -0.278976 0.960298 0
    outer loop
      vertex 15.9948 -3.87433 2
      vertex 16.2361 -3.80423 -2
      vertex 15.9948 -3.87433 -2
    endloop
  endfacet
  facet normal -0.218101 0.975926 0
    outer loop
      vertex 15.9948 -3.87433 -2
      vertex 15.7495 -3.92915 2
      vertex 15.9948 -3.87433 2
    endloop
  endfacet
  facet normal -0.218101 0.975926 0
    outer loop
      vertex 15.7495 -3.92915 2
      vertex 15.9948 -3.87433 -2
      vertex 15.7495 -3.92915 -2
    endloop
  endfacet
  facet normal -0.338776 0.940867 0
    outer loop
      vertex 16.4725 -3.71911 -2
      vertex 16.2361 -3.80423 2
      vertex 16.4725 -3.71911 2
    endloop
  endfacet
  facet normal -0.338776 0.940867 0
    outer loop
      vertex 16.2361 -3.80423 2
      vertex 16.4725 -3.71911 -2
      vertex 16.2361 -3.80423 -2
    endloop
  endfacet
  facet normal -0.790191 -0.61286 0
    outer loop
      vertex 18.2361 2.35114 -2
      vertex 18.0821 2.5497 2
      vertex 18.0821 2.5497 -2
    endloop
  endfacet
  facet normal -0.790191 -0.61286 0
    outer loop
      vertex 18.0821 2.5497 2
      vertex 18.2361 2.35114 -2
      vertex 18.2361 2.35114 2
    endloop
  endfacet
  facet normal 0.917752 -0.397154 0
    outer loop
      vertex 11.2809 1.4725 2
      vertex 11.3807 1.70312 -2
      vertex 11.3807 1.70312 2
    endloop
  endfacet
  facet normal 0.917752 -0.397154 0
    outer loop
      vertex 11.3807 1.70312 -2
      vertex 11.2809 1.4725 2
      vertex 11.2809 1.4725 -2
    endloop
  endfacet
  facet normal 0.562136 0.827045 -0
    outer loop
      vertex 12.8567 -3.37731 -2
      vertex 12.6489 -3.23607 2
      vertex 12.8567 -3.37731 2
    endloop
  endfacet
  facet normal 0.562136 0.827045 0
    outer loop
      vertex 12.6489 -3.23607 2
      vertex 12.8567 -3.37731 -2
      vertex 12.6489 -3.23607 -2
    endloop
  endfacet
  facet normal 0.6613 0.750121 -0
    outer loop
      vertex 12.4503 -3.08205 -2
      vertex 12.2618 -2.91587 2
      vertex 12.4503 -3.08205 2
    endloop
  endfacet
  facet normal 0.6613 0.750121 0
    outer loop
      vertex 12.2618 -2.91587 2
      vertex 12.4503 -3.08205 -2
      vertex 12.2618 -2.91587 -2
    endloop
  endfacet
  facet normal -0.750064 0.661365 0
    outer loop
      vertex 17.9159 -2.73819 -2
      vertex 18.0821 -2.5497 2
      vertex 18.0821 -2.5497 -2
    endloop
  endfacet
  facet normal -0.750064 0.661365 0
    outer loop
      vertex 18.0821 -2.5497 2
      vertex 17.9159 -2.73819 -2
      vertex 17.9159 -2.73819 2
    endloop
  endfacet
  facet normal -0.860776 0.508984 0
    outer loop
      vertex 18.3773 -2.14331 -2
      vertex 18.5052 -1.92701 2
      vertex 18.5052 -1.92701 -2
    endloop
  endfacet
  facet normal -0.860776 0.508984 0
    outer loop
      vertex 18.5052 -1.92701 2
      vertex 18.3773 -2.14331 -2
      vertex 18.3773 -2.14331 2
    endloop
  endfacet
  facet normal 0.0313938 0.999507 -0
    outer loop
      vertex 15 -4 -2
      vertex 14.7488 -3.99211 2
      vertex 15 -4 2
    endloop
  endfacet
  facet normal 0.0313938 0.999507 0
    outer loop
      vertex 14.7488 -3.99211 2
      vertex 15 -4 -2
      vertex 14.7488 -3.99211 -2
    endloop
  endfacet
  facet normal 0.278976 0.960298 -0
    outer loop
      vertex 14.0052 -3.87433 -2
      vertex 13.7639 -3.80423 2
      vertex 14.0052 -3.87433 2
    endloop
  endfacet
  facet normal 0.278976 0.960298 0
    outer loop
      vertex 13.7639 -3.80423 2
      vertex 14.0052 -3.87433 -2
      vertex 13.7639 -3.80423 -2
    endloop
  endfacet
  facet normal 0.790191 0.61286 0
    outer loop
      vertex 11.9179 -2.5497 2
      vertex 11.7639 -2.35114 -2
      vertex 11.7639 -2.35114 2
    endloop
  endfacet
  facet normal 0.790191 0.61286 0
    outer loop
      vertex 11.7639 -2.35114 -2
      vertex 11.9179 -2.5497 2
      vertex 11.9179 -2.5497 -2
    endloop
  endfacet
  facet normal 0.890971 -0.454061 0
    outer loop
      vertex 11.3807 1.70312 2
      vertex 11.4948 1.92701 -2
      vertex 11.4948 1.92701 2
    endloop
  endfacet
  facet normal 0.890971 -0.454061 0
    outer loop
      vertex 11.4948 1.92701 -2
      vertex 11.3807 1.70312 2
      vertex 11.3807 1.70312 -2
    endloop
  endfacet
  facet normal 0.612833 0.790213 -0
    outer loop
      vertex 12.6489 -3.23607 -2
      vertex 12.4503 -3.08205 2
      vertex 12.6489 -3.23607 2
    endloop
  endfacet
  facet normal 0.612833 0.790213 0
    outer loop
      vertex 12.4503 -3.08205 2
      vertex 12.6489 -3.23607 -2
      vertex 12.4503 -3.08205 -2
    endloop
  endfacet
  facet normal -0.99558 -0.0939189 0
    outer loop
      vertex -11.0079 0.251162 -2
      vertex -11.0315 0.501332 2
      vertex -11.0315 0.501332 -2
    endloop
  endfacet
  facet normal -0.99558 -0.0939189 0
    outer loop
      vertex -11.0315 0.501332 2
      vertex -11.0079 0.251162 -2
      vertex -11.0079 0.251162 2
    endloop
  endfacet
  facet normal -0.999506 -0.0314383 0
    outer loop
      vertex -11 0 -2
      vertex -11.0079 0.251162 2
      vertex -11.0079 0.251162 -2
    endloop
  endfacet
  facet normal -0.999506 -0.0314383 0
    outer loop
      vertex -11.0079 0.251162 2
      vertex -11 0 -2
      vertex -11 0 2
    endloop
  endfacet
  facet normal -0.987633 -0.156784 0
    outer loop
      vertex -11.0315 0.501332 -2
      vertex -11.0709 0.749525 2
      vertex -11.0709 0.749525 -2
    endloop
  endfacet
  facet normal -0.987633 -0.156784 0
    outer loop
      vertex -11.0709 0.749525 2
      vertex -11.0315 0.501332 -2
      vertex -11.0315 0.501332 2
    endloop
  endfacet
  facet normal 0.987633 -0.156784 0
    outer loop
      vertex -18.9685 0.501332 2
      vertex -18.9291 0.749525 -2
      vertex -18.9291 0.749525 2
    endloop
  endfacet
  facet normal 0.987633 -0.156784 0
    outer loop
      vertex -18.9291 0.749525 -2
      vertex -18.9685 0.501332 2
      vertex -18.9685 0.501332 -2
    endloop
  endfacet
  facet normal 0.827157 0.561971 0
    outer loop
      vertex -18.2361 -2.35114 2
      vertex -18.3773 -2.14331 -2
      vertex -18.3773 -2.14331 2
    endloop
  endfacet
  facet normal 0.827157 0.561971 0
    outer loop
      vertex -18.3773 -2.14331 -2
      vertex -18.2361 -2.35114 2
      vertex -18.2361 -2.35114 -2
    endloop
  endfacet
  facet normal 0.960301 -0.278964 0
    outer loop
      vertex -18.8743 0.994759 2
      vertex -18.8042 1.23607 -2
      vertex -18.8042 1.23607 2
    endloop
  endfacet
  facet normal 0.960301 -0.278964 0
    outer loop
      vertex -18.8042 1.23607 -2
      vertex -18.8743 0.994759 2
      vertex -18.8743 0.994759 -2
    endloop
  endfacet
  facet normal 0.750064 -0.661365 0
    outer loop
      vertex -18.0821 2.5497 2
      vertex -17.9159 2.73819 -2
      vertex -17.9159 2.73819 2
    endloop
  endfacet
  facet normal 0.750064 -0.661365 0
    outer loop
      vertex -17.9159 2.73819 -2
      vertex -18.0821 2.5497 2
      vertex -18.0821 2.5497 -2
    endloop
  endfacet
  facet normal -0.707067 0.707147 0
    outer loop
      vertex -12.2618 -2.91587 -2
      vertex -12.0841 -2.73819 2
      vertex -12.0841 -2.73819 -2
    endloop
  endfacet
  facet normal -0.707067 0.707147 0
    outer loop
      vertex -12.0841 -2.73819 2
      vertex -12.2618 -2.91587 -2
      vertex -12.2618 -2.91587 2
    endloop
  endfacet
  facet normal 0.99558 0.0939189 0
    outer loop
      vertex -18.9685 -0.501332 2
      vertex -18.9921 -0.251162 -2
      vertex -18.9921 -0.251162 2
    endloop
  endfacet
  facet normal 0.99558 0.0939189 0
    outer loop
      vertex -18.9921 -0.251162 -2
      vertex -18.9685 -0.501332 2
      vertex -18.9685 -0.501332 -2
    endloop
  endfacet
  facet normal -0.509053 0.860735 0
    outer loop
      vertex -12.8567 -3.37731 -2
      vertex -13 -3.46206 2
      vertex -12.8567 -3.37731 2
    endloop
  endfacet
  facet normal -0.509053 0.860735 0
    outer loop
      vertex -13 -3.46206 2
      vertex -12.8567 -3.37731 -2
      vertex -13 -3.46206 -2
    endloop
  endfacet
  facet normal 0.562136 -0.827045 0
    outer loop
      vertex -17.3511 3.23607 -2
      vertex -17.1433 3.37731 2
      vertex -17.3511 3.23607 2
    endloop
  endfacet
  facet normal 0.562136 -0.827045 0
    outer loop
      vertex -17.1433 3.37731 2
      vertex -17.3511 3.23607 -2
      vertex -17.1433 3.37731 -2
    endloop
  endfacet
  facet normal -0.975931 -0.218081 0
    outer loop
      vertex -11.0709 0.749525 -2
      vertex -11.1257 0.994759 2
      vertex -11.1257 0.994759 -2
    endloop
  endfacet
  facet normal -0.975931 -0.218081 0
    outer loop
      vertex -11.1257 0.994759 2
      vertex -11.0709 0.749525 -2
      vertex -11.0709 0.749525 2
    endloop
  endfacet
  facet normal -0.917752 -0.397154 0
    outer loop
      vertex -11.2809 1.4725 -2
      vertex -11.3807 1.70312 2
      vertex -11.3807 1.70312 -2
    endloop
  endfacet
  facet normal -0.917752 -0.397154 0
    outer loop
      vertex -11.3807 1.70312 2
      vertex -11.2809 1.4725 -2
      vertex -11.2809 1.4725 2
    endloop
  endfacet
  facet normal 0.707067 0.707147 0
    outer loop
      vertex -17.7382 -2.91587 2
      vertex -17.9159 -2.73819 -2
      vertex -17.9159 -2.73819 2
    endloop
  endfacet
  facet normal 0.707067 0.707147 0
    outer loop
      vertex -17.9159 -2.73819 -2
      vertex -17.7382 -2.91587 2
      vertex -17.7382 -2.91587 -2
    endloop
  endfacet
  facet normal -0.960301 -0.278964 0
    outer loop
      vertex -11.1257 0.994759 -2
      vertex -11.1958 1.23607 2
      vertex -11.1958 1.23607 -2
    endloop
  endfacet
  facet normal -0.960301 -0.278964 0
    outer loop
      vertex -11.1958 1.23607 2
      vertex -11.1257 0.994759 -2
      vertex -11.1257 0.994759 2
    endloop
  endfacet
  facet normal -0.397183 -0.917739 0
    outer loop
      vertex -13.5275 3.71911 -2
      vertex -13.2969 3.61931 2
      vertex -13.5275 3.71911 2
    endloop
  endfacet
  facet normal -0.397183 -0.917739 -0
    outer loop
      vertex -13.2969 3.61931 2
      vertex -13.5275 3.71911 -2
      vertex -13.2969 3.61931 -2
    endloop
  endfacet
  facet normal 0.917752 -0.397154 0
    outer loop
      vertex -18.7191 1.4725 2
      vertex -18.6193 1.70312 -2
      vertex -18.6193 1.70312 2
    endloop
  endfacet
  facet normal 0.917752 -0.397154 0
    outer loop
      vertex -18.6193 1.70312 -2
      vertex -18.7191 1.4725 2
      vertex -18.7191 1.4725 -2
    endloop
  endfacet
  facet normal 0.338776 -0.940867 0
    outer loop
      vertex -16.4725 3.71911 -2
      vertex -16.2361 3.80423 2
      vertex -16.4725 3.71911 2
    endloop
  endfacet
  facet normal 0.338776 -0.940867 0
    outer loop
      vertex -16.2361 3.80423 2
      vertex -16.4725 3.71911 -2
      vertex -16.2361 3.80423 -2
    endloop
  endfacet
  facet normal 0.975931 -0.218081 0
    outer loop
      vertex -18.9291 0.749525 2
      vertex -18.8743 0.994759 -2
      vertex -18.8743 0.994759 2
    endloop
  endfacet
  facet normal 0.975931 -0.218081 0
    outer loop
      vertex -18.8743 0.994759 -2
      vertex -18.9291 0.749525 2
      vertex -18.9291 0.749525 -2
    endloop
  endfacet
  facet normal 0.218101 -0.975926 0
    outer loop
      vertex -15.9948 3.87433 -2
      vertex -15.7495 3.92915 2
      vertex -15.9948 3.87433 2
    endloop
  endfacet
  facet normal 0.218101 -0.975926 0
    outer loop
      vertex -15.7495 3.92915 2
      vertex -15.9948 3.87433 -2
      vertex -15.7495 3.92915 -2
    endloop
  endfacet
  facet normal 0.940906 -0.338667 0
    outer loop
      vertex -18.8042 1.23607 2
      vertex -18.7191 1.4725 -2
      vertex -18.7191 1.4725 2
    endloop
  endfacet
  facet normal 0.940906 -0.338667 0
    outer loop
      vertex -18.7191 1.4725 -2
      vertex -18.8042 1.23607 2
      vertex -18.8042 1.23607 -2
    endloop
  endfacet
  facet normal -0.827157 -0.561971 0
    outer loop
      vertex -11.6227 2.14331 -2
      vertex -11.7639 2.35114 2
      vertex -11.7639 2.35114 -2
    endloop
  endfacet
  facet normal -0.827157 -0.561971 0
    outer loop
      vertex -11.7639 2.35114 2
      vertex -11.6227 2.14331 -2
      vertex -11.6227 2.14331 2
    endloop
  endfacet
  facet normal -0.453982 -0.891011 0
    outer loop
      vertex -13.2969 3.61931 -2
      vertex -13.073 3.50523 2
      vertex -13.2969 3.61931 2
    endloop
  endfacet
  facet normal -0.453982 -0.891011 -0
    outer loop
      vertex -13.073 3.50523 2
      vertex -13.2969 3.61931 -2
      vertex -13.073 3.50523 -2
    endloop
  endfacet
  facet normal 0.940906 0.338667 0
    outer loop
      vertex -18.7191 -1.4725 2
      vertex -18.8042 -1.23607 -2
      vertex -18.8042 -1.23607 2
    endloop
  endfacet
  facet normal 0.940906 0.338667 0
    outer loop
      vertex -18.8042 -1.23607 -2
      vertex -18.7191 -1.4725 2
      vertex -18.7191 -1.4725 -2
    endloop
  endfacet
  facet normal -0.999506 0.0314383 0
    outer loop
      vertex -11.0079 -0.251162 -2
      vertex -11 0 2
      vertex -11 0 -2
    endloop
  endfacet
  facet normal -0.999506 0.0314383 0
    outer loop
      vertex -11 0 2
      vertex -11.0079 -0.251162 -2
      vertex -11.0079 -0.251162 2
    endloop
  endfacet
  facet normal 0.156431 -0.987689 0
    outer loop
      vertex -15.7495 3.92915 -2
      vertex -15.5013 3.96846 2
      vertex -15.7495 3.92915 2
    endloop
  endfacet
  facet normal 0.156431 -0.987689 0
    outer loop
      vertex -15.5013 3.96846 2
      vertex -15.7495 3.92915 -2
      vertex -15.5013 3.96846 -2
    endloop
  endfacet
  facet normal -0.890971 -0.454061 0
    outer loop
      vertex -11.3807 1.70312 -2
      vertex -11.4948 1.92701 2
      vertex -11.4948 1.92701 -2
    endloop
  endfacet
  facet normal -0.890971 -0.454061 0
    outer loop
      vertex -11.4948 1.92701 2
      vertex -11.3807 1.70312 -2
      vertex -11.3807 1.70312 2
    endloop
  endfacet
  facet normal 0.509053 0.860735 -0
    outer loop
      vertex -17 -3.46206 -2
      vertex -17.1433 -3.37731 2
      vertex -17 -3.46206 2
    endloop
  endfacet
  facet normal 0.509053 0.860735 0
    outer loop
      vertex -17.1433 -3.37731 2
      vertex -17 -3.46206 -2
      vertex -17.1433 -3.37731 -2
    endloop
  endfacet
  facet normal -0.0313938 -0.999507 0
    outer loop
      vertex -15 4 -2
      vertex -14.7488 3.99211 2
      vertex -15 4 2
    endloop
  endfacet
  facet normal -0.0313938 -0.999507 -0
    outer loop
      vertex -14.7488 3.99211 2
      vertex -15 4 -2
      vertex -14.7488 3.99211 -2
    endloop
  endfacet
  facet normal -0.6613 -0.750121 0
    outer loop
      vertex -12.4503 3.08205 -2
      vertex -12.2618 2.91587 2
      vertex -12.4503 3.08205 2
    endloop
  endfacet
  facet normal -0.6613 -0.750121 -0
    outer loop
      vertex -12.2618 2.91587 2
      vertex -12.4503 3.08205 -2
      vertex -12.2618 2.91587 -2
    endloop
  endfacet
  facet normal 0.860776 0.508984 0
    outer loop
      vertex -18.3773 -2.14331 2
      vertex -18.5052 -1.92701 -2
      vertex -18.5052 -1.92701 2
    endloop
  endfacet
  facet normal 0.860776 0.508984 0
    outer loop
      vertex -18.5052 -1.92701 -2
      vertex -18.3773 -2.14331 2
      vertex -18.3773 -2.14331 -2
    endloop
  endfacet
  facet normal -0.960301 0.278964 0
    outer loop
      vertex -11.1958 -1.23607 -2
      vertex -11.1257 -0.994759 2
      vertex -11.1257 -0.994759 -2
    endloop
  endfacet
  facet normal -0.960301 0.278964 0
    outer loop
      vertex -11.1257 -0.994759 2
      vertex -11.1958 -1.23607 -2
      vertex -11.1958 -1.23607 2
    endloop
  endfacet
  facet normal 0.860776 -0.508984 0
    outer loop
      vertex -18.5052 1.92701 2
      vertex -18.3773 2.14331 -2
      vertex -18.3773 2.14331 2
    endloop
  endfacet
  facet normal 0.860776 -0.508984 0
    outer loop
      vertex -18.3773 2.14331 -2
      vertex -18.5052 1.92701 2
      vertex -18.5052 1.92701 -2
    endloop
  endfacet
  facet normal -0.156431 -0.987689 0
    outer loop
      vertex -14.4987 3.96846 -2
      vertex -14.2505 3.92915 2
      vertex -14.4987 3.96846 2
    endloop
  endfacet
  facet normal -0.156431 -0.987689 -0
    outer loop
      vertex -14.2505 3.92915 2
      vertex -14.4987 3.96846 -2
      vertex -14.2505 3.92915 -2
    endloop
  endfacet
  facet normal -0.562136 -0.827045 0
    outer loop
      vertex -12.8567 3.37731 -2
      vertex -12.6489 3.23607 2
      vertex -12.8567 3.37731 2
    endloop
  endfacet
  facet normal -0.562136 -0.827045 -0
    outer loop
      vertex -12.6489 3.23607 2
      vertex -12.8567 3.37731 -2
      vertex -12.6489 3.23607 -2
    endloop
  endfacet
  facet normal 0.975931 0.218081 0
    outer loop
      vertex -18.8743 -0.994759 2
      vertex -18.9291 -0.749525 -2
      vertex -18.9291 -0.749525 2
    endloop
  endfacet
  facet normal 0.975931 0.218081 0
    outer loop
      vertex -18.9291 -0.749525 -2
      vertex -18.8743 -0.994759 2
      vertex -18.8743 -0.994759 -2
    endloop
  endfacet
  facet normal 0.0313938 -0.999507 0
    outer loop
      vertex -15.2512 3.99211 -2
      vertex -15 4 2
      vertex -15.2512 3.99211 2
    endloop
  endfacet
  facet normal 0.0313938 -0.999507 0
    outer loop
      vertex -15 4 2
      vertex -15.2512 3.99211 -2
      vertex -15 4 -2
    endloop
  endfacet
  facet normal -0.509043 -0.860741 0
    outer loop
      vertex -13.073 3.50523 -2
      vertex -12.8567 3.37731 2
      vertex -13.073 3.50523 2
    endloop
  endfacet
  facet normal -0.509043 -0.860741 -0
    outer loop
      vertex -12.8567 3.37731 2
      vertex -13.073 3.50523 -2
      vertex -12.8567 3.37731 -2
    endloop
  endfacet
  facet normal -0.940906 -0.338667 0
    outer loop
      vertex -11.1958 1.23607 -2
      vertex -11.2809 1.4725 2
      vertex -11.2809 1.4725 -2
    endloop
  endfacet
  facet normal -0.940906 -0.338667 0
    outer loop
      vertex -11.2809 1.4725 2
      vertex -11.1958 1.23607 -2
      vertex -11.1958 1.23607 2
    endloop
  endfacet
  facet normal 0.509043 -0.860741 0
    outer loop
      vertex -17.1433 3.37731 -2
      vertex -16.927 3.50523 2
      vertex -17.1433 3.37731 2
    endloop
  endfacet
  facet normal 0.509043 -0.860741 0
    outer loop
      vertex -16.927 3.50523 2
      vertex -17.1433 3.37731 -2
      vertex -16.927 3.50523 -2
    endloop
  endfacet
  facet normal -0.860776 -0.508984 0
    outer loop
      vertex -11.4948 1.92701 -2
      vertex -11.6227 2.14331 2
      vertex -11.6227 2.14331 -2
    endloop
  endfacet
  facet normal -0.860776 -0.508984 0
    outer loop
      vertex -11.6227 2.14331 2
      vertex -11.4948 1.92701 -2
      vertex -11.4948 1.92701 2
    endloop
  endfacet
  facet normal 0.0941422 -0.995559 0
    outer loop
      vertex -15.5013 3.96846 -2
      vertex -15.2512 3.99211 2
      vertex -15.5013 3.96846 2
    endloop
  endfacet
  facet normal 0.0941422 -0.995559 0
    outer loop
      vertex -15.2512 3.99211 2
      vertex -15.5013 3.96846 -2
      vertex -15.2512 3.99211 -2
    endloop
  endfacet
  facet normal -0.750064 0.661365 0
    outer loop
      vertex -12.0841 -2.73819 -2
      vertex -11.9179 -2.5497 2
      vertex -11.9179 -2.5497 -2
    endloop
  endfacet
  facet normal -0.750064 0.661365 0
    outer loop
      vertex -11.9179 -2.5497 2
      vertex -12.0841 -2.73819 -2
      vertex -12.0841 -2.73819 2
    endloop
  endfacet
  facet normal -0.790191 0.61286 0
    outer loop
      vertex -11.9179 -2.5497 -2
      vertex -11.7639 -2.35114 2
      vertex -11.7639 -2.35114 -2
    endloop
  endfacet
  facet normal -0.790191 0.61286 0
    outer loop
      vertex -11.7639 -2.35114 2
      vertex -11.9179 -2.5497 -2
      vertex -11.9179 -2.5497 2
    endloop
  endfacet
  facet normal 0.790191 0.61286 0
    outer loop
      vertex -18.0821 -2.5497 2
      vertex -18.2361 -2.35114 -2
      vertex -18.2361 -2.35114 2
    endloop
  endfacet
  facet normal 0.790191 0.61286 0
    outer loop
      vertex -18.2361 -2.35114 -2
      vertex -18.0821 -2.5497 2
      vertex -18.0821 -2.5497 -2
    endloop
  endfacet
  facet normal -0.6613 0.750121 0
    outer loop
      vertex -12.2618 -2.91587 -2
      vertex -12.4503 -3.08205 2
      vertex -12.2618 -2.91587 2
    endloop
  endfacet
  facet normal -0.6613 0.750121 0
    outer loop
      vertex -12.4503 -3.08205 2
      vertex -12.2618 -2.91587 -2
      vertex -12.4503 -3.08205 -2
    endloop
  endfacet
  facet normal -0.612833 -0.790213 0
    outer loop
      vertex -12.6489 3.23607 -2
      vertex -12.4503 3.08205 2
      vertex -12.6489 3.23607 2
    endloop
  endfacet
  facet normal -0.612833 -0.790213 -0
    outer loop
      vertex -12.4503 3.08205 2
      vertex -12.6489 3.23607 -2
      vertex -12.4503 3.08205 -2
    endloop
  endfacet
  facet normal 0.999506 0.0314383 0
    outer loop
      vertex -18.9921 -0.251162 2
      vertex -19 0 -2
      vertex -19 0 2
    endloop
  endfacet
  facet normal 0.999506 0.0314383 0
    outer loop
      vertex -19 0 -2
      vertex -18.9921 -0.251162 2
      vertex -18.9921 -0.251162 -2
    endloop
  endfacet
  facet normal 0.707067 -0.707147 0
    outer loop
      vertex -17.9159 2.73819 2
      vertex -17.7382 2.91587 -2
      vertex -17.7382 2.91587 2
    endloop
  endfacet
  facet normal 0.707067 -0.707147 0
    outer loop
      vertex -17.7382 2.91587 -2
      vertex -17.9159 2.73819 2
      vertex -17.9159 2.73819 -2
    endloop
  endfacet
  facet normal 0.397183 -0.917739 0
    outer loop
      vertex -16.7031 3.61931 -2
      vertex -16.4725 3.71911 2
      vertex -16.7031 3.61931 2
    endloop
  endfacet
  facet normal 0.397183 -0.917739 0
    outer loop
      vertex -16.4725 3.71911 2
      vertex -16.7031 3.61931 -2
      vertex -16.4725 3.71911 -2
    endloop
  endfacet
  facet normal -0.827157 0.561971 0
    outer loop
      vertex -11.7639 -2.35114 -2
      vertex -11.6227 -2.14331 2
      vertex -11.6227 -2.14331 -2
    endloop
  endfacet
  facet normal -0.827157 0.561971 0
    outer loop
      vertex -11.6227 -2.14331 2
      vertex -11.7639 -2.35114 -2
      vertex -11.7639 -2.35114 2
    endloop
  endfacet
  facet normal 0.917752 0.397154 0
    outer loop
      vertex -18.6193 -1.70312 2
      vertex -18.7191 -1.4725 -2
      vertex -18.7191 -1.4725 2
    endloop
  endfacet
  facet normal 0.917752 0.397154 0
    outer loop
      vertex -18.7191 -1.4725 -2
      vertex -18.6193 -1.70312 2
      vertex -18.6193 -1.70312 -2
    endloop
  endfacet
  facet normal -0.0941422 -0.995559 0
    outer loop
      vertex -14.7488 3.99211 -2
      vertex -14.4987 3.96846 2
      vertex -14.7488 3.99211 2
    endloop
  endfacet
  facet normal -0.0941422 -0.995559 -0
    outer loop
      vertex -14.4987 3.96846 2
      vertex -14.7488 3.99211 -2
      vertex -14.4987 3.96846 -2
    endloop
  endfacet
  facet normal 0.960301 0.278964 0
    outer loop
      vertex -18.8042 -1.23607 2
      vertex -18.8743 -0.994759 -2
      vertex -18.8743 -0.994759 2
    endloop
  endfacet
  facet normal 0.960301 0.278964 0
    outer loop
      vertex -18.8743 -0.994759 -2
      vertex -18.8042 -1.23607 2
      vertex -18.8042 -1.23607 -2
    endloop
  endfacet
  facet normal 0.987633 0.156784 0
    outer loop
      vertex -18.9291 -0.749525 2
      vertex -18.9685 -0.501332 -2
      vertex -18.9685 -0.501332 2
    endloop
  endfacet
  facet normal 0.987633 0.156784 0
    outer loop
      vertex -18.9685 -0.501332 -2
      vertex -18.9291 -0.749525 2
      vertex -18.9291 -0.749525 -2
    endloop
  endfacet
  facet normal -0.917752 0.397154 0
    outer loop
      vertex -11.3807 -1.70312 -2
      vertex -11.2809 -1.4725 2
      vertex -11.2809 -1.4725 -2
    endloop
  endfacet
  facet normal -0.917752 0.397154 0
    outer loop
      vertex -11.2809 -1.4725 2
      vertex -11.3807 -1.70312 -2
      vertex -11.3807 -1.70312 2
    endloop
  endfacet
  facet normal -0.890971 0.454061 0
    outer loop
      vertex -11.4948 -1.92701 -2
      vertex -11.3807 -1.70312 2
      vertex -11.3807 -1.70312 -2
    endloop
  endfacet
  facet normal -0.890971 0.454061 0
    outer loop
      vertex -11.3807 -1.70312 2
      vertex -11.4948 -1.92701 -2
      vertex -11.4948 -1.92701 2
    endloop
  endfacet
  facet normal 0.278976 -0.960298 0
    outer loop
      vertex -16.2361 3.80423 -2
      vertex -15.9948 3.87433 2
      vertex -16.2361 3.80423 2
    endloop
  endfacet
  facet normal 0.278976 -0.960298 0
    outer loop
      vertex -15.9948 3.87433 2
      vertex -16.2361 3.80423 -2
      vertex -15.9948 3.87433 -2
    endloop
  endfacet
  facet normal 0.6613 -0.750121 0
    outer loop
      vertex -17.7382 2.91587 -2
      vertex -17.5497 3.08205 2
      vertex -17.7382 2.91587 2
    endloop
  endfacet
  facet normal 0.6613 -0.750121 0
    outer loop
      vertex -17.5497 3.08205 2
      vertex -17.7382 2.91587 -2
      vertex -17.5497 3.08205 -2
    endloop
  endfacet
  facet normal -0.940906 0.338667 0
    outer loop
      vertex -11.2809 -1.4725 -2
      vertex -11.1958 -1.23607 2
      vertex -11.1958 -1.23607 -2
    endloop
  endfacet
  facet normal -0.940906 0.338667 0
    outer loop
      vertex -11.1958 -1.23607 2
      vertex -11.2809 -1.4725 -2
      vertex -11.2809 -1.4725 2
    endloop
  endfacet
  facet normal -0.99558 0.0939189 0
    outer loop
      vertex -11.0315 -0.501332 -2
      vertex -11.0079 -0.251162 2
      vertex -11.0079 -0.251162 -2
    endloop
  endfacet
  facet normal -0.99558 0.0939189 0
    outer loop
      vertex -11.0079 -0.251162 2
      vertex -11.0315 -0.501332 -2
      vertex -11.0315 -0.501332 2
    endloop
  endfacet
  facet normal -0.750064 -0.661365 0
    outer loop
      vertex -11.9179 2.5497 -2
      vertex -12.0841 2.73819 2
      vertex -12.0841 2.73819 -2
    endloop
  endfacet
  facet normal -0.750064 -0.661365 0
    outer loop
      vertex -12.0841 2.73819 2
      vertex -11.9179 2.5497 -2
      vertex -11.9179 2.5497 2
    endloop
  endfacet
  facet normal -0.707067 -0.707147 0
    outer loop
      vertex -12.0841 2.73819 -2
      vertex -12.2618 2.91587 2
      vertex -12.2618 2.91587 -2
    endloop
  endfacet
  facet normal -0.707067 -0.707147 0
    outer loop
      vertex -12.2618 2.91587 2
      vertex -12.0841 2.73819 -2
      vertex -12.0841 2.73819 2
    endloop
  endfacet
  facet normal 0.612833 -0.790213 0
    outer loop
      vertex -17.5497 3.08205 -2
      vertex -17.3511 3.23607 2
      vertex -17.5497 3.08205 2
    endloop
  endfacet
  facet normal 0.612833 -0.790213 0
    outer loop
      vertex -17.3511 3.23607 2
      vertex -17.5497 3.08205 -2
      vertex -17.3511 3.23607 -2
    endloop
  endfacet
  facet normal 0.790191 -0.61286 0
    outer loop
      vertex -18.2361 2.35114 2
      vertex -18.0821 2.5497 -2
      vertex -18.0821 2.5497 2
    endloop
  endfacet
  facet normal 0.790191 -0.61286 0
    outer loop
      vertex -18.0821 2.5497 -2
      vertex -18.2361 2.35114 2
      vertex -18.2361 2.35114 -2
    endloop
  endfacet
  facet normal 0.6613 0.750121 -0
    outer loop
      vertex -17.5497 -3.08205 -2
      vertex -17.7382 -2.91587 2
      vertex -17.5497 -3.08205 2
    endloop
  endfacet
  facet normal 0.6613 0.750121 0
    outer loop
      vertex -17.7382 -2.91587 2
      vertex -17.5497 -3.08205 -2
      vertex -17.7382 -2.91587 -2
    endloop
  endfacet
  facet normal -0.975931 0.218081 0
    outer loop
      vertex -11.1257 -0.994759 -2
      vertex -11.0709 -0.749525 2
      vertex -11.0709 -0.749525 -2
    endloop
  endfacet
  facet normal -0.975931 0.218081 0
    outer loop
      vertex -11.0709 -0.749525 2
      vertex -11.1257 -0.994759 -2
      vertex -11.1257 -0.994759 2
    endloop
  endfacet
  facet normal 0.999506 -0.0314383 0
    outer loop
      vertex -19 0 2
      vertex -18.9921 0.251162 -2
      vertex -18.9921 0.251162 2
    endloop
  endfacet
  facet normal 0.999506 -0.0314383 0
    outer loop
      vertex -18.9921 0.251162 -2
      vertex -19 0 2
      vertex -19 0 -2
    endloop
  endfacet
  facet normal -0.987633 0.156784 0
    outer loop
      vertex -11.0709 -0.749525 -2
      vertex -11.0315 -0.501332 2
      vertex -11.0315 -0.501332 -2
    endloop
  endfacet
  facet normal -0.987633 0.156784 0
    outer loop
      vertex -11.0315 -0.501332 2
      vertex -11.0709 -0.749525 -2
      vertex -11.0709 -0.749525 2
    endloop
  endfacet
  facet normal -0.562136 0.827045 0
    outer loop
      vertex -12.6489 -3.23607 -2
      vertex -12.8567 -3.37731 2
      vertex -12.6489 -3.23607 2
    endloop
  endfacet
  facet normal -0.562136 0.827045 0
    outer loop
      vertex -12.8567 -3.37731 2
      vertex -12.6489 -3.23607 -2
      vertex -12.8567 -3.37731 -2
    endloop
  endfacet
  facet normal 0.750064 0.661365 0
    outer loop
      vertex -17.9159 -2.73819 2
      vertex -18.0821 -2.5497 -2
      vertex -18.0821 -2.5497 2
    endloop
  endfacet
  facet normal 0.750064 0.661365 0
    outer loop
      vertex -18.0821 -2.5497 -2
      vertex -17.9159 -2.73819 2
      vertex -17.9159 -2.73819 -2
    endloop
  endfacet
  facet normal 0.99558 -0.0939189 0
    outer loop
      vertex -18.9921 0.251162 2
      vertex -18.9685 0.501332 -2
      vertex -18.9685 0.501332 2
    endloop
  endfacet
  facet normal 0.99558 -0.0939189 0
    outer loop
      vertex -18.9685 0.501332 -2
      vertex -18.9921 0.251162 2
      vertex -18.9921 0.251162 -2
    endloop
  endfacet
  facet normal 0.827157 -0.561971 0
    outer loop
      vertex -18.3773 2.14331 2
      vertex -18.2361 2.35114 -2
      vertex -18.2361 2.35114 2
    endloop
  endfacet
  facet normal 0.827157 -0.561971 0
    outer loop
      vertex -18.2361 2.35114 -2
      vertex -18.3773 2.14331 2
      vertex -18.3773 2.14331 -2
    endloop
  endfacet
  facet normal -0.338776 -0.940867 0
    outer loop
      vertex -13.7639 3.80423 -2
      vertex -13.5275 3.71911 2
      vertex -13.7639 3.80423 2
    endloop
  endfacet
  facet normal -0.338776 -0.940867 -0
    outer loop
      vertex -13.5275 3.71911 2
      vertex -13.7639 3.80423 -2
      vertex -13.5275 3.71911 -2
    endloop
  endfacet
  facet normal -0.860776 0.508984 0
    outer loop
      vertex -11.6227 -2.14331 -2
      vertex -11.4948 -1.92701 2
      vertex -11.4948 -1.92701 -2
    endloop
  endfacet
  facet normal -0.860776 0.508984 0
    outer loop
      vertex -11.4948 -1.92701 2
      vertex -11.6227 -2.14331 -2
      vertex -11.6227 -2.14331 2
    endloop
  endfacet
  facet normal -0.218101 -0.975926 0
    outer loop
      vertex -14.2505 3.92915 -2
      vertex -14.0052 3.87433 2
      vertex -14.2505 3.92915 2
    endloop
  endfacet
  facet normal -0.218101 -0.975926 -0
    outer loop
      vertex -14.0052 3.87433 2
      vertex -14.2505 3.92915 -2
      vertex -14.0052 3.87433 -2
    endloop
  endfacet
  facet normal 0.890971 0.454061 0
    outer loop
      vertex -18.5052 -1.92701 2
      vertex -18.6193 -1.70312 -2
      vertex -18.6193 -1.70312 2
    endloop
  endfacet
  facet normal 0.890971 0.454061 0
    outer loop
      vertex -18.6193 -1.70312 -2
      vertex -18.5052 -1.92701 2
      vertex -18.5052 -1.92701 -2
    endloop
  endfacet
  facet normal -0.790191 -0.61286 0
    outer loop
      vertex -11.7639 2.35114 -2
      vertex -11.9179 2.5497 2
      vertex -11.9179 2.5497 -2
    endloop
  endfacet
  facet normal -0.790191 -0.61286 0
    outer loop
      vertex -11.9179 2.5497 2
      vertex -11.7639 2.35114 -2
      vertex -11.7639 2.35114 2
    endloop
  endfacet
  facet normal 0.562136 0.827045 -0
    outer loop
      vertex -17.1433 -3.37731 -2
      vertex -17.3511 -3.23607 2
      vertex -17.1433 -3.37731 2
    endloop
  endfacet
  facet normal 0.562136 0.827045 0
    outer loop
      vertex -17.3511 -3.23607 2
      vertex -17.1433 -3.37731 -2
      vertex -17.3511 -3.23607 -2
    endloop
  endfacet
  facet normal -0.278976 -0.960298 0
    outer loop
      vertex -14.0052 3.87433 -2
      vertex -13.7639 3.80423 2
      vertex -14.0052 3.87433 2
    endloop
  endfacet
  facet normal -0.278976 -0.960298 -0
    outer loop
      vertex -13.7639 3.80423 2
      vertex -14.0052 3.87433 -2
      vertex -13.7639 3.80423 -2
    endloop
  endfacet
  facet normal 0.890971 -0.454061 0
    outer loop
      vertex -18.6193 1.70312 2
      vertex -18.5052 1.92701 -2
      vertex -18.5052 1.92701 2
    endloop
  endfacet
  facet normal 0.890971 -0.454061 0
    outer loop
      vertex -18.5052 1.92701 -2
      vertex -18.6193 1.70312 2
      vertex -18.6193 1.70312 -2
    endloop
  endfacet
  facet normal 0.453982 -0.891011 0
    outer loop
      vertex -16.927 3.50523 -2
      vertex -16.7031 3.61931 2
      vertex -16.927 3.50523 2
    endloop
  endfacet
  facet normal 0.453982 -0.891011 0
    outer loop
      vertex -16.7031 3.61931 2
      vertex -16.927 3.50523 -2
      vertex -16.7031 3.61931 -2
    endloop
  endfacet
  facet normal -0.612833 0.790213 0
    outer loop
      vertex -12.4503 -3.08205 -2
      vertex -12.6489 -3.23607 2
      vertex -12.4503 -3.08205 2
    endloop
  endfacet
  facet normal -0.612833 0.790213 0
    outer loop
      vertex -12.6489 -3.23607 2
      vertex -12.4503 -3.08205 -2
      vertex -12.6489 -3.23607 -2
    endloop
  endfacet
  facet normal 0.612833 0.790213 -0
    outer loop
      vertex -17.3511 -3.23607 -2
      vertex -17.5497 -3.08205 2
      vertex -17.3511 -3.23607 2
    endloop
  endfacet
  facet normal 0.612833 0.790213 0
    outer loop
      vertex -17.5497 -3.08205 2
      vertex -17.3511 -3.23607 -2
      vertex -17.5497 -3.08205 -2
    endloop
  endfacet
  facet normal -1 0 0
    outer loop
      vertex 17 3.46206 -2
      vertex 17 10 2
      vertex 17 10 -2
    endloop
  endfacet
  facet normal -1 -0 0
    outer loop
      vertex 17 10 2
      vertex 17 3.46206 -2
      vertex 17 3.46206 2
    endloop
  endfacet
  facet normal 1 -0 0
    outer loop
      vertex 13 3.46206 2
      vertex 13 10 -2
      vertex 13 10 2
    endloop
  endfacet
  facet normal 1 0 0
    outer loop
      vertex 13 10 -2
      vertex 13 3.46206 2
      vertex 13 3.46206 -2
    endloop
  endfacet
  facet normal -1 0 0
    outer loop
      vertex -13 -10 -2
      vertex -13 -3.46206 2
      vertex -13 -3.46206 -2
    endloop
  endfacet
  facet normal -1 -0 0
    outer loop
      vertex -13 -3.46206 2
      vertex -13 -10 -2
      vertex -13 -10 2
    endloop
  endfacet
  facet normal 1 -0 0
    outer loop
      vertex -17 -10 2
      vertex -17 -3.46206 -2
      vertex -17 -3.46206 2
    endloop
  endfacet
  facet normal 1 0 0
    outer loop
      vertex -17 -3.46206 -2
      vertex -17 -10 2
      vertex -17 -10 -2
    endloop
  endfacet
  facet normal -0.860776 -0.508984 0
    outer loop
      vertex 33.5052 11.927 -2
      vertex 33.3773 12.1433 2
      vertex 33.3773 12.1433 -2
    endloop
  endfacet
  facet normal -0.860776 -0.508984 0
    outer loop
      vertex 33.3773 12.1433 2
      vertex 33.5052 11.927 -2
      vertex 33.5052 11.927 2
    endloop
  endfacet
  facet normal -0.995577 -0.0939449 0
    outer loop
      vertex 33.9921 10.2512 -2
      vertex 33.9685 10.5013 2
      vertex 33.9685 10.5013 -2
    endloop
  endfacet
  facet normal -0.995577 -0.0939449 0
    outer loop
      vertex 33.9685 10.5013 2
      vertex 33.9921 10.2512 -2
      vertex 33.9921 10.2512 2
    endloop
  endfacet
  facet normal -0.999506 -0.0314335 0
    outer loop
      vertex 34 10 -2
      vertex 33.9921 10.2512 2
      vertex 33.9921 10.2512 -2
    endloop
  endfacet
  facet normal -0.999506 -0.0314335 0
    outer loop
      vertex 33.9921 10.2512 2
      vertex 34 10 -2
      vertex 34 10 2
    endloop
  endfacet
  facet normal -0.987634 -0.15678 0
    outer loop
      vertex 33.9685 10.5013 -2
      vertex 33.9291 10.7495 2
      vertex 33.9291 10.7495 -2
    endloop
  endfacet
  facet normal -0.987634 -0.15678 0
    outer loop
      vertex 33.9291 10.7495 2
      vertex 33.9685 10.5013 -2
      vertex 33.9685 10.5013 2
    endloop
  endfacet
  facet normal -0.790251 -0.612783 0
    outer loop
      vertex 33.2361 12.3511 -2
      vertex 33.0821 12.5497 2
      vertex 33.0821 12.5497 -2
    endloop
  endfacet
  facet normal -0.790251 -0.612783 0
    outer loop
      vertex 33.0821 12.5497 2
      vertex 33.2361 12.3511 -2
      vertex 33.2361 12.3511 2
    endloop
  endfacet
  facet normal -0.453982 0.891011 0
    outer loop
      vertex 31.927 6.49477 -2
      vertex 31.7031 6.38069 2
      vertex 31.927 6.49477 2
    endloop
  endfacet
  facet normal -0.453982 0.891011 0
    outer loop
      vertex 31.7031 6.38069 2
      vertex 31.927 6.49477 -2
      vertex 31.7031 6.38069 -2
    endloop
  endfacet
  facet normal 0.975943 -0.218026 0
    outer loop
      vertex 26.0709 10.7495 2
      vertex 26.1257 10.9948 -2
      vertex 26.1257 10.9948 2
    endloop
  endfacet
  facet normal 0.975943 -0.218026 0
    outer loop
      vertex 26.1257 10.9948 -2
      vertex 26.0709 10.7495 2
      vertex 26.0709 10.7495 -2
    endloop
  endfacet
  facet normal 0.0941422 0.995559 -0
    outer loop
      vertex 29.7488 6.00789 -2
      vertex 29.4987 6.03154 2
      vertex 29.7488 6.00789 2
    endloop
  endfacet
  facet normal 0.0941422 0.995559 0
    outer loop
      vertex 29.4987 6.03154 2
      vertex 29.7488 6.00789 -2
      vertex 29.4987 6.03154 -2
    endloop
  endfacet
  facet normal -0.790191 0.61286 0
    outer loop
      vertex 33.0821 7.4503 -2
      vertex 33.2361 7.64886 2
      vertex 33.2361 7.64886 -2
    endloop
  endfacet
  facet normal -0.790191 0.61286 0
    outer loop
      vertex 33.2361 7.64886 2
      vertex 33.0821 7.4503 -2
      vertex 33.0821 7.4503 2
    endloop
  endfacet
  facet normal -0.960298 -0.278976 0
    outer loop
      vertex 33.8743 10.9948 -2
      vertex 33.8042 11.2361 2
      vertex 33.8042 11.2361 -2
    endloop
  endfacet
  facet normal -0.960298 -0.278976 0
    outer loop
      vertex 33.8042 11.2361 2
      vertex 33.8743 10.9948 -2
      vertex 33.8743 10.9948 2
    endloop
  endfacet
  facet normal -0.917752 0.397154 0
    outer loop
      vertex 33.6193 8.29688 -2
      vertex 33.7191 8.5275 2
      vertex 33.7191 8.5275 -2
    endloop
  endfacet
  facet normal -0.917752 0.397154 0
    outer loop
      vertex 33.7191 8.5275 2
      vertex 33.6193 8.29688 -2
      vertex 33.6193 8.29688 2
    endloop
  endfacet
  facet normal -0.0313938 0.999507 0
    outer loop
      vertex 30.2512 6.00789 -2
      vertex 30 6 2
      vertex 30.2512 6.00789 2
    endloop
  endfacet
  facet normal -0.0313938 0.999507 0
    outer loop
      vertex 30 6 2
      vertex 30.2512 6.00789 -2
      vertex 30 6 -2
    endloop
  endfacet
  facet normal 0.509276 -0.860604 0
    outer loop
      vertex 27.8567 13.3773 -2
      vertex 28 13.4621 2
      vertex 27.8567 13.3773 2
    endloop
  endfacet
  facet normal 0.509276 -0.860604 0
    outer loop
      vertex 28 13.4621 2
      vertex 27.8567 13.3773 -2
      vertex 28 13.4621 -2
    endloop
  endfacet
  facet normal -0.940892 -0.338705 0
    outer loop
      vertex 33.8042 11.2361 -2
      vertex 33.7191 11.4725 2
      vertex 33.7191 11.4725 -2
    endloop
  endfacet
  facet normal -0.940892 -0.338705 0
    outer loop
      vertex 33.7191 11.4725 2
      vertex 33.8042 11.2361 -2
      vertex 33.8042 11.2361 2
    endloop
  endfacet
  facet normal -0.156431 0.987689 0
    outer loop
      vertex 30.7495 6.07085 -2
      vertex 30.5013 6.03154 2
      vertex 30.7495 6.07085 2
    endloop
  endfacet
  facet normal -0.156431 0.987689 0
    outer loop
      vertex 30.5013 6.03154 2
      vertex 30.7495 6.07085 -2
      vertex 30.5013 6.03154 -2
    endloop
  endfacet
  facet normal -0.707107 -0.707107 0
    outer loop
      vertex 32.9159 12.7382 -2
      vertex 32.7382 12.9159 2
      vertex 32.7382 12.9159 -2
    endloop
  endfacet
  facet normal -0.707107 -0.707107 0
    outer loop
      vertex 32.7382 12.9159 2
      vertex 32.9159 12.7382 -2
      vertex 32.9159 12.7382 2
    endloop
  endfacet
  facet normal -0.612833 0.790213 0
    outer loop
      vertex 32.5497 6.91795 -2
      vertex 32.3511 6.76393 2
      vertex 32.5497 6.91795 2
    endloop
  endfacet
  facet normal -0.612833 0.790213 0
    outer loop
      vertex 32.3511 6.76393 2
      vertex 32.5497 6.91795 -2
      vertex 32.3511 6.76393 -2
    endloop
  endfacet
  facet normal 0.338776 0.940867 -0
    outer loop
      vertex 28.7639 6.19577 -2
      vertex 28.5275 6.28089 2
      vertex 28.7639 6.19577 2
    endloop
  endfacet
  facet normal 0.338776 0.940867 0
    outer loop
      vertex 28.5275 6.28089 2
      vertex 28.7639 6.19577 -2
      vertex 28.5275 6.28089 -2
    endloop
  endfacet
  facet normal 0.917752 0.397154 0
    outer loop
      vertex 26.3807 8.29688 2
      vertex 26.2809 8.5275 -2
      vertex 26.2809 8.5275 2
    endloop
  endfacet
  facet normal 0.917752 0.397154 0
    outer loop
      vertex 26.2809 8.5275 -2
      vertex 26.3807 8.29688 2
      vertex 26.3807 8.29688 -2
    endloop
  endfacet
  facet normal 0.707107 -0.707107 0
    outer loop
      vertex 27.0841 12.7382 2
      vertex 27.2618 12.9159 -2
      vertex 27.2618 12.9159 2
    endloop
  endfacet
  facet normal 0.707107 -0.707107 0
    outer loop
      vertex 27.2618 12.9159 -2
      vertex 27.0841 12.7382 2
      vertex 27.0841 12.7382 -2
    endloop
  endfacet
  facet normal 0.960298 -0.278976 0
    outer loop
      vertex 26.1257 10.9948 2
      vertex 26.1958 11.2361 -2
      vertex 26.1958 11.2361 2
    endloop
  endfacet
  facet normal 0.960298 -0.278976 0
    outer loop
      vertex 26.1958 11.2361 -2
      vertex 26.1257 10.9948 2
      vertex 26.1257 10.9948 -2
    endloop
  endfacet
  facet normal -0.0941422 0.995559 0
    outer loop
      vertex 30.5013 6.03154 -2
      vertex 30.2512 6.00789 2
      vertex 30.5013 6.03154 2
    endloop
  endfacet
  facet normal -0.0941422 0.995559 0
    outer loop
      vertex 30.2512 6.00789 2
      vertex 30.5013 6.03154 -2
      vertex 30.2512 6.00789 -2
    endloop
  endfacet
  facet normal -0.562027 -0.827119 0
    outer loop
      vertex 32.1433 13.3773 -2
      vertex 32.3511 13.2361 2
      vertex 32.1433 13.3773 2
    endloop
  endfacet
  facet normal -0.562027 -0.827119 -0
    outer loop
      vertex 32.3511 13.2361 2
      vertex 32.1433 13.3773 -2
      vertex 32.3511 13.2361 -2
    endloop
  endfacet
  facet normal -0.509276 -0.860604 0
    outer loop
      vertex 32 13.4621 -2
      vertex 32.1433 13.3773 2
      vertex 32 13.4621 2
    endloop
  endfacet
  facet normal -0.509276 -0.860604 -0
    outer loop
      vertex 32.1433 13.3773 2
      vertex 32 13.4621 -2
      vertex 32.1433 13.3773 -2
    endloop
  endfacet
  facet normal -0.397183 0.917739 0
    outer loop
      vertex 31.7031 6.38069 -2
      vertex 31.4725 6.28089 2
      vertex 31.7031 6.38069 2
    endloop
  endfacet
  facet normal -0.397183 0.917739 0
    outer loop
      vertex 31.4725 6.28089 2
      vertex 31.7031 6.38069 -2
      vertex 31.4725 6.28089 -2
    endloop
  endfacet
  facet normal -0.97593 0.218085 0
    outer loop
      vertex 33.8743 9.00524 -2
      vertex 33.9291 9.25047 2
      vertex 33.9291 9.25047 -2
    endloop
  endfacet
  facet normal -0.97593 0.218085 0
    outer loop
      vertex 33.9291 9.25047 2
      vertex 33.8743 9.00524 -2
      vertex 33.8743 9.00524 2
    endloop
  endfacet
  facet normal -0.975943 -0.218026 0
    outer loop
      vertex 33.9291 10.7495 -2
      vertex 33.8743 10.9948 2
      vertex 33.8743 10.9948 -2
    endloop
  endfacet
  facet normal -0.975943 -0.218026 0
    outer loop
      vertex 33.8743 10.9948 2
      vertex 33.9291 10.7495 -2
      vertex 33.9291 10.7495 2
    endloop
  endfacet
  facet normal -0.612783 -0.790251 0
    outer loop
      vertex 32.3511 13.2361 -2
      vertex 32.5497 13.0821 2
      vertex 32.3511 13.2361 2
    endloop
  endfacet
  facet normal -0.612783 -0.790251 -0
    outer loop
      vertex 32.5497 13.0821 2
      vertex 32.3511 13.2361 -2
      vertex 32.5497 13.0821 -2
    endloop
  endfacet
  facet normal -0.218101 0.975926 0
    outer loop
      vertex 30.9948 6.12567 -2
      vertex 30.7495 6.07085 2
      vertex 30.9948 6.12567 2
    endloop
  endfacet
  facet normal -0.218101 0.975926 0
    outer loop
      vertex 30.7495 6.07085 2
      vertex 30.9948 6.12567 -2
      vertex 30.7495 6.07085 -2
    endloop
  endfacet
  facet normal 0.860766 0.509001 0
    outer loop
      vertex 26.6227 7.85669 2
      vertex 26.4948 8.07298 -2
      vertex 26.4948 8.07298 2
    endloop
  endfacet
  facet normal 0.860766 0.509001 0
    outer loop
      vertex 26.4948 8.07298 -2
      vertex 26.6227 7.85669 2
      vertex 26.6227 7.85669 -2
    endloop
  endfacet
  facet normal -0.827157 0.561971 0
    outer loop
      vertex 33.2361 7.64886 -2
      vertex 33.3773 7.85669 2
      vertex 33.3773 7.85669 -2
    endloop
  endfacet
  facet normal -0.827157 0.561971 0
    outer loop
      vertex 33.3773 7.85669 2
      vertex 33.2361 7.64886 -2
      vertex 33.2361 7.64886 2
    endloop
  endfacet
  facet normal 0.890979 0.454045 0
    outer loop
      vertex 26.4948 8.07298 2
      vertex 26.3807 8.29688 -2
      vertex 26.3807 8.29688 2
    endloop
  endfacet
  facet normal 0.890979 0.454045 0
    outer loop
      vertex 26.3807 8.29688 -2
      vertex 26.4948 8.07298 2
      vertex 26.4948 8.07298 -2
    endloop
  endfacet
  facet normal -0.827119 -0.562027 0
    outer loop
      vertex 33.3773 12.1433 -2
      vertex 33.2361 12.3511 2
      vertex 33.2361 12.3511 -2
    endloop
  endfacet
  facet normal -0.827119 -0.562027 0
    outer loop
      vertex 33.2361 12.3511 2
      vertex 33.3773 12.1433 -2
      vertex 33.3773 12.1433 2
    endloop
  endfacet
  facet normal 0.218101 0.975926 -0
    outer loop
      vertex 29.2505 6.07085 -2
      vertex 29.0052 6.12567 2
      vertex 29.2505 6.07085 2
    endloop
  endfacet
  facet normal 0.218101 0.975926 0
    outer loop
      vertex 29.0052 6.12567 2
      vertex 29.2505 6.07085 -2
      vertex 29.0052 6.12567 -2
    endloop
  endfacet
  facet normal -0.661278 0.750141 0
    outer loop
      vertex 32.7382 7.08412 -2
      vertex 32.5497 6.91795 2
      vertex 32.7382 7.08412 2
    endloop
  endfacet
  facet normal -0.661278 0.750141 0
    outer loop
      vertex 32.5497 6.91795 2
      vertex 32.7382 7.08412 -2
      vertex 32.5497 6.91795 -2
    endloop
  endfacet
  facet normal 0.890979 -0.454045 0
    outer loop
      vertex 26.3807 11.7031 2
      vertex 26.4948 11.927 -2
      vertex 26.4948 11.927 2
    endloop
  endfacet
  facet normal 0.890979 -0.454045 0
    outer loop
      vertex 26.4948 11.927 -2
      vertex 26.3807 11.7031 2
      vertex 26.3807 11.7031 -2
    endloop
  endfacet
  facet normal -0.890979 0.454045 0
    outer loop
      vertex 33.5052 8.07298 -2
      vertex 33.6193 8.29688 2
      vertex 33.6193 8.29688 -2
    endloop
  endfacet
  facet normal -0.890979 0.454045 0
    outer loop
      vertex 33.6193 8.29688 2
      vertex 33.5052 8.07298 -2
      vertex 33.5052 8.07298 2
    endloop
  endfacet
  facet normal 0.612783 -0.790251 0
    outer loop
      vertex 27.4503 13.0821 -2
      vertex 27.6489 13.2361 2
      vertex 27.4503 13.0821 2
    endloop
  endfacet
  facet normal 0.612783 -0.790251 0
    outer loop
      vertex 27.6489 13.2361 2
      vertex 27.4503 13.0821 -2
      vertex 27.6489 13.2361 -2
    endloop
  endfacet
  facet normal -0.917739 -0.397183 0
    outer loop
      vertex 33.7191 11.4725 -2
      vertex 33.6193 11.7031 2
      vertex 33.6193 11.7031 -2
    endloop
  endfacet
  facet normal -0.917739 -0.397183 0
    outer loop
      vertex 33.6193 11.7031 2
      vertex 33.7191 11.4725 -2
      vertex 33.7191 11.4725 2
    endloop
  endfacet
  facet normal 0.860776 -0.508984 0
    outer loop
      vertex 26.4948 11.927 2
      vertex 26.6227 12.1433 -2
      vertex 26.6227 12.1433 2
    endloop
  endfacet
  facet normal 0.860776 -0.508984 0
    outer loop
      vertex 26.6227 12.1433 -2
      vertex 26.4948 11.927 2
      vertex 26.4948 11.927 -2
    endloop
  endfacet
  facet normal -0.960301 0.278965 0
    outer loop
      vertex 33.8042 8.76393 -2
      vertex 33.8743 9.00524 2
      vertex 33.8743 9.00524 -2
    endloop
  endfacet
  facet normal -0.960301 0.278965 0
    outer loop
      vertex 33.8743 9.00524 2
      vertex 33.8042 8.76393 -2
      vertex 33.8042 8.76393 2
    endloop
  endfacet
  facet normal -0.890979 -0.454045 0
    outer loop
      vertex 33.6193 11.7031 -2
      vertex 33.5052 11.927 2
      vertex 33.5052 11.927 -2
    endloop
  endfacet
  facet normal -0.890979 -0.454045 0
    outer loop
      vertex 33.5052 11.927 2
      vertex 33.6193 11.7031 -2
      vertex 33.6193 11.7031 2
    endloop
  endfacet
  facet normal 0.995577 -0.0939449 0
    outer loop
      vertex 26.0079 10.2512 2
      vertex 26.0315 10.5013 -2
      vertex 26.0315 10.5013 2
    endloop
  endfacet
  facet normal 0.995577 -0.0939449 0
    outer loop
      vertex 26.0315 10.5013 -2
      vertex 26.0079 10.2512 2
      vertex 26.0079 10.2512 -2
    endloop
  endfacet
  facet normal 0.750082 -0.661345 0
    outer loop
      vertex 26.9179 12.5497 2
      vertex 27.0841 12.7382 -2
      vertex 27.0841 12.7382 2
    endloop
  endfacet
  facet normal 0.750082 -0.661345 0
    outer loop
      vertex 27.0841 12.7382 -2
      vertex 26.9179 12.5497 2
      vertex 26.9179 12.5497 -2
    endloop
  endfacet
  facet normal 0.397183 0.917739 -0
    outer loop
      vertex 28.5275 6.28089 -2
      vertex 28.2969 6.38069 2
      vertex 28.5275 6.28089 2
    endloop
  endfacet
  facet normal 0.397183 0.917739 0
    outer loop
      vertex 28.2969 6.38069 2
      vertex 28.5275 6.28089 -2
      vertex 28.2969 6.38069 -2
    endloop
  endfacet
  facet normal 0.960301 0.278965 0
    outer loop
      vertex 26.1958 8.76393 2
      vertex 26.1257 9.00524 -2
      vertex 26.1257 9.00524 2
    endloop
  endfacet
  facet normal 0.960301 0.278965 0
    outer loop
      vertex 26.1257 9.00524 -2
      vertex 26.1958 8.76393 2
      vertex 26.1958 8.76393 -2
    endloop
  endfacet
  facet normal 0.612833 0.790213 -0
    outer loop
      vertex 27.6489 6.76393 -2
      vertex 27.4503 6.91795 2
      vertex 27.6489 6.76393 2
    endloop
  endfacet
  facet normal 0.612833 0.790213 0
    outer loop
      vertex 27.4503 6.91795 2
      vertex 27.6489 6.76393 -2
      vertex 27.4503 6.91795 -2
    endloop
  endfacet
  facet normal -0.750082 -0.661345 0
    outer loop
      vertex 33.0821 12.5497 -2
      vertex 32.9159 12.7382 2
      vertex 32.9159 12.7382 -2
    endloop
  endfacet
  facet normal -0.750082 -0.661345 0
    outer loop
      vertex 32.9159 12.7382 2
      vertex 33.0821 12.5497 -2
      vertex 33.0821 12.5497 2
    endloop
  endfacet
  facet normal 0.707087 0.707127 0
    outer loop
      vertex 27.2618 7.08412 2
      vertex 27.0841 7.26181 -2
      vertex 27.0841 7.26181 2
    endloop
  endfacet
  facet normal 0.707087 0.707127 0
    outer loop
      vertex 27.0841 7.26181 -2
      vertex 27.2618 7.08412 2
      vertex 27.2618 7.08412 -2
    endloop
  endfacet
  facet normal 0.750064 0.661365 0
    outer loop
      vertex 27.0841 7.26181 2
      vertex 26.9179 7.4503 -2
      vertex 26.9179 7.4503 2
    endloop
  endfacet
  facet normal 0.750064 0.661365 0
    outer loop
      vertex 26.9179 7.4503 -2
      vertex 27.0841 7.26181 2
      vertex 27.0841 7.26181 -2
    endloop
  endfacet
  facet normal 0.509043 0.860741 -0
    outer loop
      vertex 28.073 6.49477 -2
      vertex 27.8567 6.62269 2
      vertex 28.073 6.49477 2
    endloop
  endfacet
  facet normal 0.509043 0.860741 0
    outer loop
      vertex 27.8567 6.62269 2
      vertex 28.073 6.49477 -2
      vertex 27.8567 6.62269 -2
    endloop
  endfacet
  facet normal 0.97593 0.218085 0
    outer loop
      vertex 26.1257 9.00524 2
      vertex 26.0709 9.25047 -2
      vertex 26.0709 9.25047 2
    endloop
  endfacet
  facet normal 0.97593 0.218085 0
    outer loop
      vertex 26.0709 9.25047 -2
      vertex 26.1257 9.00524 2
      vertex 26.1257 9.00524 -2
    endloop
  endfacet
  facet normal 0.790191 0.61286 0
    outer loop
      vertex 26.9179 7.4503 2
      vertex 26.7639 7.64886 -2
      vertex 26.7639 7.64886 2
    endloop
  endfacet
  facet normal 0.790191 0.61286 0
    outer loop
      vertex 26.7639 7.64886 -2
      vertex 26.9179 7.4503 2
      vertex 26.9179 7.4503 -2
    endloop
  endfacet
  facet normal 0.917739 -0.397183 0
    outer loop
      vertex 26.2809 11.4725 2
      vertex 26.3807 11.7031 -2
      vertex 26.3807 11.7031 2
    endloop
  endfacet
  facet normal 0.917739 -0.397183 0
    outer loop
      vertex 26.3807 11.7031 -2
      vertex 26.2809 11.4725 2
      vertex 26.2809 11.4725 -2
    endloop
  endfacet
  facet normal 0.940906 0.338667 0
    outer loop
      vertex 26.2809 8.5275 2
      vertex 26.1958 8.76393 -2
      vertex 26.1958 8.76393 2
    endloop
  endfacet
  facet normal 0.940906 0.338667 0
    outer loop
      vertex 26.1958 8.76393 -2
      vertex 26.2809 8.5275 2
      vertex 26.2809 8.5275 -2
    endloop
  endfacet
  facet normal 0.453982 0.891011 -0
    outer loop
      vertex 28.2969 6.38069 -2
      vertex 28.073 6.49477 2
      vertex 28.2969 6.38069 2
    endloop
  endfacet
  facet normal 0.453982 0.891011 0
    outer loop
      vertex 28.073 6.49477 2
      vertex 28.2969 6.38069 -2
      vertex 28.073 6.49477 -2
    endloop
  endfacet
  facet normal -0.99558 0.0939189 0
    outer loop
      vertex 33.9685 9.49867 -2
      vertex 33.9921 9.74884 2
      vertex 33.9921 9.74884 -2
    endloop
  endfacet
  facet normal -0.99558 0.0939189 0
    outer loop
      vertex 33.9921 9.74884 2
      vertex 33.9685 9.49867 -2
      vertex 33.9685 9.49867 2
    endloop
  endfacet
  facet normal -0.509043 0.860741 0
    outer loop
      vertex 32.1433 6.62269 -2
      vertex 31.927 6.49477 2
      vertex 32.1433 6.62269 2
    endloop
  endfacet
  facet normal -0.509043 0.860741 0
    outer loop
      vertex 31.927 6.49477 2
      vertex 32.1433 6.62269 -2
      vertex 31.927 6.49477 -2
    endloop
  endfacet
  facet normal 0.0313938 0.999507 -0
    outer loop
      vertex 30 6 -2
      vertex 29.7488 6.00789 2
      vertex 30 6 2
    endloop
  endfacet
  facet normal 0.0313938 0.999507 0
    outer loop
      vertex 29.7488 6.00789 2
      vertex 30 6 -2
      vertex 29.7488 6.00789 -2
    endloop
  endfacet
  facet normal 0.987634 -0.15678 0
    outer loop
      vertex 26.0315 10.5013 2
      vertex 26.0709 10.7495 -2
      vertex 26.0709 10.7495 2
    endloop
  endfacet
  facet normal 0.987634 -0.15678 0
    outer loop
      vertex 26.0709 10.7495 -2
      vertex 26.0315 10.5013 2
      vertex 26.0315 10.5013 -2
    endloop
  endfacet
  facet normal 0.661278 0.750141 -0
    outer loop
      vertex 27.4503 6.91795 -2
      vertex 27.2618 7.08412 2
      vertex 27.4503 6.91795 2
    endloop
  endfacet
  facet normal 0.661278 0.750141 0
    outer loop
      vertex 27.2618 7.08412 2
      vertex 27.4503 6.91795 -2
      vertex 27.2618 7.08412 -2
    endloop
  endfacet
  facet normal -0.750064 0.661365 0
    outer loop
      vertex 32.9159 7.26181 -2
      vertex 33.0821 7.4503 2
      vertex 33.0821 7.4503 -2
    endloop
  endfacet
  facet normal -0.750064 0.661365 0
    outer loop
      vertex 33.0821 7.4503 2
      vertex 32.9159 7.26181 -2
      vertex 32.9159 7.26181 2
    endloop
  endfacet
  facet normal -0.940906 0.338667 0
    outer loop
      vertex 33.7191 8.5275 -2
      vertex 33.8042 8.76393 2
      vertex 33.8042 8.76393 -2
    endloop
  endfacet
  facet normal -0.940906 0.338667 0
    outer loop
      vertex 33.8042 8.76393 2
      vertex 33.7191 8.5275 -2
      vertex 33.7191 8.5275 2
    endloop
  endfacet
  facet normal -0.278976 0.960298 0
    outer loop
      vertex 31.2361 6.19577 -2
      vertex 30.9948 6.12567 2
      vertex 31.2361 6.19577 2
    endloop
  endfacet
  facet normal -0.278976 0.960298 0
    outer loop
      vertex 30.9948 6.12567 2
      vertex 31.2361 6.19577 -2
      vertex 30.9948 6.12567 -2
    endloop
  endfacet
  facet normal -0.987634 0.15678 0
    outer loop
      vertex 33.9291 9.25047 -2
      vertex 33.9685 9.49867 2
      vertex 33.9685 9.49867 -2
    endloop
  endfacet
  facet normal -0.987634 0.15678 0
    outer loop
      vertex 33.9685 9.49867 2
      vertex 33.9291 9.25047 -2
      vertex 33.9291 9.25047 2
    endloop
  endfacet
  facet normal -0.661345 -0.750082 0
    outer loop
      vertex 32.5497 13.0821 -2
      vertex 32.7382 12.9159 2
      vertex 32.5497 13.0821 2
    endloop
  endfacet
  facet normal -0.661345 -0.750082 -0
    outer loop
      vertex 32.7382 12.9159 2
      vertex 32.5497 13.0821 -2
      vertex 32.7382 12.9159 -2
    endloop
  endfacet
  facet normal 0.562136 0.827045 -0
    outer loop
      vertex 27.8567 6.62269 -2
      vertex 27.6489 6.76393 2
      vertex 27.8567 6.62269 2
    endloop
  endfacet
  facet normal 0.562136 0.827045 0
    outer loop
      vertex 27.6489 6.76393 2
      vertex 27.8567 6.62269 -2
      vertex 27.6489 6.76393 -2
    endloop
  endfacet
  facet normal 0.156431 0.987689 -0
    outer loop
      vertex 29.4987 6.03154 -2
      vertex 29.2505 6.07085 2
      vertex 29.4987 6.03154 2
    endloop
  endfacet
  facet normal 0.156431 0.987689 0
    outer loop
      vertex 29.2505 6.07085 2
      vertex 29.4987 6.03154 -2
      vertex 29.2505 6.07085 -2
    endloop
  endfacet
  facet normal 0.562027 -0.827119 0
    outer loop
      vertex 27.6489 13.2361 -2
      vertex 27.8567 13.3773 2
      vertex 27.6489 13.2361 2
    endloop
  endfacet
  facet normal 0.562027 -0.827119 0
    outer loop
      vertex 27.8567 13.3773 2
      vertex 27.6489 13.2361 -2
      vertex 27.8567 13.3773 -2
    endloop
  endfacet
  facet normal 0.827157 0.561971 0
    outer loop
      vertex 26.7639 7.64886 2
      vertex 26.6227 7.85669 -2
      vertex 26.6227 7.85669 2
    endloop
  endfacet
  facet normal 0.827157 0.561971 0
    outer loop
      vertex 26.6227 7.85669 -2
      vertex 26.7639 7.64886 2
      vertex 26.7639 7.64886 -2
    endloop
  endfacet
  facet normal -0.562136 0.827045 0
    outer loop
      vertex 32.3511 6.76393 -2
      vertex 32.1433 6.62269 2
      vertex 32.3511 6.76393 2
    endloop
  endfacet
  facet normal -0.562136 0.827045 0
    outer loop
      vertex 32.1433 6.62269 2
      vertex 32.3511 6.76393 -2
      vertex 32.1433 6.62269 -2
    endloop
  endfacet
  facet normal -0.338776 0.940867 0
    outer loop
      vertex 31.4725 6.28089 -2
      vertex 31.2361 6.19577 2
      vertex 31.4725 6.28089 2
    endloop
  endfacet
  facet normal -0.338776 0.940867 0
    outer loop
      vertex 31.2361 6.19577 2
      vertex 31.4725 6.28089 -2
      vertex 31.2361 6.19577 -2
    endloop
  endfacet
  facet normal -0.860766 0.509001 0
    outer loop
      vertex 33.3773 7.85669 -2
      vertex 33.5052 8.07298 2
      vertex 33.5052 8.07298 -2
    endloop
  endfacet
  facet normal -0.860766 0.509001 0
    outer loop
      vertex 33.5052 8.07298 2
      vertex 33.3773 7.85669 -2
      vertex 33.3773 7.85669 2
    endloop
  endfacet
  facet normal -0.707087 0.707127 0
    outer loop
      vertex 32.7382 7.08412 -2
      vertex 32.9159 7.26181 2
      vertex 32.9159 7.26181 -2
    endloop
  endfacet
  facet normal -0.707087 0.707127 0
    outer loop
      vertex 32.9159 7.26181 2
      vertex 32.7382 7.08412 -2
      vertex 32.7382 7.08412 2
    endloop
  endfacet
  facet normal 0.99558 0.0939189 0
    outer loop
      vertex 26.0315 9.49867 2
      vertex 26.0079 9.74884 -2
      vertex 26.0079 9.74884 2
    endloop
  endfacet
  facet normal 0.99558 0.0939189 0
    outer loop
      vertex 26.0079 9.74884 -2
      vertex 26.0315 9.49867 2
      vertex 26.0315 9.49867 -2
    endloop
  endfacet
  facet normal 0.987634 0.15678 0
    outer loop
      vertex 26.0709 9.25047 2
      vertex 26.0315 9.49867 -2
      vertex 26.0315 9.49867 2
    endloop
  endfacet
  facet normal 0.987634 0.15678 0
    outer loop
      vertex 26.0315 9.49867 -2
      vertex 26.0709 9.25047 2
      vertex 26.0709 9.25047 -2
    endloop
  endfacet
  facet normal -0.999506 0.0314385 0
    outer loop
      vertex 33.9921 9.74884 -2
      vertex 34 10 2
      vertex 34 10 -2
    endloop
  endfacet
  facet normal -0.999506 0.0314385 0
    outer loop
      vertex 34 10 2
      vertex 33.9921 9.74884 -2
      vertex 33.9921 9.74884 2
    endloop
  endfacet
  facet normal 0.827119 -0.562027 0
    outer loop
      vertex 26.6227 12.1433 2
      vertex 26.7639 12.3511 -2
      vertex 26.7639 12.3511 2
    endloop
  endfacet
  facet normal 0.827119 -0.562027 0
    outer loop
      vertex 26.7639 12.3511 -2
      vertex 26.6227 12.1433 2
      vertex 26.6227 12.1433 -2
    endloop
  endfacet
  facet normal 0.790251 -0.612783 0
    outer loop
      vertex 26.7639 12.3511 2
      vertex 26.9179 12.5497 -2
      vertex 26.9179 12.5497 2
    endloop
  endfacet
  facet normal 0.790251 -0.612783 0
    outer loop
      vertex 26.9179 12.5497 -2
      vertex 26.7639 12.3511 2
      vertex 26.7639 12.3511 -2
    endloop
  endfacet
  facet normal 0.661345 -0.750082 0
    outer loop
      vertex 27.2618 12.9159 -2
      vertex 27.4503 13.0821 2
      vertex 27.2618 12.9159 2
    endloop
  endfacet
  facet normal 0.661345 -0.750082 0
    outer loop
      vertex 27.4503 13.0821 2
      vertex 27.2618 12.9159 -2
      vertex 27.4503 13.0821 -2
    endloop
  endfacet
  facet normal 0.940892 -0.338705 0
    outer loop
      vertex 26.1958 11.2361 2
      vertex 26.2809 11.4725 -2
      vertex 26.2809 11.4725 2
    endloop
  endfacet
  facet normal 0.940892 -0.338705 0
    outer loop
      vertex 26.2809 11.4725 -2
      vertex 26.1958 11.2361 2
      vertex 26.1958 11.2361 -2
    endloop
  endfacet
  facet normal 0.999506 -0.0314335 0
    outer loop
      vertex 26 10 2
      vertex 26.0079 10.2512 -2
      vertex 26.0079 10.2512 2
    endloop
  endfacet
  facet normal 0.999506 -0.0314335 0
    outer loop
      vertex 26.0079 10.2512 -2
      vertex 26 10 2
      vertex 26 10 -2
    endloop
  endfacet
  facet normal 0.999506 0.0314385 0
    outer loop
      vertex 26.0079 9.74884 2
      vertex 26 10 -2
      vertex 26 10 2
    endloop
  endfacet
  facet normal 0.999506 0.0314385 0
    outer loop
      vertex 26 10 -2
      vertex 26.0079 9.74884 2
      vertex 26.0079 9.74884 -2
    endloop
  endfacet
  facet normal 0.278976 0.960298 -0
    outer loop
      vertex 29.0052 6.12567 -2
      vertex 28.7639 6.19577 2
      vertex 29.0052 6.12567 2
    endloop
  endfacet
  facet normal 0.278976 0.960298 0
    outer loop
      vertex 28.7639 6.19577 2
      vertex 29.0052 6.12567 -2
      vertex 28.7639 6.19577 -2
    endloop
  endfacet
  facet normal -0.940906 0.338667 0
    outer loop
      vertex -26.2809 8.5275 -2
      vertex -26.1958 8.76393 2
      vertex -26.1958 8.76393 -2
    endloop
  endfacet
  facet normal -0.940906 0.338667 0
    outer loop
      vertex -26.1958 8.76393 2
      vertex -26.2809 8.5275 -2
      vertex -26.2809 8.5275 2
    endloop
  endfacet
  facet normal -0.995577 -0.0939449 0
    outer loop
      vertex -26.0079 10.2512 -2
      vertex -26.0315 10.5013 2
      vertex -26.0315 10.5013 -2
    endloop
  endfacet
  facet normal -0.995577 -0.0939449 0
    outer loop
      vertex -26.0315 10.5013 2
      vertex -26.0079 10.2512 -2
      vertex -26.0079 10.2512 2
    endloop
  endfacet
  facet normal -0.999506 -0.0314335 0
    outer loop
      vertex -26 10 -2
      vertex -26.0079 10.2512 2
      vertex -26.0079 10.2512 -2
    endloop
  endfacet
  facet normal -0.999506 -0.0314335 0
    outer loop
      vertex -26.0079 10.2512 2
      vertex -26 10 -2
      vertex -26 10 2
    endloop
  endfacet
  facet normal -0.987634 -0.15678 0
    outer loop
      vertex -26.0315 10.5013 -2
      vertex -26.0709 10.7495 2
      vertex -26.0709 10.7495 -2
    endloop
  endfacet
  facet normal -0.987634 -0.15678 0
    outer loop
      vertex -26.0709 10.7495 2
      vertex -26.0315 10.5013 -2
      vertex -26.0315 10.5013 2
    endloop
  endfacet
  facet normal -0.975943 -0.218026 0
    outer loop
      vertex -26.0709 10.7495 -2
      vertex -26.1257 10.9948 2
      vertex -26.1257 10.9948 -2
    endloop
  endfacet
  facet normal -0.975943 -0.218026 0
    outer loop
      vertex -26.1257 10.9948 2
      vertex -26.0709 10.7495 -2
      vertex -26.0709 10.7495 2
    endloop
  endfacet
  facet normal -0.790191 0.61286 0
    outer loop
      vertex -26.9179 7.4503 -2
      vertex -26.7639 7.64886 2
      vertex -26.7639 7.64886 -2
    endloop
  endfacet
  facet normal -0.790191 0.61286 0
    outer loop
      vertex -26.7639 7.64886 2
      vertex -26.9179 7.4503 -2
      vertex -26.9179 7.4503 2
    endloop
  endfacet
  facet normal -0.661345 -0.750082 0
    outer loop
      vertex -27.4503 13.0821 -2
      vertex -27.2618 12.9159 2
      vertex -27.4503 13.0821 2
    endloop
  endfacet
  facet normal -0.661345 -0.750082 -0
    outer loop
      vertex -27.2618 12.9159 2
      vertex -27.4503 13.0821 -2
      vertex -27.2618 12.9159 -2
    endloop
  endfacet
  facet normal -0.987634 0.15678 0
    outer loop
      vertex -26.0709 9.25047 -2
      vertex -26.0315 9.49867 2
      vertex -26.0315 9.49867 -2
    endloop
  endfacet
  facet normal -0.987634 0.15678 0
    outer loop
      vertex -26.0315 9.49867 2
      vertex -26.0709 9.25047 -2
      vertex -26.0709 9.25047 2
    endloop
  endfacet
  facet normal 0.707107 -0.707107 0
    outer loop
      vertex -32.9159 12.7382 2
      vertex -32.7382 12.9159 -2
      vertex -32.7382 12.9159 2
    endloop
  endfacet
  facet normal 0.707107 -0.707107 0
    outer loop
      vertex -32.7382 12.9159 -2
      vertex -32.9159 12.7382 2
      vertex -32.9159 12.7382 -2
    endloop
  endfacet
  facet normal 0.890979 -0.454045 0
    outer loop
      vertex -33.6193 11.7031 2
      vertex -33.5052 11.927 -2
      vertex -33.5052 11.927 2
    endloop
  endfacet
  facet normal 0.890979 -0.454045 0
    outer loop
      vertex -33.5052 11.927 -2
      vertex -33.6193 11.7031 2
      vertex -33.6193 11.7031 -2
    endloop
  endfacet
  facet normal -0.750064 0.661365 0
    outer loop
      vertex -27.0841 7.26181 -2
      vertex -26.9179 7.4503 2
      vertex -26.9179 7.4503 -2
    endloop
  endfacet
  facet normal -0.750064 0.661365 0
    outer loop
      vertex -26.9179 7.4503 2
      vertex -27.0841 7.26181 -2
      vertex -27.0841 7.26181 2
    endloop
  endfacet
  facet normal -0.453982 0.891011 0
    outer loop
      vertex -28.073 6.49477 -2
      vertex -28.2969 6.38069 2
      vertex -28.073 6.49477 2
    endloop
  endfacet
  facet normal -0.453982 0.891011 0
    outer loop
      vertex -28.2969 6.38069 2
      vertex -28.073 6.49477 -2
      vertex -28.2969 6.38069 -2
    endloop
  endfacet
  facet normal 0.612833 0.790213 -0
    outer loop
      vertex -32.3511 6.76393 -2
      vertex -32.5497 6.91795 2
      vertex -32.3511 6.76393 2
    endloop
  endfacet
  facet normal 0.612833 0.790213 0
    outer loop
      vertex -32.5497 6.91795 2
      vertex -32.3511 6.76393 -2
      vertex -32.5497 6.91795 -2
    endloop
  endfacet
  facet normal -0.917739 -0.397183 0
    outer loop
      vertex -26.2809 11.4725 -2
      vertex -26.3807 11.7031 2
      vertex -26.3807 11.7031 -2
    endloop
  endfacet
  facet normal -0.917739 -0.397183 0
    outer loop
      vertex -26.3807 11.7031 2
      vertex -26.2809 11.4725 -2
      vertex -26.2809 11.4725 2
    endloop
  endfacet
  facet normal 0.97593 0.218085 0
    outer loop
      vertex -33.8743 9.00524 2
      vertex -33.9291 9.25047 -2
      vertex -33.9291 9.25047 2
    endloop
  endfacet
  facet normal 0.97593 0.218085 0
    outer loop
      vertex -33.9291 9.25047 -2
      vertex -33.8743 9.00524 2
      vertex -33.8743 9.00524 -2
    endloop
  endfacet
  facet normal -0.338776 0.940867 0
    outer loop
      vertex -28.5275 6.28089 -2
      vertex -28.7639 6.19577 2
      vertex -28.5275 6.28089 2
    endloop
  endfacet
  facet normal -0.338776 0.940867 0
    outer loop
      vertex -28.7639 6.19577 2
      vertex -28.5275 6.28089 -2
      vertex -28.7639 6.19577 -2
    endloop
  endfacet
  facet normal 0.218101 0.975926 -0
    outer loop
      vertex -30.7495 6.07085 -2
      vertex -30.9948 6.12567 2
      vertex -30.7495 6.07085 2
    endloop
  endfacet
  facet normal 0.218101 0.975926 0
    outer loop
      vertex -30.9948 6.12567 2
      vertex -30.7495 6.07085 -2
      vertex -30.9948 6.12567 -2
    endloop
  endfacet
  facet normal -0.890979 0.454045 0
    outer loop
      vertex -26.4948 8.07298 -2
      vertex -26.3807 8.29688 2
      vertex -26.3807 8.29688 -2
    endloop
  endfacet
  facet normal -0.890979 0.454045 0
    outer loop
      vertex -26.3807 8.29688 2
      vertex -26.4948 8.07298 -2
      vertex -26.4948 8.07298 2
    endloop
  endfacet
  facet normal -0.860766 0.509001 0
    outer loop
      vertex -26.6227 7.85669 -2
      vertex -26.4948 8.07298 2
      vertex -26.4948 8.07298 -2
    endloop
  endfacet
  facet normal -0.860766 0.509001 0
    outer loop
      vertex -26.4948 8.07298 2
      vertex -26.6227 7.85669 -2
      vertex -26.6227 7.85669 2
    endloop
  endfacet
  facet normal -0.790251 -0.612783 0
    outer loop
      vertex -26.7639 12.3511 -2
      vertex -26.9179 12.5497 2
      vertex -26.9179 12.5497 -2
    endloop
  endfacet
  facet normal -0.790251 -0.612783 0
    outer loop
      vertex -26.9179 12.5497 2
      vertex -26.7639 12.3511 -2
      vertex -26.7639 12.3511 2
    endloop
  endfacet
  facet normal -0.509043 0.860741 0
    outer loop
      vertex -27.8567 6.62269 -2
      vertex -28.073 6.49477 2
      vertex -27.8567 6.62269 2
    endloop
  endfacet
  facet normal -0.509043 0.860741 0
    outer loop
      vertex -28.073 6.49477 2
      vertex -27.8567 6.62269 -2
      vertex -28.073 6.49477 -2
    endloop
  endfacet
  facet normal 0.987634 0.15678 0
    outer loop
      vertex -33.9291 9.25047 2
      vertex -33.9685 9.49867 -2
      vertex -33.9685 9.49867 2
    endloop
  endfacet
  facet normal 0.987634 0.15678 0
    outer loop
      vertex -33.9685 9.49867 -2
      vertex -33.9291 9.25047 2
      vertex -33.9291 9.25047 -2
    endloop
  endfacet
  facet normal -0.612783 -0.790251 0
    outer loop
      vertex -27.6489 13.2361 -2
      vertex -27.4503 13.0821 2
      vertex -27.6489 13.2361 2
    endloop
  endfacet
  facet normal -0.612783 -0.790251 -0
    outer loop
      vertex -27.4503 13.0821 2
      vertex -27.6489 13.2361 -2
      vertex -27.4503 13.0821 -2
    endloop
  endfacet
  facet normal 0.562136 0.827045 -0
    outer loop
      vertex -32.1433 6.62269 -2
      vertex -32.3511 6.76393 2
      vertex -32.1433 6.62269 2
    endloop
  endfacet
  facet normal 0.562136 0.827045 0
    outer loop
      vertex -32.3511 6.76393 2
      vertex -32.1433 6.62269 -2
      vertex -32.3511 6.76393 -2
    endloop
  endfacet
  facet normal 0.562027 -0.827119 0
    outer loop
      vertex -32.3511 13.2361 -2
      vertex -32.1433 13.3773 2
      vertex -32.3511 13.2361 2
    endloop
  endfacet
  facet normal 0.562027 -0.827119 0
    outer loop
      vertex -32.1433 13.3773 2
      vertex -32.3511 13.2361 -2
      vertex -32.1433 13.3773 -2
    endloop
  endfacet
  facet normal -0.509276 -0.860604 0
    outer loop
      vertex -28 13.4621 -2
      vertex -27.8567 13.3773 2
      vertex -28 13.4621 2
    endloop
  endfacet
  facet normal -0.509276 -0.860604 -0
    outer loop
      vertex -27.8567 13.3773 2
      vertex -28 13.4621 -2
      vertex -27.8567 13.3773 -2
    endloop
  endfacet
  facet normal -0.278976 0.960298 0
    outer loop
      vertex -28.7639 6.19577 -2
      vertex -29.0052 6.12567 2
      vertex -28.7639 6.19577 2
    endloop
  endfacet
  facet normal -0.278976 0.960298 0
    outer loop
      vertex -29.0052 6.12567 2
      vertex -28.7639 6.19577 -2
      vertex -29.0052 6.12567 -2
    endloop
  endfacet
  facet normal 0.790191 0.61286 0
    outer loop
      vertex -33.0821 7.4503 2
      vertex -33.2361 7.64886 -2
      vertex -33.2361 7.64886 2
    endloop
  endfacet
  facet normal 0.790191 0.61286 0
    outer loop
      vertex -33.2361 7.64886 -2
      vertex -33.0821 7.4503 2
      vertex -33.0821 7.4503 -2
    endloop
  endfacet
  facet normal -0.97593 0.218085 0
    outer loop
      vertex -26.1257 9.00524 -2
      vertex -26.0709 9.25047 2
      vertex -26.0709 9.25047 -2
    endloop
  endfacet
  facet normal -0.97593 0.218085 0
    outer loop
      vertex -26.0709 9.25047 2
      vertex -26.1257 9.00524 -2
      vertex -26.1257 9.00524 2
    endloop
  endfacet
  facet normal -0.860776 -0.508984 0
    outer loop
      vertex -26.4948 11.927 -2
      vertex -26.6227 12.1433 2
      vertex -26.6227 12.1433 -2
    endloop
  endfacet
  facet normal -0.860776 -0.508984 0
    outer loop
      vertex -26.6227 12.1433 2
      vertex -26.4948 11.927 -2
      vertex -26.4948 11.927 2
    endloop
  endfacet
  facet normal -0.0941422 0.995559 0
    outer loop
      vertex -29.4987 6.03154 -2
      vertex -29.7488 6.00789 2
      vertex -29.4987 6.03154 2
    endloop
  endfacet
  facet normal -0.0941422 0.995559 0
    outer loop
      vertex -29.7488 6.00789 2
      vertex -29.4987 6.03154 -2
      vertex -29.7488 6.00789 -2
    endloop
  endfacet
  facet normal -0.890979 -0.454045 0
    outer loop
      vertex -26.3807 11.7031 -2
      vertex -26.4948 11.927 2
      vertex -26.4948 11.927 -2
    endloop
  endfacet
  facet normal -0.890979 -0.454045 0
    outer loop
      vertex -26.4948 11.927 2
      vertex -26.3807 11.7031 -2
      vertex -26.3807 11.7031 2
    endloop
  endfacet
  facet normal 0.827119 -0.562027 0
    outer loop
      vertex -33.3773 12.1433 2
      vertex -33.2361 12.3511 -2
      vertex -33.2361 12.3511 2
    endloop
  endfacet
  facet normal 0.827119 -0.562027 0
    outer loop
      vertex -33.2361 12.3511 -2
      vertex -33.3773 12.1433 2
      vertex -33.3773 12.1433 -2
    endloop
  endfacet
  facet normal -0.750082 -0.661345 0
    outer loop
      vertex -26.9179 12.5497 -2
      vertex -27.0841 12.7382 2
      vertex -27.0841 12.7382 -2
    endloop
  endfacet
  facet normal -0.750082 -0.661345 0
    outer loop
      vertex -27.0841 12.7382 2
      vertex -26.9179 12.5497 -2
      vertex -26.9179 12.5497 2
    endloop
  endfacet
  facet normal -0.397183 0.917739 0
    outer loop
      vertex -28.2969 6.38069 -2
      vertex -28.5275 6.28089 2
      vertex -28.2969 6.38069 2
    endloop
  endfacet
  facet normal -0.397183 0.917739 0
    outer loop
      vertex -28.5275 6.28089 2
      vertex -28.2969 6.38069 -2
      vertex -28.5275 6.28089 -2
    endloop
  endfacet
  facet normal -0.612833 0.790213 0
    outer loop
      vertex -27.4503 6.91795 -2
      vertex -27.6489 6.76393 2
      vertex -27.4503 6.91795 2
    endloop
  endfacet
  facet normal -0.612833 0.790213 0
    outer loop
      vertex -27.6489 6.76393 2
      vertex -27.4503 6.91795 -2
      vertex -27.6489 6.76393 -2
    endloop
  endfacet
  facet normal 0.975943 -0.218026 0
    outer loop
      vertex -33.9291 10.7495 2
      vertex -33.8743 10.9948 -2
      vertex -33.8743 10.9948 2
    endloop
  endfacet
  facet normal 0.975943 -0.218026 0
    outer loop
      vertex -33.8743 10.9948 -2
      vertex -33.9291 10.7495 2
      vertex -33.9291 10.7495 -2
    endloop
  endfacet
  facet normal -0.707107 -0.707107 0
    outer loop
      vertex -27.0841 12.7382 -2
      vertex -27.2618 12.9159 2
      vertex -27.2618 12.9159 -2
    endloop
  endfacet
  facet normal -0.707107 -0.707107 0
    outer loop
      vertex -27.2618 12.9159 2
      vertex -27.0841 12.7382 -2
      vertex -27.0841 12.7382 2
    endloop
  endfacet
  facet normal -0.562027 -0.827119 0
    outer loop
      vertex -27.8567 13.3773 -2
      vertex -27.6489 13.2361 2
      vertex -27.8567 13.3773 2
    endloop
  endfacet
  facet normal -0.562027 -0.827119 -0
    outer loop
      vertex -27.6489 13.2361 2
      vertex -27.8567 13.3773 -2
      vertex -27.6489 13.2361 -2
    endloop
  endfacet
  facet normal -0.827157 0.561971 0
    outer loop
      vertex -26.7639 7.64886 -2
      vertex -26.6227 7.85669 2
      vertex -26.6227 7.85669 -2
    endloop
  endfacet
  facet normal -0.827157 0.561971 0
    outer loop
      vertex -26.6227 7.85669 2
      vertex -26.7639 7.64886 -2
      vertex -26.7639 7.64886 2
    endloop
  endfacet
  facet normal -0.960298 -0.278976 0
    outer loop
      vertex -26.1257 10.9948 -2
      vertex -26.1958 11.2361 2
      vertex -26.1958 11.2361 -2
    endloop
  endfacet
  facet normal -0.960298 -0.278976 0
    outer loop
      vertex -26.1958 11.2361 2
      vertex -26.1257 10.9948 -2
      vertex -26.1257 10.9948 2
    endloop
  endfacet
  facet normal -0.156431 0.987689 0
    outer loop
      vertex -29.2505 6.07085 -2
      vertex -29.4987 6.03154 2
      vertex -29.2505 6.07085 2
    endloop
  endfacet
  facet normal -0.156431 0.987689 0
    outer loop
      vertex -29.4987 6.03154 2
      vertex -29.2505 6.07085 -2
      vertex -29.4987 6.03154 -2
    endloop
  endfacet
  facet normal -0.940892 -0.338705 0
    outer loop
      vertex -26.1958 11.2361 -2
      vertex -26.2809 11.4725 2
      vertex -26.2809 11.4725 -2
    endloop
  endfacet
  facet normal -0.940892 -0.338705 0
    outer loop
      vertex -26.2809 11.4725 2
      vertex -26.1958 11.2361 -2
      vertex -26.1958 11.2361 2
    endloop
  endfacet
  facet normal 0.999506 -0.0314335 0
    outer loop
      vertex -34 10 2
      vertex -33.9921 10.2512 -2
      vertex -33.9921 10.2512 2
    endloop
  endfacet
  facet normal 0.999506 -0.0314335 0
    outer loop
      vertex -33.9921 10.2512 -2
      vertex -34 10 2
      vertex -34 10 -2
    endloop
  endfacet
  facet normal 0.860776 -0.508984 0
    outer loop
      vertex -33.5052 11.927 2
      vertex -33.3773 12.1433 -2
      vertex -33.3773 12.1433 2
    endloop
  endfacet
  facet normal 0.860776 -0.508984 0
    outer loop
      vertex -33.3773 12.1433 -2
      vertex -33.5052 11.927 2
      vertex -33.5052 11.927 -2
    endloop
  endfacet
  facet normal -0.99558 0.0939189 0
    outer loop
      vertex -26.0315 9.49867 -2
      vertex -26.0079 9.74884 2
      vertex -26.0079 9.74884 -2
    endloop
  endfacet
  facet normal -0.99558 0.0939189 0
    outer loop
      vertex -26.0079 9.74884 2
      vertex -26.0315 9.49867 -2
      vertex -26.0315 9.49867 2
    endloop
  endfacet
  facet normal -0.999506 0.0314385 0
    outer loop
      vertex -26.0079 9.74884 -2
      vertex -26 10 2
      vertex -26 10 -2
    endloop
  endfacet
  facet normal -0.999506 0.0314385 0
    outer loop
      vertex -26 10 2
      vertex -26.0079 9.74884 -2
      vertex -26.0079 9.74884 2
    endloop
  endfacet
  facet normal -0.707087 0.707127 0
    outer loop
      vertex -27.2618 7.08412 -2
      vertex -27.0841 7.26181 2
      vertex -27.0841 7.26181 -2
    endloop
  endfacet
  facet normal -0.707087 0.707127 0
    outer loop
      vertex -27.0841 7.26181 2
      vertex -27.2618 7.08412 -2
      vertex -27.2618 7.08412 2
    endloop
  endfacet
  facet normal 0.509276 -0.860604 0
    outer loop
      vertex -32.1433 13.3773 -2
      vertex -32 13.4621 2
      vertex -32.1433 13.3773 2
    endloop
  endfacet
  facet normal 0.509276 -0.860604 0
    outer loop
      vertex -32 13.4621 2
      vertex -32.1433 13.3773 -2
      vertex -32 13.4621 -2
    endloop
  endfacet
  facet normal 0.890979 0.454045 0
    outer loop
      vertex -33.5052 8.07298 2
      vertex -33.6193 8.29688 -2
      vertex -33.6193 8.29688 2
    endloop
  endfacet
  facet normal 0.890979 0.454045 0
    outer loop
      vertex -33.6193 8.29688 -2
      vertex -33.5052 8.07298 2
      vertex -33.5052 8.07298 -2
    endloop
  endfacet
  facet normal -0.827119 -0.562027 0
    outer loop
      vertex -26.6227 12.1433 -2
      vertex -26.7639 12.3511 2
      vertex -26.7639 12.3511 -2
    endloop
  endfacet
  facet normal -0.827119 -0.562027 0
    outer loop
      vertex -26.7639 12.3511 2
      vertex -26.6227 12.1433 -2
      vertex -26.6227 12.1433 2
    endloop
  endfacet
  facet normal 0.940906 0.338667 0
    outer loop
      vertex -33.7191 8.5275 2
      vertex -33.8042 8.76393 -2
      vertex -33.8042 8.76393 2
    endloop
  endfacet
  facet normal 0.940906 0.338667 0
    outer loop
      vertex -33.8042 8.76393 -2
      vertex -33.7191 8.5275 2
      vertex -33.7191 8.5275 -2
    endloop
  endfacet
  facet normal 0.750082 -0.661345 0
    outer loop
      vertex -33.0821 12.5497 2
      vertex -32.9159 12.7382 -2
      vertex -32.9159 12.7382 2
    endloop
  endfacet
  facet normal 0.750082 -0.661345 0
    outer loop
      vertex -32.9159 12.7382 -2
      vertex -33.0821 12.5497 2
      vertex -33.0821 12.5497 -2
    endloop
  endfacet
  facet normal -0.960301 0.278965 0
    outer loop
      vertex -26.1958 8.76393 -2
      vertex -26.1257 9.00524 2
      vertex -26.1257 9.00524 -2
    endloop
  endfacet
  facet normal -0.960301 0.278965 0
    outer loop
      vertex -26.1257 9.00524 2
      vertex -26.1958 8.76393 -2
      vertex -26.1958 8.76393 2
    endloop
  endfacet
  facet normal 0.987634 -0.15678 0
    outer loop
      vertex -33.9685 10.5013 2
      vertex -33.9291 10.7495 -2
      vertex -33.9291 10.7495 2
    endloop
  endfacet
  facet normal 0.987634 -0.15678 0
    outer loop
      vertex -33.9291 10.7495 -2
      vertex -33.9685 10.5013 2
      vertex -33.9685 10.5013 -2
    endloop
  endfacet
  facet normal 0.99558 0.0939189 0
    outer loop
      vertex -33.9685 9.49867 2
      vertex -33.9921 9.74884 -2
      vertex -33.9921 9.74884 2
    endloop
  endfacet
  facet normal 0.99558 0.0939189 0
    outer loop
      vertex -33.9921 9.74884 -2
      vertex -33.9685 9.49867 2
      vertex -33.9685 9.49867 -2
    endloop
  endfacet
  facet normal 0.917739 -0.397183 0
    outer loop
      vertex -33.7191 11.4725 2
      vertex -33.6193 11.7031 -2
      vertex -33.6193 11.7031 2
    endloop
  endfacet
  facet normal 0.917739 -0.397183 0
    outer loop
      vertex -33.6193 11.7031 -2
      vertex -33.7191 11.4725 2
      vertex -33.7191 11.4725 -2
    endloop
  endfacet
  facet normal 0.612783 -0.790251 0
    outer loop
      vertex -32.5497 13.0821 -2
      vertex -32.3511 13.2361 2
      vertex -32.5497 13.0821 2
    endloop
  endfacet
  facet normal 0.612783 -0.790251 0
    outer loop
      vertex -32.3511 13.2361 2
      vertex -32.5497 13.0821 -2
      vertex -32.3511 13.2361 -2
    endloop
  endfacet
  facet normal -0.0313938 0.999507 0
    outer loop
      vertex -29.7488 6.00789 -2
      vertex -30 6 2
      vertex -29.7488 6.00789 2
    endloop
  endfacet
  facet normal -0.0313938 0.999507 0
    outer loop
      vertex -30 6 2
      vertex -29.7488 6.00789 -2
      vertex -30 6 -2
    endloop
  endfacet
  facet normal 0.750064 0.661365 0
    outer loop
      vertex -32.9159 7.26181 2
      vertex -33.0821 7.4503 -2
      vertex -33.0821 7.4503 2
    endloop
  endfacet
  facet normal 0.750064 0.661365 0
    outer loop
      vertex -33.0821 7.4503 -2
      vertex -32.9159 7.26181 2
      vertex -32.9159 7.26181 -2
    endloop
  endfacet
  facet normal -0.218101 0.975926 0
    outer loop
      vertex -29.0052 6.12567 -2
      vertex -29.2505 6.07085 2
      vertex -29.0052 6.12567 2
    endloop
  endfacet
  facet normal -0.218101 0.975926 0
    outer loop
      vertex -29.2505 6.07085 2
      vertex -29.0052 6.12567 -2
      vertex -29.2505 6.07085 -2
    endloop
  endfacet
  facet normal 0.0941422 0.995559 -0
    outer loop
      vertex -30.2512 6.00789 -2
      vertex -30.5013 6.03154 2
      vertex -30.2512 6.00789 2
    endloop
  endfacet
  facet normal 0.0941422 0.995559 0
    outer loop
      vertex -30.5013 6.03154 2
      vertex -30.2512 6.00789 -2
      vertex -30.5013 6.03154 -2
    endloop
  endfacet
  facet normal 0.940892 -0.338705 0
    outer loop
      vertex -33.8042 11.2361 2
      vertex -33.7191 11.4725 -2
      vertex -33.7191 11.4725 2
    endloop
  endfacet
  facet normal 0.940892 -0.338705 0
    outer loop
      vertex -33.7191 11.4725 -2
      vertex -33.8042 11.2361 2
      vertex -33.8042 11.2361 -2
    endloop
  endfacet
  facet normal 0.661345 -0.750082 0
    outer loop
      vertex -32.7382 12.9159 -2
      vertex -32.5497 13.0821 2
      vertex -32.7382 12.9159 2
    endloop
  endfacet
  facet normal 0.661345 -0.750082 0
    outer loop
      vertex -32.5497 13.0821 2
      vertex -32.7382 12.9159 -2
      vertex -32.5497 13.0821 -2
    endloop
  endfacet
  facet normal 0.707087 0.707127 0
    outer loop
      vertex -32.7382 7.08412 2
      vertex -32.9159 7.26181 -2
      vertex -32.9159 7.26181 2
    endloop
  endfacet
  facet normal 0.707087 0.707127 0
    outer loop
      vertex -32.9159 7.26181 -2
      vertex -32.7382 7.08412 2
      vertex -32.7382 7.08412 -2
    endloop
  endfacet
  facet normal -0.917752 0.397154 0
    outer loop
      vertex -26.3807 8.29688 -2
      vertex -26.2809 8.5275 2
      vertex -26.2809 8.5275 -2
    endloop
  endfacet
  facet normal -0.917752 0.397154 0
    outer loop
      vertex -26.2809 8.5275 2
      vertex -26.3807 8.29688 -2
      vertex -26.3807 8.29688 2
    endloop
  endfacet
  facet normal 0.0313938 0.999507 -0
    outer loop
      vertex -30 6 -2
      vertex -30.2512 6.00789 2
      vertex -30 6 2
    endloop
  endfacet
  facet normal 0.0313938 0.999507 0
    outer loop
      vertex -30.2512 6.00789 2
      vertex -30 6 -2
      vertex -30.2512 6.00789 -2
    endloop
  endfacet
  facet normal -0.562136 0.827045 0
    outer loop
      vertex -27.6489 6.76393 -2
      vertex -27.8567 6.62269 2
      vertex -27.6489 6.76393 2
    endloop
  endfacet
  facet normal -0.562136 0.827045 0
    outer loop
      vertex -27.8567 6.62269 2
      vertex -27.6489 6.76393 -2
      vertex -27.8567 6.62269 -2
    endloop
  endfacet
  facet normal 0.661278 0.750141 -0
    outer loop
      vertex -32.5497 6.91795 -2
      vertex -32.7382 7.08412 2
      vertex -32.5497 6.91795 2
    endloop
  endfacet
  facet normal 0.661278 0.750141 0
    outer loop
      vertex -32.7382 7.08412 2
      vertex -32.5497 6.91795 -2
      vertex -32.7382 7.08412 -2
    endloop
  endfacet
  facet normal 0.999506 0.0314385 0
    outer loop
      vertex -33.9921 9.74884 2
      vertex -34 10 -2
      vertex -34 10 2
    endloop
  endfacet
  facet normal 0.999506 0.0314385 0
    outer loop
      vertex -34 10 -2
      vertex -33.9921 9.74884 2
      vertex -33.9921 9.74884 -2
    endloop
  endfacet
  facet normal 0.790251 -0.612783 0
    outer loop
      vertex -33.2361 12.3511 2
      vertex -33.0821 12.5497 -2
      vertex -33.0821 12.5497 2
    endloop
  endfacet
  facet normal 0.790251 -0.612783 0
    outer loop
      vertex -33.0821 12.5497 -2
      vertex -33.2361 12.3511 2
      vertex -33.2361 12.3511 -2
    endloop
  endfacet
  facet normal 0.827157 0.561971 0
    outer loop
      vertex -33.2361 7.64886 2
      vertex -33.3773 7.85669 -2
      vertex -33.3773 7.85669 2
    endloop
  endfacet
  facet normal 0.827157 0.561971 0
    outer loop
      vertex -33.3773 7.85669 -2
      vertex -33.2361 7.64886 2
      vertex -33.2361 7.64886 -2
    endloop
  endfacet
  facet normal 0.156431 0.987689 -0
    outer loop
      vertex -30.5013 6.03154 -2
      vertex -30.7495 6.07085 2
      vertex -30.5013 6.03154 2
    endloop
  endfacet
  facet normal 0.156431 0.987689 0
    outer loop
      vertex -30.7495 6.07085 2
      vertex -30.5013 6.03154 -2
      vertex -30.7495 6.07085 -2
    endloop
  endfacet
  facet normal 0.860766 0.509001 0
    outer loop
      vertex -33.3773 7.85669 2
      vertex -33.5052 8.07298 -2
      vertex -33.5052 8.07298 2
    endloop
  endfacet
  facet normal 0.860766 0.509001 0
    outer loop
      vertex -33.5052 8.07298 -2
      vertex -33.3773 7.85669 2
      vertex -33.3773 7.85669 -2
    endloop
  endfacet
  facet normal 0.338776 0.940867 -0
    outer loop
      vertex -31.2361 6.19577 -2
      vertex -31.4725 6.28089 2
      vertex -31.2361 6.19577 2
    endloop
  endfacet
  facet normal 0.338776 0.940867 0
    outer loop
      vertex -31.4725 6.28089 2
      vertex -31.2361 6.19577 -2
      vertex -31.4725 6.28089 -2
    endloop
  endfacet
  facet normal -0.661278 0.750141 0
    outer loop
      vertex -27.2618 7.08412 -2
      vertex -27.4503 6.91795 2
      vertex -27.2618 7.08412 2
    endloop
  endfacet
  facet normal -0.661278 0.750141 0
    outer loop
      vertex -27.4503 6.91795 2
      vertex -27.2618 7.08412 -2
      vertex -27.4503 6.91795 -2
    endloop
  endfacet
  facet normal 0.278976 0.960298 -0
    outer loop
      vertex -30.9948 6.12567 -2
      vertex -31.2361 6.19577 2
      vertex -30.9948 6.12567 2
    endloop
  endfacet
  facet normal 0.278976 0.960298 0
    outer loop
      vertex -31.2361 6.19577 2
      vertex -30.9948 6.12567 -2
      vertex -31.2361 6.19577 -2
    endloop
  endfacet
  facet normal 0.453982 0.891011 -0
    outer loop
      vertex -31.7031 6.38069 -2
      vertex -31.927 6.49477 2
      vertex -31.7031 6.38069 2
    endloop
  endfacet
  facet normal 0.453982 0.891011 0
    outer loop
      vertex -31.927 6.49477 2
      vertex -31.7031 6.38069 -2
      vertex -31.927 6.49477 -2
    endloop
  endfacet
  facet normal 0.995577 -0.0939449 0
    outer loop
      vertex -33.9921 10.2512 2
      vertex -33.9685 10.5013 -2
      vertex -33.9685 10.5013 2
    endloop
  endfacet
  facet normal 0.995577 -0.0939449 0
    outer loop
      vertex -33.9685 10.5013 -2
      vertex -33.9921 10.2512 2
      vertex -33.9921 10.2512 -2
    endloop
  endfacet
  facet normal 0.917752 0.397154 0
    outer loop
      vertex -33.6193 8.29688 2
      vertex -33.7191 8.5275 -2
      vertex -33.7191 8.5275 2
    endloop
  endfacet
  facet normal 0.917752 0.397154 0
    outer loop
      vertex -33.7191 8.5275 -2
      vertex -33.6193 8.29688 2
      vertex -33.6193 8.29688 -2
    endloop
  endfacet
  facet normal 0.509043 0.860741 -0
    outer loop
      vertex -31.927 6.49477 -2
      vertex -32.1433 6.62269 2
      vertex -31.927 6.49477 2
    endloop
  endfacet
  facet normal 0.509043 0.860741 0
    outer loop
      vertex -32.1433 6.62269 2
      vertex -31.927 6.49477 -2
      vertex -32.1433 6.62269 -2
    endloop
  endfacet
  facet normal 0.960298 -0.278976 0
    outer loop
      vertex -33.8743 10.9948 2
      vertex -33.8042 11.2361 -2
      vertex -33.8042 11.2361 2
    endloop
  endfacet
  facet normal 0.960298 -0.278976 0
    outer loop
      vertex -33.8042 11.2361 -2
      vertex -33.8743 10.9948 2
      vertex -33.8743 10.9948 -2
    endloop
  endfacet
  facet normal 0.960301 0.278965 0
    outer loop
      vertex -33.8042 8.76393 2
      vertex -33.8743 9.00524 -2
      vertex -33.8743 9.00524 2
    endloop
  endfacet
  facet normal 0.960301 0.278965 0
    outer loop
      vertex -33.8743 9.00524 -2
      vertex -33.8042 8.76393 2
      vertex -33.8042 8.76393 -2
    endloop
  endfacet
  facet normal 0.397183 0.917739 -0
    outer loop
      vertex -31.4725 6.28089 -2
      vertex -31.7031 6.38069 2
      vertex -31.4725 6.28089 2
    endloop
  endfacet
  facet normal 0.397183 0.917739 0
    outer loop
      vertex -31.7031 6.38069 2
      vertex -31.4725 6.28089 -2
      vertex -31.7031 6.38069 -2
    endloop
  endfacet
  facet normal 0.661345 0.750082 -0
    outer loop
      vertex -32.5497 -13.0821 -2
      vertex -32.7382 -12.9159 2
      vertex -32.5497 -13.0821 2
    endloop
  endfacet
  facet normal 0.661345 0.750082 0
    outer loop
      vertex -32.7382 -12.9159 2
      vertex -32.5497 -13.0821 -2
      vertex -32.7382 -12.9159 -2
    endloop
  endfacet
  facet normal -0.99558 -0.0939189 0
    outer loop
      vertex -26.0079 -9.74884 -2
      vertex -26.0315 -9.49867 2
      vertex -26.0315 -9.49867 -2
    endloop
  endfacet
  facet normal -0.99558 -0.0939189 0
    outer loop
      vertex -26.0315 -9.49867 2
      vertex -26.0079 -9.74884 -2
      vertex -26.0079 -9.74884 2
    endloop
  endfacet
  facet normal -0.999506 -0.0314385 0
    outer loop
      vertex -26 -10 -2
      vertex -26.0079 -9.74884 2
      vertex -26.0079 -9.74884 -2
    endloop
  endfacet
  facet normal -0.999506 -0.0314385 0
    outer loop
      vertex -26.0079 -9.74884 2
      vertex -26 -10 -2
      vertex -26 -10 2
    endloop
  endfacet
  facet normal -0.987634 -0.15678 0
    outer loop
      vertex -26.0315 -9.49867 -2
      vertex -26.0709 -9.25047 2
      vertex -26.0709 -9.25047 -2
    endloop
  endfacet
  facet normal -0.987634 -0.15678 0
    outer loop
      vertex -26.0709 -9.25047 2
      vertex -26.0315 -9.49867 -2
      vertex -26.0315 -9.49867 2
    endloop
  endfacet
  facet normal 0.278976 -0.960298 0
    outer loop
      vertex -31.2361 -6.19577 -2
      vertex -30.9948 -6.12567 2
      vertex -31.2361 -6.19577 2
    endloop
  endfacet
  facet normal 0.278976 -0.960298 0
    outer loop
      vertex -30.9948 -6.12567 2
      vertex -31.2361 -6.19577 -2
      vertex -30.9948 -6.12567 -2
    endloop
  endfacet
  facet normal 0.827119 0.562027 0
    outer loop
      vertex -33.2361 -12.3511 2
      vertex -33.3773 -12.1433 -2
      vertex -33.3773 -12.1433 2
    endloop
  endfacet
  facet normal 0.827119 0.562027 0
    outer loop
      vertex -33.3773 -12.1433 -2
      vertex -33.2361 -12.3511 2
      vertex -33.2361 -12.3511 -2
    endloop
  endfacet
  facet normal 0.0941422 -0.995559 0
    outer loop
      vertex -30.5013 -6.03154 -2
      vertex -30.2512 -6.00789 2
      vertex -30.5013 -6.03154 2
    endloop
  endfacet
  facet normal 0.0941422 -0.995559 0
    outer loop
      vertex -30.2512 -6.00789 2
      vertex -30.5013 -6.03154 -2
      vertex -30.2512 -6.00789 -2
    endloop
  endfacet
  facet normal 0.97593 -0.218085 0
    outer loop
      vertex -33.9291 -9.25047 2
      vertex -33.8743 -9.00524 -2
      vertex -33.8743 -9.00524 2
    endloop
  endfacet
  facet normal 0.97593 -0.218085 0
    outer loop
      vertex -33.8743 -9.00524 -2
      vertex -33.9291 -9.25047 2
      vertex -33.9291 -9.25047 -2
    endloop
  endfacet
  facet normal 0.860766 -0.509001 0
    outer loop
      vertex -33.5052 -8.07298 2
      vertex -33.3773 -7.85669 -2
      vertex -33.3773 -7.85669 2
    endloop
  endfacet
  facet normal 0.860766 -0.509001 0
    outer loop
      vertex -33.3773 -7.85669 -2
      vertex -33.5052 -8.07298 2
      vertex -33.5052 -8.07298 -2
    endloop
  endfacet
  facet normal -0.509276 0.860604 0
    outer loop
      vertex -27.8567 -13.3773 -2
      vertex -28 -13.4621 2
      vertex -27.8567 -13.3773 2
    endloop
  endfacet
  facet normal -0.509276 0.860604 0
    outer loop
      vertex -28 -13.4621 2
      vertex -27.8567 -13.3773 -2
      vertex -28 -13.4621 -2
    endloop
  endfacet
  facet normal -0.97593 -0.218085 0
    outer loop
      vertex -26.0709 -9.25047 -2
      vertex -26.1257 -9.00524 2
      vertex -26.1257 -9.00524 -2
    endloop
  endfacet
  facet normal -0.97593 -0.218085 0
    outer loop
      vertex -26.1257 -9.00524 2
      vertex -26.0709 -9.25047 -2
      vertex -26.0709 -9.25047 2
    endloop
  endfacet
  facet normal -0.917752 -0.397154 0
    outer loop
      vertex -26.2809 -8.5275 -2
      vertex -26.3807 -8.29688 2
      vertex -26.3807 -8.29688 -2
    endloop
  endfacet
  facet normal -0.917752 -0.397154 0
    outer loop
      vertex -26.3807 -8.29688 2
      vertex -26.2809 -8.5275 -2
      vertex -26.2809 -8.5275 2
    endloop
  endfacet
  facet normal -0.562136 -0.827045 0
    outer loop
      vertex -27.8567 -6.62269 -2
      vertex -27.6489 -6.76393 2
      vertex -27.8567 -6.62269 2
    endloop
  endfacet
  facet normal -0.562136 -0.827045 -0
    outer loop
      vertex -27.6489 -6.76393 2
      vertex -27.8567 -6.62269 -2
      vertex -27.6489 -6.76393 -2
    endloop
  endfacet
  facet normal 0.917739 0.397183 0
    outer loop
      vertex -33.6193 -11.7031 2
      vertex -33.7191 -11.4725 -2
      vertex -33.7191 -11.4725 2
    endloop
  endfacet
  facet normal 0.917739 0.397183 0
    outer loop
      vertex -33.7191 -11.4725 -2
      vertex -33.6193 -11.7031 2
      vertex -33.6193 -11.7031 -2
    endloop
  endfacet
  facet normal -0.960301 -0.278965 0
    outer loop
      vertex -26.1257 -9.00524 -2
      vertex -26.1958 -8.76393 2
      vertex -26.1958 -8.76393 -2
    endloop
  endfacet
  facet normal -0.960301 -0.278965 0
    outer loop
      vertex -26.1958 -8.76393 2
      vertex -26.1257 -9.00524 -2
      vertex -26.1257 -9.00524 2
    endloop
  endfacet
  facet normal 0.890979 -0.454045 0
    outer loop
      vertex -33.6193 -8.29688 2
      vertex -33.5052 -8.07298 -2
      vertex -33.5052 -8.07298 2
    endloop
  endfacet
  facet normal 0.890979 -0.454045 0
    outer loop
      vertex -33.5052 -8.07298 -2
      vertex -33.6193 -8.29688 2
      vertex -33.6193 -8.29688 -2
    endloop
  endfacet
  facet normal 0.397183 -0.917739 0
    outer loop
      vertex -31.7031 -6.38069 -2
      vertex -31.4725 -6.28089 2
      vertex -31.7031 -6.38069 2
    endloop
  endfacet
  facet normal 0.397183 -0.917739 0
    outer loop
      vertex -31.4725 -6.28089 2
      vertex -31.7031 -6.38069 -2
      vertex -31.4725 -6.28089 -2
    endloop
  endfacet
  facet normal 0.960298 0.278976 0
    outer loop
      vertex -33.8042 -11.2361 2
      vertex -33.8743 -10.9948 -2
      vertex -33.8743 -10.9948 2
    endloop
  endfacet
  facet normal 0.960298 0.278976 0
    outer loop
      vertex -33.8743 -10.9948 -2
      vertex -33.8042 -11.2361 2
      vertex -33.8042 -11.2361 -2
    endloop
  endfacet
  facet normal -0.612783 0.790251 0
    outer loop
      vertex -27.4503 -13.0821 -2
      vertex -27.6489 -13.2361 2
      vertex -27.4503 -13.0821 2
    endloop
  endfacet
  facet normal -0.612783 0.790251 0
    outer loop
      vertex -27.6489 -13.2361 2
      vertex -27.4503 -13.0821 -2
      vertex -27.6489 -13.2361 -2
    endloop
  endfacet
  facet normal -0.790251 0.612783 0
    outer loop
      vertex -26.9179 -12.5497 -2
      vertex -26.7639 -12.3511 2
      vertex -26.7639 -12.3511 -2
    endloop
  endfacet
  facet normal -0.790251 0.612783 0
    outer loop
      vertex -26.7639 -12.3511 2
      vertex -26.9179 -12.5497 -2
      vertex -26.9179 -12.5497 2
    endloop
  endfacet
  facet normal -0.156431 -0.987689 0
    outer loop
      vertex -29.4987 -6.03154 -2
      vertex -29.2505 -6.07085 2
      vertex -29.4987 -6.03154 2
    endloop
  endfacet
  facet normal -0.156431 -0.987689 -0
    outer loop
      vertex -29.2505 -6.07085 2
      vertex -29.4987 -6.03154 -2
      vertex -29.2505 -6.07085 -2
    endloop
  endfacet
  facet normal -0.827157 -0.561971 0
    outer loop
      vertex -26.6227 -7.85669 -2
      vertex -26.7639 -7.64886 2
      vertex -26.7639 -7.64886 -2
    endloop
  endfacet
  facet normal -0.827157 -0.561971 0
    outer loop
      vertex -26.7639 -7.64886 2
      vertex -26.6227 -7.85669 -2
      vertex -26.6227 -7.85669 2
    endloop
  endfacet
  facet normal 0.940892 0.338705 0
    outer loop
      vertex -33.7191 -11.4725 2
      vertex -33.8042 -11.2361 -2
      vertex -33.8042 -11.2361 2
    endloop
  endfacet
  facet normal 0.940892 0.338705 0
    outer loop
      vertex -33.8042 -11.2361 -2
      vertex -33.7191 -11.4725 2
      vertex -33.7191 -11.4725 -2
    endloop
  endfacet
  facet normal -0.999506 0.0314335 0
    outer loop
      vertex -26.0079 -10.2512 -2
      vertex -26 -10 2
      vertex -26 -10 -2
    endloop
  endfacet
  facet normal -0.999506 0.0314335 0
    outer loop
      vertex -26 -10 2
      vertex -26.0079 -10.2512 -2
      vertex -26.0079 -10.2512 2
    endloop
  endfacet
  facet normal 0.707087 -0.707127 0
    outer loop
      vertex -32.9159 -7.26181 2
      vertex -32.7382 -7.08412 -2
      vertex -32.7382 -7.08412 2
    endloop
  endfacet
  facet normal 0.707087 -0.707127 0
    outer loop
      vertex -32.7382 -7.08412 -2
      vertex -32.9159 -7.26181 2
      vertex -32.9159 -7.26181 -2
    endloop
  endfacet
  facet normal -0.890979 -0.454045 0
    outer loop
      vertex -26.3807 -8.29688 -2
      vertex -26.4948 -8.07298 2
      vertex -26.4948 -8.07298 -2
    endloop
  endfacet
  facet normal -0.890979 -0.454045 0
    outer loop
      vertex -26.4948 -8.07298 2
      vertex -26.3807 -8.29688 -2
      vertex -26.3807 -8.29688 2
    endloop
  endfacet
  facet normal 0.890979 0.454045 0
    outer loop
      vertex -33.5052 -11.927 2
      vertex -33.6193 -11.7031 -2
      vertex -33.6193 -11.7031 2
    endloop
  endfacet
  facet normal 0.890979 0.454045 0
    outer loop
      vertex -33.6193 -11.7031 -2
      vertex -33.5052 -11.927 2
      vertex -33.5052 -11.927 -2
    endloop
  endfacet
  facet normal 0.987634 0.15678 0
    outer loop
      vertex -33.9291 -10.7495 2
      vertex -33.9685 -10.5013 -2
      vertex -33.9685 -10.5013 2
    endloop
  endfacet
  facet normal 0.987634 0.15678 0
    outer loop
      vertex -33.9685 -10.5013 -2
      vertex -33.9291 -10.7495 2
      vertex -33.9291 -10.7495 -2
    endloop
  endfacet
  facet normal 0.975943 0.218026 0
    outer loop
      vertex -33.8743 -10.9948 2
      vertex -33.9291 -10.7495 -2
      vertex -33.9291 -10.7495 2
    endloop
  endfacet
  facet normal 0.975943 0.218026 0
    outer loop
      vertex -33.9291 -10.7495 -2
      vertex -33.8743 -10.9948 2
      vertex -33.8743 -10.9948 -2
    endloop
  endfacet
  facet normal -0.661278 -0.750141 0
    outer loop
      vertex -27.4503 -6.91795 -2
      vertex -27.2618 -7.08412 2
      vertex -27.4503 -6.91795 2
    endloop
  endfacet
  facet normal -0.661278 -0.750141 -0
    outer loop
      vertex -27.2618 -7.08412 2
      vertex -27.4503 -6.91795 -2
      vertex -27.2618 -7.08412 -2
    endloop
  endfacet
  facet normal -0.612833 -0.790213 0
    outer loop
      vertex -27.6489 -6.76393 -2
      vertex -27.4503 -6.91795 2
      vertex -27.6489 -6.76393 2
    endloop
  endfacet
  facet normal -0.612833 -0.790213 -0
    outer loop
      vertex -27.4503 -6.91795 2
      vertex -27.6489 -6.76393 -2
      vertex -27.4503 -6.91795 -2
    endloop
  endfacet
  facet normal -0.278976 -0.960298 0
    outer loop
      vertex -29.0052 -6.12567 -2
      vertex -28.7639 -6.19577 2
      vertex -29.0052 -6.12567 2
    endloop
  endfacet
  facet normal -0.278976 -0.960298 -0
    outer loop
      vertex -28.7639 -6.19577 2
      vertex -29.0052 -6.12567 -2
      vertex -28.7639 -6.19577 -2
    endloop
  endfacet
  facet normal -0.750082 0.661345 0
    outer loop
      vertex -27.0841 -12.7382 -2
      vertex -26.9179 -12.5497 2
      vertex -26.9179 -12.5497 -2
    endloop
  endfacet
  facet normal -0.750082 0.661345 0
    outer loop
      vertex -26.9179 -12.5497 2
      vertex -27.0841 -12.7382 -2
      vertex -27.0841 -12.7382 2
    endloop
  endfacet
  facet normal 0.827157 -0.561971 0
    outer loop
      vertex -33.3773 -7.85669 2
      vertex -33.2361 -7.64886 -2
      vertex -33.2361 -7.64886 2
    endloop
  endfacet
  facet normal 0.827157 -0.561971 0
    outer loop
      vertex -33.2361 -7.64886 -2
      vertex -33.3773 -7.85669 2
      vertex -33.3773 -7.85669 -2
    endloop
  endfacet
  facet normal 0.790191 -0.61286 0
    outer loop
      vertex -33.2361 -7.64886 2
      vertex -33.0821 -7.4503 -2
      vertex -33.0821 -7.4503 2
    endloop
  endfacet
  facet normal 0.790191 -0.61286 0
    outer loop
      vertex -33.0821 -7.4503 -2
      vertex -33.2361 -7.64886 2
      vertex -33.2361 -7.64886 -2
    endloop
  endfacet
  facet normal 0.917752 -0.397154 0
    outer loop
      vertex -33.7191 -8.5275 2
      vertex -33.6193 -8.29688 -2
      vertex -33.6193 -8.29688 2
    endloop
  endfacet
  facet normal 0.917752 -0.397154 0
    outer loop
      vertex -33.6193 -8.29688 -2
      vertex -33.7191 -8.5275 2
      vertex -33.7191 -8.5275 -2
    endloop
  endfacet
  facet normal -0.940906 -0.338667 0
    outer loop
      vertex -26.1958 -8.76393 -2
      vertex -26.2809 -8.5275 2
      vertex -26.2809 -8.5275 -2
    endloop
  endfacet
  facet normal -0.940906 -0.338667 0
    outer loop
      vertex -26.2809 -8.5275 2
      vertex -26.1958 -8.76393 -2
      vertex -26.1958 -8.76393 2
    endloop
  endfacet
  facet normal 0.562136 -0.827045 0
    outer loop
      vertex -32.3511 -6.76393 -2
      vertex -32.1433 -6.62269 2
      vertex -32.3511 -6.76393 2
    endloop
  endfacet
  facet normal 0.562136 -0.827045 0
    outer loop
      vertex -32.1433 -6.62269 2
      vertex -32.3511 -6.76393 -2
      vertex -32.1433 -6.62269 -2
    endloop
  endfacet
  facet normal 0.99558 -0.0939189 0
    outer loop
      vertex -33.9921 -9.74884 2
      vertex -33.9685 -9.49867 -2
      vertex -33.9685 -9.49867 2
    endloop
  endfacet
  facet normal 0.99558 -0.0939189 0
    outer loop
      vertex -33.9685 -9.49867 -2
      vertex -33.9921 -9.74884 2
      vertex -33.9921 -9.74884 -2
    endloop
  endfacet
  facet normal 0.612783 0.790251 -0
    outer loop
      vertex -32.3511 -13.2361 -2
      vertex -32.5497 -13.0821 2
      vertex -32.3511 -13.2361 2
    endloop
  endfacet
  facet normal 0.612783 0.790251 0
    outer loop
      vertex -32.5497 -13.0821 2
      vertex -32.3511 -13.2361 -2
      vertex -32.5497 -13.0821 -2
    endloop
  endfacet
  facet normal 0.860776 0.508984 0
    outer loop
      vertex -33.3773 -12.1433 2
      vertex -33.5052 -11.927 -2
      vertex -33.5052 -11.927 2
    endloop
  endfacet
  facet normal 0.860776 0.508984 0
    outer loop
      vertex -33.5052 -11.927 -2
      vertex -33.3773 -12.1433 2
      vertex -33.3773 -12.1433 -2
    endloop
  endfacet
  facet normal -0.338776 -0.940867 0
    outer loop
      vertex -28.7639 -6.19577 -2
      vertex -28.5275 -6.28089 2
      vertex -28.7639 -6.19577 2
    endloop
  endfacet
  facet normal -0.338776 -0.940867 -0
    outer loop
      vertex -28.5275 -6.28089 2
      vertex -28.7639 -6.19577 -2
      vertex -28.5275 -6.28089 -2
    endloop
  endfacet
  facet normal -0.0941422 -0.995559 0
    outer loop
      vertex -29.7488 -6.00789 -2
      vertex -29.4987 -6.03154 2
      vertex -29.7488 -6.00789 2
    endloop
  endfacet
  facet normal -0.0941422 -0.995559 -0
    outer loop
      vertex -29.4987 -6.03154 2
      vertex -29.7488 -6.00789 -2
      vertex -29.4987 -6.03154 -2
    endloop
  endfacet
  facet normal -0.860766 -0.509001 0
    outer loop
      vertex -26.4948 -8.07298 -2
      vertex -26.6227 -7.85669 2
      vertex -26.6227 -7.85669 -2
    endloop
  endfacet
  facet normal -0.860766 -0.509001 0
    outer loop
      vertex -26.6227 -7.85669 2
      vertex -26.4948 -8.07298 -2
      vertex -26.4948 -8.07298 2
    endloop
  endfacet
  facet normal 0.750064 -0.661365 0
    outer loop
      vertex -33.0821 -7.4503 2
      vertex -32.9159 -7.26181 -2
      vertex -32.9159 -7.26181 2
    endloop
  endfacet
  facet normal 0.750064 -0.661365 0
    outer loop
      vertex -32.9159 -7.26181 -2
      vertex -33.0821 -7.4503 2
      vertex -33.0821 -7.4503 -2
    endloop
  endfacet
  facet normal -0.0313938 -0.999507 0
    outer loop
      vertex -30 -6 -2
      vertex -29.7488 -6.00789 2
      vertex -30 -6 2
    endloop
  endfacet
  facet normal -0.0313938 -0.999507 -0
    outer loop
      vertex -29.7488 -6.00789 2
      vertex -30 -6 -2
      vertex -29.7488 -6.00789 -2
    endloop
  endfacet
  facet normal -0.917739 0.397183 0
    outer loop
      vertex -26.3807 -11.7031 -2
      vertex -26.2809 -11.4725 2
      vertex -26.2809 -11.4725 -2
    endloop
  endfacet
  facet normal -0.917739 0.397183 0
    outer loop
      vertex -26.2809 -11.4725 2
      vertex -26.3807 -11.7031 -2
      vertex -26.3807 -11.7031 2
    endloop
  endfacet
  facet normal -0.995577 0.0939449 0
    outer loop
      vertex -26.0315 -10.5013 -2
      vertex -26.0079 -10.2512 2
      vertex -26.0079 -10.2512 -2
    endloop
  endfacet
  facet normal -0.995577 0.0939449 0
    outer loop
      vertex -26.0079 -10.2512 2
      vertex -26.0315 -10.5013 -2
      vertex -26.0315 -10.5013 2
    endloop
  endfacet
  facet normal 0.218101 -0.975926 0
    outer loop
      vertex -30.9948 -6.12567 -2
      vertex -30.7495 -6.07085 2
      vertex -30.9948 -6.12567 2
    endloop
  endfacet
  facet normal 0.218101 -0.975926 0
    outer loop
      vertex -30.7495 -6.07085 2
      vertex -30.9948 -6.12567 -2
      vertex -30.7495 -6.07085 -2
    endloop
  endfacet
  facet normal -0.509043 -0.860741 0
    outer loop
      vertex -28.073 -6.49477 -2
      vertex -27.8567 -6.62269 2
      vertex -28.073 -6.49477 2
    endloop
  endfacet
  facet normal -0.509043 -0.860741 -0
    outer loop
      vertex -27.8567 -6.62269 2
      vertex -28.073 -6.49477 -2
      vertex -27.8567 -6.62269 -2
    endloop
  endfacet
  facet normal 0.999506 0.0314335 0
    outer loop
      vertex -33.9921 -10.2512 2
      vertex -34 -10 -2
      vertex -34 -10 2
    endloop
  endfacet
  facet normal 0.999506 0.0314335 0
    outer loop
      vertex -34 -10 -2
      vertex -33.9921 -10.2512 2
      vertex -33.9921 -10.2512 -2
    endloop
  endfacet
  facet normal 0.940906 -0.338667 0
    outer loop
      vertex -33.8042 -8.76393 2
      vertex -33.7191 -8.5275 -2
      vertex -33.7191 -8.5275 2
    endloop
  endfacet
  facet normal 0.940906 -0.338667 0
    outer loop
      vertex -33.7191 -8.5275 -2
      vertex -33.8042 -8.76393 2
      vertex -33.8042 -8.76393 -2
    endloop
  endfacet
  facet normal -0.960298 0.278976 0
    outer loop
      vertex -26.1958 -11.2361 -2
      vertex -26.1257 -10.9948 2
      vertex -26.1257 -10.9948 -2
    endloop
  endfacet
  facet normal -0.960298 0.278976 0
    outer loop
      vertex -26.1257 -10.9948 2
      vertex -26.1958 -11.2361 -2
      vertex -26.1958 -11.2361 2
    endloop
  endfacet
  facet normal 0.987634 -0.15678 0
    outer loop
      vertex -33.9685 -9.49867 2
      vertex -33.9291 -9.25047 -2
      vertex -33.9291 -9.25047 2
    endloop
  endfacet
  facet normal 0.987634 -0.15678 0
    outer loop
      vertex -33.9291 -9.25047 -2
      vertex -33.9685 -9.49867 2
      vertex -33.9685 -9.49867 -2
    endloop
  endfacet
  facet normal 0.338776 -0.940867 0
    outer loop
      vertex -31.4725 -6.28089 -2
      vertex -31.2361 -6.19577 2
      vertex -31.4725 -6.28089 2
    endloop
  endfacet
  facet normal 0.338776 -0.940867 0
    outer loop
      vertex -31.2361 -6.19577 2
      vertex -31.4725 -6.28089 -2
      vertex -31.2361 -6.19577 -2
    endloop
  endfacet
  facet normal -0.661345 0.750082 0
    outer loop
      vertex -27.2618 -12.9159 -2
      vertex -27.4503 -13.0821 2
      vertex -27.2618 -12.9159 2
    endloop
  endfacet
  facet normal -0.661345 0.750082 0
    outer loop
      vertex -27.4503 -13.0821 2
      vertex -27.2618 -12.9159 -2
      vertex -27.4503 -13.0821 -2
    endloop
  endfacet
  facet normal 0.509043 -0.860741 0
    outer loop
      vertex -32.1433 -6.62269 -2
      vertex -31.927 -6.49477 2
      vertex -32.1433 -6.62269 2
    endloop
  endfacet
  facet normal 0.509043 -0.860741 0
    outer loop
      vertex -31.927 -6.49477 2
      vertex -32.1433 -6.62269 -2
      vertex -31.927 -6.49477 -2
    endloop
  endfacet
  facet normal -0.827119 0.562027 0
    outer loop
      vertex -26.7639 -12.3511 -2
      vertex -26.6227 -12.1433 2
      vertex -26.6227 -12.1433 -2
    endloop
  endfacet
  facet normal -0.827119 0.562027 0
    outer loop
      vertex -26.6227 -12.1433 2
      vertex -26.7639 -12.3511 -2
      vertex -26.7639 -12.3511 2
    endloop
  endfacet
  facet normal 0.0313938 -0.999507 0
    outer loop
      vertex -30.2512 -6.00789 -2
      vertex -30 -6 2
      vertex -30.2512 -6.00789 2
    endloop
  endfacet
  facet normal 0.0313938 -0.999507 0
    outer loop
      vertex -30 -6 2
      vertex -30.2512 -6.00789 -2
      vertex -30 -6 -2
    endloop
  endfacet
  facet normal 0.995577 0.0939449 0
    outer loop
      vertex -33.9685 -10.5013 2
      vertex -33.9921 -10.2512 -2
      vertex -33.9921 -10.2512 2
    endloop
  endfacet
  facet normal 0.995577 0.0939449 0
    outer loop
      vertex -33.9921 -10.2512 -2
      vertex -33.9685 -10.5013 2
      vertex -33.9685 -10.5013 -2
    endloop
  endfacet
  facet normal -0.707107 0.707107 0
    outer loop
      vertex -27.2618 -12.9159 -2
      vertex -27.0841 -12.7382 2
      vertex -27.0841 -12.7382 -2
    endloop
  endfacet
  facet normal -0.707107 0.707107 0
    outer loop
      vertex -27.0841 -12.7382 2
      vertex -27.2618 -12.9159 -2
      vertex -27.2618 -12.9159 2
    endloop
  endfacet
  facet normal -0.890979 0.454045 0
    outer loop
      vertex -26.4948 -11.927 -2
      vertex -26.3807 -11.7031 2
      vertex -26.3807 -11.7031 -2
    endloop
  endfacet
  facet normal -0.890979 0.454045 0
    outer loop
      vertex -26.3807 -11.7031 2
      vertex -26.4948 -11.927 -2
      vertex -26.4948 -11.927 2
    endloop
  endfacet
  facet normal 0.453982 -0.891011 0
    outer loop
      vertex -31.927 -6.49477 -2
      vertex -31.7031 -6.38069 2
      vertex -31.927 -6.49477 2
    endloop
  endfacet
  facet normal 0.453982 -0.891011 0
    outer loop
      vertex -31.7031 -6.38069 2
      vertex -31.927 -6.49477 -2
      vertex -31.7031 -6.38069 -2
    endloop
  endfacet
  facet normal -0.940892 0.338705 0
    outer loop
      vertex -26.2809 -11.4725 -2
      vertex -26.1958 -11.2361 2
      vertex -26.1958 -11.2361 -2
    endloop
  endfacet
  facet normal -0.940892 0.338705 0
    outer loop
      vertex -26.1958 -11.2361 2
      vertex -26.2809 -11.4725 -2
      vertex -26.2809 -11.4725 2
    endloop
  endfacet
  facet normal -0.975943 0.218026 0
    outer loop
      vertex -26.1257 -10.9948 -2
      vertex -26.0709 -10.7495 2
      vertex -26.0709 -10.7495 -2
    endloop
  endfacet
  facet normal -0.975943 0.218026 0
    outer loop
      vertex -26.0709 -10.7495 2
      vertex -26.1257 -10.9948 -2
      vertex -26.1257 -10.9948 2
    endloop
  endfacet
  facet normal -0.707087 -0.707127 0
    outer loop
      vertex -27.0841 -7.26181 -2
      vertex -27.2618 -7.08412 2
      vertex -27.2618 -7.08412 -2
    endloop
  endfacet
  facet normal -0.707087 -0.707127 0
    outer loop
      vertex -27.2618 -7.08412 2
      vertex -27.0841 -7.26181 -2
      vertex -27.0841 -7.26181 2
    endloop
  endfacet
  facet normal -0.397183 -0.917739 0
    outer loop
      vertex -28.5275 -6.28089 -2
      vertex -28.2969 -6.38069 2
      vertex -28.5275 -6.28089 2
    endloop
  endfacet
  facet normal -0.397183 -0.917739 -0
    outer loop
      vertex -28.2969 -6.38069 2
      vertex -28.5275 -6.28089 -2
      vertex -28.2969 -6.38069 -2
    endloop
  endfacet
  facet normal -0.790191 -0.61286 0
    outer loop
      vertex -26.7639 -7.64886 -2
      vertex -26.9179 -7.4503 2
      vertex -26.9179 -7.4503 -2
    endloop
  endfacet
  facet normal -0.790191 -0.61286 0
    outer loop
      vertex -26.9179 -7.4503 2
      vertex -26.7639 -7.64886 -2
      vertex -26.7639 -7.64886 2
    endloop
  endfacet
  facet normal 0.707107 0.707107 0
    outer loop
      vertex -32.7382 -12.9159 2
      vertex -32.9159 -12.7382 -2
      vertex -32.9159 -12.7382 2
    endloop
  endfacet
  facet normal 0.707107 0.707107 0
    outer loop
      vertex -32.9159 -12.7382 -2
      vertex -32.7382 -12.9159 2
      vertex -32.7382 -12.9159 -2
    endloop
  endfacet
  facet normal 0.999506 -0.0314385 0
    outer loop
      vertex -34 -10 2
      vertex -33.9921 -9.74884 -2
      vertex -33.9921 -9.74884 2
    endloop
  endfacet
  facet normal 0.999506 -0.0314385 0
    outer loop
      vertex -33.9921 -9.74884 -2
      vertex -34 -10 2
      vertex -34 -10 -2
    endloop
  endfacet
  facet normal 0.156431 -0.987689 0
    outer loop
      vertex -30.7495 -6.07085 -2
      vertex -30.5013 -6.03154 2
      vertex -30.7495 -6.07085 2
    endloop
  endfacet
  facet normal 0.156431 -0.987689 0
    outer loop
      vertex -30.5013 -6.03154 2
      vertex -30.7495 -6.07085 -2
      vertex -30.5013 -6.03154 -2
    endloop
  endfacet
  facet normal -0.987634 0.15678 0
    outer loop
      vertex -26.0709 -10.7495 -2
      vertex -26.0315 -10.5013 2
      vertex -26.0315 -10.5013 -2
    endloop
  endfacet
  facet normal -0.987634 0.15678 0
    outer loop
      vertex -26.0315 -10.5013 2
      vertex -26.0709 -10.7495 -2
      vertex -26.0709 -10.7495 2
    endloop
  endfacet
  facet normal -0.562027 0.827119 0
    outer loop
      vertex -27.6489 -13.2361 -2
      vertex -27.8567 -13.3773 2
      vertex -27.6489 -13.2361 2
    endloop
  endfacet
  facet normal -0.562027 0.827119 0
    outer loop
      vertex -27.8567 -13.3773 2
      vertex -27.6489 -13.2361 -2
      vertex -27.8567 -13.3773 -2
    endloop
  endfacet
  facet normal 0.750082 0.661345 0
    outer loop
      vertex -32.9159 -12.7382 2
      vertex -33.0821 -12.5497 -2
      vertex -33.0821 -12.5497 2
    endloop
  endfacet
  facet normal 0.750082 0.661345 0
    outer loop
      vertex -33.0821 -12.5497 -2
      vertex -32.9159 -12.7382 2
      vertex -32.9159 -12.7382 -2
    endloop
  endfacet
  facet normal 0.790251 0.612783 0
    outer loop
      vertex -33.0821 -12.5497 2
      vertex -33.2361 -12.3511 -2
      vertex -33.2361 -12.3511 2
    endloop
  endfacet
  facet normal 0.790251 0.612783 0
    outer loop
      vertex -33.2361 -12.3511 -2
      vertex -33.0821 -12.5497 2
      vertex -33.0821 -12.5497 -2
    endloop
  endfacet
  facet normal -0.453982 -0.891011 0
    outer loop
      vertex -28.2969 -6.38069 -2
      vertex -28.073 -6.49477 2
      vertex -28.2969 -6.38069 2
    endloop
  endfacet
  facet normal -0.453982 -0.891011 -0
    outer loop
      vertex -28.073 -6.49477 2
      vertex -28.2969 -6.38069 -2
      vertex -28.073 -6.49477 -2
    endloop
  endfacet
  facet normal -0.750064 -0.661365 0
    outer loop
      vertex -26.9179 -7.4503 -2
      vertex -27.0841 -7.26181 2
      vertex -27.0841 -7.26181 -2
    endloop
  endfacet
  facet normal -0.750064 -0.661365 0
    outer loop
      vertex -27.0841 -7.26181 2
      vertex -26.9179 -7.4503 -2
      vertex -26.9179 -7.4503 2
    endloop
  endfacet
  facet normal -0.860776 0.508984 0
    outer loop
      vertex -26.6227 -12.1433 -2
      vertex -26.4948 -11.927 2
      vertex -26.4948 -11.927 -2
    endloop
  endfacet
  facet normal -0.860776 0.508984 0
    outer loop
      vertex -26.4948 -11.927 2
      vertex -26.6227 -12.1433 -2
      vertex -26.6227 -12.1433 2
    endloop
  endfacet
  facet normal 0.562027 0.827119 -0
    outer loop
      vertex -32.1433 -13.3773 -2
      vertex -32.3511 -13.2361 2
      vertex -32.1433 -13.3773 2
    endloop
  endfacet
  facet normal 0.562027 0.827119 0
    outer loop
      vertex -32.3511 -13.2361 2
      vertex -32.1433 -13.3773 -2
      vertex -32.3511 -13.2361 -2
    endloop
  endfacet
  facet normal 0.960301 -0.278965 0
    outer loop
      vertex -33.8743 -9.00524 2
      vertex -33.8042 -8.76393 -2
      vertex -33.8042 -8.76393 2
    endloop
  endfacet
  facet normal 0.960301 -0.278965 0
    outer loop
      vertex -33.8042 -8.76393 -2
      vertex -33.8743 -9.00524 2
      vertex -33.8743 -9.00524 -2
    endloop
  endfacet
  facet normal -0.218101 -0.975926 0
    outer loop
      vertex -29.2505 -6.07085 -2
      vertex -29.0052 -6.12567 2
      vertex -29.2505 -6.07085 2
    endloop
  endfacet
  facet normal -0.218101 -0.975926 -0
    outer loop
      vertex -29.0052 -6.12567 2
      vertex -29.2505 -6.07085 -2
      vertex -29.0052 -6.12567 -2
    endloop
  endfacet
  facet normal 0.661278 -0.750141 0
    outer loop
      vertex -32.7382 -7.08412 -2
      vertex -32.5497 -6.91795 2
      vertex -32.7382 -7.08412 2
    endloop
  endfacet
  facet normal 0.661278 -0.750141 0
    outer loop
      vertex -32.5497 -6.91795 2
      vertex -32.7382 -7.08412 -2
      vertex -32.5497 -6.91795 -2
    endloop
  endfacet
  facet normal 0.612833 -0.790213 0
    outer loop
      vertex -32.5497 -6.91795 -2
      vertex -32.3511 -6.76393 2
      vertex -32.5497 -6.91795 2
    endloop
  endfacet
  facet normal 0.612833 -0.790213 0
    outer loop
      vertex -32.3511 -6.76393 2
      vertex -32.5497 -6.91795 -2
      vertex -32.3511 -6.76393 -2
    endloop
  endfacet
  facet normal 0.509276 0.860604 -0
    outer loop
      vertex -32 -13.4621 -2
      vertex -32.1433 -13.3773 2
      vertex -32 -13.4621 2
    endloop
  endfacet
  facet normal 0.509276 0.860604 0
    outer loop
      vertex -32.1433 -13.3773 2
      vertex -32 -13.4621 -2
      vertex -32.1433 -13.3773 -2
    endloop
  endfacet
  facet normal -0.661278 -0.750141 0
    outer loop
      vertex 32.5497 -6.91795 -2
      vertex 32.7382 -7.08412 2
      vertex 32.5497 -6.91795 2
    endloop
  endfacet
  facet normal -0.661278 -0.750141 -0
    outer loop
      vertex 32.7382 -7.08412 2
      vertex 32.5497 -6.91795 -2
      vertex 32.7382 -7.08412 -2
    endloop
  endfacet
  facet normal -0.99558 -0.0939189 0
    outer loop
      vertex 33.9921 -9.74884 -2
      vertex 33.9685 -9.49867 2
      vertex 33.9685 -9.49867 -2
    endloop
  endfacet
  facet normal -0.99558 -0.0939189 0
    outer loop
      vertex 33.9685 -9.49867 2
      vertex 33.9921 -9.74884 -2
      vertex 33.9921 -9.74884 2
    endloop
  endfacet
  facet normal -0.999506 -0.0314385 0
    outer loop
      vertex 34 -10 -2
      vertex 33.9921 -9.74884 2
      vertex 33.9921 -9.74884 -2
    endloop
  endfacet
  facet normal -0.999506 -0.0314385 0
    outer loop
      vertex 33.9921 -9.74884 2
      vertex 34 -10 -2
      vertex 34 -10 2
    endloop
  endfacet
  facet normal -0.987634 -0.15678 0
    outer loop
      vertex 33.9685 -9.49867 -2
      vertex 33.9291 -9.25047 2
      vertex 33.9291 -9.25047 -2
    endloop
  endfacet
  facet normal -0.987634 -0.15678 0
    outer loop
      vertex 33.9291 -9.25047 2
      vertex 33.9685 -9.49867 -2
      vertex 33.9685 -9.49867 2
    endloop
  endfacet
  facet normal -0.97593 -0.218085 0
    outer loop
      vertex 33.9291 -9.25047 -2
      vertex 33.8743 -9.00524 2
      vertex 33.8743 -9.00524 -2
    endloop
  endfacet
  facet normal -0.97593 -0.218085 0
    outer loop
      vertex 33.8743 -9.00524 2
      vertex 33.9291 -9.25047 -2
      vertex 33.9291 -9.25047 2
    endloop
  endfacet
  facet normal -0.509043 -0.860741 0
    outer loop
      vertex 31.927 -6.49477 -2
      vertex 32.1433 -6.62269 2
      vertex 31.927 -6.49477 2
    endloop
  endfacet
  facet normal -0.509043 -0.860741 -0
    outer loop
      vertex 32.1433 -6.62269 2
      vertex 31.927 -6.49477 -2
      vertex 32.1433 -6.62269 -2
    endloop
  endfacet
  facet normal 0.827157 -0.561971 0
    outer loop
      vertex 26.6227 -7.85669 2
      vertex 26.7639 -7.64886 -2
      vertex 26.7639 -7.64886 2
    endloop
  endfacet
  facet normal 0.827157 -0.561971 0
    outer loop
      vertex 26.7639 -7.64886 -2
      vertex 26.6227 -7.85669 2
      vertex 26.6227 -7.85669 -2
    endloop
  endfacet
  facet normal 0.940892 0.338705 0
    outer loop
      vertex 26.2809 -11.4725 2
      vertex 26.1958 -11.2361 -2
      vertex 26.1958 -11.2361 2
    endloop
  endfacet
  facet normal 0.940892 0.338705 0
    outer loop
      vertex 26.1958 -11.2361 -2
      vertex 26.2809 -11.4725 2
      vertex 26.2809 -11.4725 -2
    endloop
  endfacet
  facet normal -0.612833 -0.790213 0
    outer loop
      vertex 32.3511 -6.76393 -2
      vertex 32.5497 -6.91795 2
      vertex 32.3511 -6.76393 2
    endloop
  endfacet
  facet normal -0.612833 -0.790213 -0
    outer loop
      vertex 32.5497 -6.91795 2
      vertex 32.3511 -6.76393 -2
      vertex 32.5497 -6.91795 -2
    endloop
  endfacet
  facet normal -0.218101 -0.975926 0
    outer loop
      vertex 30.7495 -6.07085 -2
      vertex 30.9948 -6.12567 2
      vertex 30.7495 -6.07085 2
    endloop
  endfacet
  facet normal -0.218101 -0.975926 -0
    outer loop
      vertex 30.9948 -6.12567 2
      vertex 30.7495 -6.07085 -2
      vertex 30.9948 -6.12567 -2
    endloop
  endfacet
  facet normal 0.917739 0.397183 0
    outer loop
      vertex 26.3807 -11.7031 2
      vertex 26.2809 -11.4725 -2
      vertex 26.2809 -11.4725 2
    endloop
  endfacet
  facet normal 0.917739 0.397183 0
    outer loop
      vertex 26.2809 -11.4725 -2
      vertex 26.3807 -11.7031 2
      vertex 26.3807 -11.7031 -2
    endloop
  endfacet
  facet normal 0.397183 -0.917739 0
    outer loop
      vertex 28.2969 -6.38069 -2
      vertex 28.5275 -6.28089 2
      vertex 28.2969 -6.38069 2
    endloop
  endfacet
  facet normal 0.397183 -0.917739 0
    outer loop
      vertex 28.5275 -6.28089 2
      vertex 28.2969 -6.38069 -2
      vertex 28.5275 -6.28089 -2
    endloop
  endfacet
  facet normal -0.562027 0.827119 0
    outer loop
      vertex 32.3511 -13.2361 -2
      vertex 32.1433 -13.3773 2
      vertex 32.3511 -13.2361 2
    endloop
  endfacet
  facet normal -0.562027 0.827119 0
    outer loop
      vertex 32.1433 -13.3773 2
      vertex 32.3511 -13.2361 -2
      vertex 32.1433 -13.3773 -2
    endloop
  endfacet
  facet normal 0.509043 -0.860741 0
    outer loop
      vertex 27.8567 -6.62269 -2
      vertex 28.073 -6.49477 2
      vertex 27.8567 -6.62269 2
    endloop
  endfacet
  facet normal 0.509043 -0.860741 0
    outer loop
      vertex 28.073 -6.49477 2
      vertex 27.8567 -6.62269 -2
      vertex 28.073 -6.49477 -2
    endloop
  endfacet
  facet normal 0.218101 -0.975926 0
    outer loop
      vertex 29.0052 -6.12567 -2
      vertex 29.2505 -6.07085 2
      vertex 29.0052 -6.12567 2
    endloop
  endfacet
  facet normal 0.218101 -0.975926 0
    outer loop
      vertex 29.2505 -6.07085 2
      vertex 29.0052 -6.12567 -2
      vertex 29.2505 -6.07085 -2
    endloop
  endfacet
  facet normal 0.707107 0.707107 0
    outer loop
      vertex 27.2618 -12.9159 2
      vertex 27.0841 -12.7382 -2
      vertex 27.0841 -12.7382 2
    endloop
  endfacet
  facet normal 0.707107 0.707107 0
    outer loop
      vertex 27.0841 -12.7382 -2
      vertex 27.2618 -12.9159 2
      vertex 27.2618 -12.9159 -2
    endloop
  endfacet
  facet normal -0.975943 0.218026 0
    outer loop
      vertex 33.8743 -10.9948 -2
      vertex 33.9291 -10.7495 2
      vertex 33.9291 -10.7495 -2
    endloop
  endfacet
  facet normal -0.975943 0.218026 0
    outer loop
      vertex 33.9291 -10.7495 2
      vertex 33.8743 -10.9948 -2
      vertex 33.8743 -10.9948 2
    endloop
  endfacet
  facet normal -0.0941422 -0.995559 0
    outer loop
      vertex 30.2512 -6.00789 -2
      vertex 30.5013 -6.03154 2
      vertex 30.2512 -6.00789 2
    endloop
  endfacet
  facet normal -0.0941422 -0.995559 -0
    outer loop
      vertex 30.5013 -6.03154 2
      vertex 30.2512 -6.00789 -2
      vertex 30.5013 -6.03154 -2
    endloop
  endfacet
  facet normal 0.860766 -0.509001 0
    outer loop
      vertex 26.4948 -8.07298 2
      vertex 26.6227 -7.85669 -2
      vertex 26.6227 -7.85669 2
    endloop
  endfacet
  facet normal 0.860766 -0.509001 0
    outer loop
      vertex 26.6227 -7.85669 -2
      vertex 26.4948 -8.07298 2
      vertex 26.4948 -8.07298 -2
    endloop
  endfacet
  facet normal 0.975943 0.218026 0
    outer loop
      vertex 26.1257 -10.9948 2
      vertex 26.0709 -10.7495 -2
      vertex 26.0709 -10.7495 2
    endloop
  endfacet
  facet normal 0.975943 0.218026 0
    outer loop
      vertex 26.0709 -10.7495 -2
      vertex 26.1257 -10.9948 2
      vertex 26.1257 -10.9948 -2
    endloop
  endfacet
  facet normal -0.661345 0.750082 0
    outer loop
      vertex 32.7382 -12.9159 -2
      vertex 32.5497 -13.0821 2
      vertex 32.7382 -12.9159 2
    endloop
  endfacet
  facet normal -0.661345 0.750082 0
    outer loop
      vertex 32.5497 -13.0821 2
      vertex 32.7382 -12.9159 -2
      vertex 32.5497 -13.0821 -2
    endloop
  endfacet
  facet normal 0.99558 -0.0939189 0
    outer loop
      vertex 26.0079 -9.74884 2
      vertex 26.0315 -9.49867 -2
      vertex 26.0315 -9.49867 2
    endloop
  endfacet
  facet normal 0.99558 -0.0939189 0
    outer loop
      vertex 26.0315 -9.49867 -2
      vertex 26.0079 -9.74884 2
      vertex 26.0079 -9.74884 -2
    endloop
  endfacet
  facet normal -0.890979 -0.454045 0
    outer loop
      vertex 33.6193 -8.29688 -2
      vertex 33.5052 -8.07298 2
      vertex 33.5052 -8.07298 -2
    endloop
  endfacet
  facet normal -0.890979 -0.454045 0
    outer loop
      vertex 33.5052 -8.07298 2
      vertex 33.6193 -8.29688 -2
      vertex 33.6193 -8.29688 2
    endloop
  endfacet
  facet normal -0.156431 -0.987689 0
    outer loop
      vertex 30.5013 -6.03154 -2
      vertex 30.7495 -6.07085 2
      vertex 30.5013 -6.03154 2
    endloop
  endfacet
  facet normal -0.156431 -0.987689 -0
    outer loop
      vertex 30.7495 -6.07085 2
      vertex 30.5013 -6.03154 -2
      vertex 30.7495 -6.07085 -2
    endloop
  endfacet
  facet normal -0.995577 0.0939449 0
    outer loop
      vertex 33.9685 -10.5013 -2
      vertex 33.9921 -10.2512 2
      vertex 33.9921 -10.2512 -2
    endloop
  endfacet
  facet normal -0.995577 0.0939449 0
    outer loop
      vertex 33.9921 -10.2512 2
      vertex 33.9685 -10.5013 -2
      vertex 33.9685 -10.5013 2
    endloop
  endfacet
  facet normal -0.917752 -0.397154 0
    outer loop
      vertex 33.7191 -8.5275 -2
      vertex 33.6193 -8.29688 2
      vertex 33.6193 -8.29688 -2
    endloop
  endfacet
  facet normal -0.917752 -0.397154 0
    outer loop
      vertex 33.6193 -8.29688 2
      vertex 33.7191 -8.5275 -2
      vertex 33.7191 -8.5275 2
    endloop
  endfacet
  facet normal -0.860766 -0.509001 0
    outer loop
      vertex 33.5052 -8.07298 -2
      vertex 33.3773 -7.85669 2
      vertex 33.3773 -7.85669 -2
    endloop
  endfacet
  facet normal -0.860766 -0.509001 0
    outer loop
      vertex 33.3773 -7.85669 2
      vertex 33.5052 -8.07298 -2
      vertex 33.5052 -8.07298 2
    endloop
  endfacet
  facet normal -0.917739 0.397183 0
    outer loop
      vertex 33.6193 -11.7031 -2
      vertex 33.7191 -11.4725 2
      vertex 33.7191 -11.4725 -2
    endloop
  endfacet
  facet normal -0.917739 0.397183 0
    outer loop
      vertex 33.7191 -11.4725 2
      vertex 33.6193 -11.7031 -2
      vertex 33.6193 -11.7031 2
    endloop
  endfacet
  facet normal 0.960301 -0.278965 0
    outer loop
      vertex 26.1257 -9.00524 2
      vertex 26.1958 -8.76393 -2
      vertex 26.1958 -8.76393 2
    endloop
  endfacet
  facet normal 0.960301 -0.278965 0
    outer loop
      vertex 26.1958 -8.76393 -2
      vertex 26.1257 -9.00524 2
      vertex 26.1257 -9.00524 -2
    endloop
  endfacet
  facet normal 0.0313938 -0.999507 0
    outer loop
      vertex 29.7488 -6.00789 -2
      vertex 30 -6 2
      vertex 29.7488 -6.00789 2
    endloop
  endfacet
  facet normal 0.0313938 -0.999507 0
    outer loop
      vertex 30 -6 2
      vertex 29.7488 -6.00789 -2
      vertex 30 -6 -2
    endloop
  endfacet
  facet normal 0.509276 0.860604 -0
    outer loop
      vertex 28 -13.4621 -2
      vertex 27.8567 -13.3773 2
      vertex 28 -13.4621 2
    endloop
  endfacet
  facet normal 0.509276 0.860604 0
    outer loop
      vertex 27.8567 -13.3773 2
      vertex 28 -13.4621 -2
      vertex 27.8567 -13.3773 -2
    endloop
  endfacet
  facet normal -0.960298 0.278976 0
    outer loop
      vertex 33.8042 -11.2361 -2
      vertex 33.8743 -10.9948 2
      vertex 33.8743 -10.9948 -2
    endloop
  endfacet
  facet normal -0.960298 0.278976 0
    outer loop
      vertex 33.8743 -10.9948 2
      vertex 33.8042 -11.2361 -2
      vertex 33.8042 -11.2361 2
    endloop
  endfacet
  facet normal -0.890979 0.454045 0
    outer loop
      vertex 33.5052 -11.927 -2
      vertex 33.6193 -11.7031 2
      vertex 33.6193 -11.7031 -2
    endloop
  endfacet
  facet normal -0.890979 0.454045 0
    outer loop
      vertex 33.6193 -11.7031 2
      vertex 33.5052 -11.927 -2
      vertex 33.5052 -11.927 2
    endloop
  endfacet
  facet normal -0.999506 0.0314335 0
    outer loop
      vertex 33.9921 -10.2512 -2
      vertex 34 -10 2
      vertex 34 -10 -2
    endloop
  endfacet
  facet normal -0.999506 0.0314335 0
    outer loop
      vertex 34 -10 2
      vertex 33.9921 -10.2512 -2
      vertex 33.9921 -10.2512 2
    endloop
  endfacet
  facet normal 0.790191 -0.61286 0
    outer loop
      vertex 26.7639 -7.64886 2
      vertex 26.9179 -7.4503 -2
      vertex 26.9179 -7.4503 2
    endloop
  endfacet
  facet normal 0.790191 -0.61286 0
    outer loop
      vertex 26.9179 -7.4503 -2
      vertex 26.7639 -7.64886 2
      vertex 26.7639 -7.64886 -2
    endloop
  endfacet
  facet normal -0.338776 -0.940867 0
    outer loop
      vertex 31.2361 -6.19577 -2
      vertex 31.4725 -6.28089 2
      vertex 31.2361 -6.19577 2
    endloop
  endfacet
  facet normal -0.338776 -0.940867 -0
    outer loop
      vertex 31.4725 -6.28089 2
      vertex 31.2361 -6.19577 -2
      vertex 31.4725 -6.28089 -2
    endloop
  endfacet
  facet normal -0.987634 0.15678 0
    outer loop
      vertex 33.9291 -10.7495 -2
      vertex 33.9685 -10.5013 2
      vertex 33.9685 -10.5013 -2
    endloop
  endfacet
  facet normal -0.987634 0.15678 0
    outer loop
      vertex 33.9685 -10.5013 2
      vertex 33.9291 -10.7495 -2
      vertex 33.9291 -10.7495 2
    endloop
  endfacet
  facet normal -0.750064 -0.661365 0
    outer loop
      vertex 33.0821 -7.4503 -2
      vertex 32.9159 -7.26181 2
      vertex 32.9159 -7.26181 -2
    endloop
  endfacet
  facet normal -0.750064 -0.661365 0
    outer loop
      vertex 32.9159 -7.26181 2
      vertex 33.0821 -7.4503 -2
      vertex 33.0821 -7.4503 2
    endloop
  endfacet
  facet normal -0.940906 -0.338667 0
    outer loop
      vertex 33.8042 -8.76393 -2
      vertex 33.7191 -8.5275 2
      vertex 33.7191 -8.5275 -2
    endloop
  endfacet
  facet normal -0.940906 -0.338667 0
    outer loop
      vertex 33.7191 -8.5275 2
      vertex 33.8042 -8.76393 -2
      vertex 33.8042 -8.76393 2
    endloop
  endfacet
  facet normal 0.278976 -0.960298 0
    outer loop
      vertex 28.7639 -6.19577 -2
      vertex 29.0052 -6.12567 2
      vertex 28.7639 -6.19577 2
    endloop
  endfacet
  facet normal 0.278976 -0.960298 0
    outer loop
      vertex 29.0052 -6.12567 2
      vertex 28.7639 -6.19577 -2
      vertex 29.0052 -6.12567 -2
    endloop
  endfacet
  facet normal -0.827119 0.562027 0
    outer loop
      vertex 33.2361 -12.3511 -2
      vertex 33.3773 -12.1433 2
      vertex 33.3773 -12.1433 -2
    endloop
  endfacet
  facet normal -0.827119 0.562027 0
    outer loop
      vertex 33.3773 -12.1433 2
      vertex 33.2361 -12.3511 -2
      vertex 33.2361 -12.3511 2
    endloop
  endfacet
  facet normal -0.278976 -0.960298 0
    outer loop
      vertex 30.9948 -6.12567 -2
      vertex 31.2361 -6.19577 2
      vertex 30.9948 -6.12567 2
    endloop
  endfacet
  facet normal -0.278976 -0.960298 -0
    outer loop
      vertex 31.2361 -6.19577 2
      vertex 30.9948 -6.12567 -2
      vertex 31.2361 -6.19577 -2
    endloop
  endfacet
  facet normal 0.999506 0.0314335 0
    outer loop
      vertex 26.0079 -10.2512 2
      vertex 26 -10 -2
      vertex 26 -10 2
    endloop
  endfacet
  facet normal 0.999506 0.0314335 0
    outer loop
      vertex 26 -10 -2
      vertex 26.0079 -10.2512 2
      vertex 26.0079 -10.2512 -2
    endloop
  endfacet
  facet normal 0.999506 -0.0314385 0
    outer loop
      vertex 26 -10 2
      vertex 26.0079 -9.74884 -2
      vertex 26.0079 -9.74884 2
    endloop
  endfacet
  facet normal 0.999506 -0.0314385 0
    outer loop
      vertex 26.0079 -9.74884 -2
      vertex 26 -10 2
      vertex 26 -10 -2
    endloop
  endfacet
  facet normal 0.860776 0.508984 0
    outer loop
      vertex 26.6227 -12.1433 2
      vertex 26.4948 -11.927 -2
      vertex 26.4948 -11.927 2
    endloop
  endfacet
  facet normal 0.860776 0.508984 0
    outer loop
      vertex 26.4948 -11.927 -2
      vertex 26.6227 -12.1433 2
      vertex 26.6227 -12.1433 -2
    endloop
  endfacet
  facet normal 0.562136 -0.827045 0
    outer loop
      vertex 27.6489 -6.76393 -2
      vertex 27.8567 -6.62269 2
      vertex 27.6489 -6.76393 2
    endloop
  endfacet
  facet normal 0.562136 -0.827045 0
    outer loop
      vertex 27.8567 -6.62269 2
      vertex 27.6489 -6.76393 -2
      vertex 27.8567 -6.62269 -2
    endloop
  endfacet
  facet normal 0.750064 -0.661365 0
    outer loop
      vertex 26.9179 -7.4503 2
      vertex 27.0841 -7.26181 -2
      vertex 27.0841 -7.26181 2
    endloop
  endfacet
  facet normal 0.750064 -0.661365 0
    outer loop
      vertex 27.0841 -7.26181 -2
      vertex 26.9179 -7.4503 2
      vertex 26.9179 -7.4503 -2
    endloop
  endfacet
  facet normal 0.338776 -0.940867 0
    outer loop
      vertex 28.5275 -6.28089 -2
      vertex 28.7639 -6.19577 2
      vertex 28.5275 -6.28089 2
    endloop
  endfacet
  facet normal 0.338776 -0.940867 0
    outer loop
      vertex 28.7639 -6.19577 2
      vertex 28.5275 -6.28089 -2
      vertex 28.7639 -6.19577 -2
    endloop
  endfacet
  facet normal -0.0313938 -0.999507 0
    outer loop
      vertex 30 -6 -2
      vertex 30.2512 -6.00789 2
      vertex 30 -6 2
    endloop
  endfacet
  facet normal -0.0313938 -0.999507 -0
    outer loop
      vertex 30.2512 -6.00789 2
      vertex 30 -6 -2
      vertex 30.2512 -6.00789 -2
    endloop
  endfacet
  facet normal 0.612833 -0.790213 0
    outer loop
      vertex 27.4503 -6.91795 -2
      vertex 27.6489 -6.76393 2
      vertex 27.4503 -6.91795 2
    endloop
  endfacet
  facet normal 0.612833 -0.790213 0
    outer loop
      vertex 27.6489 -6.76393 2
      vertex 27.4503 -6.91795 -2
      vertex 27.6489 -6.76393 -2
    endloop
  endfacet
  facet normal -0.707087 -0.707127 0
    outer loop
      vertex 32.9159 -7.26181 -2
      vertex 32.7382 -7.08412 2
      vertex 32.7382 -7.08412 -2
    endloop
  endfacet
  facet normal -0.707087 -0.707127 0
    outer loop
      vertex 32.7382 -7.08412 2
      vertex 32.9159 -7.26181 -2
      vertex 32.9159 -7.26181 2
    endloop
  endfacet
  facet normal -0.790251 0.612783 0
    outer loop
      vertex 33.0821 -12.5497 -2
      vertex 33.2361 -12.3511 2
      vertex 33.2361 -12.3511 -2
    endloop
  endfacet
  facet normal -0.790251 0.612783 0
    outer loop
      vertex 33.2361 -12.3511 2
      vertex 33.0821 -12.5497 -2
      vertex 33.0821 -12.5497 2
    endloop
  endfacet
  facet normal -0.960301 -0.278965 0
    outer loop
      vertex 33.8743 -9.00524 -2
      vertex 33.8042 -8.76393 2
      vertex 33.8042 -8.76393 -2
    endloop
  endfacet
  facet normal -0.960301 -0.278965 0
    outer loop
      vertex 33.8042 -8.76393 2
      vertex 33.8743 -9.00524 -2
      vertex 33.8743 -9.00524 2
    endloop
  endfacet
  facet normal -0.940892 0.338705 0
    outer loop
      vertex 33.7191 -11.4725 -2
      vertex 33.8042 -11.2361 2
      vertex 33.8042 -11.2361 -2
    endloop
  endfacet
  facet normal -0.940892 0.338705 0
    outer loop
      vertex 33.8042 -11.2361 2
      vertex 33.7191 -11.4725 -2
      vertex 33.7191 -11.4725 2
    endloop
  endfacet
  facet normal 0.707087 -0.707127 0
    outer loop
      vertex 27.0841 -7.26181 2
      vertex 27.2618 -7.08412 -2
      vertex 27.2618 -7.08412 2
    endloop
  endfacet
  facet normal 0.707087 -0.707127 0
    outer loop
      vertex 27.2618 -7.08412 -2
      vertex 27.0841 -7.26181 2
      vertex 27.0841 -7.26181 -2
    endloop
  endfacet
  facet normal -0.827157 -0.561971 0
    outer loop
      vertex 33.3773 -7.85669 -2
      vertex 33.2361 -7.64886 2
      vertex 33.2361 -7.64886 -2
    endloop
  endfacet
  facet normal -0.827157 -0.561971 0
    outer loop
      vertex 33.2361 -7.64886 2
      vertex 33.3773 -7.85669 -2
      vertex 33.3773 -7.85669 2
    endloop
  endfacet
  facet normal 0.940906 -0.338667 0
    outer loop
      vertex 26.1958 -8.76393 2
      vertex 26.2809 -8.5275 -2
      vertex 26.2809 -8.5275 2
    endloop
  endfacet
  facet normal 0.940906 -0.338667 0
    outer loop
      vertex 26.2809 -8.5275 -2
      vertex 26.1958 -8.76393 2
      vertex 26.1958 -8.76393 -2
    endloop
  endfacet
  facet normal 0.661278 -0.750141 0
    outer loop
      vertex 27.2618 -7.08412 -2
      vertex 27.4503 -6.91795 2
      vertex 27.2618 -7.08412 2
    endloop
  endfacet
  facet normal 0.661278 -0.750141 0
    outer loop
      vertex 27.4503 -6.91795 2
      vertex 27.2618 -7.08412 -2
      vertex 27.4503 -6.91795 -2
    endloop
  endfacet
  facet normal 0.97593 -0.218085 0
    outer loop
      vertex 26.0709 -9.25047 2
      vertex 26.1257 -9.00524 -2
      vertex 26.1257 -9.00524 2
    endloop
  endfacet
  facet normal 0.97593 -0.218085 0
    outer loop
      vertex 26.1257 -9.00524 -2
      vertex 26.0709 -9.25047 2
      vertex 26.0709 -9.25047 -2
    endloop
  endfacet
  facet normal -0.612783 0.790251 0
    outer loop
      vertex 32.5497 -13.0821 -2
      vertex 32.3511 -13.2361 2
      vertex 32.5497 -13.0821 2
    endloop
  endfacet
  facet normal -0.612783 0.790251 0
    outer loop
      vertex 32.3511 -13.2361 2
      vertex 32.5497 -13.0821 -2
      vertex 32.3511 -13.2361 -2
    endloop
  endfacet
  facet normal 0.960298 0.278976 0
    outer loop
      vertex 26.1958 -11.2361 2
      vertex 26.1257 -10.9948 -2
      vertex 26.1257 -10.9948 2
    endloop
  endfacet
  facet normal 0.960298 0.278976 0
    outer loop
      vertex 26.1257 -10.9948 -2
      vertex 26.1958 -11.2361 2
      vertex 26.1958 -11.2361 -2
    endloop
  endfacet
  facet normal 0.750082 0.661345 0
    outer loop
      vertex 27.0841 -12.7382 2
      vertex 26.9179 -12.5497 -2
      vertex 26.9179 -12.5497 2
    endloop
  endfacet
  facet normal 0.750082 0.661345 0
    outer loop
      vertex 26.9179 -12.5497 -2
      vertex 27.0841 -12.7382 2
      vertex 27.0841 -12.7382 -2
    endloop
  endfacet
  facet normal -0.562136 -0.827045 0
    outer loop
      vertex 32.1433 -6.62269 -2
      vertex 32.3511 -6.76393 2
      vertex 32.1433 -6.62269 2
    endloop
  endfacet
  facet normal -0.562136 -0.827045 -0
    outer loop
      vertex 32.3511 -6.76393 2
      vertex 32.1433 -6.62269 -2
      vertex 32.3511 -6.76393 -2
    endloop
  endfacet
  facet normal 0.453982 -0.891011 0
    outer loop
      vertex 28.073 -6.49477 -2
      vertex 28.2969 -6.38069 2
      vertex 28.073 -6.49477 2
    endloop
  endfacet
  facet normal 0.453982 -0.891011 0
    outer loop
      vertex 28.2969 -6.38069 2
      vertex 28.073 -6.49477 -2
      vertex 28.2969 -6.38069 -2
    endloop
  endfacet
  facet normal 0.890979 0.454045 0
    outer loop
      vertex 26.4948 -11.927 2
      vertex 26.3807 -11.7031 -2
      vertex 26.3807 -11.7031 2
    endloop
  endfacet
  facet normal 0.890979 0.454045 0
    outer loop
      vertex 26.3807 -11.7031 -2
      vertex 26.4948 -11.927 2
      vertex 26.4948 -11.927 -2
    endloop
  endfacet
  facet normal -0.397183 -0.917739 0
    outer loop
      vertex 31.4725 -6.28089 -2
      vertex 31.7031 -6.38069 2
      vertex 31.4725 -6.28089 2
    endloop
  endfacet
  facet normal -0.397183 -0.917739 -0
    outer loop
      vertex 31.7031 -6.38069 2
      vertex 31.4725 -6.28089 -2
      vertex 31.7031 -6.38069 -2
    endloop
  endfacet
  facet normal -0.453982 -0.891011 0
    outer loop
      vertex 31.7031 -6.38069 -2
      vertex 31.927 -6.49477 2
      vertex 31.7031 -6.38069 2
    endloop
  endfacet
  facet normal -0.453982 -0.891011 -0
    outer loop
      vertex 31.927 -6.49477 2
      vertex 31.7031 -6.38069 -2
      vertex 31.927 -6.49477 -2
    endloop
  endfacet
  facet normal 0.156431 -0.987689 0
    outer loop
      vertex 29.2505 -6.07085 -2
      vertex 29.4987 -6.03154 2
      vertex 29.2505 -6.07085 2
    endloop
  endfacet
  facet normal 0.156431 -0.987689 0
    outer loop
      vertex 29.4987 -6.03154 2
      vertex 29.2505 -6.07085 -2
      vertex 29.4987 -6.03154 -2
    endloop
  endfacet
  facet normal 0.987634 -0.15678 0
    outer loop
      vertex 26.0315 -9.49867 2
      vertex 26.0709 -9.25047 -2
      vertex 26.0709 -9.25047 2
    endloop
  endfacet
  facet normal 0.987634 -0.15678 0
    outer loop
      vertex 26.0709 -9.25047 -2
      vertex 26.0315 -9.49867 2
      vertex 26.0315 -9.49867 -2
    endloop
  endfacet
  facet normal 0.0941422 -0.995559 0
    outer loop
      vertex 29.4987 -6.03154 -2
      vertex 29.7488 -6.00789 2
      vertex 29.4987 -6.03154 2
    endloop
  endfacet
  facet normal 0.0941422 -0.995559 0
    outer loop
      vertex 29.7488 -6.00789 2
      vertex 29.4987 -6.03154 -2
      vertex 29.7488 -6.00789 -2
    endloop
  endfacet
  facet normal 0.890979 -0.454045 0
    outer loop
      vertex 26.3807 -8.29688 2
      vertex 26.4948 -8.07298 -2
      vertex 26.4948 -8.07298 2
    endloop
  endfacet
  facet normal 0.890979 -0.454045 0
    outer loop
      vertex 26.4948 -8.07298 -2
      vertex 26.3807 -8.29688 2
      vertex 26.3807 -8.29688 -2
    endloop
  endfacet
  facet normal 0.987634 0.15678 0
    outer loop
      vertex 26.0709 -10.7495 2
      vertex 26.0315 -10.5013 -2
      vertex 26.0315 -10.5013 2
    endloop
  endfacet
  facet normal 0.987634 0.15678 0
    outer loop
      vertex 26.0315 -10.5013 -2
      vertex 26.0709 -10.7495 2
      vertex 26.0709 -10.7495 -2
    endloop
  endfacet
  facet normal 0.995577 0.0939449 0
    outer loop
      vertex 26.0315 -10.5013 2
      vertex 26.0079 -10.2512 -2
      vertex 26.0079 -10.2512 2
    endloop
  endfacet
  facet normal 0.995577 0.0939449 0
    outer loop
      vertex 26.0079 -10.2512 -2
      vertex 26.0315 -10.5013 2
      vertex 26.0315 -10.5013 -2
    endloop
  endfacet
  facet normal -0.707107 0.707107 0
    outer loop
      vertex 32.7382 -12.9159 -2
      vertex 32.9159 -12.7382 2
      vertex 32.9159 -12.7382 -2
    endloop
  endfacet
  facet normal -0.707107 0.707107 0
    outer loop
      vertex 32.9159 -12.7382 2
      vertex 32.7382 -12.9159 -2
      vertex 32.7382 -12.9159 2
    endloop
  endfacet
  facet normal 0.827119 0.562027 0
    outer loop
      vertex 26.7639 -12.3511 2
      vertex 26.6227 -12.1433 -2
      vertex 26.6227 -12.1433 2
    endloop
  endfacet
  facet normal 0.827119 0.562027 0
    outer loop
      vertex 26.6227 -12.1433 -2
      vertex 26.7639 -12.3511 2
      vertex 26.7639 -12.3511 -2
    endloop
  endfacet
  facet normal -0.509276 0.860604 0
    outer loop
      vertex 32.1433 -13.3773 -2
      vertex 32 -13.4621 2
      vertex 32.1433 -13.3773 2
    endloop
  endfacet
  facet normal -0.509276 0.860604 0
    outer loop
      vertex 32 -13.4621 2
      vertex 32.1433 -13.3773 -2
      vertex 32 -13.4621 -2
    endloop
  endfacet
  facet normal 0.917752 -0.397154 0
    outer loop
      vertex 26.2809 -8.5275 2
      vertex 26.3807 -8.29688 -2
      vertex 26.3807 -8.29688 2
    endloop
  endfacet
  facet normal 0.917752 -0.397154 0
    outer loop
      vertex 26.3807 -8.29688 -2
      vertex 26.2809 -8.5275 2
      vertex 26.2809 -8.5275 -2
    endloop
  endfacet
  facet normal 0.661345 0.750082 -0
    outer loop
      vertex 27.4503 -13.0821 -2
      vertex 27.2618 -12.9159 2
      vertex 27.4503 -13.0821 2
    endloop
  endfacet
  facet normal 0.661345 0.750082 0
    outer loop
      vertex 27.2618 -12.9159 2
      vertex 27.4503 -13.0821 -2
      vertex 27.2618 -12.9159 -2
    endloop
  endfacet
  facet normal 0.562027 0.827119 -0
    outer loop
      vertex 27.8567 -13.3773 -2
      vertex 27.6489 -13.2361 2
      vertex 27.8567 -13.3773 2
    endloop
  endfacet
  facet normal 0.562027 0.827119 0
    outer loop
      vertex 27.6489 -13.2361 2
      vertex 27.8567 -13.3773 -2
      vertex 27.6489 -13.2361 -2
    endloop
  endfacet
  facet normal -0.790191 -0.61286 0
    outer loop
      vertex 33.2361 -7.64886 -2
      vertex 33.0821 -7.4503 2
      vertex 33.0821 -7.4503 -2
    endloop
  endfacet
  facet normal -0.790191 -0.61286 0
    outer loop
      vertex 33.0821 -7.4503 2
      vertex 33.2361 -7.64886 -2
      vertex 33.2361 -7.64886 2
    endloop
  endfacet
  facet normal -0.750082 0.661345 0
    outer loop
      vertex 32.9159 -12.7382 -2
      vertex 33.0821 -12.5497 2
      vertex 33.0821 -12.5497 -2
    endloop
  endfacet
  facet normal -0.750082 0.661345 0
    outer loop
      vertex 33.0821 -12.5497 2
      vertex 32.9159 -12.7382 -2
      vertex 32.9159 -12.7382 2
    endloop
  endfacet
  facet normal -0.860776 0.508984 0
    outer loop
      vertex 33.3773 -12.1433 -2
      vertex 33.5052 -11.927 2
      vertex 33.5052 -11.927 -2
    endloop
  endfacet
  facet normal -0.860776 0.508984 0
    outer loop
      vertex 33.5052 -11.927 2
      vertex 33.3773 -12.1433 -2
      vertex 33.3773 -12.1433 2
    endloop
  endfacet
  facet normal 0.790251 0.612783 0
    outer loop
      vertex 26.9179 -12.5497 2
      vertex 26.7639 -12.3511 -2
      vertex 26.7639 -12.3511 2
    endloop
  endfacet
  facet normal 0.790251 0.612783 0
    outer loop
      vertex 26.7639 -12.3511 -2
      vertex 26.9179 -12.5497 2
      vertex 26.9179 -12.5497 -2
    endloop
  endfacet
  facet normal 0.612783 0.790251 -0
    outer loop
      vertex 27.6489 -13.2361 -2
      vertex 27.4503 -13.0821 2
      vertex 27.6489 -13.2361 2
    endloop
  endfacet
  facet normal 0.612783 0.790251 0
    outer loop
      vertex 27.4503 -13.0821 2
      vertex 27.6489 -13.2361 -2
      vertex 27.4503 -13.0821 -2
    endloop
  endfacet
  facet normal -1 0 0
    outer loop
      vertex 32 13.4621 -2
      vertex 32 16.7048 2
      vertex 32 16.7048 -2
    endloop
  endfacet
  facet normal -1 -0 0
    outer loop
      vertex 32 16.7048 2
      vertex 32 13.4621 -2
      vertex 32 13.4621 2
    endloop
  endfacet
  facet normal 1 -0 0
    outer loop
      vertex 28 13.4621 2
      vertex 28 16.7048 -2
      vertex 28 16.7048 2
    endloop
  endfacet
  facet normal 1 0 0
    outer loop
      vertex 28 16.7048 -2
      vertex 28 13.4621 2
      vertex 28 13.4621 -2
    endloop
  endfacet
  facet normal -1 0 0
    outer loop
      vertex -28 13.4621 -2
      vertex -28 16.7048 2
      vertex -28 16.7048 -2
    endloop
  endfacet
  facet normal -1 -0 0
    outer loop
      vertex -28 16.7048 2
      vertex -28 13.4621 -2
      vertex -28 13.4621 2
    endloop
  endfacet
  facet normal 1 -0 0
    outer loop
      vertex -32 13.4621 2
      vertex -32 16.7048 -2
      vertex -32 16.7048 2
    endloop
  endfacet
  facet normal 1 0 0
    outer loop
      vertex -32 16.7048 -2
      vertex -32 13.4621 2
      vertex -32 13.4621 -2
    endloop
  endfacet
  facet normal -1 0 0
    outer loop
      vertex -28 -16.7048 -2
      vertex -28 -13.4621 2
      vertex -28 -13.4621 -2
    endloop
  endfacet
  facet normal -1 -0 0
    outer loop
      vertex -28 -13.4621 2
      vertex -28 -16.7048 -2
      vertex -28 -16.7048 2
    endloop
  endfacet
  facet normal 1 -0 0
    outer loop
      vertex -32 -16.7048 2
      vertex -32 -13.4621 -2
      vertex -32 -13.4621 2
    endloop
  endfacet
  facet normal 1 0 0
    outer loop
      vertex -32 -13.4621 -2
      vertex -32 -16.7048 2
      vertex -32 -16.7048 -2
    endloop
  endfacet
  facet normal -1 0 0
    outer loop
      vertex 32 -16.7048 -2
      vertex 32 -13.4621 2
      vertex 32 -13.4621 -2
    endloop
  endfacet
  facet normal -1 -0 0
    outer loop
      vertex 32 -13.4621 2
      vertex 32 -16.7048 -2
      vertex 32 -16.7048 2
    endloop
  endfacet
  facet normal 1 -0 0
    outer loop
      vertex 28 -16.7048 2
      vertex 28 -13.4621 -2
      vertex 28 -13.4621 2
    endloop
  endfacet
  facet normal 1 0 0
    outer loop
      vertex 28 -13.4621 -2
      vertex 28 -16.7048 2
      vertex 28 -16.7048 -2
    endloop
  endfacet
endsolid OpenSCAD_Model
